video_path,label,class_name
data/raw/CricShoot10kShootDataset/Cover Drive/vid296_2.avi,Cover Drive,Cover Drive
data/raw/CricShoot10kShootDataset/Cover Drive/vid203_3.avi,Cover Drive,Cover Drive
data/raw/CricShoot10kShootDataset/Pull/vid461_42.avi,Pull,Pull
data/raw/CricShoot10kShootDataset/Cover Drive/vid238_10.avi,Cover Drive,Cover Drive
data/raw/CricShoot10kShootDataset/Down The Wicket/vid53_9.avi,Down The Wicket,Down The Wicket
data/raw/CricShoot10kShootDataset/Flick/vid451_47.avi,Flick,Flick
data/raw/CricShoot10kShootDataset/Pull/vid457_29.avi,Pull,Pull
data/raw/CricShoot10kShootDataset/Hook/vid384_42.avi,Hook,Hook
data/raw/CricShoot10kShootDataset/Down The Wicket/vid67_5.avi,Down The Wicket,Down The Wicket
data/raw/CricShoot10kShootDataset/Down The Wicket/vid93_53.avi,Down The Wicket,Down The Wicket
data/raw/CricShoot10kShootDataset/Scoop/vid344_43.avi,Scoop,Scoop
data/raw/CricShoot10kShootDataset/Sweep/vid213_64.avi,Sweep,Sweep
data/raw/CricShoot10kShootDataset/Lofted Legside/vid522_27.avi,Lofted Legside,Lofted Legside
data/raw/CricShoot10kShootDataset/Lofted Offside/vid357_11.avi,Lofted Offside,Lofted Offside
data/raw/CricShoot10kShootDataset/Lofted Legside/vid8_21.avi,Lofted Legside,Lofted Legside
data/raw/CricShoot10kShootDataset/Down The Wicket/vid455_12.avi,Down The Wicket,Down The Wicket
data/raw/CricShoot10kShootDataset/Down The Wicket/vid42_25.avi,Down The Wicket,Down The Wicket
data/raw/CricShoot10kShootDataset/Down The Wicket/vid234_28.avi,Down The Wicket,Down The Wicket
data/raw/CricShoot10kShootDataset/Lofted Offside/vid363_13.avi,Lofted Offside,Lofted Offside
data/raw/CricShoot10kShootDataset/Flick/vid221_0.avi,Flick,Flick
data/raw/CricShoot10kShootDataset/Flick/vid313_37.avi,Flick,Flick
data/raw/CricShoot10kShootDataset/Defensive/vid118_26.avi,Defensive,Defensive
data/raw/CricShoot10kShootDataset/Lofted Offside/vid306_15.avi,Lofted Offside,Lofted Offside
data/raw/CricShoot10kShootDataset/Cover Drive/vid64_28.avi,Cover Drive,Cover Drive
data/raw/CricShoot10kShootDataset/Square Cut/vid249_42.avi,Square Cut,Square Cut
data/raw/CricShoot10kShootDataset/Hook/vid524_6.avi,Hook,Hook
data/raw/CricShoot10kShootDataset/Lofted Legside/vid10_10.avi,Lofted Legside,Lofted Legside
data/raw/CricShoot10kShootDataset/Cover Drive/vid320_35.avi,Cover Drive,Cover Drive
data/raw/CricShoot10kShootDataset/Reverse Sweep/vid474_12.avi,Reverse Sweep,Reverse Sweep
data/raw/CricShoot10kShootDataset/Hook/vid531_22.avi,Hook,Hook
data/raw/CricShoot10kShootDataset/Down The Wicket/vid200_1.avi,Down The Wicket,Down The Wicket
data/raw/CricShoot10kShootDataset/Sweep/vid504_21.avi,Sweep,Sweep
data/raw/CricShoot10kShootDataset/Square Cut/vid528_31.avi,Square Cut,Square Cut
data/raw/CricShoot10kShootDataset/Lofted Offside/vid429_7.avi,Lofted Offside,Lofted Offside
data/raw/CricShoot10kShootDataset/Lofted Legside/vid390_41.avi,Lofted Legside,Lofted Legside
data/raw/CricShoot10kShootDataset/Cover Drive/vid305_19.avi,Cover Drive,Cover Drive
data/raw/CricShoot10kShootDataset/Lofted Offside/vid40_43.avi,Lofted Offside,Lofted Offside
data/raw/CricShoot10kShootDataset/Flick/vid144_30.avi,Flick,Flick
data/raw/CricShoot10kShootDataset/Flick/vid24_42.avi,Flick,Flick
data/raw/CricShoot10kShootDataset/Flick/vid369_57.avi,Flick,Flick
data/raw/CricShoot10kShootDataset/Reverse Sweep/vid380_18.avi,Reverse Sweep,Reverse Sweep
data/raw/CricShoot10kShootDataset/Sweep/vid180_23.avi,Sweep,Sweep
data/raw/CricShoot10kShootDataset/Pull/vid386_35.avi,Pull,Pull
data/raw/CricShoot10kShootDataset/Square Cut/vid323_20.avi,Square Cut,Square Cut
data/raw/CricShoot10kShootDataset/Down The Wicket/vid229_6.avi,Down The Wicket,Down The Wicket
data/raw/CricShoot10kShootDataset/Flick/vid380_14.avi,Flick,Flick
data/raw/CricShoot10kShootDataset/Sweep/vid314_22.avi,Sweep,Sweep
data/raw/CricShoot10kShootDataset/Sweep/vid78_26.avi,Sweep,Sweep
data/raw/CricShoot10kShootDataset/Lofted Offside/vid96_1.avi,Lofted Offside,Lofted Offside
data/raw/CricShoot10kShootDataset/Cover Drive/vid2_21.avi,Cover Drive,Cover Drive
data/raw/CricShoot10kShootDataset/Lofted Legside/vid43_66.avi,Lofted Legside,Lofted Legside
data/raw/CricShoot10kShootDataset/Upper Cut/vid382_24.avi,Upper Cut,Upper Cut
data/raw/CricShoot10kShootDataset/Flick/vid420_1.avi,Flick,Flick
data/raw/CricShoot10kShootDataset/Lofted Legside/vid508_13.avi,Lofted Legside,Lofted Legside
data/raw/CricShoot10kShootDataset/Hook/vid144_21.avi,Hook,Hook
data/raw/CricShoot10kShootDataset/Square Cut/vid389_2.avi,Square Cut,Square Cut
data/raw/CricShoot10kShootDataset/Cover Drive/vid450_16.avi,Cover Drive,Cover Drive
data/raw/CricShoot10kShootDataset/Lofted Legside/vid25_49.avi,Lofted Legside,Lofted Legside
data/raw/CricShoot10kShootDataset/Hook/vid226_41.avi,Hook,Hook
data/raw/CricShoot10kShootDataset/Lofted Legside/vid42_27.avi,Lofted Legside,Lofted Legside
data/raw/CricShoot10kShootDataset/Lofted Offside/vid186_12.avi,Lofted Offside,Lofted Offside
data/raw/CricShoot10kShootDataset/Cover Drive/vid525_33.avi,Cover Drive,Cover Drive
data/raw/CricShoot10kShootDataset/Flick/vid157_15.avi,Flick,Flick
data/raw/CricShoot10kShootDataset/Flick/vid97_35.avi,Flick,Flick
data/raw/CricShoot10kShootDataset/Square Cut/vid177_14.avi,Square Cut,Square Cut
data/raw/CricShoot10kShootDataset/Cover Drive/vid455_43.avi,Cover Drive,Cover Drive
data/raw/CricShoot10kShootDataset/Lofted Offside/vid271_2.avi,Lofted Offside,Lofted Offside
data/raw/CricShoot10kShootDataset/Lofted Legside/vid182_13.avi,Lofted Legside,Lofted Legside
data/raw/CricShoot10kShootDataset/Cover Drive/vid128_1.avi,Cover Drive,Cover Drive
data/raw/CricShoot10kShootDataset/Scoop/vid3_33.avi,Scoop,Scoop
data/raw/CricShoot10kShootDataset/Lofted Legside/vid386_38.avi,Lofted Legside,Lofted Legside
data/raw/CricShoot10kShootDataset/Down The Wicket/vid430_10.avi,Down The Wicket,Down The Wicket
data/raw/CricShoot10kShootDataset/Lofted Legside/vid440_21.avi,Lofted Legside,Lofted Legside
data/raw/CricShoot10kShootDataset/Lofted Legside/vid332_3.avi,Lofted Legside,Lofted Legside
data/raw/CricShoot10kShootDataset/Lofted Legside/vid8_35.avi,Lofted Legside,Lofted Legside
data/raw/CricShoot10kShootDataset/Lofted Legside/vid342_18.avi,Lofted Legside,Lofted Legside
data/raw/CricShoot10kShootDataset/Lofted Legside/vid384_38.avi,Lofted Legside,Lofted Legside
data/raw/CricShoot10kShootDataset/Sweep/vid144_11.avi,Sweep,Sweep
data/raw/CricShoot10kShootDataset/Square Cut/vid154_25.avi,Square Cut,Square Cut
data/raw/CricShoot10kShootDataset/Reverse Sweep/vid137_34.avi,Reverse Sweep,Reverse Sweep
data/raw/CricShoot10kShootDataset/Down The Wicket/vid100_26.avi,Down The Wicket,Down The Wicket
data/raw/CricShoot10kShootDataset/Lofted Offside/vid104_2.avi,Lofted Offside,Lofted Offside
data/raw/CricShoot10kShootDataset/Defensive/vid381_1.avi,Defensive,Defensive
data/raw/CricShoot10kShootDataset/Lofted Legside/vid141_2.avi,Lofted Legside,Lofted Legside
data/raw/CricShoot10kShootDataset/Lofted Legside/vid521_82.avi,Lofted Legside,Lofted Legside
data/raw/CricShoot10kShootDataset/Sweep/vid416_27.avi,Sweep,Sweep
data/raw/CricShoot10kShootDataset/Square Cut/vid529_32.avi,Square Cut,Square Cut
data/raw/CricShoot10kShootDataset/Cover Drive/vid39_20.avi,Cover Drive,Cover Drive
data/raw/CricShoot10kShootDataset/Square Cut/vid517_49.avi,Square Cut,Square Cut
data/raw/CricShoot10kShootDataset/Lofted Offside/vid376_25.avi,Lofted Offside,Lofted Offside
data/raw/CricShoot10kShootDataset/Sweep/vid353_22.avi,Sweep,Sweep
data/raw/CricShoot10kShootDataset/Lofted Offside/vid511_33.avi,Lofted Offside,Lofted Offside
data/raw/CricShoot10kShootDataset/Flick/vid337_38.avi,Flick,Flick
data/raw/CricShoot10kShootDataset/Flick/vid133_13.avi,Flick,Flick
data/raw/CricShoot10kShootDataset/Hook/vid121_36.avi,Hook,Hook
data/raw/CricShoot10kShootDataset/Scoop/vid430_49.avi,Scoop,Scoop
data/raw/CricShoot10kShootDataset/Hook/vid101_22.avi,Hook,Hook
data/raw/CricShoot10kShootDataset/Hook/vid80_19.avi,Hook,Hook
data/raw/CricShoot10kShootDataset/Upper Cut/vid443_30.avi,Upper Cut,Upper Cut
data/raw/CricShoot10kShootDataset/Cover Drive/vid143_23.avi,Cover Drive,Cover Drive
data/raw/CricShoot10kShootDataset/Lofted Offside/vid444_7.avi,Lofted Offside,Lofted Offside
data/raw/CricShoot10kShootDataset/Late Cut/vid38_27.avi,Late Cut,Late Cut
data/raw/CricShoot10kShootDataset/Hook/vid34_6.avi,Hook,Hook
data/raw/CricShoot10kShootDataset/Cover Drive/vid295_39.avi,Cover Drive,Cover Drive
data/raw/CricShoot10kShootDataset/Lofted Legside/vid157_10.avi,Lofted Legside,Lofted Legside
data/raw/CricShoot10kShootDataset/Pull/vid250_13.avi,Pull,Pull
data/raw/CricShoot10kShootDataset/Lofted Offside/vid88_6.avi,Lofted Offside,Lofted Offside
data/raw/CricShoot10kShootDataset/Sweep/vid472_2.avi,Sweep,Sweep
data/raw/CricShoot10kShootDataset/Hook/vid110_9.avi,Hook,Hook
data/raw/CricShoot10kShootDataset/Square Cut/vid74_25.avi,Square Cut,Square Cut
data/raw/CricShoot10kShootDataset/Cover Drive/vid385_7.avi,Cover Drive,Cover Drive
data/raw/CricShoot10kShootDataset/Cover Drive/vid483_12.avi,Cover Drive,Cover Drive
data/raw/CricShoot10kShootDataset/Down The Wicket/vid207_6.avi,Down The Wicket,Down The Wicket
data/raw/CricShoot10kShootDataset/Hook/vid237_35.avi,Hook,Hook
data/raw/CricShoot10kShootDataset/Defensive/vid314_28.avi,Defensive,Defensive
data/raw/CricShoot10kShootDataset/Cover Drive/vid222_2.avi,Cover Drive,Cover Drive
data/raw/CricShoot10kShootDataset/Reverse Sweep/vid494_26.avi,Reverse Sweep,Reverse Sweep
data/raw/CricShoot10kShootDataset/Down The Wicket/vid161_28.avi,Down The Wicket,Down The Wicket
data/raw/CricShoot10kShootDataset/Down The Wicket/vid181_1.avi,Down The Wicket,Down The Wicket
data/raw/CricShoot10kShootDataset/Cover Drive/vid524_29.avi,Cover Drive,Cover Drive
data/raw/CricShoot10kShootDataset/Lofted Legside/vid488_16.avi,Lofted Legside,Lofted Legside
data/raw/CricShoot10kShootDataset/Lofted Legside/vid6_34.avi,Lofted Legside,Lofted Legside
data/raw/CricShoot10kShootDataset/Lofted Legside/vid162_35.avi,Lofted Legside,Lofted Legside
data/raw/CricShoot10kShootDataset/Lofted Legside/vid25_16.avi,Lofted Legside,Lofted Legside
data/raw/CricShoot10kShootDataset/Pull/vid440_57.avi,Pull,Pull
data/raw/CricShoot10kShootDataset/Lofted Offside/vid110_35.avi,Lofted Offside,Lofted Offside
data/raw/CricShoot10kShootDataset/Lofted Legside/vid484_13.avi,Lofted Legside,Lofted Legside
data/raw/CricShoot10kShootDataset/Hook/vid455_34.avi,Hook,Hook
data/raw/CricShoot10kShootDataset/Square Cut/vid533_58.avi,Square Cut,Square Cut
data/raw/CricShoot10kShootDataset/Straight Drive/vid492_23.avi,Straight Drive,Straight Drive
data/raw/CricShoot10kShootDataset/Lofted Legside/vid333_19.avi,Lofted Legside,Lofted Legside
data/raw/CricShoot10kShootDataset/Lofted Offside/vid141_11.avi,Lofted Offside,Lofted Offside
data/raw/CricShoot10kShootDataset/Flick/vid85_24.avi,Flick,Flick
data/raw/CricShoot10kShootDataset/Down The Wicket/vid510_18.avi,Down The Wicket,Down The Wicket
data/raw/CricShoot10kShootDataset/Reverse Sweep/vid146_15.avi,Reverse Sweep,Reverse Sweep
data/raw/CricShoot10kShootDataset/Sweep/vid368_4.avi,Sweep,Sweep
data/raw/CricShoot10kShootDataset/Lofted Offside/vid8_38.avi,Lofted Offside,Lofted Offside
data/raw/CricShoot10kShootDataset/Hook/vid357_54.avi,Hook,Hook
data/raw/CricShoot10kShootDataset/Flick/vid507_38.avi,Flick,Flick
data/raw/CricShoot10kShootDataset/Defensive/vid319_4.avi,Defensive,Defensive
data/raw/CricShoot10kShootDataset/Flick/vid367_46.avi,Flick,Flick
data/raw/CricShoot10kShootDataset/Lofted Legside/vid120_22.avi,Lofted Legside,Lofted Legside
data/raw/CricShoot10kShootDataset/Lofted Offside/vid257_14.avi,Lofted Offside,Lofted Offside
data/raw/CricShoot10kShootDataset/Square Cut/vid110_27.avi,Square Cut,Square Cut
data/raw/CricShoot10kShootDataset/Lofted Offside/vid376_32.avi,Lofted Offside,Lofted Offside
data/raw/CricShoot10kShootDataset/Hook/vid485_43.avi,Hook,Hook
data/raw/CricShoot10kShootDataset/Scoop/vid280_16.avi,Scoop,Scoop
data/raw/CricShoot10kShootDataset/Square Cut/vid533_52.avi,Square Cut,Square Cut
data/raw/CricShoot10kShootDataset/Straight Drive/vid299_27.avi,Straight Drive,Straight Drive
data/raw/CricShoot10kShootDataset/Scoop/vid135_4.avi,Scoop,Scoop
data/raw/CricShoot10kShootDataset/Lofted Legside/vid420_20.avi,Lofted Legside,Lofted Legside
data/raw/CricShoot10kShootDataset/Sweep/vid231_16.avi,Sweep,Sweep
data/raw/CricShoot10kShootDataset/Square Cut/vid238_23.avi,Square Cut,Square Cut
data/raw/CricShoot10kShootDataset/Down The Wicket/vid436_27.avi,Down The Wicket,Down The Wicket
data/raw/CricShoot10kShootDataset/Flick/vid364_46.avi,Flick,Flick
data/raw/CricShoot10kShootDataset/Pull/vid483_10.avi,Pull,Pull
data/raw/CricShoot10kShootDataset/Cover Drive/vid170_5.avi,Cover Drive,Cover Drive
data/raw/CricShoot10kShootDataset/Cover Drive/vid281_15.avi,Cover Drive,Cover Drive
data/raw/CricShoot10kShootDataset/Flick/vid124_6.avi,Flick,Flick
data/raw/CricShoot10kShootDataset/Flick/vid226_24.avi,Flick,Flick
data/raw/CricShoot10kShootDataset/Lofted Offside/vid489_45.avi,Lofted Offside,Lofted Offside
data/raw/CricShoot10kShootDataset/Flick/vid294_4.avi,Flick,Flick
data/raw/CricShoot10kShootDataset/Lofted Offside/vid394_16.avi,Lofted Offside,Lofted Offside
data/raw/CricShoot10kShootDataset/Pull/vid450_40.avi,Pull,Pull
data/raw/CricShoot10kShootDataset/Lofted Offside/vid369_12.avi,Lofted Offside,Lofted Offside
data/raw/CricShoot10kShootDataset/Scoop/vid440_23.avi,Scoop,Scoop
data/raw/CricShoot10kShootDataset/Lofted Offside/vid6_8.avi,Lofted Offside,Lofted Offside
data/raw/CricShoot10kShootDataset/Scoop/vid358_32.avi,Scoop,Scoop
data/raw/CricShoot10kShootDataset/Lofted Offside/vid398_23.avi,Lofted Offside,Lofted Offside
data/raw/CricShoot10kShootDataset/Down The Wicket/vid132_6.avi,Down The Wicket,Down The Wicket
data/raw/CricShoot10kShootDataset/Upper Cut/vid364_9.avi,Upper Cut,Upper Cut
data/raw/CricShoot10kShootDataset/Lofted Legside/vid474_26.avi,Lofted Legside,Lofted Legside
data/raw/CricShoot10kShootDataset/Lofted Legside/vid384_51.avi,Lofted Legside,Lofted Legside
data/raw/CricShoot10kShootDataset/Flick/vid508_1.avi,Flick,Flick
data/raw/CricShoot10kShootDataset/Square Cut/vid49_6.avi,Square Cut,Square Cut
data/raw/CricShoot10kShootDataset/Flick/vid242_5.avi,Flick,Flick
data/raw/CricShoot10kShootDataset/Flick/vid295_35.avi,Flick,Flick
data/raw/CricShoot10kShootDataset/Pull/vid188_8.avi,Pull,Pull
data/raw/CricShoot10kShootDataset/Square Cut/vid34_20.avi,Square Cut,Square Cut
data/raw/CricShoot10kShootDataset/Lofted Offside/vid357_20.avi,Lofted Offside,Lofted Offside
data/raw/CricShoot10kShootDataset/Sweep/vid422_38.avi,Sweep,Sweep
data/raw/CricShoot10kShootDataset/Square Cut/vid131_12.avi,Square Cut,Square Cut
data/raw/CricShoot10kShootDataset/Defensive/vid251_17.avi,Defensive,Defensive
data/raw/CricShoot10kShootDataset/Upper Cut/vid92_5.avi,Upper Cut,Upper Cut
data/raw/CricShoot10kShootDataset/Down The Wicket/vid38_4.avi,Down The Wicket,Down The Wicket
data/raw/CricShoot10kShootDataset/Square Cut/vid498_31.avi,Square Cut,Square Cut
data/raw/CricShoot10kShootDataset/Straight Drive/vid456_22.avi,Straight Drive,Straight Drive
data/raw/CricShoot10kShootDataset/Straight Drive/vid65_16.avi,Straight Drive,Straight Drive
data/raw/CricShoot10kShootDataset/Lofted Offside/vid181_5.avi,Lofted Offside,Lofted Offside
data/raw/CricShoot10kShootDataset/Square Cut/vid112_10.avi,Square Cut,Square Cut
data/raw/CricShoot10kShootDataset/Lofted Legside/vid441_52.avi,Lofted Legside,Lofted Legside
data/raw/CricShoot10kShootDataset/Square Cut/vid238_20.avi,Square Cut,Square Cut
data/raw/CricShoot10kShootDataset/Pull/vid93_29.avi,Pull,Pull
data/raw/CricShoot10kShootDataset/Flick/vid357_46.avi,Flick,Flick
data/raw/CricShoot10kShootDataset/Lofted Offside/vid488_5.avi,Lofted Offside,Lofted Offside
data/raw/CricShoot10kShootDataset/Lofted Offside/vid436_36.avi,Lofted Offside,Lofted Offside
data/raw/CricShoot10kShootDataset/Upper Cut/vid162_27.avi,Upper Cut,Upper Cut
data/raw/CricShoot10kShootDataset/Straight Drive/vid496_4.avi,Straight Drive,Straight Drive
data/raw/CricShoot10kShootDataset/Hook/vid511_52.avi,Hook,Hook
data/raw/CricShoot10kShootDataset/Down The Wicket/vid1_35.avi,Down The Wicket,Down The Wicket
data/raw/CricShoot10kShootDataset/Lofted Offside/vid346_3.avi,Lofted Offside,Lofted Offside
data/raw/CricShoot10kShootDataset/Down The Wicket/vid85_12.avi,Down The Wicket,Down The Wicket
data/raw/CricShoot10kShootDataset/Sweep/vid359_9.avi,Sweep,Sweep
data/raw/CricShoot10kShootDataset/Flick/vid233_33.avi,Flick,Flick
data/raw/CricShoot10kShootDataset/Down The Wicket/vid273_2.avi,Down The Wicket,Down The Wicket
data/raw/CricShoot10kShootDataset/Down The Wicket/vid470_15.avi,Down The Wicket,Down The Wicket
data/raw/CricShoot10kShootDataset/Flick/vid216_22.avi,Flick,Flick
data/raw/CricShoot10kShootDataset/Hook/vid488_30.avi,Hook,Hook
data/raw/CricShoot10kShootDataset/Square Cut/vid121_30.avi,Square Cut,Square Cut
data/raw/CricShoot10kShootDataset/Cover Drive/vid388_33.avi,Cover Drive,Cover Drive
data/raw/CricShoot10kShootDataset/Hook/vid438_15.avi,Hook,Hook
data/raw/CricShoot10kShootDataset/Pull/vid198_10.avi,Pull,Pull
data/raw/CricShoot10kShootDataset/Defensive/vid170_51.avi,Defensive,Defensive
data/raw/CricShoot10kShootDataset/Sweep/vid527_15.avi,Sweep,Sweep
data/raw/CricShoot10kShootDataset/Square Cut/vid31_10.avi,Square Cut,Square Cut
data/raw/CricShoot10kShootDataset/Down The Wicket/vid446_2.avi,Down The Wicket,Down The Wicket
data/raw/CricShoot10kShootDataset/Sweep/vid400_3.avi,Sweep,Sweep
data/raw/CricShoot10kShootDataset/Square Cut/vid517_10.avi,Square Cut,Square Cut
data/raw/CricShoot10kShootDataset/Flick/vid532_32.avi,Flick,Flick
data/raw/CricShoot10kShootDataset/Straight Drive/vid34_10.avi,Straight Drive,Straight Drive
data/raw/CricShoot10kShootDataset/Straight Drive/vid389_12.avi,Straight Drive,Straight Drive
data/raw/CricShoot10kShootDataset/Down The Wicket/vid519_49.avi,Down The Wicket,Down The Wicket
data/raw/CricShoot10kShootDataset/Down The Wicket/vid466_1.avi,Down The Wicket,Down The Wicket
data/raw/CricShoot10kShootDataset/Hook/vid530_48.avi,Hook,Hook
data/raw/CricShoot10kShootDataset/Reverse Sweep/vid9_25.avi,Reverse Sweep,Reverse Sweep
data/raw/CricShoot10kShootDataset/Sweep/vid532_49.avi,Sweep,Sweep
data/raw/CricShoot10kShootDataset/Square Cut/vid134_0.avi,Square Cut,Square Cut
data/raw/CricShoot10kShootDataset/Lofted Offside/vid479_12.avi,Lofted Offside,Lofted Offside
data/raw/CricShoot10kShootDataset/Cover Drive/vid492_2.avi,Cover Drive,Cover Drive
data/raw/CricShoot10kShootDataset/Down The Wicket/vid95_3.avi,Down The Wicket,Down The Wicket
data/raw/CricShoot10kShootDataset/Pull/vid387_31.avi,Pull,Pull
data/raw/CricShoot10kShootDataset/Cover Drive/vid78_10.avi,Cover Drive,Cover Drive
data/raw/CricShoot10kShootDataset/Reverse Sweep/vid299_12.avi,Reverse Sweep,Reverse Sweep
data/raw/CricShoot10kShootDataset/Lofted Legside/vid123_15.avi,Lofted Legside,Lofted Legside
data/raw/CricShoot10kShootDataset/Lofted Offside/vid17_11.avi,Lofted Offside,Lofted Offside
data/raw/CricShoot10kShootDataset/Flick/vid32_9.avi,Flick,Flick
data/raw/CricShoot10kShootDataset/Hook/vid354_33.avi,Hook,Hook
data/raw/CricShoot10kShootDataset/Lofted Legside/vid355_25.avi,Lofted Legside,Lofted Legside
data/raw/CricShoot10kShootDataset/Lofted Offside/vid514_35.avi,Lofted Offside,Lofted Offside
data/raw/CricShoot10kShootDataset/Lofted Offside/vid54_56.avi,Lofted Offside,Lofted Offside
data/raw/CricShoot10kShootDataset/Reverse Sweep/vid483_47.avi,Reverse Sweep,Reverse Sweep
data/raw/CricShoot10kShootDataset/Cover Drive/vid238_7.avi,Cover Drive,Cover Drive
data/raw/CricShoot10kShootDataset/Pull/vid369_4.avi,Pull,Pull
data/raw/CricShoot10kShootDataset/Down The Wicket/vid127_10.avi,Down The Wicket,Down The Wicket
data/raw/CricShoot10kShootDataset/Flick/vid246_25.avi,Flick,Flick
data/raw/CricShoot10kShootDataset/Square Cut/vid492_21.avi,Square Cut,Square Cut
data/raw/CricShoot10kShootDataset/Down The Wicket/vid510_4.avi,Down The Wicket,Down The Wicket
data/raw/CricShoot10kShootDataset/Scoop/vid82_10.avi,Scoop,Scoop
data/raw/CricShoot10kShootDataset/Square Cut/vid342_31.avi,Square Cut,Square Cut
data/raw/CricShoot10kShootDataset/Cover Drive/vid514_3.avi,Cover Drive,Cover Drive
data/raw/CricShoot10kShootDataset/Pull/vid388_32.avi,Pull,Pull
data/raw/CricShoot10kShootDataset/Lofted Offside/vid490_27.avi,Lofted Offside,Lofted Offside
data/raw/CricShoot10kShootDataset/Straight Drive/vid31_9.avi,Straight Drive,Straight Drive
data/raw/CricShoot10kShootDataset/Lofted Offside/vid51_44.avi,Lofted Offside,Lofted Offside
data/raw/CricShoot10kShootDataset/Lofted Legside/vid444_65.avi,Lofted Legside,Lofted Legside
data/raw/CricShoot10kShootDataset/Hook/vid495_35.avi,Hook,Hook
data/raw/CricShoot10kShootDataset/Square Cut/vid72_29.avi,Square Cut,Square Cut
data/raw/CricShoot10kShootDataset/Lofted Legside/vid84_13.avi,Lofted Legside,Lofted Legside
data/raw/CricShoot10kShootDataset/Square Cut/vid438_19.avi,Square Cut,Square Cut
data/raw/CricShoot10kShootDataset/Sweep/vid437_23.avi,Sweep,Sweep
data/raw/CricShoot10kShootDataset/Pull/vid434_15.avi,Pull,Pull
data/raw/CricShoot10kShootDataset/Sweep/vid435_52.avi,Sweep,Sweep
data/raw/CricShoot10kShootDataset/Flick/vid123_27.avi,Flick,Flick
data/raw/CricShoot10kShootDataset/Flick/vid110_13.avi,Flick,Flick
data/raw/CricShoot10kShootDataset/Square Cut/vid400_13.avi,Square Cut,Square Cut
data/raw/CricShoot10kShootDataset/Late Cut/vid261_52.avi,Late Cut,Late Cut
data/raw/CricShoot10kShootDataset/Square Cut/vid299_14.avi,Square Cut,Square Cut
data/raw/CricShoot10kShootDataset/Lofted Offside/vid43_8.avi,Lofted Offside,Lofted Offside
data/raw/CricShoot10kShootDataset/Lofted Offside/vid367_2.avi,Lofted Offside,Lofted Offside
data/raw/CricShoot10kShootDataset/Lofted Legside/vid452_12.avi,Lofted Legside,Lofted Legside
data/raw/CricShoot10kShootDataset/Square Cut/vid437_43.avi,Square Cut,Square Cut
data/raw/CricShoot10kShootDataset/Lofted Legside/vid43_67.avi,Lofted Legside,Lofted Legside
data/raw/CricShoot10kShootDataset/Sweep/vid171_23.avi,Sweep,Sweep
data/raw/CricShoot10kShootDataset/Flick/vid366_20.avi,Flick,Flick
data/raw/CricShoot10kShootDataset/Down The Wicket/vid43_55.avi,Down The Wicket,Down The Wicket
data/raw/CricShoot10kShootDataset/Flick/vid522_24.avi,Flick,Flick
data/raw/CricShoot10kShootDataset/Square Cut/vid203_31.avi,Square Cut,Square Cut
data/raw/CricShoot10kShootDataset/Lofted Offside/vid353_44.avi,Lofted Offside,Lofted Offside
data/raw/CricShoot10kShootDataset/Flick/vid223_22.avi,Flick,Flick
data/raw/CricShoot10kShootDataset/Lofted Offside/vid412_8.avi,Lofted Offside,Lofted Offside
data/raw/CricShoot10kShootDataset/Reverse Sweep/vid275_2.avi,Reverse Sweep,Reverse Sweep
data/raw/CricShoot10kShootDataset/Square Cut/vid304_7.avi,Square Cut,Square Cut
data/raw/CricShoot10kShootDataset/Square Cut/vid295_4.avi,Square Cut,Square Cut
data/raw/CricShoot10kShootDataset/Flick/vid240_45.avi,Flick,Flick
data/raw/CricShoot10kShootDataset/Lofted Offside/vid433_9.avi,Lofted Offside,Lofted Offside
data/raw/CricShoot10kShootDataset/Hook/vid100_40.avi,Hook,Hook
data/raw/CricShoot10kShootDataset/Lofted Offside/vid486_64.avi,Lofted Offside,Lofted Offside
data/raw/CricShoot10kShootDataset/Hook/vid234_45.avi,Hook,Hook
data/raw/CricShoot10kShootDataset/Cover Drive/vid235_49.avi,Cover Drive,Cover Drive
data/raw/CricShoot10kShootDataset/Flick/vid122_0.avi,Flick,Flick
data/raw/CricShoot10kShootDataset/Square Cut/vid393_50.avi,Square Cut,Square Cut
data/raw/CricShoot10kShootDataset/Upper Cut/vid303_5.avi,Upper Cut,Upper Cut
data/raw/CricShoot10kShootDataset/Upper Cut/vid135_19.avi,Upper Cut,Upper Cut
data/raw/CricShoot10kShootDataset/Defensive/vid91_0.avi,Defensive,Defensive
data/raw/CricShoot10kShootDataset/Down The Wicket/vid256_5.avi,Down The Wicket,Down The Wicket
data/raw/CricShoot10kShootDataset/Lofted Legside/vid415_14.avi,Lofted Legside,Lofted Legside
data/raw/CricShoot10kShootDataset/Square Cut/vid316_27.avi,Square Cut,Square Cut
data/raw/CricShoot10kShootDataset/Straight Drive/vid387_49.avi,Straight Drive,Straight Drive
data/raw/CricShoot10kShootDataset/Lofted Legside/vid489_49.avi,Lofted Legside,Lofted Legside
data/raw/CricShoot10kShootDataset/Square Cut/vid153_7.avi,Square Cut,Square Cut
data/raw/CricShoot10kShootDataset/Straight Drive/vid117_10.avi,Straight Drive,Straight Drive
data/raw/CricShoot10kShootDataset/Sweep/vid234_41.avi,Sweep,Sweep
data/raw/CricShoot10kShootDataset/Upper Cut/vid146_4.avi,Upper Cut,Upper Cut
data/raw/CricShoot10kShootDataset/Hook/vid113_1.avi,Hook,Hook
data/raw/CricShoot10kShootDataset/Cover Drive/vid238_18.avi,Cover Drive,Cover Drive
data/raw/CricShoot10kShootDataset/Sweep/vid534_25.avi,Sweep,Sweep
data/raw/CricShoot10kShootDataset/Flick/vid250_20.avi,Flick,Flick
data/raw/CricShoot10kShootDataset/Down The Wicket/vid521_94.avi,Down The Wicket,Down The Wicket
data/raw/CricShoot10kShootDataset/Lofted Offside/vid519_55.avi,Lofted Offside,Lofted Offside
data/raw/CricShoot10kShootDataset/Down The Wicket/vid89_1.avi,Down The Wicket,Down The Wicket
data/raw/CricShoot10kShootDataset/Lofted Offside/vid400_7.avi,Lofted Offside,Lofted Offside
data/raw/CricShoot10kShootDataset/Sweep/vid64_17.avi,Sweep,Sweep
data/raw/CricShoot10kShootDataset/Square Cut/vid10_21.avi,Square Cut,Square Cut
data/raw/CricShoot10kShootDataset/Square Cut/vid61_16.avi,Square Cut,Square Cut
data/raw/CricShoot10kShootDataset/Sweep/vid445_48.avi,Sweep,Sweep
data/raw/CricShoot10kShootDataset/Down The Wicket/vid352_10.avi,Down The Wicket,Down The Wicket
data/raw/CricShoot10kShootDataset/Cover Drive/vid536_44.avi,Cover Drive,Cover Drive
data/raw/CricShoot10kShootDataset/Cover Drive/vid235_4.avi,Cover Drive,Cover Drive
data/raw/CricShoot10kShootDataset/Flick/vid102_14.avi,Flick,Flick
data/raw/CricShoot10kShootDataset/Reverse Sweep/vid189_8.avi,Reverse Sweep,Reverse Sweep
data/raw/CricShoot10kShootDataset/Straight Drive/vid12_4.avi,Straight Drive,Straight Drive
data/raw/CricShoot10kShootDataset/Lofted Legside/vid390_29.avi,Lofted Legside,Lofted Legside
data/raw/CricShoot10kShootDataset/Lofted Legside/vid499_16.avi,Lofted Legside,Lofted Legside
data/raw/CricShoot10kShootDataset/Defensive/vid60_73.avi,Defensive,Defensive
data/raw/CricShoot10kShootDataset/Down The Wicket/vid167_35.avi,Down The Wicket,Down The Wicket
data/raw/CricShoot10kShootDataset/Square Cut/vid294_26.avi,Square Cut,Square Cut
data/raw/CricShoot10kShootDataset/Hook/vid37_5.avi,Hook,Hook
data/raw/CricShoot10kShootDataset/Lofted Offside/vid372_31.avi,Lofted Offside,Lofted Offside
data/raw/CricShoot10kShootDataset/Cover Drive/vid524_33.avi,Cover Drive,Cover Drive
data/raw/CricShoot10kShootDataset/Square Cut/vid410_5.avi,Square Cut,Square Cut
data/raw/CricShoot10kShootDataset/Defensive/vid107_2.avi,Defensive,Defensive
data/raw/CricShoot10kShootDataset/Defensive/vid16_13.avi,Defensive,Defensive
data/raw/CricShoot10kShootDataset/Lofted Offside/vid37_40.avi,Lofted Offside,Lofted Offside
data/raw/CricShoot10kShootDataset/Square Cut/vid86_36.avi,Square Cut,Square Cut
data/raw/CricShoot10kShootDataset/Down The Wicket/vid72_3.avi,Down The Wicket,Down The Wicket
data/raw/CricShoot10kShootDataset/Defensive/vid312_40.avi,Defensive,Defensive
data/raw/CricShoot10kShootDataset/Square Cut/vid45_22.avi,Square Cut,Square Cut
data/raw/CricShoot10kShootDataset/Upper Cut/vid384_52.avi,Upper Cut,Upper Cut
data/raw/CricShoot10kShootDataset/Down The Wicket/vid443_7.avi,Down The Wicket,Down The Wicket
data/raw/CricShoot10kShootDataset/Flick/vid23_7.avi,Flick,Flick
data/raw/CricShoot10kShootDataset/Reverse Sweep/vid453_41.avi,Reverse Sweep,Reverse Sweep
data/raw/CricShoot10kShootDataset/Defensive/vid161_0.avi,Defensive,Defensive
data/raw/CricShoot10kShootDataset/Lofted Legside/vid490_38.avi,Lofted Legside,Lofted Legside
data/raw/CricShoot10kShootDataset/Square Cut/vid357_53.avi,Square Cut,Square Cut
data/raw/CricShoot10kShootDataset/Upper Cut/vid248_45.avi,Upper Cut,Upper Cut
data/raw/CricShoot10kShootDataset/Square Cut/vid384_48.avi,Square Cut,Square Cut
data/raw/CricShoot10kShootDataset/Square Cut/vid298_10.avi,Square Cut,Square Cut
data/raw/CricShoot10kShootDataset/Sweep/vid171_1.avi,Sweep,Sweep
data/raw/CricShoot10kShootDataset/Down The Wicket/vid61_0.avi,Down The Wicket,Down The Wicket
data/raw/CricShoot10kShootDataset/Pull/vid519_5.avi,Pull,Pull
data/raw/CricShoot10kShootDataset/Lofted Legside/vid383_37.avi,Lofted Legside,Lofted Legside
data/raw/CricShoot10kShootDataset/Pull/vid18_30.avi,Pull,Pull
data/raw/CricShoot10kShootDataset/Reverse Sweep/vid391_31.avi,Reverse Sweep,Reverse Sweep
data/raw/CricShoot10kShootDataset/Defensive/vid119_22.avi,Defensive,Defensive
data/raw/CricShoot10kShootDataset/Square Cut/vid91_12.avi,Square Cut,Square Cut
data/raw/CricShoot10kShootDataset/Straight Drive/vid340_8.avi,Straight Drive,Straight Drive
data/raw/CricShoot10kShootDataset/Pull/vid230_19.avi,Pull,Pull
data/raw/CricShoot10kShootDataset/Flick/vid312_6.avi,Flick,Flick
data/raw/CricShoot10kShootDataset/Cover Drive/vid170_58.avi,Cover Drive,Cover Drive
data/raw/CricShoot10kShootDataset/Sweep/vid49_22.avi,Sweep,Sweep
data/raw/CricShoot10kShootDataset/Sweep/vid377_28.avi,Sweep,Sweep
data/raw/CricShoot10kShootDataset/Scoop/vid142_15.avi,Scoop,Scoop
data/raw/CricShoot10kShootDataset/Down The Wicket/vid515_49.avi,Down The Wicket,Down The Wicket
data/raw/CricShoot10kShootDataset/Cover Drive/vid187_21.avi,Cover Drive,Cover Drive
data/raw/CricShoot10kShootDataset/Pull/vid80_35.avi,Pull,Pull
data/raw/CricShoot10kShootDataset/Sweep/vid109_6.avi,Sweep,Sweep
data/raw/CricShoot10kShootDataset/Lofted Legside/vid489_16.avi,Lofted Legside,Lofted Legside
data/raw/CricShoot10kShootDataset/Sweep/vid86_8.avi,Sweep,Sweep
data/raw/CricShoot10kShootDataset/Pull/vid280_13.avi,Pull,Pull
data/raw/CricShoot10kShootDataset/Down The Wicket/vid459_31.avi,Down The Wicket,Down The Wicket
data/raw/CricShoot10kShootDataset/Lofted Legside/vid510_17.avi,Lofted Legside,Lofted Legside
data/raw/CricShoot10kShootDataset/Down The Wicket/vid24_14.avi,Down The Wicket,Down The Wicket
data/raw/CricShoot10kShootDataset/Sweep/vid532_26.avi,Sweep,Sweep
data/raw/CricShoot10kShootDataset/Sweep/vid182_0.avi,Sweep,Sweep
data/raw/CricShoot10kShootDataset/Lofted Legside/vid453_16.avi,Lofted Legside,Lofted Legside
data/raw/CricShoot10kShootDataset/Straight Drive/vid135_2.avi,Straight Drive,Straight Drive
data/raw/CricShoot10kShootDataset/Cover Drive/vid56_72.avi,Cover Drive,Cover Drive
data/raw/CricShoot10kShootDataset/Flick/vid447_1.avi,Flick,Flick
data/raw/CricShoot10kShootDataset/Hook/vid362_58.avi,Hook,Hook
data/raw/CricShoot10kShootDataset/Lofted Offside/vid458_33.avi,Lofted Offside,Lofted Offside
data/raw/CricShoot10kShootDataset/Late Cut/vid363_58.avi,Late Cut,Late Cut
data/raw/CricShoot10kShootDataset/Cover Drive/vid489_15.avi,Cover Drive,Cover Drive
data/raw/CricShoot10kShootDataset/Lofted Legside/vid10_34.avi,Lofted Legside,Lofted Legside
data/raw/CricShoot10kShootDataset/Reverse Sweep/vid427_21.avi,Reverse Sweep,Reverse Sweep
data/raw/CricShoot10kShootDataset/Flick/vid507_18.avi,Flick,Flick
data/raw/CricShoot10kShootDataset/Lofted Legside/vid532_22.avi,Lofted Legside,Lofted Legside
data/raw/CricShoot10kShootDataset/Late Cut/vid363_28.avi,Late Cut,Late Cut
data/raw/CricShoot10kShootDataset/Scoop/vid15_28.avi,Scoop,Scoop
data/raw/CricShoot10kShootDataset/Lofted Offside/vid384_44.avi,Lofted Offside,Lofted Offside
data/raw/CricShoot10kShootDataset/Lofted Legside/vid37_19.avi,Lofted Legside,Lofted Legside
data/raw/CricShoot10kShootDataset/Lofted Legside/vid180_19.avi,Lofted Legside,Lofted Legside
data/raw/CricShoot10kShootDataset/Cover Drive/vid461_53.avi,Cover Drive,Cover Drive
data/raw/CricShoot10kShootDataset/Pull/vid125_24.avi,Pull,Pull
data/raw/CricShoot10kShootDataset/Square Cut/vid99_46.avi,Square Cut,Square Cut
data/raw/CricShoot10kShootDataset/Hook/vid393_1.avi,Hook,Hook
data/raw/CricShoot10kShootDataset/Sweep/vid393_41.avi,Sweep,Sweep
data/raw/CricShoot10kShootDataset/Sweep/vid433_44.avi,Sweep,Sweep
data/raw/CricShoot10kShootDataset/Hook/vid369_17.avi,Hook,Hook
data/raw/CricShoot10kShootDataset/Straight Drive/vid206_48.avi,Straight Drive,Straight Drive
data/raw/CricShoot10kShootDataset/Down The Wicket/vid14_4.avi,Down The Wicket,Down The Wicket
data/raw/CricShoot10kShootDataset/Upper Cut/vid536_12.avi,Upper Cut,Upper Cut
data/raw/CricShoot10kShootDataset/Square Cut/vid469_9.avi,Square Cut,Square Cut
data/raw/CricShoot10kShootDataset/Lofted Offside/vid37_8.avi,Lofted Offside,Lofted Offside
data/raw/CricShoot10kShootDataset/Lofted Legside/vid518_33.avi,Lofted Legside,Lofted Legside
data/raw/CricShoot10kShootDataset/Late Cut/vid479_7.avi,Late Cut,Late Cut
data/raw/CricShoot10kShootDataset/Pull/vid172_9.avi,Pull,Pull
data/raw/CricShoot10kShootDataset/Flick/vid520_14.avi,Flick,Flick
data/raw/CricShoot10kShootDataset/Straight Drive/vid452_37.avi,Straight Drive,Straight Drive
data/raw/CricShoot10kShootDataset/Lofted Legside/vid394_25.avi,Lofted Legside,Lofted Legside
data/raw/CricShoot10kShootDataset/Lofted Legside/vid481_52.avi,Lofted Legside,Lofted Legside
data/raw/CricShoot10kShootDataset/Flick/vid95_19.avi,Flick,Flick
data/raw/CricShoot10kShootDataset/Late Cut/vid177_6.avi,Late Cut,Late Cut
data/raw/CricShoot10kShootDataset/Lofted Offside/vid272_7.avi,Lofted Offside,Lofted Offside
data/raw/CricShoot10kShootDataset/Down The Wicket/vid200_8.avi,Down The Wicket,Down The Wicket
data/raw/CricShoot10kShootDataset/Straight Drive/vid129_7.avi,Straight Drive,Straight Drive
data/raw/CricShoot10kShootDataset/Lofted Legside/vid536_46.avi,Lofted Legside,Lofted Legside
data/raw/CricShoot10kShootDataset/Square Cut/vid179_7.avi,Square Cut,Square Cut
data/raw/CricShoot10kShootDataset/Scoop/vid212_30.avi,Scoop,Scoop
data/raw/CricShoot10kShootDataset/Square Cut/vid63_23.avi,Square Cut,Square Cut
data/raw/CricShoot10kShootDataset/Sweep/vid474_5.avi,Sweep,Sweep
data/raw/CricShoot10kShootDataset/Pull/vid235_41.avi,Pull,Pull
data/raw/CricShoot10kShootDataset/Down The Wicket/vid40_77.avi,Down The Wicket,Down The Wicket
data/raw/CricShoot10kShootDataset/Lofted Legside/vid505_16.avi,Lofted Legside,Lofted Legside
data/raw/CricShoot10kShootDataset/Lofted Legside/vid508_59.avi,Lofted Legside,Lofted Legside
data/raw/CricShoot10kShootDataset/Cover Drive/vid150_21.avi,Cover Drive,Cover Drive
data/raw/CricShoot10kShootDataset/Hook/vid505_42.avi,Hook,Hook
data/raw/CricShoot10kShootDataset/Lofted Offside/vid353_23.avi,Lofted Offside,Lofted Offside
data/raw/CricShoot10kShootDataset/Flick/vid172_19.avi,Flick,Flick
data/raw/CricShoot10kShootDataset/Lofted Offside/vid489_48.avi,Lofted Offside,Lofted Offside
data/raw/CricShoot10kShootDataset/Flick/vid463_14.avi,Flick,Flick
data/raw/CricShoot10kShootDataset/Lofted Offside/vid437_39.avi,Lofted Offside,Lofted Offside
data/raw/CricShoot10kShootDataset/Hook/vid74_40.avi,Hook,Hook
data/raw/CricShoot10kShootDataset/Down The Wicket/vid161_4.avi,Down The Wicket,Down The Wicket
data/raw/CricShoot10kShootDataset/Straight Drive/vid308_3.avi,Straight Drive,Straight Drive
data/raw/CricShoot10kShootDataset/Cover Drive/vid525_27.avi,Cover Drive,Cover Drive
data/raw/CricShoot10kShootDataset/Flick/vid151_0.avi,Flick,Flick
data/raw/CricShoot10kShootDataset/Defensive/vid215_26.avi,Defensive,Defensive
data/raw/CricShoot10kShootDataset/Pull/vid21_13.avi,Pull,Pull
data/raw/CricShoot10kShootDataset/Pull/vid454_24.avi,Pull,Pull
data/raw/CricShoot10kShootDataset/Cover Drive/vid113_22.avi,Cover Drive,Cover Drive
data/raw/CricShoot10kShootDataset/Defensive/vid109_2.avi,Defensive,Defensive
data/raw/CricShoot10kShootDataset/Lofted Legside/vid500_8.avi,Lofted Legside,Lofted Legside
data/raw/CricShoot10kShootDataset/Pull/vid373_9.avi,Pull,Pull
data/raw/CricShoot10kShootDataset/Sweep/vid429_3.avi,Sweep,Sweep
data/raw/CricShoot10kShootDataset/Sweep/vid358_11.avi,Sweep,Sweep
data/raw/CricShoot10kShootDataset/Sweep/vid200_13.avi,Sweep,Sweep
data/raw/CricShoot10kShootDataset/Hook/vid124_22.avi,Hook,Hook
data/raw/CricShoot10kShootDataset/Down The Wicket/vid71_9.avi,Down The Wicket,Down The Wicket
data/raw/CricShoot10kShootDataset/Sweep/vid69_30.avi,Sweep,Sweep
data/raw/CricShoot10kShootDataset/Sweep/vid28_56.avi,Sweep,Sweep
data/raw/CricShoot10kShootDataset/Reverse Sweep/vid445_22.avi,Reverse Sweep,Reverse Sweep
data/raw/CricShoot10kShootDataset/Late Cut/vid386_21.avi,Late Cut,Late Cut
data/raw/CricShoot10kShootDataset/Square Cut/vid427_1.avi,Square Cut,Square Cut
data/raw/CricShoot10kShootDataset/Square Cut/vid374_49.avi,Square Cut,Square Cut
data/raw/CricShoot10kShootDataset/Lofted Legside/vid515_76.avi,Lofted Legside,Lofted Legside
data/raw/CricShoot10kShootDataset/Straight Drive/vid488_2.avi,Straight Drive,Straight Drive
data/raw/CricShoot10kShootDataset/Pull/vid506_12.avi,Pull,Pull
data/raw/CricShoot10kShootDataset/Upper Cut/vid338_15.avi,Upper Cut,Upper Cut
data/raw/CricShoot10kShootDataset/Pull/vid77_34.avi,Pull,Pull
data/raw/CricShoot10kShootDataset/Lofted Offside/vid118_13.avi,Lofted Offside,Lofted Offside
data/raw/CricShoot10kShootDataset/Defensive/vid332_9.avi,Defensive,Defensive
data/raw/CricShoot10kShootDataset/Down The Wicket/vid368_57.avi,Down The Wicket,Down The Wicket
data/raw/CricShoot10kShootDataset/Defensive/vid108_24.avi,Defensive,Defensive
data/raw/CricShoot10kShootDataset/Scoop/vid392_18.avi,Scoop,Scoop
data/raw/CricShoot10kShootDataset/Cover Drive/vid309_4.avi,Cover Drive,Cover Drive
data/raw/CricShoot10kShootDataset/Square Cut/vid414_1.avi,Square Cut,Square Cut
data/raw/CricShoot10kShootDataset/Down The Wicket/vid120_15.avi,Down The Wicket,Down The Wicket
data/raw/CricShoot10kShootDataset/Pull/vid464_8.avi,Pull,Pull
data/raw/CricShoot10kShootDataset/Pull/vid59_18.avi,Pull,Pull
data/raw/CricShoot10kShootDataset/Lofted Legside/vid54_32.avi,Lofted Legside,Lofted Legside
data/raw/CricShoot10kShootDataset/Lofted Offside/vid465_39.avi,Lofted Offside,Lofted Offside
data/raw/CricShoot10kShootDataset/Lofted Offside/vid438_9.avi,Lofted Offside,Lofted Offside
data/raw/CricShoot10kShootDataset/Reverse Sweep/vid28_40.avi,Reverse Sweep,Reverse Sweep
data/raw/CricShoot10kShootDataset/Sweep/vid286_15.avi,Sweep,Sweep
data/raw/CricShoot10kShootDataset/Down The Wicket/vid61_9.avi,Down The Wicket,Down The Wicket
data/raw/CricShoot10kShootDataset/Square Cut/vid226_12.avi,Square Cut,Square Cut
data/raw/CricShoot10kShootDataset/Pull/vid51_53.avi,Pull,Pull
data/raw/CricShoot10kShootDataset/Defensive/vid251_4.avi,Defensive,Defensive
data/raw/CricShoot10kShootDataset/Lofted Offside/vid269_8.avi,Lofted Offside,Lofted Offside
data/raw/CricShoot10kShootDataset/Hook/vid42_32.avi,Hook,Hook
data/raw/CricShoot10kShootDataset/Defensive/vid240_3.avi,Defensive,Defensive
data/raw/CricShoot10kShootDataset/Cover Drive/vid295_3.avi,Cover Drive,Cover Drive
data/raw/CricShoot10kShootDataset/Lofted Offside/vid262_52.avi,Lofted Offside,Lofted Offside
data/raw/CricShoot10kShootDataset/Sweep/vid518_45.avi,Sweep,Sweep
data/raw/CricShoot10kShootDataset/Lofted Offside/vid534_35.avi,Lofted Offside,Lofted Offside
data/raw/CricShoot10kShootDataset/Cover Drive/vid110_25.avi,Cover Drive,Cover Drive
data/raw/CricShoot10kShootDataset/Down The Wicket/vid50_55.avi,Down The Wicket,Down The Wicket
data/raw/CricShoot10kShootDataset/Lofted Legside/vid494_36.avi,Lofted Legside,Lofted Legside
data/raw/CricShoot10kShootDataset/Straight Drive/vid13_30.avi,Straight Drive,Straight Drive
data/raw/CricShoot10kShootDataset/Lofted Offside/vid377_35.avi,Lofted Offside,Lofted Offside
data/raw/CricShoot10kShootDataset/Flick/vid345_2.avi,Flick,Flick
data/raw/CricShoot10kShootDataset/Pull/vid380_31.avi,Pull,Pull
data/raw/CricShoot10kShootDataset/Down The Wicket/vid454_12.avi,Down The Wicket,Down The Wicket
data/raw/CricShoot10kShootDataset/Lofted Legside/vid434_34.avi,Lofted Legside,Lofted Legside
data/raw/CricShoot10kShootDataset/Lofted Legside/vid206_64.avi,Lofted Legside,Lofted Legside
data/raw/CricShoot10kShootDataset/Scoop/vid532_51.avi,Scoop,Scoop
data/raw/CricShoot10kShootDataset/Straight Drive/vid123_20.avi,Straight Drive,Straight Drive
data/raw/CricShoot10kShootDataset/Lofted Legside/vid439_46.avi,Lofted Legside,Lofted Legside
data/raw/CricShoot10kShootDataset/Flick/vid238_42.avi,Flick,Flick
data/raw/CricShoot10kShootDataset/Down The Wicket/vid53_44.avi,Down The Wicket,Down The Wicket
data/raw/CricShoot10kShootDataset/Straight Drive/vid231_13.avi,Straight Drive,Straight Drive
data/raw/CricShoot10kShootDataset/Scoop/vid374_23.avi,Scoop,Scoop
data/raw/CricShoot10kShootDataset/Hook/vid9_42.avi,Hook,Hook
data/raw/CricShoot10kShootDataset/Sweep/vid437_21.avi,Sweep,Sweep
data/raw/CricShoot10kShootDataset/Lofted Legside/vid344_14.avi,Lofted Legside,Lofted Legside
data/raw/CricShoot10kShootDataset/Cover Drive/vid125_15.avi,Cover Drive,Cover Drive
data/raw/CricShoot10kShootDataset/Lofted Offside/vid486_13.avi,Lofted Offside,Lofted Offside
data/raw/CricShoot10kShootDataset/Lofted Offside/vid34_42.avi,Lofted Offside,Lofted Offside
data/raw/CricShoot10kShootDataset/Flick/vid368_56.avi,Flick,Flick
data/raw/CricShoot10kShootDataset/Straight Drive/vid228_3.avi,Straight Drive,Straight Drive
data/raw/CricShoot10kShootDataset/Square Cut/vid245_35.avi,Square Cut,Square Cut
data/raw/CricShoot10kShootDataset/Lofted Legside/vid12_54.avi,Lofted Legside,Lofted Legside
data/raw/CricShoot10kShootDataset/Down The Wicket/vid518_5.avi,Down The Wicket,Down The Wicket
data/raw/CricShoot10kShootDataset/Flick/vid235_9.avi,Flick,Flick
data/raw/CricShoot10kShootDataset/Down The Wicket/vid402_17.avi,Down The Wicket,Down The Wicket
data/raw/CricShoot10kShootDataset/Cover Drive/vid187_25.avi,Cover Drive,Cover Drive
data/raw/CricShoot10kShootDataset/Sweep/vid509_38.avi,Sweep,Sweep
data/raw/CricShoot10kShootDataset/Pull/vid235_6.avi,Pull,Pull
data/raw/CricShoot10kShootDataset/Sweep/vid478_19.avi,Sweep,Sweep
data/raw/CricShoot10kShootDataset/Cover Drive/vid230_8.avi,Cover Drive,Cover Drive
data/raw/CricShoot10kShootDataset/Defensive/vid224_0.avi,Defensive,Defensive
data/raw/CricShoot10kShootDataset/Sweep/vid2_36.avi,Sweep,Sweep
data/raw/CricShoot10kShootDataset/Straight Drive/vid505_33.avi,Straight Drive,Straight Drive
data/raw/CricShoot10kShootDataset/Upper Cut/vid100_72.avi,Upper Cut,Upper Cut
data/raw/CricShoot10kShootDataset/Cover Drive/vid482_42.avi,Cover Drive,Cover Drive
data/raw/CricShoot10kShootDataset/Lofted Offside/vid388_53.avi,Lofted Offside,Lofted Offside
data/raw/CricShoot10kShootDataset/Down The Wicket/vid362_30.avi,Down The Wicket,Down The Wicket
data/raw/CricShoot10kShootDataset/Lofted Offside/vid505_44.avi,Lofted Offside,Lofted Offside
data/raw/CricShoot10kShootDataset/Cover Drive/vid502_2.avi,Cover Drive,Cover Drive
data/raw/CricShoot10kShootDataset/Sweep/vid358_19.avi,Sweep,Sweep
data/raw/CricShoot10kShootDataset/Defensive/vid236_32.avi,Defensive,Defensive
data/raw/CricShoot10kShootDataset/Down The Wicket/vid23_14.avi,Down The Wicket,Down The Wicket
data/raw/CricShoot10kShootDataset/Late Cut/vid398_25.avi,Late Cut,Late Cut
data/raw/CricShoot10kShootDataset/Lofted Offside/vid524_3.avi,Lofted Offside,Lofted Offside
data/raw/CricShoot10kShootDataset/Upper Cut/vid494_19.avi,Upper Cut,Upper Cut
data/raw/CricShoot10kShootDataset/Lofted Offside/vid361_70.avi,Lofted Offside,Lofted Offside
data/raw/CricShoot10kShootDataset/Down The Wicket/vid520_41.avi,Down The Wicket,Down The Wicket
data/raw/CricShoot10kShootDataset/Lofted Legside/vid352_12.avi,Lofted Legside,Lofted Legside
data/raw/CricShoot10kShootDataset/Late Cut/vid467_23.avi,Late Cut,Late Cut
data/raw/CricShoot10kShootDataset/Pull/vid454_2.avi,Pull,Pull
data/raw/CricShoot10kShootDataset/Square Cut/vid119_2.avi,Square Cut,Square Cut
data/raw/CricShoot10kShootDataset/Lofted Offside/vid10_14.avi,Lofted Offside,Lofted Offside
data/raw/CricShoot10kShootDataset/Down The Wicket/vid217_41.avi,Down The Wicket,Down The Wicket
data/raw/CricShoot10kShootDataset/Straight Drive/vid401_5.avi,Straight Drive,Straight Drive
data/raw/CricShoot10kShootDataset/Down The Wicket/vid230_28.avi,Down The Wicket,Down The Wicket
data/raw/CricShoot10kShootDataset/Hook/vid105_10.avi,Hook,Hook
data/raw/CricShoot10kShootDataset/Cover Drive/vid182_18.avi,Cover Drive,Cover Drive
data/raw/CricShoot10kShootDataset/Lofted Legside/vid483_43.avi,Lofted Legside,Lofted Legside
data/raw/CricShoot10kShootDataset/Pull/vid456_35.avi,Pull,Pull
data/raw/CricShoot10kShootDataset/Square Cut/vid506_17.avi,Square Cut,Square Cut
data/raw/CricShoot10kShootDataset/Scoop/vid206_32.avi,Scoop,Scoop
data/raw/CricShoot10kShootDataset/Lofted Legside/vid1_40.avi,Lofted Legside,Lofted Legside
data/raw/CricShoot10kShootDataset/Sweep/vid204_35.avi,Sweep,Sweep
data/raw/CricShoot10kShootDataset/Reverse Sweep/vid253_4.avi,Reverse Sweep,Reverse Sweep
data/raw/CricShoot10kShootDataset/Square Cut/vid13_1.avi,Square Cut,Square Cut
data/raw/CricShoot10kShootDataset/Cover Drive/vid525_9.avi,Cover Drive,Cover Drive
data/raw/CricShoot10kShootDataset/Lofted Legside/vid336_10.avi,Lofted Legside,Lofted Legside
data/raw/CricShoot10kShootDataset/Lofted Offside/vid367_25.avi,Lofted Offside,Lofted Offside
data/raw/CricShoot10kShootDataset/Lofted Offside/vid517_37.avi,Lofted Offside,Lofted Offside
data/raw/CricShoot10kShootDataset/Flick/vid454_3.avi,Flick,Flick
data/raw/CricShoot10kShootDataset/Down The Wicket/vid183_6.avi,Down The Wicket,Down The Wicket
data/raw/CricShoot10kShootDataset/Upper Cut/vid331_40.avi,Upper Cut,Upper Cut
data/raw/CricShoot10kShootDataset/Lofted Offside/vid57_17.avi,Lofted Offside,Lofted Offside
data/raw/CricShoot10kShootDataset/Square Cut/vid472_47.avi,Square Cut,Square Cut
data/raw/CricShoot10kShootDataset/Pull/vid251_46.avi,Pull,Pull
data/raw/CricShoot10kShootDataset/Square Cut/vid460_37.avi,Square Cut,Square Cut
data/raw/CricShoot10kShootDataset/Pull/vid464_38.avi,Pull,Pull
data/raw/CricShoot10kShootDataset/Hook/vid55_9.avi,Hook,Hook
data/raw/CricShoot10kShootDataset/Sweep/vid30_34.avi,Sweep,Sweep
data/raw/CricShoot10kShootDataset/Cover Drive/vid531_62.avi,Cover Drive,Cover Drive
data/raw/CricShoot10kShootDataset/Defensive/vid235_46.avi,Defensive,Defensive
data/raw/CricShoot10kShootDataset/Sweep/vid96_35.avi,Sweep,Sweep
data/raw/CricShoot10kShootDataset/Defensive/vid239_37.avi,Defensive,Defensive
data/raw/CricShoot10kShootDataset/Defensive/vid252_25.avi,Defensive,Defensive
data/raw/CricShoot10kShootDataset/Defensive/vid145_18.avi,Defensive,Defensive
data/raw/CricShoot10kShootDataset/Down The Wicket/vid229_39.avi,Down The Wicket,Down The Wicket
data/raw/CricShoot10kShootDataset/Sweep/vid152_32.avi,Sweep,Sweep
data/raw/CricShoot10kShootDataset/Sweep/vid433_27.avi,Sweep,Sweep
data/raw/CricShoot10kShootDataset/Cover Drive/vid400_8.avi,Cover Drive,Cover Drive
data/raw/CricShoot10kShootDataset/Lofted Legside/vid373_16.avi,Lofted Legside,Lofted Legside
data/raw/CricShoot10kShootDataset/Square Cut/vid438_35.avi,Square Cut,Square Cut
data/raw/CricShoot10kShootDataset/Down The Wicket/vid436_14.avi,Down The Wicket,Down The Wicket
data/raw/CricShoot10kShootDataset/Cover Drive/vid118_10.avi,Cover Drive,Cover Drive
data/raw/CricShoot10kShootDataset/Lofted Legside/vid83_44.avi,Lofted Legside,Lofted Legside
data/raw/CricShoot10kShootDataset/Square Cut/vid451_27.avi,Square Cut,Square Cut
data/raw/CricShoot10kShootDataset/Sweep/vid66_11.avi,Sweep,Sweep
data/raw/CricShoot10kShootDataset/Lofted Offside/vid441_27.avi,Lofted Offside,Lofted Offside
data/raw/CricShoot10kShootDataset/Late Cut/vid101_32.avi,Late Cut,Late Cut
data/raw/CricShoot10kShootDataset/Lofted Offside/vid501_11.avi,Lofted Offside,Lofted Offside
data/raw/CricShoot10kShootDataset/Square Cut/vid87_34.avi,Square Cut,Square Cut
data/raw/CricShoot10kShootDataset/Sweep/vid535_25.avi,Sweep,Sweep
data/raw/CricShoot10kShootDataset/Pull/vid98_36.avi,Pull,Pull
data/raw/CricShoot10kShootDataset/Sweep/vid357_70.avi,Sweep,Sweep
data/raw/CricShoot10kShootDataset/Upper Cut/vid535_3.avi,Upper Cut,Upper Cut
data/raw/CricShoot10kShootDataset/Down The Wicket/vid216_3.avi,Down The Wicket,Down The Wicket
data/raw/CricShoot10kShootDataset/Upper Cut/vid251_25.avi,Upper Cut,Upper Cut
data/raw/CricShoot10kShootDataset/Straight Drive/vid500_20.avi,Straight Drive,Straight Drive
data/raw/CricShoot10kShootDataset/Flick/vid248_52.avi,Flick,Flick
data/raw/CricShoot10kShootDataset/Defensive/vid238_2.avi,Defensive,Defensive
data/raw/CricShoot10kShootDataset/Lofted Legside/vid486_32.avi,Lofted Legside,Lofted Legside
data/raw/CricShoot10kShootDataset/Square Cut/vid34_24.avi,Square Cut,Square Cut
data/raw/CricShoot10kShootDataset/Lofted Legside/vid502_40.avi,Lofted Legside,Lofted Legside
data/raw/CricShoot10kShootDataset/Flick/vid40_28.avi,Flick,Flick
data/raw/CricShoot10kShootDataset/Down The Wicket/vid342_13.avi,Down The Wicket,Down The Wicket
data/raw/CricShoot10kShootDataset/Down The Wicket/vid201_1.avi,Down The Wicket,Down The Wicket
data/raw/CricShoot10kShootDataset/Upper Cut/vid287_19.avi,Upper Cut,Upper Cut
data/raw/CricShoot10kShootDataset/Flick/vid312_26.avi,Flick,Flick
data/raw/CricShoot10kShootDataset/Upper Cut/vid368_37.avi,Upper Cut,Upper Cut
data/raw/CricShoot10kShootDataset/Upper Cut/vid132_13.avi,Upper Cut,Upper Cut
data/raw/CricShoot10kShootDataset/Flick/vid473_57.avi,Flick,Flick
data/raw/CricShoot10kShootDataset/Down The Wicket/vid343_5.avi,Down The Wicket,Down The Wicket
data/raw/CricShoot10kShootDataset/Down The Wicket/vid67_7.avi,Down The Wicket,Down The Wicket
data/raw/CricShoot10kShootDataset/Lofted Legside/vid332_6.avi,Lofted Legside,Lofted Legside
data/raw/CricShoot10kShootDataset/Square Cut/vid512_28.avi,Square Cut,Square Cut
data/raw/CricShoot10kShootDataset/Late Cut/vid269_13.avi,Late Cut,Late Cut
data/raw/CricShoot10kShootDataset/Cover Drive/vid449_1.avi,Cover Drive,Cover Drive
data/raw/CricShoot10kShootDataset/Sweep/vid400_21.avi,Sweep,Sweep
data/raw/CricShoot10kShootDataset/Upper Cut/vid163_15.avi,Upper Cut,Upper Cut
data/raw/CricShoot10kShootDataset/Cover Drive/vid249_48.avi,Cover Drive,Cover Drive
data/raw/CricShoot10kShootDataset/Down The Wicket/vid454_28.avi,Down The Wicket,Down The Wicket
data/raw/CricShoot10kShootDataset/Square Cut/vid258_35.avi,Square Cut,Square Cut
data/raw/CricShoot10kShootDataset/Late Cut/vid178_12.avi,Late Cut,Late Cut
data/raw/CricShoot10kShootDataset/Lofted Offside/vid104_5.avi,Lofted Offside,Lofted Offside
data/raw/CricShoot10kShootDataset/Square Cut/vid486_12.avi,Square Cut,Square Cut
data/raw/CricShoot10kShootDataset/Square Cut/vid143_19.avi,Square Cut,Square Cut
data/raw/CricShoot10kShootDataset/Lofted Legside/vid271_16.avi,Lofted Legside,Lofted Legside
data/raw/CricShoot10kShootDataset/Hook/vid5_21.avi,Hook,Hook
data/raw/CricShoot10kShootDataset/Straight Drive/vid126_19.avi,Straight Drive,Straight Drive
data/raw/CricShoot10kShootDataset/Scoop/vid436_57.avi,Scoop,Scoop
data/raw/CricShoot10kShootDataset/Pull/vid369_51.avi,Pull,Pull
data/raw/CricShoot10kShootDataset/Flick/vid233_16.avi,Flick,Flick
data/raw/CricShoot10kShootDataset/Late Cut/vid91_43.avi,Late Cut,Late Cut
data/raw/CricShoot10kShootDataset/Defensive/vid250_6.avi,Defensive,Defensive
data/raw/CricShoot10kShootDataset/Flick/vid230_23.avi,Flick,Flick
data/raw/CricShoot10kShootDataset/Reverse Sweep/vid372_30.avi,Reverse Sweep,Reverse Sweep
data/raw/CricShoot10kShootDataset/Late Cut/vid310_0.avi,Late Cut,Late Cut
data/raw/CricShoot10kShootDataset/Hook/vid167_16.avi,Hook,Hook
data/raw/CricShoot10kShootDataset/Hook/vid481_6.avi,Hook,Hook
data/raw/CricShoot10kShootDataset/Sweep/vid472_21.avi,Sweep,Sweep
data/raw/CricShoot10kShootDataset/Lofted Legside/vid452_19.avi,Lofted Legside,Lofted Legside
data/raw/CricShoot10kShootDataset/Lofted Legside/vid427_9.avi,Lofted Legside,Lofted Legside
data/raw/CricShoot10kShootDataset/Lofted Offside/vid8_26.avi,Lofted Offside,Lofted Offside
data/raw/CricShoot10kShootDataset/Lofted Legside/vid237_25.avi,Lofted Legside,Lofted Legside
data/raw/CricShoot10kShootDataset/Lofted Offside/vid165_27.avi,Lofted Offside,Lofted Offside
data/raw/CricShoot10kShootDataset/Sweep/vid144_6.avi,Sweep,Sweep
data/raw/CricShoot10kShootDataset/Scoop/vid482_44.avi,Scoop,Scoop
data/raw/CricShoot10kShootDataset/Sweep/vid171_4.avi,Sweep,Sweep
data/raw/CricShoot10kShootDataset/Down The Wicket/vid119_23.avi,Down The Wicket,Down The Wicket
data/raw/CricShoot10kShootDataset/Defensive/vid124_0.avi,Defensive,Defensive
data/raw/CricShoot10kShootDataset/Sweep/vid313_11.avi,Sweep,Sweep
data/raw/CricShoot10kShootDataset/Sweep/vid438_39.avi,Sweep,Sweep
data/raw/CricShoot10kShootDataset/Flick/vid500_26.avi,Flick,Flick
data/raw/CricShoot10kShootDataset/Flick/vid92_30.avi,Flick,Flick
data/raw/CricShoot10kShootDataset/Upper Cut/vid160_6.avi,Upper Cut,Upper Cut
data/raw/CricShoot10kShootDataset/Straight Drive/vid338_3.avi,Straight Drive,Straight Drive
data/raw/CricShoot10kShootDataset/Late Cut/vid443_9.avi,Late Cut,Late Cut
data/raw/CricShoot10kShootDataset/Late Cut/vid517_54.avi,Late Cut,Late Cut
data/raw/CricShoot10kShootDataset/Lofted Legside/vid398_18.avi,Lofted Legside,Lofted Legside
data/raw/CricShoot10kShootDataset/Lofted Legside/vid390_47.avi,Lofted Legside,Lofted Legside
data/raw/CricShoot10kShootDataset/Square Cut/vid435_2.avi,Square Cut,Square Cut
data/raw/CricShoot10kShootDataset/Flick/vid355_34.avi,Flick,Flick
data/raw/CricShoot10kShootDataset/Pull/vid519_23.avi,Pull,Pull
data/raw/CricShoot10kShootDataset/Sweep/vid323_13.avi,Sweep,Sweep
data/raw/CricShoot10kShootDataset/Down The Wicket/vid356_12.avi,Down The Wicket,Down The Wicket
data/raw/CricShoot10kShootDataset/Sweep/vid215_42.avi,Sweep,Sweep
data/raw/CricShoot10kShootDataset/Defensive/vid295_28.avi,Defensive,Defensive
data/raw/CricShoot10kShootDataset/Cover Drive/vid97_10.avi,Cover Drive,Cover Drive
data/raw/CricShoot10kShootDataset/Defensive/vid207_0.avi,Defensive,Defensive
data/raw/CricShoot10kShootDataset/Square Cut/vid154_34.avi,Square Cut,Square Cut
data/raw/CricShoot10kShootDataset/Flick/vid473_38.avi,Flick,Flick
data/raw/CricShoot10kShootDataset/Late Cut/vid109_9.avi,Late Cut,Late Cut
data/raw/CricShoot10kShootDataset/Sweep/vid70_3.avi,Sweep,Sweep
data/raw/CricShoot10kShootDataset/Cover Drive/vid533_4.avi,Cover Drive,Cover Drive
data/raw/CricShoot10kShootDataset/Square Cut/vid138_13.avi,Square Cut,Square Cut
data/raw/CricShoot10kShootDataset/Defensive/vid28_18.avi,Defensive,Defensive
data/raw/CricShoot10kShootDataset/Cover Drive/vid38_13.avi,Cover Drive,Cover Drive
data/raw/CricShoot10kShootDataset/Late Cut/vid457_43.avi,Late Cut,Late Cut
data/raw/CricShoot10kShootDataset/Lofted Legside/vid37_18.avi,Lofted Legside,Lofted Legside
data/raw/CricShoot10kShootDataset/Down The Wicket/vid496_13.avi,Down The Wicket,Down The Wicket
data/raw/CricShoot10kShootDataset/Down The Wicket/vid216_30.avi,Down The Wicket,Down The Wicket
data/raw/CricShoot10kShootDataset/Lofted Offside/vid367_48.avi,Lofted Offside,Lofted Offside
data/raw/CricShoot10kShootDataset/Hook/vid472_4.avi,Hook,Hook
data/raw/CricShoot10kShootDataset/Upper Cut/vid83_43.avi,Upper Cut,Upper Cut
data/raw/CricShoot10kShootDataset/Cover Drive/vid38_25.avi,Cover Drive,Cover Drive
data/raw/CricShoot10kShootDataset/Straight Drive/vid485_11.avi,Straight Drive,Straight Drive
data/raw/CricShoot10kShootDataset/Defensive/vid16_16.avi,Defensive,Defensive
data/raw/CricShoot10kShootDataset/Lofted Offside/vid335_4.avi,Lofted Offside,Lofted Offside
data/raw/CricShoot10kShootDataset/Down The Wicket/vid81_3.avi,Down The Wicket,Down The Wicket
data/raw/CricShoot10kShootDataset/Down The Wicket/vid65_4.avi,Down The Wicket,Down The Wicket
data/raw/CricShoot10kShootDataset/Down The Wicket/vid87_26.avi,Down The Wicket,Down The Wicket
data/raw/CricShoot10kShootDataset/Straight Drive/vid532_41.avi,Straight Drive,Straight Drive
data/raw/CricShoot10kShootDataset/Lofted Offside/vid387_21.avi,Lofted Offside,Lofted Offside
data/raw/CricShoot10kShootDataset/Lofted Legside/vid3_19.avi,Lofted Legside,Lofted Legside
data/raw/CricShoot10kShootDataset/Lofted Legside/vid394_6.avi,Lofted Legside,Lofted Legside
data/raw/CricShoot10kShootDataset/Square Cut/vid74_13.avi,Square Cut,Square Cut
data/raw/CricShoot10kShootDataset/Flick/vid50_44.avi,Flick,Flick
data/raw/CricShoot10kShootDataset/Down The Wicket/vid381_28.avi,Down The Wicket,Down The Wicket
data/raw/CricShoot10kShootDataset/Flick/vid308_12.avi,Flick,Flick
data/raw/CricShoot10kShootDataset/Flick/vid313_29.avi,Flick,Flick
data/raw/CricShoot10kShootDataset/Cover Drive/vid178_2.avi,Cover Drive,Cover Drive
data/raw/CricShoot10kShootDataset/Down The Wicket/vid207_55.avi,Down The Wicket,Down The Wicket
data/raw/CricShoot10kShootDataset/Scoop/vid508_35.avi,Scoop,Scoop
data/raw/CricShoot10kShootDataset/Flick/vid223_10.avi,Flick,Flick
data/raw/CricShoot10kShootDataset/Late Cut/vid407_14.avi,Late Cut,Late Cut
data/raw/CricShoot10kShootDataset/Late Cut/vid206_2.avi,Late Cut,Late Cut
data/raw/CricShoot10kShootDataset/Hook/vid390_7.avi,Hook,Hook
data/raw/CricShoot10kShootDataset/Pull/vid248_29.avi,Pull,Pull
data/raw/CricShoot10kShootDataset/Square Cut/vid105_8.avi,Square Cut,Square Cut
data/raw/CricShoot10kShootDataset/Sweep/vid168_2.avi,Sweep,Sweep
data/raw/CricShoot10kShootDataset/Cover Drive/vid249_30.avi,Cover Drive,Cover Drive
data/raw/CricShoot10kShootDataset/Flick/vid522_1.avi,Flick,Flick
data/raw/CricShoot10kShootDataset/Late Cut/vid234_29.avi,Late Cut,Late Cut
data/raw/CricShoot10kShootDataset/Straight Drive/vid532_4.avi,Straight Drive,Straight Drive
data/raw/CricShoot10kShootDataset/Cover Drive/vid164_10.avi,Cover Drive,Cover Drive
data/raw/CricShoot10kShootDataset/Flick/vid248_42.avi,Flick,Flick
data/raw/CricShoot10kShootDataset/Down The Wicket/vid408_1.avi,Down The Wicket,Down The Wicket
data/raw/CricShoot10kShootDataset/Down The Wicket/vid396_18.avi,Down The Wicket,Down The Wicket
data/raw/CricShoot10kShootDataset/Down The Wicket/vid496_28.avi,Down The Wicket,Down The Wicket
data/raw/CricShoot10kShootDataset/Lofted Legside/vid344_8.avi,Lofted Legside,Lofted Legside
data/raw/CricShoot10kShootDataset/Down The Wicket/vid464_1.avi,Down The Wicket,Down The Wicket
data/raw/CricShoot10kShootDataset/Lofted Legside/vid120_21.avi,Lofted Legside,Lofted Legside
data/raw/CricShoot10kShootDataset/Hook/vid494_29.avi,Hook,Hook
data/raw/CricShoot10kShootDataset/Straight Drive/vid322_17.avi,Straight Drive,Straight Drive
data/raw/CricShoot10kShootDataset/Lofted Legside/vid468_6.avi,Lofted Legside,Lofted Legside
data/raw/CricShoot10kShootDataset/Scoop/vid52_7.avi,Scoop,Scoop
data/raw/CricShoot10kShootDataset/Defensive/vid269_5.avi,Defensive,Defensive
data/raw/CricShoot10kShootDataset/Straight Drive/vid449_39.avi,Straight Drive,Straight Drive
data/raw/CricShoot10kShootDataset/Upper Cut/vid338_5.avi,Upper Cut,Upper Cut
data/raw/CricShoot10kShootDataset/Lofted Offside/vid187_5.avi,Lofted Offside,Lofted Offside
data/raw/CricShoot10kShootDataset/Pull/vid490_23.avi,Pull,Pull
data/raw/CricShoot10kShootDataset/Sweep/vid18_15.avi,Sweep,Sweep
data/raw/CricShoot10kShootDataset/Upper Cut/vid361_67.avi,Upper Cut,Upper Cut
data/raw/CricShoot10kShootDataset/Pull/vid441_51.avi,Pull,Pull
data/raw/CricShoot10kShootDataset/Hook/vid167_1.avi,Hook,Hook
data/raw/CricShoot10kShootDataset/Lofted Offside/vid73_29.avi,Lofted Offside,Lofted Offside
data/raw/CricShoot10kShootDataset/Down The Wicket/vid382_4.avi,Down The Wicket,Down The Wicket
data/raw/CricShoot10kShootDataset/Straight Drive/vid25_27.avi,Straight Drive,Straight Drive
data/raw/CricShoot10kShootDataset/Straight Drive/vid223_32.avi,Straight Drive,Straight Drive
data/raw/CricShoot10kShootDataset/Lofted Offside/vid117_16.avi,Lofted Offside,Lofted Offside
data/raw/CricShoot10kShootDataset/Lofted Legside/vid320_40.avi,Lofted Legside,Lofted Legside
data/raw/CricShoot10kShootDataset/Lofted Legside/vid366_56.avi,Lofted Legside,Lofted Legside
data/raw/CricShoot10kShootDataset/Straight Drive/vid159_1.avi,Straight Drive,Straight Drive
data/raw/CricShoot10kShootDataset/Lofted Offside/vid492_26.avi,Lofted Offside,Lofted Offside
data/raw/CricShoot10kShootDataset/Scoop/vid191_1.avi,Scoop,Scoop
data/raw/CricShoot10kShootDataset/Hook/vid357_76.avi,Hook,Hook
data/raw/CricShoot10kShootDataset/Flick/vid42_51.avi,Flick,Flick
data/raw/CricShoot10kShootDataset/Square Cut/vid504_31.avi,Square Cut,Square Cut
data/raw/CricShoot10kShootDataset/Cover Drive/vid255_33.avi,Cover Drive,Cover Drive
data/raw/CricShoot10kShootDataset/Late Cut/vid446_49.avi,Late Cut,Late Cut
data/raw/CricShoot10kShootDataset/Upper Cut/vid110_17.avi,Upper Cut,Upper Cut
data/raw/CricShoot10kShootDataset/Pull/vid516_31.avi,Pull,Pull
data/raw/CricShoot10kShootDataset/Defensive/vid212_26.avi,Defensive,Defensive
data/raw/CricShoot10kShootDataset/Straight Drive/vid232_19.avi,Straight Drive,Straight Drive
data/raw/CricShoot10kShootDataset/Flick/vid111_0.avi,Flick,Flick
data/raw/CricShoot10kShootDataset/Sweep/vid46_27.avi,Sweep,Sweep
data/raw/CricShoot10kShootDataset/Lofted Legside/vid385_23.avi,Lofted Legside,Lofted Legside
data/raw/CricShoot10kShootDataset/Down The Wicket/vid181_4.avi,Down The Wicket,Down The Wicket
data/raw/CricShoot10kShootDataset/Pull/vid437_31.avi,Pull,Pull
data/raw/CricShoot10kShootDataset/Square Cut/vid428_40.avi,Square Cut,Square Cut
data/raw/CricShoot10kShootDataset/Flick/vid111_3.avi,Flick,Flick
data/raw/CricShoot10kShootDataset/Defensive/vid295_20.avi,Defensive,Defensive
data/raw/CricShoot10kShootDataset/Down The Wicket/vid367_15.avi,Down The Wicket,Down The Wicket
data/raw/CricShoot10kShootDataset/Hook/vid34_5.avi,Hook,Hook
data/raw/CricShoot10kShootDataset/Lofted Legside/vid383_0.avi,Lofted Legside,Lofted Legside
data/raw/CricShoot10kShootDataset/Lofted Legside/vid108_16.avi,Lofted Legside,Lofted Legside
data/raw/CricShoot10kShootDataset/Lofted Legside/vid140_14.avi,Lofted Legside,Lofted Legside
data/raw/CricShoot10kShootDataset/Cover Drive/vid350_1.avi,Cover Drive,Cover Drive
data/raw/CricShoot10kShootDataset/Defensive/vid129_16.avi,Defensive,Defensive
data/raw/CricShoot10kShootDataset/Upper Cut/vid112_5.avi,Upper Cut,Upper Cut
data/raw/CricShoot10kShootDataset/Lofted Offside/vid357_14.avi,Lofted Offside,Lofted Offside
data/raw/CricShoot10kShootDataset/Flick/vid357_47.avi,Flick,Flick
data/raw/CricShoot10kShootDataset/Sweep/vid13_19.avi,Sweep,Sweep
data/raw/CricShoot10kShootDataset/Pull/vid92_39.avi,Pull,Pull
data/raw/CricShoot10kShootDataset/Defensive/vid361_47.avi,Defensive,Defensive
data/raw/CricShoot10kShootDataset/Pull/vid499_27.avi,Pull,Pull
data/raw/CricShoot10kShootDataset/Down The Wicket/vid46_63.avi,Down The Wicket,Down The Wicket
data/raw/CricShoot10kShootDataset/Pull/vid388_10.avi,Pull,Pull
data/raw/CricShoot10kShootDataset/Cover Drive/vid458_25.avi,Cover Drive,Cover Drive
data/raw/CricShoot10kShootDataset/Flick/vid295_40.avi,Flick,Flick
data/raw/CricShoot10kShootDataset/Defensive/vid254_12.avi,Defensive,Defensive
data/raw/CricShoot10kShootDataset/Lofted Legside/vid380_28.avi,Lofted Legside,Lofted Legside
data/raw/CricShoot10kShootDataset/Cover Drive/vid130_40.avi,Cover Drive,Cover Drive
data/raw/CricShoot10kShootDataset/Lofted Offside/vid56_51.avi,Lofted Offside,Lofted Offside
data/raw/CricShoot10kShootDataset/Flick/vid381_31.avi,Flick,Flick
data/raw/CricShoot10kShootDataset/Hook/vid361_40.avi,Hook,Hook
data/raw/CricShoot10kShootDataset/Square Cut/vid456_6.avi,Square Cut,Square Cut
data/raw/CricShoot10kShootDataset/Upper Cut/vid536_58.avi,Upper Cut,Upper Cut
data/raw/CricShoot10kShootDataset/Square Cut/vid480_9.avi,Square Cut,Square Cut
data/raw/CricShoot10kShootDataset/Late Cut/vid387_16.avi,Late Cut,Late Cut
data/raw/CricShoot10kShootDataset/Defensive/vid251_50.avi,Defensive,Defensive
data/raw/CricShoot10kShootDataset/Flick/vid101_27.avi,Flick,Flick
data/raw/CricShoot10kShootDataset/Pull/vid312_23.avi,Pull,Pull
data/raw/CricShoot10kShootDataset/Pull/vid143_29.avi,Pull,Pull
data/raw/CricShoot10kShootDataset/Reverse Sweep/vid234_44.avi,Reverse Sweep,Reverse Sweep
data/raw/CricShoot10kShootDataset/Down The Wicket/vid263_9.avi,Down The Wicket,Down The Wicket
data/raw/CricShoot10kShootDataset/Down The Wicket/vid72_30.avi,Down The Wicket,Down The Wicket
data/raw/CricShoot10kShootDataset/Reverse Sweep/vid203_11.avi,Reverse Sweep,Reverse Sweep
data/raw/CricShoot10kShootDataset/Late Cut/vid209_38.avi,Late Cut,Late Cut
data/raw/CricShoot10kShootDataset/Flick/vid355_0.avi,Flick,Flick
data/raw/CricShoot10kShootDataset/Upper Cut/vid532_27.avi,Upper Cut,Upper Cut
data/raw/CricShoot10kShootDataset/Flick/vid344_16.avi,Flick,Flick
data/raw/CricShoot10kShootDataset/Square Cut/vid306_10.avi,Square Cut,Square Cut
data/raw/CricShoot10kShootDataset/Square Cut/vid295_31.avi,Square Cut,Square Cut
data/raw/CricShoot10kShootDataset/Flick/vid208_8.avi,Flick,Flick
data/raw/CricShoot10kShootDataset/Lofted Offside/vid366_34.avi,Lofted Offside,Lofted Offside
data/raw/CricShoot10kShootDataset/Pull/vid128_16.avi,Pull,Pull
data/raw/CricShoot10kShootDataset/Square Cut/vid517_2.avi,Square Cut,Square Cut
data/raw/CricShoot10kShootDataset/Flick/vid161_22.avi,Flick,Flick
data/raw/CricShoot10kShootDataset/Down The Wicket/vid216_37.avi,Down The Wicket,Down The Wicket
data/raw/CricShoot10kShootDataset/Flick/vid14_12.avi,Flick,Flick
data/raw/CricShoot10kShootDataset/Sweep/vid354_12.avi,Sweep,Sweep
data/raw/CricShoot10kShootDataset/Lofted Legside/vid108_12.avi,Lofted Legside,Lofted Legside
data/raw/CricShoot10kShootDataset/Lofted Offside/vid95_46.avi,Lofted Offside,Lofted Offside
data/raw/CricShoot10kShootDataset/Defensive/vid128_29.avi,Defensive,Defensive
data/raw/CricShoot10kShootDataset/Sweep/vid15_17.avi,Sweep,Sweep
data/raw/CricShoot10kShootDataset/Scoop/vid265_14.avi,Scoop,Scoop
data/raw/CricShoot10kShootDataset/Lofted Legside/vid363_18.avi,Lofted Legside,Lofted Legside
data/raw/CricShoot10kShootDataset/Cover Drive/vid358_27.avi,Cover Drive,Cover Drive
data/raw/CricShoot10kShootDataset/Lofted Legside/vid426_26.avi,Lofted Legside,Lofted Legside
data/raw/CricShoot10kShootDataset/Flick/vid116_9.avi,Flick,Flick
data/raw/CricShoot10kShootDataset/Square Cut/vid256_3.avi,Square Cut,Square Cut
data/raw/CricShoot10kShootDataset/Reverse Sweep/vid88_41.avi,Reverse Sweep,Reverse Sweep
data/raw/CricShoot10kShootDataset/Square Cut/vid317_12.avi,Square Cut,Square Cut
data/raw/CricShoot10kShootDataset/Lofted Legside/vid528_44.avi,Lofted Legside,Lofted Legside
data/raw/CricShoot10kShootDataset/Lofted Legside/vid327_18.avi,Lofted Legside,Lofted Legside
data/raw/CricShoot10kShootDataset/Pull/vid108_14.avi,Pull,Pull
data/raw/CricShoot10kShootDataset/Cover Drive/vid203_13.avi,Cover Drive,Cover Drive
data/raw/CricShoot10kShootDataset/Sweep/vid54_62.avi,Sweep,Sweep
data/raw/CricShoot10kShootDataset/Defensive/vid420_19.avi,Defensive,Defensive
data/raw/CricShoot10kShootDataset/Sweep/vid48_1.avi,Sweep,Sweep
data/raw/CricShoot10kShootDataset/Pull/vid14_20.avi,Pull,Pull
data/raw/CricShoot10kShootDataset/Square Cut/vid122_26.avi,Square Cut,Square Cut
data/raw/CricShoot10kShootDataset/Pull/vid471_25.avi,Pull,Pull
data/raw/CricShoot10kShootDataset/Flick/vid97_11.avi,Flick,Flick
data/raw/CricShoot10kShootDataset/Down The Wicket/vid79_30.avi,Down The Wicket,Down The Wicket
data/raw/CricShoot10kShootDataset/Square Cut/vid310_5.avi,Square Cut,Square Cut
data/raw/CricShoot10kShootDataset/Defensive/vid312_27.avi,Defensive,Defensive
data/raw/CricShoot10kShootDataset/Flick/vid505_20.avi,Flick,Flick
data/raw/CricShoot10kShootDataset/Hook/vid144_3.avi,Hook,Hook
data/raw/CricShoot10kShootDataset/Scoop/vid48_34.avi,Scoop,Scoop
data/raw/CricShoot10kShootDataset/Down The Wicket/vid500_5.avi,Down The Wicket,Down The Wicket
data/raw/CricShoot10kShootDataset/Lofted Legside/vid487_21.avi,Lofted Legside,Lofted Legside
data/raw/CricShoot10kShootDataset/Scoop/vid265_19.avi,Scoop,Scoop
data/raw/CricShoot10kShootDataset/Cover Drive/vid412_0.avi,Cover Drive,Cover Drive
data/raw/CricShoot10kShootDataset/Lofted Offside/vid398_20.avi,Lofted Offside,Lofted Offside
data/raw/CricShoot10kShootDataset/Scoop/vid331_25.avi,Scoop,Scoop
data/raw/CricShoot10kShootDataset/Flick/vid535_35.avi,Flick,Flick
data/raw/CricShoot10kShootDataset/Down The Wicket/vid500_15.avi,Down The Wicket,Down The Wicket
data/raw/CricShoot10kShootDataset/Defensive/vid236_20.avi,Defensive,Defensive
data/raw/CricShoot10kShootDataset/Sweep/vid69_14.avi,Sweep,Sweep
data/raw/CricShoot10kShootDataset/Lofted Legside/vid138_8.avi,Lofted Legside,Lofted Legside
data/raw/CricShoot10kShootDataset/Pull/vid464_48.avi,Pull,Pull
data/raw/CricShoot10kShootDataset/Cover Drive/vid178_0.avi,Cover Drive,Cover Drive
data/raw/CricShoot10kShootDataset/Cover Drive/vid523_23.avi,Cover Drive,Cover Drive
data/raw/CricShoot10kShootDataset/Pull/vid405_15.avi,Pull,Pull
data/raw/CricShoot10kShootDataset/Sweep/vid482_14.avi,Sweep,Sweep
data/raw/CricShoot10kShootDataset/Straight Drive/vid231_1.avi,Straight Drive,Straight Drive
data/raw/CricShoot10kShootDataset/Reverse Sweep/vid183_19.avi,Reverse Sweep,Reverse Sweep
data/raw/CricShoot10kShootDataset/Sweep/vid42_30.avi,Sweep,Sweep
data/raw/CricShoot10kShootDataset/Lofted Offside/vid320_43.avi,Lofted Offside,Lofted Offside
data/raw/CricShoot10kShootDataset/Lofted Legside/vid327_4.avi,Lofted Legside,Lofted Legside
data/raw/CricShoot10kShootDataset/Lofted Offside/vid265_11.avi,Lofted Offside,Lofted Offside
data/raw/CricShoot10kShootDataset/Late Cut/vid515_11.avi,Late Cut,Late Cut
data/raw/CricShoot10kShootDataset/Cover Drive/vid232_17.avi,Cover Drive,Cover Drive
data/raw/CricShoot10kShootDataset/Cover Drive/vid428_33.avi,Cover Drive,Cover Drive
data/raw/CricShoot10kShootDataset/Late Cut/vid66_28.avi,Late Cut,Late Cut
data/raw/CricShoot10kShootDataset/Lofted Offside/vid159_12.avi,Lofted Offside,Lofted Offside
data/raw/CricShoot10kShootDataset/Pull/vid115_0.avi,Pull,Pull
data/raw/CricShoot10kShootDataset/Upper Cut/vid102_31.avi,Upper Cut,Upper Cut
data/raw/CricShoot10kShootDataset/Hook/vid498_25.avi,Hook,Hook
data/raw/CricShoot10kShootDataset/Lofted Legside/vid337_22.avi,Lofted Legside,Lofted Legside
data/raw/CricShoot10kShootDataset/Lofted Legside/vid387_50.avi,Lofted Legside,Lofted Legside
data/raw/CricShoot10kShootDataset/Pull/vid364_6.avi,Pull,Pull
data/raw/CricShoot10kShootDataset/Defensive/vid252_30.avi,Defensive,Defensive
data/raw/CricShoot10kShootDataset/Square Cut/vid54_0.avi,Square Cut,Square Cut
data/raw/CricShoot10kShootDataset/Cover Drive/vid175_37.avi,Cover Drive,Cover Drive
data/raw/CricShoot10kShootDataset/Upper Cut/vid368_55.avi,Upper Cut,Upper Cut
data/raw/CricShoot10kShootDataset/Lofted Offside/vid391_37.avi,Lofted Offside,Lofted Offside
data/raw/CricShoot10kShootDataset/Flick/vid522_43.avi,Flick,Flick
data/raw/CricShoot10kShootDataset/Sweep/vid534_48.avi,Sweep,Sweep
data/raw/CricShoot10kShootDataset/Lofted Offside/vid337_32.avi,Lofted Offside,Lofted Offside
data/raw/CricShoot10kShootDataset/Lofted Offside/vid320_36.avi,Lofted Offside,Lofted Offside
data/raw/CricShoot10kShootDataset/Lofted Offside/vid518_11.avi,Lofted Offside,Lofted Offside
data/raw/CricShoot10kShootDataset/Hook/vid122_24.avi,Hook,Hook
data/raw/CricShoot10kShootDataset/Sweep/vid85_28.avi,Sweep,Sweep
data/raw/CricShoot10kShootDataset/Square Cut/vid262_0.avi,Square Cut,Square Cut
data/raw/CricShoot10kShootDataset/Hook/vid488_43.avi,Hook,Hook
data/raw/CricShoot10kShootDataset/Flick/vid473_26.avi,Flick,Flick
data/raw/CricShoot10kShootDataset/Lofted Offside/vid398_15.avi,Lofted Offside,Lofted Offside
data/raw/CricShoot10kShootDataset/Down The Wicket/vid50_23.avi,Down The Wicket,Down The Wicket
data/raw/CricShoot10kShootDataset/Pull/vid514_57.avi,Pull,Pull
data/raw/CricShoot10kShootDataset/Straight Drive/vid146_34.avi,Straight Drive,Straight Drive
data/raw/CricShoot10kShootDataset/Scoop/vid489_13.avi,Scoop,Scoop
data/raw/CricShoot10kShootDataset/Cover Drive/vid235_22.avi,Cover Drive,Cover Drive
data/raw/CricShoot10kShootDataset/Pull/vid285_15.avi,Pull,Pull
data/raw/CricShoot10kShootDataset/Square Cut/vid525_29.avi,Square Cut,Square Cut
data/raw/CricShoot10kShootDataset/Late Cut/vid261_49.avi,Late Cut,Late Cut
data/raw/CricShoot10kShootDataset/Down The Wicket/vid79_24.avi,Down The Wicket,Down The Wicket
data/raw/CricShoot10kShootDataset/Lofted Legside/vid434_18.avi,Lofted Legside,Lofted Legside
data/raw/CricShoot10kShootDataset/Square Cut/vid203_10.avi,Square Cut,Square Cut
data/raw/CricShoot10kShootDataset/Sweep/vid331_38.avi,Sweep,Sweep
data/raw/CricShoot10kShootDataset/Straight Drive/vid494_16.avi,Straight Drive,Straight Drive
data/raw/CricShoot10kShootDataset/Down The Wicket/vid98_32.avi,Down The Wicket,Down The Wicket
data/raw/CricShoot10kShootDataset/Upper Cut/vid517_59.avi,Upper Cut,Upper Cut
data/raw/CricShoot10kShootDataset/Down The Wicket/vid37_6.avi,Down The Wicket,Down The Wicket
data/raw/CricShoot10kShootDataset/Lofted Legside/vid490_10.avi,Lofted Legside,Lofted Legside
data/raw/CricShoot10kShootDataset/Square Cut/vid145_17.avi,Square Cut,Square Cut
data/raw/CricShoot10kShootDataset/Down The Wicket/vid440_38.avi,Down The Wicket,Down The Wicket
data/raw/CricShoot10kShootDataset/Late Cut/vid217_21.avi,Late Cut,Late Cut
data/raw/CricShoot10kShootDataset/Down The Wicket/vid124_9.avi,Down The Wicket,Down The Wicket
data/raw/CricShoot10kShootDataset/Lofted Offside/vid43_16.avi,Lofted Offside,Lofted Offside
data/raw/CricShoot10kShootDataset/Lofted Legside/vid141_20.avi,Lofted Legside,Lofted Legside
data/raw/CricShoot10kShootDataset/Upper Cut/vid195_14.avi,Upper Cut,Upper Cut
data/raw/CricShoot10kShootDataset/Square Cut/vid507_28.avi,Square Cut,Square Cut
data/raw/CricShoot10kShootDataset/Square Cut/vid215_35.avi,Square Cut,Square Cut
data/raw/CricShoot10kShootDataset/Down The Wicket/vid383_2.avi,Down The Wicket,Down The Wicket
data/raw/CricShoot10kShootDataset/Pull/vid208_20.avi,Pull,Pull
data/raw/CricShoot10kShootDataset/Lofted Legside/vid368_58.avi,Lofted Legside,Lofted Legside
data/raw/CricShoot10kShootDataset/Sweep/vid62_46.avi,Sweep,Sweep
data/raw/CricShoot10kShootDataset/Lofted Offside/vid322_16.avi,Lofted Offside,Lofted Offside
data/raw/CricShoot10kShootDataset/Square Cut/vid240_48.avi,Square Cut,Square Cut
data/raw/CricShoot10kShootDataset/Lofted Legside/vid381_26.avi,Lofted Legside,Lofted Legside
data/raw/CricShoot10kShootDataset/Sweep/vid508_41.avi,Sweep,Sweep
data/raw/CricShoot10kShootDataset/Sweep/vid529_27.avi,Sweep,Sweep
data/raw/CricShoot10kShootDataset/Flick/vid121_49.avi,Flick,Flick
data/raw/CricShoot10kShootDataset/Cover Drive/vid447_2.avi,Cover Drive,Cover Drive
data/raw/CricShoot10kShootDataset/Scoop/vid118_12.avi,Scoop,Scoop
data/raw/CricShoot10kShootDataset/Scoop/vid385_45.avi,Scoop,Scoop
data/raw/CricShoot10kShootDataset/Square Cut/vid180_2.avi,Square Cut,Square Cut
data/raw/CricShoot10kShootDataset/Cover Drive/vid368_34.avi,Cover Drive,Cover Drive
data/raw/CricShoot10kShootDataset/Reverse Sweep/vid337_13.avi,Reverse Sweep,Reverse Sweep
data/raw/CricShoot10kShootDataset/Hook/vid478_2.avi,Hook,Hook
data/raw/CricShoot10kShootDataset/Lofted Offside/vid488_7.avi,Lofted Offside,Lofted Offside
data/raw/CricShoot10kShootDataset/Hook/vid235_36.avi,Hook,Hook
data/raw/CricShoot10kShootDataset/Lofted Legside/vid374_45.avi,Lofted Legside,Lofted Legside
data/raw/CricShoot10kShootDataset/Flick/vid374_2.avi,Flick,Flick
data/raw/CricShoot10kShootDataset/Hook/vid148_21.avi,Hook,Hook
data/raw/CricShoot10kShootDataset/Flick/vid241_10.avi,Flick,Flick
data/raw/CricShoot10kShootDataset/Square Cut/vid227_13.avi,Square Cut,Square Cut
data/raw/CricShoot10kShootDataset/Down The Wicket/vid521_5.avi,Down The Wicket,Down The Wicket
data/raw/CricShoot10kShootDataset/Lofted Offside/vid292_12.avi,Lofted Offside,Lofted Offside
data/raw/CricShoot10kShootDataset/Flick/vid354_27.avi,Flick,Flick
data/raw/CricShoot10kShootDataset/Defensive/vid314_3.avi,Defensive,Defensive
data/raw/CricShoot10kShootDataset/Cover Drive/vid15_2.avi,Cover Drive,Cover Drive
data/raw/CricShoot10kShootDataset/Lofted Offside/vid43_34.avi,Lofted Offside,Lofted Offside
data/raw/CricShoot10kShootDataset/Down The Wicket/vid485_33.avi,Down The Wicket,Down The Wicket
data/raw/CricShoot10kShootDataset/Square Cut/vid472_51.avi,Square Cut,Square Cut
data/raw/CricShoot10kShootDataset/Square Cut/vid467_0.avi,Square Cut,Square Cut
data/raw/CricShoot10kShootDataset/Down The Wicket/vid442_43.avi,Down The Wicket,Down The Wicket
data/raw/CricShoot10kShootDataset/Square Cut/vid460_1.avi,Square Cut,Square Cut
data/raw/CricShoot10kShootDataset/Reverse Sweep/vid499_10.avi,Reverse Sweep,Reverse Sweep
data/raw/CricShoot10kShootDataset/Flick/vid245_24.avi,Flick,Flick
data/raw/CricShoot10kShootDataset/Hook/vid124_12.avi,Hook,Hook
data/raw/CricShoot10kShootDataset/Down The Wicket/vid87_37.avi,Down The Wicket,Down The Wicket
data/raw/CricShoot10kShootDataset/Cover Drive/vid531_57.avi,Cover Drive,Cover Drive
data/raw/CricShoot10kShootDataset/Lofted Legside/vid441_2.avi,Lofted Legside,Lofted Legside
data/raw/CricShoot10kShootDataset/Flick/vid143_6.avi,Flick,Flick
data/raw/CricShoot10kShootDataset/Lofted Legside/vid158_30.avi,Lofted Legside,Lofted Legside
data/raw/CricShoot10kShootDataset/Down The Wicket/vid196_10.avi,Down The Wicket,Down The Wicket
data/raw/CricShoot10kShootDataset/Defensive/vid534_0.avi,Defensive,Defensive
data/raw/CricShoot10kShootDataset/Cover Drive/vid388_50.avi,Cover Drive,Cover Drive
data/raw/CricShoot10kShootDataset/Cover Drive/vid309_9.avi,Cover Drive,Cover Drive
data/raw/CricShoot10kShootDataset/Square Cut/vid253_35.avi,Square Cut,Square Cut
data/raw/CricShoot10kShootDataset/Hook/vid134_22.avi,Hook,Hook
data/raw/CricShoot10kShootDataset/Pull/vid168_9.avi,Pull,Pull
data/raw/CricShoot10kShootDataset/Lofted Legside/vid447_22.avi,Lofted Legside,Lofted Legside
data/raw/CricShoot10kShootDataset/Down The Wicket/vid461_14.avi,Down The Wicket,Down The Wicket
data/raw/CricShoot10kShootDataset/Cover Drive/vid295_9.avi,Cover Drive,Cover Drive
data/raw/CricShoot10kShootDataset/Down The Wicket/vid384_12.avi,Down The Wicket,Down The Wicket
data/raw/CricShoot10kShootDataset/Square Cut/vid426_33.avi,Square Cut,Square Cut
data/raw/CricShoot10kShootDataset/Lofted Offside/vid52_10.avi,Lofted Offside,Lofted Offside
data/raw/CricShoot10kShootDataset/Down The Wicket/vid231_28.avi,Down The Wicket,Down The Wicket
data/raw/CricShoot10kShootDataset/Pull/vid128_3.avi,Pull,Pull
data/raw/CricShoot10kShootDataset/Down The Wicket/vid51_69.avi,Down The Wicket,Down The Wicket
data/raw/CricShoot10kShootDataset/Cover Drive/vid180_0.avi,Cover Drive,Cover Drive
data/raw/CricShoot10kShootDataset/Sweep/vid105_27.avi,Sweep,Sweep
data/raw/CricShoot10kShootDataset/Cover Drive/vid385_34.avi,Cover Drive,Cover Drive
data/raw/CricShoot10kShootDataset/Lofted Legside/vid519_1.avi,Lofted Legside,Lofted Legside
data/raw/CricShoot10kShootDataset/Square Cut/vid469_48.avi,Square Cut,Square Cut
data/raw/CricShoot10kShootDataset/Lofted Offside/vid511_23.avi,Lofted Offside,Lofted Offside
data/raw/CricShoot10kShootDataset/Lofted Legside/vid388_55.avi,Lofted Legside,Lofted Legside
data/raw/CricShoot10kShootDataset/Lofted Legside/vid82_29.avi,Lofted Legside,Lofted Legside
data/raw/CricShoot10kShootDataset/Lofted Offside/vid369_8.avi,Lofted Offside,Lofted Offside
data/raw/CricShoot10kShootDataset/Lofted Offside/vid402_9.avi,Lofted Offside,Lofted Offside
data/raw/CricShoot10kShootDataset/Square Cut/vid83_10.avi,Square Cut,Square Cut
data/raw/CricShoot10kShootDataset/Flick/vid405_10.avi,Flick,Flick
data/raw/CricShoot10kShootDataset/Upper Cut/vid160_28.avi,Upper Cut,Upper Cut
data/raw/CricShoot10kShootDataset/Pull/vid384_74.avi,Pull,Pull
data/raw/CricShoot10kShootDataset/Sweep/vid34_17.avi,Sweep,Sweep
data/raw/CricShoot10kShootDataset/Upper Cut/vid121_32.avi,Upper Cut,Upper Cut
data/raw/CricShoot10kShootDataset/Pull/vid520_24.avi,Pull,Pull
data/raw/CricShoot10kShootDataset/Down The Wicket/vid355_37.avi,Down The Wicket,Down The Wicket
data/raw/CricShoot10kShootDataset/Lofted Legside/vid517_23.avi,Lofted Legside,Lofted Legside
data/raw/CricShoot10kShootDataset/Straight Drive/vid379_11.avi,Straight Drive,Straight Drive
data/raw/CricShoot10kShootDataset/Square Cut/vid229_8.avi,Square Cut,Square Cut
data/raw/CricShoot10kShootDataset/Lofted Legside/vid83_39.avi,Lofted Legside,Lofted Legside
data/raw/CricShoot10kShootDataset/Square Cut/vid222_8.avi,Square Cut,Square Cut
data/raw/CricShoot10kShootDataset/Flick/vid122_10.avi,Flick,Flick
data/raw/CricShoot10kShootDataset/Down The Wicket/vid380_25.avi,Down The Wicket,Down The Wicket
data/raw/CricShoot10kShootDataset/Lofted Offside/vid304_20.avi,Lofted Offside,Lofted Offside
data/raw/CricShoot10kShootDataset/Straight Drive/vid337_18.avi,Straight Drive,Straight Drive
data/raw/CricShoot10kShootDataset/Lofted Offside/vid392_58.avi,Lofted Offside,Lofted Offside
data/raw/CricShoot10kShootDataset/Down The Wicket/vid459_21.avi,Down The Wicket,Down The Wicket
data/raw/CricShoot10kShootDataset/Down The Wicket/vid470_29.avi,Down The Wicket,Down The Wicket
data/raw/CricShoot10kShootDataset/Lofted Legside/vid361_20.avi,Lofted Legside,Lofted Legside
data/raw/CricShoot10kShootDataset/Late Cut/vid206_63.avi,Late Cut,Late Cut
data/raw/CricShoot10kShootDataset/Pull/vid364_54.avi,Pull,Pull
data/raw/CricShoot10kShootDataset/Defensive/vid240_15.avi,Defensive,Defensive
data/raw/CricShoot10kShootDataset/Down The Wicket/vid331_15.avi,Down The Wicket,Down The Wicket
data/raw/CricShoot10kShootDataset/Sweep/vid502_29.avi,Sweep,Sweep
data/raw/CricShoot10kShootDataset/Lofted Offside/vid366_53.avi,Lofted Offside,Lofted Offside
data/raw/CricShoot10kShootDataset/Cover Drive/vid321_16.avi,Cover Drive,Cover Drive
data/raw/CricShoot10kShootDataset/Reverse Sweep/vid13_18.avi,Reverse Sweep,Reverse Sweep
data/raw/CricShoot10kShootDataset/Scoop/vid55_26.avi,Scoop,Scoop
data/raw/CricShoot10kShootDataset/Down The Wicket/vid153_21.avi,Down The Wicket,Down The Wicket
data/raw/CricShoot10kShootDataset/Flick/vid100_38.avi,Flick,Flick
data/raw/CricShoot10kShootDataset/Pull/vid374_43.avi,Pull,Pull
data/raw/CricShoot10kShootDataset/Defensive/vid305_4.avi,Defensive,Defensive
data/raw/CricShoot10kShootDataset/Late Cut/vid441_26.avi,Late Cut,Late Cut
data/raw/CricShoot10kShootDataset/Scoop/vid187_12.avi,Scoop,Scoop
data/raw/CricShoot10kShootDataset/Pull/vid137_36.avi,Pull,Pull
data/raw/CricShoot10kShootDataset/Defensive/vid355_44.avi,Defensive,Defensive
data/raw/CricShoot10kShootDataset/Cover Drive/vid109_3.avi,Cover Drive,Cover Drive
data/raw/CricShoot10kShootDataset/Sweep/vid157_5.avi,Sweep,Sweep
data/raw/CricShoot10kShootDataset/Square Cut/vid14_46.avi,Square Cut,Square Cut
data/raw/CricShoot10kShootDataset/Square Cut/vid372_24.avi,Square Cut,Square Cut
data/raw/CricShoot10kShootDataset/Cover Drive/vid105_15.avi,Cover Drive,Cover Drive
data/raw/CricShoot10kShootDataset/Lofted Offside/vid138_30.avi,Lofted Offside,Lofted Offside
data/raw/CricShoot10kShootDataset/Late Cut/vid517_67.avi,Late Cut,Late Cut
data/raw/CricShoot10kShootDataset/Hook/vid495_11.avi,Hook,Hook
data/raw/CricShoot10kShootDataset/Lofted Legside/vid376_12.avi,Lofted Legside,Lofted Legside
data/raw/CricShoot10kShootDataset/Cover Drive/vid405_4.avi,Cover Drive,Cover Drive
data/raw/CricShoot10kShootDataset/Lofted Offside/vid458_9.avi,Lofted Offside,Lofted Offside
data/raw/CricShoot10kShootDataset/Down The Wicket/vid64_34.avi,Down The Wicket,Down The Wicket
data/raw/CricShoot10kShootDataset/Sweep/vid467_9.avi,Sweep,Sweep
data/raw/CricShoot10kShootDataset/Straight Drive/vid63_9.avi,Straight Drive,Straight Drive
data/raw/CricShoot10kShootDataset/Defensive/vid215_11.avi,Defensive,Defensive
data/raw/CricShoot10kShootDataset/Upper Cut/vid390_5.avi,Upper Cut,Upper Cut
data/raw/CricShoot10kShootDataset/Lofted Legside/vid174_17.avi,Lofted Legside,Lofted Legside
data/raw/CricShoot10kShootDataset/Flick/vid463_28.avi,Flick,Flick
data/raw/CricShoot10kShootDataset/Pull/vid388_51.avi,Pull,Pull
data/raw/CricShoot10kShootDataset/Lofted Offside/vid485_31.avi,Lofted Offside,Lofted Offside
data/raw/CricShoot10kShootDataset/Sweep/vid94_47.avi,Sweep,Sweep
data/raw/CricShoot10kShootDataset/Flick/vid55_51.avi,Flick,Flick
data/raw/CricShoot10kShootDataset/Flick/vid294_23.avi,Flick,Flick
data/raw/CricShoot10kShootDataset/Lofted Legside/vid34_49.avi,Lofted Legside,Lofted Legside
data/raw/CricShoot10kShootDataset/Cover Drive/vid249_15.avi,Cover Drive,Cover Drive
data/raw/CricShoot10kShootDataset/Lofted Offside/vid341_18.avi,Lofted Offside,Lofted Offside
data/raw/CricShoot10kShootDataset/Upper Cut/vid517_70.avi,Upper Cut,Upper Cut
data/raw/CricShoot10kShootDataset/Flick/vid158_26.avi,Flick,Flick
data/raw/CricShoot10kShootDataset/Sweep/vid521_83.avi,Sweep,Sweep
data/raw/CricShoot10kShootDataset/Lofted Offside/vid438_8.avi,Lofted Offside,Lofted Offside
data/raw/CricShoot10kShootDataset/Cover Drive/vid485_51.avi,Cover Drive,Cover Drive
data/raw/CricShoot10kShootDataset/Lofted Legside/vid141_21.avi,Lofted Legside,Lofted Legside
data/raw/CricShoot10kShootDataset/Pull/vid93_2.avi,Pull,Pull
data/raw/CricShoot10kShootDataset/Lofted Offside/vid46_37.avi,Lofted Offside,Lofted Offside
data/raw/CricShoot10kShootDataset/Down The Wicket/vid480_8.avi,Down The Wicket,Down The Wicket
data/raw/CricShoot10kShootDataset/Sweep/vid462_9.avi,Sweep,Sweep
data/raw/CricShoot10kShootDataset/Sweep/vid521_27.avi,Sweep,Sweep
data/raw/CricShoot10kShootDataset/Sweep/vid408_5.avi,Sweep,Sweep
data/raw/CricShoot10kShootDataset/Down The Wicket/vid23_28.avi,Down The Wicket,Down The Wicket
data/raw/CricShoot10kShootDataset/Square Cut/vid503_30.avi,Square Cut,Square Cut
data/raw/CricShoot10kShootDataset/Defensive/vid184_5.avi,Defensive,Defensive
data/raw/CricShoot10kShootDataset/Lofted Offside/vid419_18.avi,Lofted Offside,Lofted Offside
data/raw/CricShoot10kShootDataset/Flick/vid439_58.avi,Flick,Flick
data/raw/CricShoot10kShootDataset/Flick/vid242_4.avi,Flick,Flick
data/raw/CricShoot10kShootDataset/Lofted Offside/vid514_38.avi,Lofted Offside,Lofted Offside
data/raw/CricShoot10kShootDataset/Square Cut/vid245_20.avi,Square Cut,Square Cut
data/raw/CricShoot10kShootDataset/Pull/vid461_27.avi,Pull,Pull
data/raw/CricShoot10kShootDataset/Flick/vid31_38.avi,Flick,Flick
data/raw/CricShoot10kShootDataset/Lofted Offside/vid502_42.avi,Lofted Offside,Lofted Offside
data/raw/CricShoot10kShootDataset/Pull/vid377_0.avi,Pull,Pull
data/raw/CricShoot10kShootDataset/Square Cut/vid34_9.avi,Square Cut,Square Cut
data/raw/CricShoot10kShootDataset/Pull/vid357_18.avi,Pull,Pull
data/raw/CricShoot10kShootDataset/Sweep/vid536_56.avi,Sweep,Sweep
data/raw/CricShoot10kShootDataset/Hook/vid56_33.avi,Hook,Hook
data/raw/CricShoot10kShootDataset/Sweep/vid131_10.avi,Sweep,Sweep
data/raw/CricShoot10kShootDataset/Lofted Legside/vid314_7.avi,Lofted Legside,Lofted Legside
data/raw/CricShoot10kShootDataset/Defensive/vid512_26.avi,Defensive,Defensive
data/raw/CricShoot10kShootDataset/Sweep/vid461_55.avi,Sweep,Sweep
data/raw/CricShoot10kShootDataset/Upper Cut/vid4_17.avi,Upper Cut,Upper Cut
data/raw/CricShoot10kShootDataset/Lofted Legside/vid394_30.avi,Lofted Legside,Lofted Legside
data/raw/CricShoot10kShootDataset/Lofted Legside/vid138_22.avi,Lofted Legside,Lofted Legside
data/raw/CricShoot10kShootDataset/Lofted Legside/vid360_21.avi,Lofted Legside,Lofted Legside
data/raw/CricShoot10kShootDataset/Lofted Offside/vid519_70.avi,Lofted Offside,Lofted Offside
data/raw/CricShoot10kShootDataset/Flick/vid416_16.avi,Flick,Flick
data/raw/CricShoot10kShootDataset/Lofted Offside/vid489_54.avi,Lofted Offside,Lofted Offside
data/raw/CricShoot10kShootDataset/Straight Drive/vid456_24.avi,Straight Drive,Straight Drive
data/raw/CricShoot10kShootDataset/Straight Drive/vid232_15.avi,Straight Drive,Straight Drive
data/raw/CricShoot10kShootDataset/Sweep/vid44_40.avi,Sweep,Sweep
data/raw/CricShoot10kShootDataset/Scoop/vid262_28.avi,Scoop,Scoop
data/raw/CricShoot10kShootDataset/Lofted Legside/vid502_34.avi,Lofted Legside,Lofted Legside
data/raw/CricShoot10kShootDataset/Down The Wicket/vid65_18.avi,Down The Wicket,Down The Wicket
data/raw/CricShoot10kShootDataset/Cover Drive/vid318_12.avi,Cover Drive,Cover Drive
data/raw/CricShoot10kShootDataset/Lofted Legside/vid320_21.avi,Lofted Legside,Lofted Legside
data/raw/CricShoot10kShootDataset/Cover Drive/vid294_11.avi,Cover Drive,Cover Drive
data/raw/CricShoot10kShootDataset/Lofted Offside/vid2_10.avi,Lofted Offside,Lofted Offside
data/raw/CricShoot10kShootDataset/Flick/vid244_40.avi,Flick,Flick
data/raw/CricShoot10kShootDataset/Straight Drive/vid442_1.avi,Straight Drive,Straight Drive
data/raw/CricShoot10kShootDataset/Lofted Legside/vid473_11.avi,Lofted Legside,Lofted Legside
data/raw/CricShoot10kShootDataset/Down The Wicket/vid455_14.avi,Down The Wicket,Down The Wicket
data/raw/CricShoot10kShootDataset/Lofted Offside/vid401_24.avi,Lofted Offside,Lofted Offside
data/raw/CricShoot10kShootDataset/Down The Wicket/vid71_5.avi,Down The Wicket,Down The Wicket
data/raw/CricShoot10kShootDataset/Square Cut/vid462_36.avi,Square Cut,Square Cut
data/raw/CricShoot10kShootDataset/Down The Wicket/vid499_4.avi,Down The Wicket,Down The Wicket
data/raw/CricShoot10kShootDataset/Pull/vid368_8.avi,Pull,Pull
data/raw/CricShoot10kShootDataset/Down The Wicket/vid469_8.avi,Down The Wicket,Down The Wicket
data/raw/CricShoot10kShootDataset/Square Cut/vid447_27.avi,Square Cut,Square Cut
data/raw/CricShoot10kShootDataset/Pull/vid368_26.avi,Pull,Pull
data/raw/CricShoot10kShootDataset/Cover Drive/vid448_37.avi,Cover Drive,Cover Drive
data/raw/CricShoot10kShootDataset/Defensive/vid28_1.avi,Defensive,Defensive
data/raw/CricShoot10kShootDataset/Cover Drive/vid356_37.avi,Cover Drive,Cover Drive
data/raw/CricShoot10kShootDataset/Lofted Offside/vid391_52.avi,Lofted Offside,Lofted Offside
data/raw/CricShoot10kShootDataset/Square Cut/vid376_22.avi,Square Cut,Square Cut
data/raw/CricShoot10kShootDataset/Cover Drive/vid239_28.avi,Cover Drive,Cover Drive
data/raw/CricShoot10kShootDataset/Flick/vid117_18.avi,Flick,Flick
data/raw/CricShoot10kShootDataset/Sweep/vid158_10.avi,Sweep,Sweep
data/raw/CricShoot10kShootDataset/Hook/vid428_29.avi,Hook,Hook
data/raw/CricShoot10kShootDataset/Lofted Offside/vid37_15.avi,Lofted Offside,Lofted Offside
data/raw/CricShoot10kShootDataset/Cover Drive/vid59_11.avi,Cover Drive,Cover Drive
data/raw/CricShoot10kShootDataset/Down The Wicket/vid373_41.avi,Down The Wicket,Down The Wicket
data/raw/CricShoot10kShootDataset/Straight Drive/vid130_31.avi,Straight Drive,Straight Drive
data/raw/CricShoot10kShootDataset/Sweep/vid357_57.avi,Sweep,Sweep
data/raw/CricShoot10kShootDataset/Pull/vid374_15.avi,Pull,Pull
data/raw/CricShoot10kShootDataset/Lofted Offside/vid46_85.avi,Lofted Offside,Lofted Offside
data/raw/CricShoot10kShootDataset/Sweep/vid429_60.avi,Sweep,Sweep
data/raw/CricShoot10kShootDataset/Defensive/vid235_26.avi,Defensive,Defensive
data/raw/CricShoot10kShootDataset/Pull/vid361_17.avi,Pull,Pull
data/raw/CricShoot10kShootDataset/Lofted Offside/vid384_62.avi,Lofted Offside,Lofted Offside
data/raw/CricShoot10kShootDataset/Lofted Offside/vid444_34.avi,Lofted Offside,Lofted Offside
data/raw/CricShoot10kShootDataset/Square Cut/vid315_30.avi,Square Cut,Square Cut
data/raw/CricShoot10kShootDataset/Lofted Legside/vid34_39.avi,Lofted Legside,Lofted Legside
data/raw/CricShoot10kShootDataset/Square Cut/vid342_3.avi,Square Cut,Square Cut
data/raw/CricShoot10kShootDataset/Square Cut/vid106_22.avi,Square Cut,Square Cut
data/raw/CricShoot10kShootDataset/Cover Drive/vid27_25.avi,Cover Drive,Cover Drive
data/raw/CricShoot10kShootDataset/Sweep/vid436_62.avi,Sweep,Sweep
data/raw/CricShoot10kShootDataset/Cover Drive/vid473_30.avi,Cover Drive,Cover Drive
data/raw/CricShoot10kShootDataset/Flick/vid389_29.avi,Flick,Flick
data/raw/CricShoot10kShootDataset/Pull/vid450_5.avi,Pull,Pull
data/raw/CricShoot10kShootDataset/Lofted Offside/vid163_14.avi,Lofted Offside,Lofted Offside
data/raw/CricShoot10kShootDataset/Cover Drive/vid71_17.avi,Cover Drive,Cover Drive
data/raw/CricShoot10kShootDataset/Down The Wicket/vid469_24.avi,Down The Wicket,Down The Wicket
data/raw/CricShoot10kShootDataset/Lofted Offside/vid437_41.avi,Lofted Offside,Lofted Offside
data/raw/CricShoot10kShootDataset/Lofted Legside/vid515_85.avi,Lofted Legside,Lofted Legside
data/raw/CricShoot10kShootDataset/Lofted Legside/vid486_9.avi,Lofted Legside,Lofted Legside
data/raw/CricShoot10kShootDataset/Straight Drive/vid491_6.avi,Straight Drive,Straight Drive
data/raw/CricShoot10kShootDataset/Flick/vid105_24.avi,Flick,Flick
data/raw/CricShoot10kShootDataset/Flick/vid121_40.avi,Flick,Flick
data/raw/CricShoot10kShootDataset/Lofted Legside/vid400_16.avi,Lofted Legside,Lofted Legside
data/raw/CricShoot10kShootDataset/Down The Wicket/vid362_6.avi,Down The Wicket,Down The Wicket
data/raw/CricShoot10kShootDataset/Square Cut/vid436_47.avi,Square Cut,Square Cut
data/raw/CricShoot10kShootDataset/Flick/vid452_22.avi,Flick,Flick
data/raw/CricShoot10kShootDataset/Cover Drive/vid415_4.avi,Cover Drive,Cover Drive
data/raw/CricShoot10kShootDataset/Square Cut/vid486_63.avi,Square Cut,Square Cut
data/raw/CricShoot10kShootDataset/Cover Drive/vid39_5.avi,Cover Drive,Cover Drive
data/raw/CricShoot10kShootDataset/Pull/vid420_26.avi,Pull,Pull
data/raw/CricShoot10kShootDataset/Pull/vid139_18.avi,Pull,Pull
data/raw/CricShoot10kShootDataset/Straight Drive/vid503_7.avi,Straight Drive,Straight Drive
data/raw/CricShoot10kShootDataset/Square Cut/vid245_4.avi,Square Cut,Square Cut
data/raw/CricShoot10kShootDataset/Sweep/vid454_34.avi,Sweep,Sweep
data/raw/CricShoot10kShootDataset/Late Cut/vid519_44.avi,Late Cut,Late Cut
data/raw/CricShoot10kShootDataset/Lofted Offside/vid496_1.avi,Lofted Offside,Lofted Offside
data/raw/CricShoot10kShootDataset/Defensive/vid252_4.avi,Defensive,Defensive
data/raw/CricShoot10kShootDataset/Upper Cut/vid497_17.avi,Upper Cut,Upper Cut
data/raw/CricShoot10kShootDataset/Lofted Legside/vid138_11.avi,Lofted Legside,Lofted Legside
data/raw/CricShoot10kShootDataset/Lofted Legside/vid452_18.avi,Lofted Legside,Lofted Legside
data/raw/CricShoot10kShootDataset/Flick/vid224_1.avi,Flick,Flick
data/raw/CricShoot10kShootDataset/Lofted Offside/vid529_56.avi,Lofted Offside,Lofted Offside
data/raw/CricShoot10kShootDataset/Straight Drive/vid228_12.avi,Straight Drive,Straight Drive
data/raw/CricShoot10kShootDataset/Hook/vid10_7.avi,Hook,Hook
data/raw/CricShoot10kShootDataset/Cover Drive/vid31_5.avi,Cover Drive,Cover Drive
data/raw/CricShoot10kShootDataset/Lofted Legside/vid90_63.avi,Lofted Legside,Lofted Legside
data/raw/CricShoot10kShootDataset/Sweep/vid467_16.avi,Sweep,Sweep
data/raw/CricShoot10kShootDataset/Lofted Offside/vid313_13.avi,Lofted Offside,Lofted Offside
data/raw/CricShoot10kShootDataset/Lofted Legside/vid529_14.avi,Lofted Legside,Lofted Legside
data/raw/CricShoot10kShootDataset/Flick/vid132_19.avi,Flick,Flick
data/raw/CricShoot10kShootDataset/Defensive/vid175_4.avi,Defensive,Defensive
data/raw/CricShoot10kShootDataset/Cover Drive/vid137_0.avi,Cover Drive,Cover Drive
data/raw/CricShoot10kShootDataset/Pull/vid357_3.avi,Pull,Pull
data/raw/CricShoot10kShootDataset/Lofted Legside/vid86_3.avi,Lofted Legside,Lofted Legside
data/raw/CricShoot10kShootDataset/Sweep/vid85_20.avi,Sweep,Sweep
data/raw/CricShoot10kShootDataset/Sweep/vid529_2.avi,Sweep,Sweep
data/raw/CricShoot10kShootDataset/Pull/vid373_28.avi,Pull,Pull
data/raw/CricShoot10kShootDataset/Lofted Legside/vid530_58.avi,Lofted Legside,Lofted Legside
data/raw/CricShoot10kShootDataset/Lofted Offside/vid439_35.avi,Lofted Offside,Lofted Offside
data/raw/CricShoot10kShootDataset/Hook/vid78_1.avi,Hook,Hook
data/raw/CricShoot10kShootDataset/Hook/vid456_34.avi,Hook,Hook
data/raw/CricShoot10kShootDataset/Lofted Legside/vid527_46.avi,Lofted Legside,Lofted Legside
data/raw/CricShoot10kShootDataset/Cover Drive/vid482_54.avi,Cover Drive,Cover Drive
data/raw/CricShoot10kShootDataset/Flick/vid218_15.avi,Flick,Flick
data/raw/CricShoot10kShootDataset/Defensive/vid313_4.avi,Defensive,Defensive
data/raw/CricShoot10kShootDataset/Cover Drive/vid463_36.avi,Cover Drive,Cover Drive
data/raw/CricShoot10kShootDataset/Flick/vid38_43.avi,Flick,Flick
data/raw/CricShoot10kShootDataset/Square Cut/vid232_38.avi,Square Cut,Square Cut
data/raw/CricShoot10kShootDataset/Cover Drive/vid492_9.avi,Cover Drive,Cover Drive
data/raw/CricShoot10kShootDataset/Upper Cut/vid37_0.avi,Upper Cut,Upper Cut
data/raw/CricShoot10kShootDataset/Cover Drive/vid489_14.avi,Cover Drive,Cover Drive
data/raw/CricShoot10kShootDataset/Lofted Offside/vid327_33.avi,Lofted Offside,Lofted Offside
data/raw/CricShoot10kShootDataset/Reverse Sweep/vid398_31.avi,Reverse Sweep,Reverse Sweep
data/raw/CricShoot10kShootDataset/Flick/vid507_42.avi,Flick,Flick
data/raw/CricShoot10kShootDataset/Lofted Legside/vid60_7.avi,Lofted Legside,Lofted Legside
data/raw/CricShoot10kShootDataset/Late Cut/vid101_23.avi,Late Cut,Late Cut
data/raw/CricShoot10kShootDataset/Straight Drive/vid471_16.avi,Straight Drive,Straight Drive
data/raw/CricShoot10kShootDataset/Sweep/vid485_41.avi,Sweep,Sweep
data/raw/CricShoot10kShootDataset/Lofted Offside/vid320_10.avi,Lofted Offside,Lofted Offside
data/raw/CricShoot10kShootDataset/Down The Wicket/vid210_38.avi,Down The Wicket,Down The Wicket
data/raw/CricShoot10kShootDataset/Defensive/vid215_51.avi,Defensive,Defensive
data/raw/CricShoot10kShootDataset/Flick/vid152_22.avi,Flick,Flick
data/raw/CricShoot10kShootDataset/Cover Drive/vid259_9.avi,Cover Drive,Cover Drive
data/raw/CricShoot10kShootDataset/Late Cut/vid69_34.avi,Late Cut,Late Cut
data/raw/CricShoot10kShootDataset/Upper Cut/vid16_9.avi,Upper Cut,Upper Cut
data/raw/CricShoot10kShootDataset/Pull/vid152_5.avi,Pull,Pull
data/raw/CricShoot10kShootDataset/Cover Drive/vid146_28.avi,Cover Drive,Cover Drive
data/raw/CricShoot10kShootDataset/Down The Wicket/vid266_1.avi,Down The Wicket,Down The Wicket
data/raw/CricShoot10kShootDataset/Scoop/vid99_29.avi,Scoop,Scoop
data/raw/CricShoot10kShootDataset/Lofted Offside/vid358_56.avi,Lofted Offside,Lofted Offside
data/raw/CricShoot10kShootDataset/Flick/vid327_0.avi,Flick,Flick
data/raw/CricShoot10kShootDataset/Lofted Legside/vid392_56.avi,Lofted Legside,Lofted Legside
data/raw/CricShoot10kShootDataset/Reverse Sweep/vid361_4.avi,Reverse Sweep,Reverse Sweep
data/raw/CricShoot10kShootDataset/Sweep/vid341_4.avi,Sweep,Sweep
data/raw/CricShoot10kShootDataset/Straight Drive/vid230_5.avi,Straight Drive,Straight Drive
data/raw/CricShoot10kShootDataset/Hook/vid151_2.avi,Hook,Hook
data/raw/CricShoot10kShootDataset/Flick/vid450_47.avi,Flick,Flick
data/raw/CricShoot10kShootDataset/Lofted Legside/vid179_9.avi,Lofted Legside,Lofted Legside
data/raw/CricShoot10kShootDataset/Sweep/vid412_12.avi,Sweep,Sweep
data/raw/CricShoot10kShootDataset/Scoop/vid331_39.avi,Scoop,Scoop
data/raw/CricShoot10kShootDataset/Square Cut/vid285_5.avi,Square Cut,Square Cut
data/raw/CricShoot10kShootDataset/Lofted Legside/vid279_17.avi,Lofted Legside,Lofted Legside
data/raw/CricShoot10kShootDataset/Flick/vid81_2.avi,Flick,Flick
data/raw/CricShoot10kShootDataset/Square Cut/vid125_2.avi,Square Cut,Square Cut
data/raw/CricShoot10kShootDataset/Flick/vid235_16.avi,Flick,Flick
data/raw/CricShoot10kShootDataset/Lofted Offside/vid439_5.avi,Lofted Offside,Lofted Offside
data/raw/CricShoot10kShootDataset/Defensive/vid239_20.avi,Defensive,Defensive
data/raw/CricShoot10kShootDataset/Down The Wicket/vid478_20.avi,Down The Wicket,Down The Wicket
data/raw/CricShoot10kShootDataset/Hook/vid42_13.avi,Hook,Hook
data/raw/CricShoot10kShootDataset/Scoop/vid441_54.avi,Scoop,Scoop
data/raw/CricShoot10kShootDataset/Pull/vid495_2.avi,Pull,Pull
data/raw/CricShoot10kShootDataset/Lofted Legside/vid449_34.avi,Lofted Legside,Lofted Legside
data/raw/CricShoot10kShootDataset/Defensive/vid102_0.avi,Defensive,Defensive
data/raw/CricShoot10kShootDataset/Sweep/vid182_7.avi,Sweep,Sweep
data/raw/CricShoot10kShootDataset/Defensive/vid156_26.avi,Defensive,Defensive
data/raw/CricShoot10kShootDataset/Hook/vid239_27.avi,Hook,Hook
data/raw/CricShoot10kShootDataset/Lofted Legside/vid321_26.avi,Lofted Legside,Lofted Legside
data/raw/CricShoot10kShootDataset/Defensive/vid220_37.avi,Defensive,Defensive
data/raw/CricShoot10kShootDataset/Down The Wicket/vid71_18.avi,Down The Wicket,Down The Wicket
data/raw/CricShoot10kShootDataset/Defensive/vid249_49.avi,Defensive,Defensive
data/raw/CricShoot10kShootDataset/Late Cut/vid360_66.avi,Late Cut,Late Cut
data/raw/CricShoot10kShootDataset/Lofted Offside/vid93_36.avi,Lofted Offside,Lofted Offside
data/raw/CricShoot10kShootDataset/Cover Drive/vid38_46.avi,Cover Drive,Cover Drive
data/raw/CricShoot10kShootDataset/Lofted Offside/vid465_15.avi,Lofted Offside,Lofted Offside
data/raw/CricShoot10kShootDataset/Cover Drive/vid356_33.avi,Cover Drive,Cover Drive
data/raw/CricShoot10kShootDataset/Sweep/vid389_39.avi,Sweep,Sweep
data/raw/CricShoot10kShootDataset/Flick/vid436_1.avi,Flick,Flick
data/raw/CricShoot10kShootDataset/Flick/vid15_18.avi,Flick,Flick
data/raw/CricShoot10kShootDataset/Sweep/vid437_32.avi,Sweep,Sweep
data/raw/CricShoot10kShootDataset/Pull/vid441_47.avi,Pull,Pull
data/raw/CricShoot10kShootDataset/Square Cut/vid221_15.avi,Square Cut,Square Cut
data/raw/CricShoot10kShootDataset/Lofted Legside/vid61_8.avi,Lofted Legside,Lofted Legside
data/raw/CricShoot10kShootDataset/Sweep/vid183_15.avi,Sweep,Sweep
data/raw/CricShoot10kShootDataset/Defensive/vid420_0.avi,Defensive,Defensive
data/raw/CricShoot10kShootDataset/Square Cut/vid105_5.avi,Square Cut,Square Cut
data/raw/CricShoot10kShootDataset/Straight Drive/vid216_35.avi,Straight Drive,Straight Drive
data/raw/CricShoot10kShootDataset/Down The Wicket/vid443_67.avi,Down The Wicket,Down The Wicket
data/raw/CricShoot10kShootDataset/Pull/vid410_20.avi,Pull,Pull
data/raw/CricShoot10kShootDataset/Hook/vid108_22.avi,Hook,Hook
data/raw/CricShoot10kShootDataset/Lofted Offside/vid475_6.avi,Lofted Offside,Lofted Offside
data/raw/CricShoot10kShootDataset/Cover Drive/vid447_13.avi,Cover Drive,Cover Drive
data/raw/CricShoot10kShootDataset/Hook/vid524_7.avi,Hook,Hook
data/raw/CricShoot10kShootDataset/Late Cut/vid315_31.avi,Late Cut,Late Cut
data/raw/CricShoot10kShootDataset/Flick/vid205_50.avi,Flick,Flick
data/raw/CricShoot10kShootDataset/Late Cut/vid428_21.avi,Late Cut,Late Cut
data/raw/CricShoot10kShootDataset/Lofted Offside/vid378_44.avi,Lofted Offside,Lofted Offside
data/raw/CricShoot10kShootDataset/Scoop/vid449_12.avi,Scoop,Scoop
data/raw/CricShoot10kShootDataset/Square Cut/vid244_28.avi,Square Cut,Square Cut
data/raw/CricShoot10kShootDataset/Pull/vid93_10.avi,Pull,Pull
data/raw/CricShoot10kShootDataset/Lofted Legside/vid153_19.avi,Lofted Legside,Lofted Legside
data/raw/CricShoot10kShootDataset/Sweep/vid342_11.avi,Sweep,Sweep
data/raw/CricShoot10kShootDataset/Sweep/vid68_44.avi,Sweep,Sweep
data/raw/CricShoot10kShootDataset/Lofted Legside/vid81_25.avi,Lofted Legside,Lofted Legside
data/raw/CricShoot10kShootDataset/Reverse Sweep/vid92_6.avi,Reverse Sweep,Reverse Sweep
data/raw/CricShoot10kShootDataset/Flick/vid470_6.avi,Flick,Flick
data/raw/CricShoot10kShootDataset/Flick/vid459_6.avi,Flick,Flick
data/raw/CricShoot10kShootDataset/Cover Drive/vid217_6.avi,Cover Drive,Cover Drive
data/raw/CricShoot10kShootDataset/Cover Drive/vid529_16.avi,Cover Drive,Cover Drive
data/raw/CricShoot10kShootDataset/Lofted Legside/vid460_30.avi,Lofted Legside,Lofted Legside
data/raw/CricShoot10kShootDataset/Lofted Legside/vid313_14.avi,Lofted Legside,Lofted Legside
data/raw/CricShoot10kShootDataset/Flick/vid296_5.avi,Flick,Flick
data/raw/CricShoot10kShootDataset/Down The Wicket/vid511_43.avi,Down The Wicket,Down The Wicket
data/raw/CricShoot10kShootDataset/Pull/vid393_22.avi,Pull,Pull
data/raw/CricShoot10kShootDataset/Down The Wicket/vid105_25.avi,Down The Wicket,Down The Wicket
data/raw/CricShoot10kShootDataset/Lofted Legside/vid21_8.avi,Lofted Legside,Lofted Legside
data/raw/CricShoot10kShootDataset/Square Cut/vid226_50.avi,Square Cut,Square Cut
data/raw/CricShoot10kShootDataset/Cover Drive/vid495_33.avi,Cover Drive,Cover Drive
data/raw/CricShoot10kShootDataset/Defensive/vid378_0.avi,Defensive,Defensive
data/raw/CricShoot10kShootDataset/Upper Cut/vid314_17.avi,Upper Cut,Upper Cut
data/raw/CricShoot10kShootDataset/Square Cut/vid474_8.avi,Square Cut,Square Cut
data/raw/CricShoot10kShootDataset/Lofted Offside/vid338_7.avi,Lofted Offside,Lofted Offside
data/raw/CricShoot10kShootDataset/Flick/vid510_31.avi,Flick,Flick
data/raw/CricShoot10kShootDataset/Down The Wicket/vid360_37.avi,Down The Wicket,Down The Wicket
data/raw/CricShoot10kShootDataset/Lofted Offside/vid330_11.avi,Lofted Offside,Lofted Offside
data/raw/CricShoot10kShootDataset/Hook/vid505_45.avi,Hook,Hook
data/raw/CricShoot10kShootDataset/Reverse Sweep/vid262_7.avi,Reverse Sweep,Reverse Sweep
data/raw/CricShoot10kShootDataset/Square Cut/vid298_15.avi,Square Cut,Square Cut
data/raw/CricShoot10kShootDataset/Pull/vid436_6.avi,Pull,Pull
data/raw/CricShoot10kShootDataset/Lofted Legside/vid529_75.avi,Lofted Legside,Lofted Legside
data/raw/CricShoot10kShootDataset/Straight Drive/vid489_6.avi,Straight Drive,Straight Drive
data/raw/CricShoot10kShootDataset/Cover Drive/vid341_0.avi,Cover Drive,Cover Drive
data/raw/CricShoot10kShootDataset/Late Cut/vid40_7.avi,Late Cut,Late Cut
data/raw/CricShoot10kShootDataset/Square Cut/vid517_41.avi,Square Cut,Square Cut
data/raw/CricShoot10kShootDataset/Lofted Offside/vid248_34.avi,Lofted Offside,Lofted Offside
data/raw/CricShoot10kShootDataset/Lofted Offside/vid49_32.avi,Lofted Offside,Lofted Offside
data/raw/CricShoot10kShootDataset/Straight Drive/vid370_19.avi,Straight Drive,Straight Drive
data/raw/CricShoot10kShootDataset/Sweep/vid369_31.avi,Sweep,Sweep
data/raw/CricShoot10kShootDataset/Square Cut/vid258_37.avi,Square Cut,Square Cut
data/raw/CricShoot10kShootDataset/Lofted Offside/vid141_35.avi,Lofted Offside,Lofted Offside
data/raw/CricShoot10kShootDataset/Down The Wicket/vid251_34.avi,Down The Wicket,Down The Wicket
data/raw/CricShoot10kShootDataset/Lofted Offside/vid89_37.avi,Lofted Offside,Lofted Offside
data/raw/CricShoot10kShootDataset/Flick/vid352_9.avi,Flick,Flick
data/raw/CricShoot10kShootDataset/Down The Wicket/vid46_10.avi,Down The Wicket,Down The Wicket
data/raw/CricShoot10kShootDataset/Defensive/vid161_2.avi,Defensive,Defensive
data/raw/CricShoot10kShootDataset/Cover Drive/vid148_10.avi,Cover Drive,Cover Drive
data/raw/CricShoot10kShootDataset/Scoop/vid511_21.avi,Scoop,Scoop
data/raw/CricShoot10kShootDataset/Defensive/vid303_8.avi,Defensive,Defensive
data/raw/CricShoot10kShootDataset/Sweep/vid401_17.avi,Sweep,Sweep
data/raw/CricShoot10kShootDataset/Sweep/vid114_14.avi,Sweep,Sweep
data/raw/CricShoot10kShootDataset/Scoop/vid119_27.avi,Scoop,Scoop
data/raw/CricShoot10kShootDataset/Lofted Offside/vid486_22.avi,Lofted Offside,Lofted Offside
data/raw/CricShoot10kShootDataset/Straight Drive/vid36_8.avi,Straight Drive,Straight Drive
data/raw/CricShoot10kShootDataset/Late Cut/vid110_3.avi,Late Cut,Late Cut
data/raw/CricShoot10kShootDataset/Down The Wicket/vid370_48.avi,Down The Wicket,Down The Wicket
data/raw/CricShoot10kShootDataset/Flick/vid313_38.avi,Flick,Flick
data/raw/CricShoot10kShootDataset/Sweep/vid394_22.avi,Sweep,Sweep
data/raw/CricShoot10kShootDataset/Flick/vid322_20.avi,Flick,Flick
data/raw/CricShoot10kShootDataset/Pull/vid506_46.avi,Pull,Pull
data/raw/CricShoot10kShootDataset/Square Cut/vid164_31.avi,Square Cut,Square Cut
data/raw/CricShoot10kShootDataset/Straight Drive/vid224_30.avi,Straight Drive,Straight Drive
data/raw/CricShoot10kShootDataset/Cover Drive/vid238_61.avi,Cover Drive,Cover Drive
data/raw/CricShoot10kShootDataset/Down The Wicket/vid92_49.avi,Down The Wicket,Down The Wicket
data/raw/CricShoot10kShootDataset/Flick/vid306_1.avi,Flick,Flick
data/raw/CricShoot10kShootDataset/Cover Drive/vid472_5.avi,Cover Drive,Cover Drive
data/raw/CricShoot10kShootDataset/Reverse Sweep/vid366_7.avi,Reverse Sweep,Reverse Sweep
data/raw/CricShoot10kShootDataset/Defensive/vid134_10.avi,Defensive,Defensive
data/raw/CricShoot10kShootDataset/Flick/vid216_51.avi,Flick,Flick
data/raw/CricShoot10kShootDataset/Flick/vid487_48.avi,Flick,Flick
data/raw/CricShoot10kShootDataset/Sweep/vid9_9.avi,Sweep,Sweep
data/raw/CricShoot10kShootDataset/Lofted Legside/vid529_8.avi,Lofted Legside,Lofted Legside
data/raw/CricShoot10kShootDataset/Cover Drive/vid500_23.avi,Cover Drive,Cover Drive
data/raw/CricShoot10kShootDataset/Lofted Offside/vid380_23.avi,Lofted Offside,Lofted Offside
data/raw/CricShoot10kShootDataset/Sweep/vid450_7.avi,Sweep,Sweep
data/raw/CricShoot10kShootDataset/Hook/vid122_20.avi,Hook,Hook
data/raw/CricShoot10kShootDataset/Lofted Offside/vid521_4.avi,Lofted Offside,Lofted Offside
data/raw/CricShoot10kShootDataset/Sweep/vid466_14.avi,Sweep,Sweep
data/raw/CricShoot10kShootDataset/Square Cut/vid106_24.avi,Square Cut,Square Cut
data/raw/CricShoot10kShootDataset/Flick/vid138_25.avi,Flick,Flick
data/raw/CricShoot10kShootDataset/Cover Drive/vid238_38.avi,Cover Drive,Cover Drive
data/raw/CricShoot10kShootDataset/Lofted Legside/vid51_23.avi,Lofted Legside,Lofted Legside
data/raw/CricShoot10kShootDataset/Defensive/vid309_8.avi,Defensive,Defensive
data/raw/CricShoot10kShootDataset/Square Cut/vid437_47.avi,Square Cut,Square Cut
data/raw/CricShoot10kShootDataset/Scoop/vid436_29.avi,Scoop,Scoop
data/raw/CricShoot10kShootDataset/Lofted Legside/vid358_2.avi,Lofted Legside,Lofted Legside
data/raw/CricShoot10kShootDataset/Flick/vid322_6.avi,Flick,Flick
data/raw/CricShoot10kShootDataset/Sweep/vid412_13.avi,Sweep,Sweep
data/raw/CricShoot10kShootDataset/Lofted Legside/vid366_58.avi,Lofted Legside,Lofted Legside
data/raw/CricShoot10kShootDataset/Sweep/vid69_38.avi,Sweep,Sweep
data/raw/CricShoot10kShootDataset/Lofted Legside/vid473_37.avi,Lofted Legside,Lofted Legside
data/raw/CricShoot10kShootDataset/Flick/vid523_35.avi,Flick,Flick
data/raw/CricShoot10kShootDataset/Square Cut/vid139_4.avi,Square Cut,Square Cut
data/raw/CricShoot10kShootDataset/Defensive/vid104_0.avi,Defensive,Defensive
data/raw/CricShoot10kShootDataset/Sweep/vid464_21.avi,Sweep,Sweep
data/raw/CricShoot10kShootDataset/Defensive/vid240_13.avi,Defensive,Defensive
data/raw/CricShoot10kShootDataset/Flick/vid478_17.avi,Flick,Flick
data/raw/CricShoot10kShootDataset/Down The Wicket/vid485_6.avi,Down The Wicket,Down The Wicket
data/raw/CricShoot10kShootDataset/Defensive/vid144_29.avi,Defensive,Defensive
data/raw/CricShoot10kShootDataset/Sweep/vid448_22.avi,Sweep,Sweep
data/raw/CricShoot10kShootDataset/Hook/vid164_40.avi,Hook,Hook
data/raw/CricShoot10kShootDataset/Down The Wicket/vid469_34.avi,Down The Wicket,Down The Wicket
data/raw/CricShoot10kShootDataset/Sweep/vid472_9.avi,Sweep,Sweep
data/raw/CricShoot10kShootDataset/Sweep/vid470_26.avi,Sweep,Sweep
data/raw/CricShoot10kShootDataset/Defensive/vid513_28.avi,Defensive,Defensive
data/raw/CricShoot10kShootDataset/Lofted Legside/vid158_4.avi,Lofted Legside,Lofted Legside
data/raw/CricShoot10kShootDataset/Sweep/vid354_2.avi,Sweep,Sweep
data/raw/CricShoot10kShootDataset/Straight Drive/vid222_37.avi,Straight Drive,Straight Drive
data/raw/CricShoot10kShootDataset/Lofted Legside/vid8_16.avi,Lofted Legside,Lofted Legside
data/raw/CricShoot10kShootDataset/Pull/vid68_24.avi,Pull,Pull
data/raw/CricShoot10kShootDataset/Lofted Offside/vid359_37.avi,Lofted Offside,Lofted Offside
data/raw/CricShoot10kShootDataset/Flick/vid306_20.avi,Flick,Flick
data/raw/CricShoot10kShootDataset/Lofted Legside/vid127_2.avi,Lofted Legside,Lofted Legside
data/raw/CricShoot10kShootDataset/Lofted Offside/vid260_4.avi,Lofted Offside,Lofted Offside
data/raw/CricShoot10kShootDataset/Defensive/vid60_47.avi,Defensive,Defensive
data/raw/CricShoot10kShootDataset/Late Cut/vid521_84.avi,Late Cut,Late Cut
data/raw/CricShoot10kShootDataset/Lofted Legside/vid337_23.avi,Lofted Legside,Lofted Legside
data/raw/CricShoot10kShootDataset/Scoop/vid37_16.avi,Scoop,Scoop
data/raw/CricShoot10kShootDataset/Cover Drive/vid109_7.avi,Cover Drive,Cover Drive
data/raw/CricShoot10kShootDataset/Sweep/vid324_5.avi,Sweep,Sweep
data/raw/CricShoot10kShootDataset/Cover Drive/vid380_43.avi,Cover Drive,Cover Drive
data/raw/CricShoot10kShootDataset/Scoop/vid526_55.avi,Scoop,Scoop
data/raw/CricShoot10kShootDataset/Reverse Sweep/vid92_9.avi,Reverse Sweep,Reverse Sweep
data/raw/CricShoot10kShootDataset/Down The Wicket/vid353_34.avi,Down The Wicket,Down The Wicket
data/raw/CricShoot10kShootDataset/Lofted Legside/vid380_20.avi,Lofted Legside,Lofted Legside
data/raw/CricShoot10kShootDataset/Flick/vid478_1.avi,Flick,Flick
data/raw/CricShoot10kShootDataset/Upper Cut/vid525_24.avi,Upper Cut,Upper Cut
data/raw/CricShoot10kShootDataset/Down The Wicket/vid467_33.avi,Down The Wicket,Down The Wicket
data/raw/CricShoot10kShootDataset/Straight Drive/vid123_19.avi,Straight Drive,Straight Drive
data/raw/CricShoot10kShootDataset/Down The Wicket/vid391_2.avi,Down The Wicket,Down The Wicket
data/raw/CricShoot10kShootDataset/Down The Wicket/vid511_64.avi,Down The Wicket,Down The Wicket
data/raw/CricShoot10kShootDataset/Lofted Offside/vid108_15.avi,Lofted Offside,Lofted Offside
data/raw/CricShoot10kShootDataset/Scoop/vid381_2.avi,Scoop,Scoop
data/raw/CricShoot10kShootDataset/Square Cut/vid295_1.avi,Square Cut,Square Cut
data/raw/CricShoot10kShootDataset/Square Cut/vid83_6.avi,Square Cut,Square Cut
data/raw/CricShoot10kShootDataset/Pull/vid531_19.avi,Pull,Pull
data/raw/CricShoot10kShootDataset/Lofted Offside/vid476_18.avi,Lofted Offside,Lofted Offside
data/raw/CricShoot10kShootDataset/Lofted Legside/vid358_59.avi,Lofted Legside,Lofted Legside
data/raw/CricShoot10kShootDataset/Hook/vid55_77.avi,Hook,Hook
data/raw/CricShoot10kShootDataset/Square Cut/vid240_60.avi,Square Cut,Square Cut
data/raw/CricShoot10kShootDataset/Late Cut/vid313_1.avi,Late Cut,Late Cut
data/raw/CricShoot10kShootDataset/Square Cut/vid150_19.avi,Square Cut,Square Cut
data/raw/CricShoot10kShootDataset/Down The Wicket/vid455_41.avi,Down The Wicket,Down The Wicket
data/raw/CricShoot10kShootDataset/Square Cut/vid10_0.avi,Square Cut,Square Cut
data/raw/CricShoot10kShootDataset/Straight Drive/vid247_19.avi,Straight Drive,Straight Drive
data/raw/CricShoot10kShootDataset/Hook/vid498_29.avi,Hook,Hook
data/raw/CricShoot10kShootDataset/Lofted Legside/vid486_5.avi,Lofted Legside,Lofted Legside
data/raw/CricShoot10kShootDataset/Sweep/vid354_4.avi,Sweep,Sweep
data/raw/CricShoot10kShootDataset/Cover Drive/vid451_6.avi,Cover Drive,Cover Drive
data/raw/CricShoot10kShootDataset/Flick/vid364_28.avi,Flick,Flick
data/raw/CricShoot10kShootDataset/Down The Wicket/vid195_13.avi,Down The Wicket,Down The Wicket
data/raw/CricShoot10kShootDataset/Pull/vid374_13.avi,Pull,Pull
data/raw/CricShoot10kShootDataset/Square Cut/vid499_21.avi,Square Cut,Square Cut
data/raw/CricShoot10kShootDataset/Lofted Offside/vid447_48.avi,Lofted Offside,Lofted Offside
data/raw/CricShoot10kShootDataset/Straight Drive/vid51_0.avi,Straight Drive,Straight Drive
data/raw/CricShoot10kShootDataset/Sweep/vid532_39.avi,Sweep,Sweep
data/raw/CricShoot10kShootDataset/Lofted Legside/vid113_3.avi,Lofted Legside,Lofted Legside
data/raw/CricShoot10kShootDataset/Down The Wicket/vid167_39.avi,Down The Wicket,Down The Wicket
data/raw/CricShoot10kShootDataset/Down The Wicket/vid9_1.avi,Down The Wicket,Down The Wicket
data/raw/CricShoot10kShootDataset/Defensive/vid74_32.avi,Defensive,Defensive
data/raw/CricShoot10kShootDataset/Reverse Sweep/vid70_39.avi,Reverse Sweep,Reverse Sweep
data/raw/CricShoot10kShootDataset/Defensive/vid237_20.avi,Defensive,Defensive
data/raw/CricShoot10kShootDataset/Defensive/vid104_4.avi,Defensive,Defensive
data/raw/CricShoot10kShootDataset/Square Cut/vid435_41.avi,Square Cut,Square Cut
data/raw/CricShoot10kShootDataset/Pull/vid431_49.avi,Pull,Pull
data/raw/CricShoot10kShootDataset/Defensive/vid228_38.avi,Defensive,Defensive
data/raw/CricShoot10kShootDataset/Cover Drive/vid126_12.avi,Cover Drive,Cover Drive
data/raw/CricShoot10kShootDataset/Sweep/vid113_25.avi,Sweep,Sweep
data/raw/CricShoot10kShootDataset/Cover Drive/vid135_0.avi,Cover Drive,Cover Drive
data/raw/CricShoot10kShootDataset/Square Cut/vid1_36.avi,Square Cut,Square Cut
data/raw/CricShoot10kShootDataset/Lofted Legside/vid487_9.avi,Lofted Legside,Lofted Legside
data/raw/CricShoot10kShootDataset/Down The Wicket/vid124_28.avi,Down The Wicket,Down The Wicket
data/raw/CricShoot10kShootDataset/Pull/vid408_4.avi,Pull,Pull
data/raw/CricShoot10kShootDataset/Lofted Legside/vid441_20.avi,Lofted Legside,Lofted Legside
data/raw/CricShoot10kShootDataset/Sweep/vid113_24.avi,Sweep,Sweep
data/raw/CricShoot10kShootDataset/Sweep/vid280_15.avi,Sweep,Sweep
data/raw/CricShoot10kShootDataset/Flick/vid15_1.avi,Flick,Flick
data/raw/CricShoot10kShootDataset/Straight Drive/vid481_4.avi,Straight Drive,Straight Drive
data/raw/CricShoot10kShootDataset/Straight Drive/vid512_8.avi,Straight Drive,Straight Drive
data/raw/CricShoot10kShootDataset/Lofted Legside/vid487_4.avi,Lofted Legside,Lofted Legside
data/raw/CricShoot10kShootDataset/Sweep/vid191_6.avi,Sweep,Sweep
data/raw/CricShoot10kShootDataset/Hook/vid162_47.avi,Hook,Hook
data/raw/CricShoot10kShootDataset/Hook/vid514_44.avi,Hook,Hook
data/raw/CricShoot10kShootDataset/Cover Drive/vid119_10.avi,Cover Drive,Cover Drive
data/raw/CricShoot10kShootDataset/Scoop/vid392_3.avi,Scoop,Scoop
data/raw/CricShoot10kShootDataset/Cover Drive/vid156_22.avi,Cover Drive,Cover Drive
data/raw/CricShoot10kShootDataset/Down The Wicket/vid202_12.avi,Down The Wicket,Down The Wicket
data/raw/CricShoot10kShootDataset/Lofted Legside/vid457_16.avi,Lofted Legside,Lofted Legside
data/raw/CricShoot10kShootDataset/Lofted Legside/vid37_51.avi,Lofted Legside,Lofted Legside
data/raw/CricShoot10kShootDataset/Late Cut/vid187_10.avi,Late Cut,Late Cut
data/raw/CricShoot10kShootDataset/Down The Wicket/vid524_38.avi,Down The Wicket,Down The Wicket
data/raw/CricShoot10kShootDataset/Cover Drive/vid295_23.avi,Cover Drive,Cover Drive
data/raw/CricShoot10kShootDataset/Hook/vid253_23.avi,Hook,Hook
data/raw/CricShoot10kShootDataset/Reverse Sweep/vid359_5.avi,Reverse Sweep,Reverse Sweep
data/raw/CricShoot10kShootDataset/Lofted Legside/vid447_40.avi,Lofted Legside,Lofted Legside
data/raw/CricShoot10kShootDataset/Pull/vid160_27.avi,Pull,Pull
data/raw/CricShoot10kShootDataset/Sweep/vid393_55.avi,Sweep,Sweep
data/raw/CricShoot10kShootDataset/Hook/vid385_39.avi,Hook,Hook
data/raw/CricShoot10kShootDataset/Sweep/vid110_10.avi,Sweep,Sweep
data/raw/CricShoot10kShootDataset/Down The Wicket/vid126_17.avi,Down The Wicket,Down The Wicket
data/raw/CricShoot10kShootDataset/Pull/vid430_17.avi,Pull,Pull
data/raw/CricShoot10kShootDataset/Straight Drive/vid344_56.avi,Straight Drive,Straight Drive
data/raw/CricShoot10kShootDataset/Lofted Legside/vid300_14.avi,Lofted Legside,Lofted Legside
data/raw/CricShoot10kShootDataset/Down The Wicket/vid98_37.avi,Down The Wicket,Down The Wicket
data/raw/CricShoot10kShootDataset/Flick/vid335_21.avi,Flick,Flick
data/raw/CricShoot10kShootDataset/Flick/vid357_84.avi,Flick,Flick
data/raw/CricShoot10kShootDataset/Lofted Offside/vid434_27.avi,Lofted Offside,Lofted Offside
data/raw/CricShoot10kShootDataset/Lofted Legside/vid420_7.avi,Lofted Legside,Lofted Legside
data/raw/CricShoot10kShootDataset/Sweep/vid97_28.avi,Sweep,Sweep
data/raw/CricShoot10kShootDataset/Sweep/vid420_21.avi,Sweep,Sweep
data/raw/CricShoot10kShootDataset/Lofted Offside/vid484_9.avi,Lofted Offside,Lofted Offside
data/raw/CricShoot10kShootDataset/Lofted Legside/vid481_20.avi,Lofted Legside,Lofted Legside
data/raw/CricShoot10kShootDataset/Flick/vid79_0.avi,Flick,Flick
data/raw/CricShoot10kShootDataset/Cover Drive/vid316_25.avi,Cover Drive,Cover Drive
data/raw/CricShoot10kShootDataset/Flick/vid36_18.avi,Flick,Flick
data/raw/CricShoot10kShootDataset/Square Cut/vid446_1.avi,Square Cut,Square Cut
data/raw/CricShoot10kShootDataset/Hook/vid444_56.avi,Hook,Hook
data/raw/CricShoot10kShootDataset/Pull/vid98_44.avi,Pull,Pull
data/raw/CricShoot10kShootDataset/Lofted Legside/vid440_29.avi,Lofted Legside,Lofted Legside
data/raw/CricShoot10kShootDataset/Sweep/vid177_11.avi,Sweep,Sweep
data/raw/CricShoot10kShootDataset/Late Cut/vid343_33.avi,Late Cut,Late Cut
data/raw/CricShoot10kShootDataset/Pull/vid224_4.avi,Pull,Pull
data/raw/CricShoot10kShootDataset/Pull/vid67_21.avi,Pull,Pull
data/raw/CricShoot10kShootDataset/Pull/vid487_36.avi,Pull,Pull
data/raw/CricShoot10kShootDataset/Scoop/vid7_3.avi,Scoop,Scoop
data/raw/CricShoot10kShootDataset/Sweep/vid426_11.avi,Sweep,Sweep
data/raw/CricShoot10kShootDataset/Square Cut/vid406_29.avi,Square Cut,Square Cut
data/raw/CricShoot10kShootDataset/Lofted Legside/vid104_12.avi,Lofted Legside,Lofted Legside
data/raw/CricShoot10kShootDataset/Defensive/vid222_1.avi,Defensive,Defensive
data/raw/CricShoot10kShootDataset/Square Cut/vid438_13.avi,Square Cut,Square Cut
data/raw/CricShoot10kShootDataset/Lofted Offside/vid359_36.avi,Lofted Offside,Lofted Offside
data/raw/CricShoot10kShootDataset/Flick/vid472_42.avi,Flick,Flick
data/raw/CricShoot10kShootDataset/Cover Drive/vid358_41.avi,Cover Drive,Cover Drive
data/raw/CricShoot10kShootDataset/Cover Drive/vid363_19.avi,Cover Drive,Cover Drive
data/raw/CricShoot10kShootDataset/Square Cut/vid231_27.avi,Square Cut,Square Cut
data/raw/CricShoot10kShootDataset/Lofted Legside/vid452_11.avi,Lofted Legside,Lofted Legside
data/raw/CricShoot10kShootDataset/Lofted Legside/vid486_1.avi,Lofted Legside,Lofted Legside
data/raw/CricShoot10kShootDataset/Straight Drive/vid406_4.avi,Straight Drive,Straight Drive
data/raw/CricShoot10kShootDataset/Pull/vid312_30.avi,Pull,Pull
data/raw/CricShoot10kShootDataset/Pull/vid382_34.avi,Pull,Pull
data/raw/CricShoot10kShootDataset/Defensive/vid229_1.avi,Defensive,Defensive
data/raw/CricShoot10kShootDataset/Flick/vid155_22.avi,Flick,Flick
data/raw/CricShoot10kShootDataset/Pull/vid456_4.avi,Pull,Pull
data/raw/CricShoot10kShootDataset/Pull/vid51_65.avi,Pull,Pull
data/raw/CricShoot10kShootDataset/Cover Drive/vid303_11.avi,Cover Drive,Cover Drive
data/raw/CricShoot10kShootDataset/Defensive/vid302_15.avi,Defensive,Defensive
data/raw/CricShoot10kShootDataset/Down The Wicket/vid466_23.avi,Down The Wicket,Down The Wicket
data/raw/CricShoot10kShootDataset/Down The Wicket/vid180_5.avi,Down The Wicket,Down The Wicket
data/raw/CricShoot10kShootDataset/Hook/vid294_27.avi,Hook,Hook
data/raw/CricShoot10kShootDataset/Down The Wicket/vid130_25.avi,Down The Wicket,Down The Wicket
data/raw/CricShoot10kShootDataset/Defensive/vid314_25.avi,Defensive,Defensive
data/raw/CricShoot10kShootDataset/Hook/vid531_73.avi,Hook,Hook
data/raw/CricShoot10kShootDataset/Sweep/vid517_7.avi,Sweep,Sweep
data/raw/CricShoot10kShootDataset/Cover Drive/vid31_2.avi,Cover Drive,Cover Drive
data/raw/CricShoot10kShootDataset/Defensive/vid471_1.avi,Defensive,Defensive
data/raw/CricShoot10kShootDataset/Lofted Legside/vid519_0.avi,Lofted Legside,Lofted Legside
data/raw/CricShoot10kShootDataset/Lofted Offside/vid262_53.avi,Lofted Offside,Lofted Offside
data/raw/CricShoot10kShootDataset/Lofted Legside/vid368_54.avi,Lofted Legside,Lofted Legside
data/raw/CricShoot10kShootDataset/Sweep/vid390_25.avi,Sweep,Sweep
data/raw/CricShoot10kShootDataset/Lofted Legside/vid79_9.avi,Lofted Legside,Lofted Legside
data/raw/CricShoot10kShootDataset/Pull/vid393_2.avi,Pull,Pull
data/raw/CricShoot10kShootDataset/Straight Drive/vid495_45.avi,Straight Drive,Straight Drive
data/raw/CricShoot10kShootDataset/Sweep/vid512_5.avi,Sweep,Sweep
data/raw/CricShoot10kShootDataset/Flick/vid483_21.avi,Flick,Flick
data/raw/CricShoot10kShootDataset/Lofted Legside/vid320_47.avi,Lofted Legside,Lofted Legside
data/raw/CricShoot10kShootDataset/Straight Drive/vid450_38.avi,Straight Drive,Straight Drive
data/raw/CricShoot10kShootDataset/Down The Wicket/vid466_9.avi,Down The Wicket,Down The Wicket
data/raw/CricShoot10kShootDataset/Down The Wicket/vid91_17.avi,Down The Wicket,Down The Wicket
data/raw/CricShoot10kShootDataset/Straight Drive/vid31_30.avi,Straight Drive,Straight Drive
data/raw/CricShoot10kShootDataset/Hook/vid104_28.avi,Hook,Hook
data/raw/CricShoot10kShootDataset/Pull/vid213_41.avi,Pull,Pull
data/raw/CricShoot10kShootDataset/Hook/vid395_0.avi,Hook,Hook
data/raw/CricShoot10kShootDataset/Flick/vid359_33.avi,Flick,Flick
data/raw/CricShoot10kShootDataset/Lofted Legside/vid215_29.avi,Lofted Legside,Lofted Legside
data/raw/CricShoot10kShootDataset/Flick/vid448_30.avi,Flick,Flick
data/raw/CricShoot10kShootDataset/Pull/vid387_26.avi,Pull,Pull
data/raw/CricShoot10kShootDataset/Pull/vid100_35.avi,Pull,Pull
data/raw/CricShoot10kShootDataset/Hook/vid495_46.avi,Hook,Hook
data/raw/CricShoot10kShootDataset/Sweep/vid469_22.avi,Sweep,Sweep
data/raw/CricShoot10kShootDataset/Late Cut/vid222_7.avi,Late Cut,Late Cut
data/raw/CricShoot10kShootDataset/Square Cut/vid248_49.avi,Square Cut,Square Cut
data/raw/CricShoot10kShootDataset/Lofted Offside/vid494_27.avi,Lofted Offside,Lofted Offside
data/raw/CricShoot10kShootDataset/Lofted Offside/vid451_28.avi,Lofted Offside,Lofted Offside
data/raw/CricShoot10kShootDataset/Pull/vid521_33.avi,Pull,Pull
data/raw/CricShoot10kShootDataset/Hook/vid357_40.avi,Hook,Hook
data/raw/CricShoot10kShootDataset/Square Cut/vid453_8.avi,Square Cut,Square Cut
data/raw/CricShoot10kShootDataset/Pull/vid434_12.avi,Pull,Pull
data/raw/CricShoot10kShootDataset/Down The Wicket/vid23_30.avi,Down The Wicket,Down The Wicket
data/raw/CricShoot10kShootDataset/Reverse Sweep/vid380_27.avi,Reverse Sweep,Reverse Sweep
data/raw/CricShoot10kShootDataset/Cover Drive/vid218_18.avi,Cover Drive,Cover Drive
data/raw/CricShoot10kShootDataset/Reverse Sweep/vid16_48.avi,Reverse Sweep,Reverse Sweep
data/raw/CricShoot10kShootDataset/Straight Drive/vid160_0.avi,Straight Drive,Straight Drive
data/raw/CricShoot10kShootDataset/Pull/vid11_28.avi,Pull,Pull
data/raw/CricShoot10kShootDataset/Straight Drive/vid246_22.avi,Straight Drive,Straight Drive
data/raw/CricShoot10kShootDataset/Hook/vid390_17.avi,Hook,Hook
data/raw/CricShoot10kShootDataset/Upper Cut/vid133_4.avi,Upper Cut,Upper Cut
data/raw/CricShoot10kShootDataset/Down The Wicket/vid92_42.avi,Down The Wicket,Down The Wicket
data/raw/CricShoot10kShootDataset/Pull/vid141_8.avi,Pull,Pull
data/raw/CricShoot10kShootDataset/Late Cut/vid86_7.avi,Late Cut,Late Cut
data/raw/CricShoot10kShootDataset/Defensive/vid174_12.avi,Defensive,Defensive
data/raw/CricShoot10kShootDataset/Cover Drive/vid167_22.avi,Cover Drive,Cover Drive
data/raw/CricShoot10kShootDataset/Down The Wicket/vid462_40.avi,Down The Wicket,Down The Wicket
data/raw/CricShoot10kShootDataset/Down The Wicket/vid505_35.avi,Down The Wicket,Down The Wicket
data/raw/CricShoot10kShootDataset/Lofted Legside/vid109_36.avi,Lofted Legside,Lofted Legside
data/raw/CricShoot10kShootDataset/Hook/vid531_61.avi,Hook,Hook
data/raw/CricShoot10kShootDataset/Square Cut/vid92_35.avi,Square Cut,Square Cut
data/raw/CricShoot10kShootDataset/Lofted Legside/vid390_52.avi,Lofted Legside,Lofted Legside
data/raw/CricShoot10kShootDataset/Scoop/vid264_5.avi,Scoop,Scoop
data/raw/CricShoot10kShootDataset/Lofted Offside/vid503_40.avi,Lofted Offside,Lofted Offside
data/raw/CricShoot10kShootDataset/Cover Drive/vid229_42.avi,Cover Drive,Cover Drive
data/raw/CricShoot10kShootDataset/Lofted Offside/vid444_6.avi,Lofted Offside,Lofted Offside
data/raw/CricShoot10kShootDataset/Down The Wicket/vid93_51.avi,Down The Wicket,Down The Wicket
data/raw/CricShoot10kShootDataset/Straight Drive/vid1_9.avi,Straight Drive,Straight Drive
data/raw/CricShoot10kShootDataset/Cover Drive/vid509_29.avi,Cover Drive,Cover Drive
data/raw/CricShoot10kShootDataset/Scoop/vid238_24.avi,Scoop,Scoop
data/raw/CricShoot10kShootDataset/Flick/vid252_5.avi,Flick,Flick
data/raw/CricShoot10kShootDataset/Lofted Offside/vid37_26.avi,Lofted Offside,Lofted Offside
data/raw/CricShoot10kShootDataset/Flick/vid478_13.avi,Flick,Flick
data/raw/CricShoot10kShootDataset/Defensive/vid314_24.avi,Defensive,Defensive
data/raw/CricShoot10kShootDataset/Straight Drive/vid500_2.avi,Straight Drive,Straight Drive
data/raw/CricShoot10kShootDataset/Sweep/vid426_48.avi,Sweep,Sweep
data/raw/CricShoot10kShootDataset/Straight Drive/vid245_32.avi,Straight Drive,Straight Drive
data/raw/CricShoot10kShootDataset/Sweep/vid463_32.avi,Sweep,Sweep
data/raw/CricShoot10kShootDataset/Down The Wicket/vid289_3.avi,Down The Wicket,Down The Wicket
data/raw/CricShoot10kShootDataset/Hook/vid495_34.avi,Hook,Hook
data/raw/CricShoot10kShootDataset/Defensive/vid314_27.avi,Defensive,Defensive
data/raw/CricShoot10kShootDataset/Down The Wicket/vid2_7.avi,Down The Wicket,Down The Wicket
data/raw/CricShoot10kShootDataset/Defensive/vid33_23.avi,Defensive,Defensive
data/raw/CricShoot10kShootDataset/Lofted Legside/vid206_25.avi,Lofted Legside,Lofted Legside
data/raw/CricShoot10kShootDataset/Square Cut/vid244_27.avi,Square Cut,Square Cut
data/raw/CricShoot10kShootDataset/Sweep/vid527_58.avi,Sweep,Sweep
data/raw/CricShoot10kShootDataset/Flick/vid99_0.avi,Flick,Flick
data/raw/CricShoot10kShootDataset/Down The Wicket/vid425_13.avi,Down The Wicket,Down The Wicket
data/raw/CricShoot10kShootDataset/Down The Wicket/vid40_85.avi,Down The Wicket,Down The Wicket
data/raw/CricShoot10kShootDataset/Flick/vid241_9.avi,Flick,Flick
data/raw/CricShoot10kShootDataset/Hook/vid230_1.avi,Hook,Hook
data/raw/CricShoot10kShootDataset/Square Cut/vid447_0.avi,Square Cut,Square Cut
data/raw/CricShoot10kShootDataset/Square Cut/vid483_15.avi,Square Cut,Square Cut
data/raw/CricShoot10kShootDataset/Lofted Offside/vid500_35.avi,Lofted Offside,Lofted Offside
data/raw/CricShoot10kShootDataset/Upper Cut/vid253_44.avi,Upper Cut,Upper Cut
data/raw/CricShoot10kShootDataset/Reverse Sweep/vid397_19.avi,Reverse Sweep,Reverse Sweep
data/raw/CricShoot10kShootDataset/Square Cut/vid409_7.avi,Square Cut,Square Cut
data/raw/CricShoot10kShootDataset/Down The Wicket/vid188_14.avi,Down The Wicket,Down The Wicket
data/raw/CricShoot10kShootDataset/Lofted Offside/vid194_14.avi,Lofted Offside,Lofted Offside
data/raw/CricShoot10kShootDataset/Flick/vid55_30.avi,Flick,Flick
data/raw/CricShoot10kShootDataset/Cover Drive/vid421_16.avi,Cover Drive,Cover Drive
data/raw/CricShoot10kShootDataset/Cover Drive/vid508_26.avi,Cover Drive,Cover Drive
data/raw/CricShoot10kShootDataset/Defensive/vid230_0.avi,Defensive,Defensive
data/raw/CricShoot10kShootDataset/Cover Drive/vid236_15.avi,Cover Drive,Cover Drive
data/raw/CricShoot10kShootDataset/Down The Wicket/vid488_36.avi,Down The Wicket,Down The Wicket
data/raw/CricShoot10kShootDataset/Lofted Offside/vid151_38.avi,Lofted Offside,Lofted Offside
data/raw/CricShoot10kShootDataset/Square Cut/vid146_14.avi,Square Cut,Square Cut
data/raw/CricShoot10kShootDataset/Cover Drive/vid481_29.avi,Cover Drive,Cover Drive
data/raw/CricShoot10kShootDataset/Lofted Legside/vid145_12.avi,Lofted Legside,Lofted Legside
data/raw/CricShoot10kShootDataset/Square Cut/vid227_37.avi,Square Cut,Square Cut
data/raw/CricShoot10kShootDataset/Defensive/vid447_25.avi,Defensive,Defensive
data/raw/CricShoot10kShootDataset/Straight Drive/vid245_45.avi,Straight Drive,Straight Drive
data/raw/CricShoot10kShootDataset/Down The Wicket/vid434_35.avi,Down The Wicket,Down The Wicket
data/raw/CricShoot10kShootDataset/Late Cut/vid524_21.avi,Late Cut,Late Cut
data/raw/CricShoot10kShootDataset/Sweep/vid124_32.avi,Sweep,Sweep
data/raw/CricShoot10kShootDataset/Straight Drive/vid150_27.avi,Straight Drive,Straight Drive
data/raw/CricShoot10kShootDataset/Upper Cut/vid218_12.avi,Upper Cut,Upper Cut
data/raw/CricShoot10kShootDataset/Sweep/vid442_49.avi,Sweep,Sweep
data/raw/CricShoot10kShootDataset/Flick/vid335_1.avi,Flick,Flick
data/raw/CricShoot10kShootDataset/Cover Drive/vid205_3.avi,Cover Drive,Cover Drive
data/raw/CricShoot10kShootDataset/Scoop/vid127_11.avi,Scoop,Scoop
data/raw/CricShoot10kShootDataset/Lofted Offside/vid62_26.avi,Lofted Offside,Lofted Offside
data/raw/CricShoot10kShootDataset/Sweep/vid508_12.avi,Sweep,Sweep
data/raw/CricShoot10kShootDataset/Hook/vid335_23.avi,Hook,Hook
data/raw/CricShoot10kShootDataset/Hook/vid380_32.avi,Hook,Hook
data/raw/CricShoot10kShootDataset/Flick/vid101_9.avi,Flick,Flick
data/raw/CricShoot10kShootDataset/Lofted Legside/vid62_55.avi,Lofted Legside,Lofted Legside
data/raw/CricShoot10kShootDataset/Lofted Offside/vid53_41.avi,Lofted Offside,Lofted Offside
data/raw/CricShoot10kShootDataset/Pull/vid445_41.avi,Pull,Pull
data/raw/CricShoot10kShootDataset/Pull/vid448_0.avi,Pull,Pull
data/raw/CricShoot10kShootDataset/Square Cut/vid101_26.avi,Square Cut,Square Cut
data/raw/CricShoot10kShootDataset/Cover Drive/vid223_8.avi,Cover Drive,Cover Drive
data/raw/CricShoot10kShootDataset/Hook/vid488_33.avi,Hook,Hook
data/raw/CricShoot10kShootDataset/Lofted Offside/vid320_20.avi,Lofted Offside,Lofted Offside
data/raw/CricShoot10kShootDataset/Straight Drive/vid303_1.avi,Straight Drive,Straight Drive
data/raw/CricShoot10kShootDataset/Sweep/vid270_14.avi,Sweep,Sweep
data/raw/CricShoot10kShootDataset/Pull/vid464_43.avi,Pull,Pull
data/raw/CricShoot10kShootDataset/Lofted Legside/vid75_22.avi,Lofted Legside,Lofted Legside
data/raw/CricShoot10kShootDataset/Lofted Offside/vid48_2.avi,Lofted Offside,Lofted Offside
data/raw/CricShoot10kShootDataset/Lofted Offside/vid96_49.avi,Lofted Offside,Lofted Offside
data/raw/CricShoot10kShootDataset/Flick/vid208_4.avi,Flick,Flick
data/raw/CricShoot10kShootDataset/Sweep/vid470_3.avi,Sweep,Sweep
data/raw/CricShoot10kShootDataset/Hook/vid532_13.avi,Hook,Hook
data/raw/CricShoot10kShootDataset/Flick/vid482_27.avi,Flick,Flick
data/raw/CricShoot10kShootDataset/Defensive/vid314_23.avi,Defensive,Defensive
data/raw/CricShoot10kShootDataset/Cover Drive/vid519_56.avi,Cover Drive,Cover Drive
data/raw/CricShoot10kShootDataset/Defensive/vid442_0.avi,Defensive,Defensive
data/raw/CricShoot10kShootDataset/Lofted Legside/vid420_17.avi,Lofted Legside,Lofted Legside
data/raw/CricShoot10kShootDataset/Straight Drive/vid25_5.avi,Straight Drive,Straight Drive
data/raw/CricShoot10kShootDataset/Square Cut/vid163_30.avi,Square Cut,Square Cut
data/raw/CricShoot10kShootDataset/Late Cut/vid478_7.avi,Late Cut,Late Cut
data/raw/CricShoot10kShootDataset/Lofted Legside/vid467_36.avi,Lofted Legside,Lofted Legside
data/raw/CricShoot10kShootDataset/Defensive/vid312_38.avi,Defensive,Defensive
data/raw/CricShoot10kShootDataset/Cover Drive/vid429_37.avi,Cover Drive,Cover Drive
data/raw/CricShoot10kShootDataset/Lofted Offside/vid327_43.avi,Lofted Offside,Lofted Offside
data/raw/CricShoot10kShootDataset/Down The Wicket/vid229_32.avi,Down The Wicket,Down The Wicket
data/raw/CricShoot10kShootDataset/Square Cut/vid143_9.avi,Square Cut,Square Cut
data/raw/CricShoot10kShootDataset/Sweep/vid342_2.avi,Sweep,Sweep
data/raw/CricShoot10kShootDataset/Cover Drive/vid228_10.avi,Cover Drive,Cover Drive
data/raw/CricShoot10kShootDataset/Cover Drive/vid44_29.avi,Cover Drive,Cover Drive
data/raw/CricShoot10kShootDataset/Down The Wicket/vid463_1.avi,Down The Wicket,Down The Wicket
data/raw/CricShoot10kShootDataset/Hook/vid337_48.avi,Hook,Hook
data/raw/CricShoot10kShootDataset/Scoop/vid342_4.avi,Scoop,Scoop
data/raw/CricShoot10kShootDataset/Cover Drive/vid217_27.avi,Cover Drive,Cover Drive
data/raw/CricShoot10kShootDataset/Lofted Offside/vid211_29.avi,Lofted Offside,Lofted Offside
data/raw/CricShoot10kShootDataset/Late Cut/vid250_30.avi,Late Cut,Late Cut
data/raw/CricShoot10kShootDataset/Down The Wicket/vid467_14.avi,Down The Wicket,Down The Wicket
data/raw/CricShoot10kShootDataset/Cover Drive/vid46_6.avi,Cover Drive,Cover Drive
data/raw/CricShoot10kShootDataset/Lofted Legside/vid87_48.avi,Lofted Legside,Lofted Legside
data/raw/CricShoot10kShootDataset/Square Cut/vid368_0.avi,Square Cut,Square Cut
data/raw/CricShoot10kShootDataset/Down The Wicket/vid73_0.avi,Down The Wicket,Down The Wicket
data/raw/CricShoot10kShootDataset/Straight Drive/vid248_27.avi,Straight Drive,Straight Drive
data/raw/CricShoot10kShootDataset/Hook/vid124_7.avi,Hook,Hook
data/raw/CricShoot10kShootDataset/Lofted Legside/vid341_50.avi,Lofted Legside,Lofted Legside
data/raw/CricShoot10kShootDataset/Square Cut/vid379_37.avi,Square Cut,Square Cut
data/raw/CricShoot10kShootDataset/Defensive/vid134_9.avi,Defensive,Defensive
data/raw/CricShoot10kShootDataset/Flick/vid421_0.avi,Flick,Flick
data/raw/CricShoot10kShootDataset/Sweep/vid174_23.avi,Sweep,Sweep
data/raw/CricShoot10kShootDataset/Scoop/vid430_50.avi,Scoop,Scoop
data/raw/CricShoot10kShootDataset/Down The Wicket/vid64_39.avi,Down The Wicket,Down The Wicket
data/raw/CricShoot10kShootDataset/Scoop/vid151_40.avi,Scoop,Scoop
data/raw/CricShoot10kShootDataset/Down The Wicket/vid437_35.avi,Down The Wicket,Down The Wicket
data/raw/CricShoot10kShootDataset/Sweep/vid460_44.avi,Sweep,Sweep
data/raw/CricShoot10kShootDataset/Down The Wicket/vid4_4.avi,Down The Wicket,Down The Wicket
data/raw/CricShoot10kShootDataset/Pull/vid521_42.avi,Pull,Pull
data/raw/CricShoot10kShootDataset/Sweep/vid378_36.avi,Sweep,Sweep
data/raw/CricShoot10kShootDataset/Down The Wicket/vid56_19.avi,Down The Wicket,Down The Wicket
data/raw/CricShoot10kShootDataset/Hook/vid10_27.avi,Hook,Hook
data/raw/CricShoot10kShootDataset/Square Cut/vid323_21.avi,Square Cut,Square Cut
data/raw/CricShoot10kShootDataset/Pull/vid443_35.avi,Pull,Pull
data/raw/CricShoot10kShootDataset/Square Cut/vid436_33.avi,Square Cut,Square Cut
data/raw/CricShoot10kShootDataset/Lofted Offside/vid486_11.avi,Lofted Offside,Lofted Offside
data/raw/CricShoot10kShootDataset/Square Cut/vid517_64.avi,Square Cut,Square Cut
data/raw/CricShoot10kShootDataset/Square Cut/vid43_63.avi,Square Cut,Square Cut
data/raw/CricShoot10kShootDataset/Hook/vid225_12.avi,Hook,Hook
data/raw/CricShoot10kShootDataset/Sweep/vid285_3.avi,Sweep,Sweep
data/raw/CricShoot10kShootDataset/Sweep/vid464_23.avi,Sweep,Sweep
data/raw/CricShoot10kShootDataset/Down The Wicket/vid132_5.avi,Down The Wicket,Down The Wicket
data/raw/CricShoot10kShootDataset/Straight Drive/vid225_25.avi,Straight Drive,Straight Drive
data/raw/CricShoot10kShootDataset/Flick/vid517_60.avi,Flick,Flick
data/raw/CricShoot10kShootDataset/Lofted Offside/vid100_32.avi,Lofted Offside,Lofted Offside
data/raw/CricShoot10kShootDataset/Sweep/vid119_34.avi,Sweep,Sweep
data/raw/CricShoot10kShootDataset/Down The Wicket/vid437_17.avi,Down The Wicket,Down The Wicket
data/raw/CricShoot10kShootDataset/Cover Drive/vid468_14.avi,Cover Drive,Cover Drive
data/raw/CricShoot10kShootDataset/Cover Drive/vid324_43.avi,Cover Drive,Cover Drive
data/raw/CricShoot10kShootDataset/Reverse Sweep/vid2_32.avi,Reverse Sweep,Reverse Sweep
data/raw/CricShoot10kShootDataset/Defensive/vid229_0.avi,Defensive,Defensive
data/raw/CricShoot10kShootDataset/Lofted Offside/vid396_17.avi,Lofted Offside,Lofted Offside
data/raw/CricShoot10kShootDataset/Square Cut/vid12_2.avi,Square Cut,Square Cut
data/raw/CricShoot10kShootDataset/Hook/vid116_11.avi,Hook,Hook
data/raw/CricShoot10kShootDataset/Straight Drive/vid31_43.avi,Straight Drive,Straight Drive
data/raw/CricShoot10kShootDataset/Sweep/vid425_5.avi,Sweep,Sweep
data/raw/CricShoot10kShootDataset/Square Cut/vid526_7.avi,Square Cut,Square Cut
data/raw/CricShoot10kShootDataset/Defensive/vid299_5.avi,Defensive,Defensive
data/raw/CricShoot10kShootDataset/Hook/vid380_30.avi,Hook,Hook
data/raw/CricShoot10kShootDataset/Defensive/vid170_12.avi,Defensive,Defensive
data/raw/CricShoot10kShootDataset/Lofted Legside/vid154_22.avi,Lofted Legside,Lofted Legside
data/raw/CricShoot10kShootDataset/Hook/vid154_35.avi,Hook,Hook
data/raw/CricShoot10kShootDataset/Flick/vid509_32.avi,Flick,Flick
data/raw/CricShoot10kShootDataset/Lofted Legside/vid74_39.avi,Lofted Legside,Lofted Legside
data/raw/CricShoot10kShootDataset/Lofted Offside/vid321_19.avi,Lofted Offside,Lofted Offside
data/raw/CricShoot10kShootDataset/Scoop/vid62_53.avi,Scoop,Scoop
data/raw/CricShoot10kShootDataset/Square Cut/vid520_51.avi,Square Cut,Square Cut
data/raw/CricShoot10kShootDataset/Flick/vid316_11.avi,Flick,Flick
data/raw/CricShoot10kShootDataset/Defensive/vid238_54.avi,Defensive,Defensive
data/raw/CricShoot10kShootDataset/Lofted Offside/vid405_21.avi,Lofted Offside,Lofted Offside
data/raw/CricShoot10kShootDataset/Lofted Legside/vid373_11.avi,Lofted Legside,Lofted Legside
data/raw/CricShoot10kShootDataset/Lofted Offside/vid514_47.avi,Lofted Offside,Lofted Offside
data/raw/CricShoot10kShootDataset/Defensive/vid235_50.avi,Defensive,Defensive
data/raw/CricShoot10kShootDataset/Sweep/vid68_28.avi,Sweep,Sweep
data/raw/CricShoot10kShootDataset/Pull/vid487_37.avi,Pull,Pull
data/raw/CricShoot10kShootDataset/Hook/vid74_31.avi,Hook,Hook
data/raw/CricShoot10kShootDataset/Sweep/vid527_68.avi,Sweep,Sweep
data/raw/CricShoot10kShootDataset/Pull/vid446_27.avi,Pull,Pull
data/raw/CricShoot10kShootDataset/Defensive/vid237_39.avi,Defensive,Defensive
data/raw/CricShoot10kShootDataset/Down The Wicket/vid72_9.avi,Down The Wicket,Down The Wicket
data/raw/CricShoot10kShootDataset/Lofted Legside/vid282_4.avi,Lofted Legside,Lofted Legside
data/raw/CricShoot10kShootDataset/Straight Drive/vid444_31.avi,Straight Drive,Straight Drive
data/raw/CricShoot10kShootDataset/Straight Drive/vid96_31.avi,Straight Drive,Straight Drive
data/raw/CricShoot10kShootDataset/Cover Drive/vid209_3.avi,Cover Drive,Cover Drive
data/raw/CricShoot10kShootDataset/Lofted Legside/vid341_17.avi,Lofted Legside,Lofted Legside
data/raw/CricShoot10kShootDataset/Lofted Legside/vid261_6.avi,Lofted Legside,Lofted Legside
data/raw/CricShoot10kShootDataset/Sweep/vid16_11.avi,Sweep,Sweep
data/raw/CricShoot10kShootDataset/Flick/vid483_20.avi,Flick,Flick
data/raw/CricShoot10kShootDataset/Late Cut/vid457_8.avi,Late Cut,Late Cut
data/raw/CricShoot10kShootDataset/Lofted Legside/vid373_15.avi,Lofted Legside,Lofted Legside
data/raw/CricShoot10kShootDataset/Defensive/vid393_36.avi,Defensive,Defensive
data/raw/CricShoot10kShootDataset/Lofted Legside/vid511_17.avi,Lofted Legside,Lofted Legside
data/raw/CricShoot10kShootDataset/Pull/vid437_19.avi,Pull,Pull
data/raw/CricShoot10kShootDataset/Lofted Offside/vid424_5.avi,Lofted Offside,Lofted Offside
data/raw/CricShoot10kShootDataset/Pull/vid43_20.avi,Pull,Pull
data/raw/CricShoot10kShootDataset/Pull/vid449_50.avi,Pull,Pull
data/raw/CricShoot10kShootDataset/Scoop/vid381_7.avi,Scoop,Scoop
data/raw/CricShoot10kShootDataset/Pull/vid160_35.avi,Pull,Pull
data/raw/CricShoot10kShootDataset/Flick/vid238_8.avi,Flick,Flick
data/raw/CricShoot10kShootDataset/Flick/vid497_22.avi,Flick,Flick
data/raw/CricShoot10kShootDataset/Lofted Legside/vid390_32.avi,Lofted Legside,Lofted Legside
data/raw/CricShoot10kShootDataset/Defensive/vid18_0.avi,Defensive,Defensive
data/raw/CricShoot10kShootDataset/Sweep/vid31_32.avi,Sweep,Sweep
data/raw/CricShoot10kShootDataset/Square Cut/vid453_34.avi,Square Cut,Square Cut
data/raw/CricShoot10kShootDataset/Hook/vid209_33.avi,Hook,Hook
data/raw/CricShoot10kShootDataset/Down The Wicket/vid55_10.avi,Down The Wicket,Down The Wicket
data/raw/CricShoot10kShootDataset/Scoop/vid68_34.avi,Scoop,Scoop
data/raw/CricShoot10kShootDataset/Late Cut/vid525_32.avi,Late Cut,Late Cut
data/raw/CricShoot10kShootDataset/Straight Drive/vid523_5.avi,Straight Drive,Straight Drive
data/raw/CricShoot10kShootDataset/Lofted Legside/vid438_32.avi,Lofted Legside,Lofted Legside
data/raw/CricShoot10kShootDataset/Square Cut/vid209_22.avi,Square Cut,Square Cut
data/raw/CricShoot10kShootDataset/Cover Drive/vid207_5.avi,Cover Drive,Cover Drive
data/raw/CricShoot10kShootDataset/Cover Drive/vid120_2.avi,Cover Drive,Cover Drive
data/raw/CricShoot10kShootDataset/Lofted Legside/vid463_29.avi,Lofted Legside,Lofted Legside
data/raw/CricShoot10kShootDataset/Lofted Offside/vid52_6.avi,Lofted Offside,Lofted Offside
data/raw/CricShoot10kShootDataset/Straight Drive/vid461_28.avi,Straight Drive,Straight Drive
data/raw/CricShoot10kShootDataset/Late Cut/vid302_8.avi,Late Cut,Late Cut
data/raw/CricShoot10kShootDataset/Reverse Sweep/vid496_2.avi,Reverse Sweep,Reverse Sweep
data/raw/CricShoot10kShootDataset/Defensive/vid25_35.avi,Defensive,Defensive
data/raw/CricShoot10kShootDataset/Lofted Legside/vid381_20.avi,Lofted Legside,Lofted Legside
data/raw/CricShoot10kShootDataset/Defensive/vid169_43.avi,Defensive,Defensive
data/raw/CricShoot10kShootDataset/Down The Wicket/vid402_18.avi,Down The Wicket,Down The Wicket
data/raw/CricShoot10kShootDataset/Late Cut/vid102_32.avi,Late Cut,Late Cut
data/raw/CricShoot10kShootDataset/Pull/vid501_2.avi,Pull,Pull
data/raw/CricShoot10kShootDataset/Upper Cut/vid483_41.avi,Upper Cut,Upper Cut
data/raw/CricShoot10kShootDataset/Straight Drive/vid31_22.avi,Straight Drive,Straight Drive
data/raw/CricShoot10kShootDataset/Defensive/vid124_18.avi,Defensive,Defensive
data/raw/CricShoot10kShootDataset/Square Cut/vid25_28.avi,Square Cut,Square Cut
data/raw/CricShoot10kShootDataset/Lofted Offside/vid339_2.avi,Lofted Offside,Lofted Offside
data/raw/CricShoot10kShootDataset/Lofted Legside/vid4_37.avi,Lofted Legside,Lofted Legside
data/raw/CricShoot10kShootDataset/Sweep/vid440_12.avi,Sweep,Sweep
data/raw/CricShoot10kShootDataset/Flick/vid252_43.avi,Flick,Flick
data/raw/CricShoot10kShootDataset/Sweep/vid517_25.avi,Sweep,Sweep
data/raw/CricShoot10kShootDataset/Sweep/vid65_9.avi,Sweep,Sweep
data/raw/CricShoot10kShootDataset/Upper Cut/vid149_16.avi,Upper Cut,Upper Cut
data/raw/CricShoot10kShootDataset/Straight Drive/vid298_12.avi,Straight Drive,Straight Drive
data/raw/CricShoot10kShootDataset/Reverse Sweep/vid437_63.avi,Reverse Sweep,Reverse Sweep
data/raw/CricShoot10kShootDataset/Sweep/vid435_25.avi,Sweep,Sweep
data/raw/CricShoot10kShootDataset/Cover Drive/vid408_6.avi,Cover Drive,Cover Drive
data/raw/CricShoot10kShootDataset/Square Cut/vid231_24.avi,Square Cut,Square Cut
data/raw/CricShoot10kShootDataset/Upper Cut/vid25_39.avi,Upper Cut,Upper Cut
data/raw/CricShoot10kShootDataset/Flick/vid100_7.avi,Flick,Flick
data/raw/CricShoot10kShootDataset/Flick/vid381_33.avi,Flick,Flick
data/raw/CricShoot10kShootDataset/Sweep/vid462_29.avi,Sweep,Sweep
data/raw/CricShoot10kShootDataset/Lofted Legside/vid337_50.avi,Lofted Legside,Lofted Legside
data/raw/CricShoot10kShootDataset/Square Cut/vid303_4.avi,Square Cut,Square Cut
data/raw/CricShoot10kShootDataset/Pull/vid14_51.avi,Pull,Pull
data/raw/CricShoot10kShootDataset/Sweep/vid476_27.avi,Sweep,Sweep
data/raw/CricShoot10kShootDataset/Pull/vid17_20.avi,Pull,Pull
data/raw/CricShoot10kShootDataset/Cover Drive/vid178_7.avi,Cover Drive,Cover Drive
data/raw/CricShoot10kShootDataset/Square Cut/vid84_10.avi,Square Cut,Square Cut
data/raw/CricShoot10kShootDataset/Pull/vid102_25.avi,Pull,Pull
data/raw/CricShoot10kShootDataset/Sweep/vid469_42.avi,Sweep,Sweep
data/raw/CricShoot10kShootDataset/Lofted Offside/vid500_6.avi,Lofted Offside,Lofted Offside
data/raw/CricShoot10kShootDataset/Upper Cut/vid520_37.avi,Upper Cut,Upper Cut
data/raw/CricShoot10kShootDataset/Defensive/vid215_21.avi,Defensive,Defensive
data/raw/CricShoot10kShootDataset/Cover Drive/vid162_3.avi,Cover Drive,Cover Drive
data/raw/CricShoot10kShootDataset/Defensive/vid461_57.avi,Defensive,Defensive
data/raw/CricShoot10kShootDataset/Sweep/vid48_32.avi,Sweep,Sweep
data/raw/CricShoot10kShootDataset/Square Cut/vid204_15.avi,Square Cut,Square Cut
data/raw/CricShoot10kShootDataset/Pull/vid384_45.avi,Pull,Pull
data/raw/CricShoot10kShootDataset/Pull/vid43_52.avi,Pull,Pull
data/raw/CricShoot10kShootDataset/Lofted Offside/vid371_7.avi,Lofted Offside,Lofted Offside
data/raw/CricShoot10kShootDataset/Upper Cut/vid262_24.avi,Upper Cut,Upper Cut
data/raw/CricShoot10kShootDataset/Down The Wicket/vid10_9.avi,Down The Wicket,Down The Wicket
data/raw/CricShoot10kShootDataset/Defensive/vid436_32.avi,Defensive,Defensive
data/raw/CricShoot10kShootDataset/Lofted Offside/vid77_21.avi,Lofted Offside,Lofted Offside
data/raw/CricShoot10kShootDataset/Sweep/vid448_50.avi,Sweep,Sweep
data/raw/CricShoot10kShootDataset/Square Cut/vid57_3.avi,Square Cut,Square Cut
data/raw/CricShoot10kShootDataset/Cover Drive/vid357_22.avi,Cover Drive,Cover Drive
data/raw/CricShoot10kShootDataset/Lofted Legside/vid418_3.avi,Lofted Legside,Lofted Legside
data/raw/CricShoot10kShootDataset/Scoop/vid430_26.avi,Scoop,Scoop
data/raw/CricShoot10kShootDataset/Cover Drive/vid501_7.avi,Cover Drive,Cover Drive
data/raw/CricShoot10kShootDataset/Square Cut/vid441_6.avi,Square Cut,Square Cut
data/raw/CricShoot10kShootDataset/Scoop/vid482_37.avi,Scoop,Scoop
data/raw/CricShoot10kShootDataset/Sweep/vid50_29.avi,Sweep,Sweep
data/raw/CricShoot10kShootDataset/Hook/vid434_8.avi,Hook,Hook
data/raw/CricShoot10kShootDataset/Pull/vid482_68.avi,Pull,Pull
data/raw/CricShoot10kShootDataset/Scoop/vid92_45.avi,Scoop,Scoop
data/raw/CricShoot10kShootDataset/Reverse Sweep/vid361_56.avi,Reverse Sweep,Reverse Sweep
data/raw/CricShoot10kShootDataset/Lofted Legside/vid122_13.avi,Lofted Legside,Lofted Legside
data/raw/CricShoot10kShootDataset/Lofted Offside/vid495_17.avi,Lofted Offside,Lofted Offside
data/raw/CricShoot10kShootDataset/Pull/vid454_42.avi,Pull,Pull
data/raw/CricShoot10kShootDataset/Lofted Legside/vid452_44.avi,Lofted Legside,Lofted Legside
data/raw/CricShoot10kShootDataset/Scoop/vid213_19.avi,Scoop,Scoop
data/raw/CricShoot10kShootDataset/Reverse Sweep/vid384_37.avi,Reverse Sweep,Reverse Sweep
data/raw/CricShoot10kShootDataset/Cover Drive/vid43_4.avi,Cover Drive,Cover Drive
data/raw/CricShoot10kShootDataset/Lofted Legside/vid486_52.avi,Lofted Legside,Lofted Legside
data/raw/CricShoot10kShootDataset/Sweep/vid40_31.avi,Sweep,Sweep
data/raw/CricShoot10kShootDataset/Hook/vid4_20.avi,Hook,Hook
data/raw/CricShoot10kShootDataset/Sweep/vid253_37.avi,Sweep,Sweep
data/raw/CricShoot10kShootDataset/Straight Drive/vid520_34.avi,Straight Drive,Straight Drive
data/raw/CricShoot10kShootDataset/Pull/vid327_35.avi,Pull,Pull
data/raw/CricShoot10kShootDataset/Sweep/vid391_30.avi,Sweep,Sweep
data/raw/CricShoot10kShootDataset/Pull/vid382_23.avi,Pull,Pull
data/raw/CricShoot10kShootDataset/Late Cut/vid341_1.avi,Late Cut,Late Cut
data/raw/CricShoot10kShootDataset/Lofted Legside/vid437_62.avi,Lofted Legside,Lofted Legside
data/raw/CricShoot10kShootDataset/Lofted Legside/vid529_69.avi,Lofted Legside,Lofted Legside
data/raw/CricShoot10kShootDataset/Flick/vid333_22.avi,Flick,Flick
data/raw/CricShoot10kShootDataset/Reverse Sweep/vid519_65.avi,Reverse Sweep,Reverse Sweep
data/raw/CricShoot10kShootDataset/Upper Cut/vid232_16.avi,Upper Cut,Upper Cut
data/raw/CricShoot10kShootDataset/Lofted Legside/vid305_13.avi,Lofted Legside,Lofted Legside
data/raw/CricShoot10kShootDataset/Flick/vid355_4.avi,Flick,Flick
data/raw/CricShoot10kShootDataset/Down The Wicket/vid372_6.avi,Down The Wicket,Down The Wicket
data/raw/CricShoot10kShootDataset/Lofted Legside/vid517_30.avi,Lofted Legside,Lofted Legside
data/raw/CricShoot10kShootDataset/Hook/vid119_18.avi,Hook,Hook
data/raw/CricShoot10kShootDataset/Lofted Offside/vid512_54.avi,Lofted Offside,Lofted Offside
data/raw/CricShoot10kShootDataset/Sweep/vid224_14.avi,Sweep,Sweep
data/raw/CricShoot10kShootDataset/Square Cut/vid213_17.avi,Square Cut,Square Cut
data/raw/CricShoot10kShootDataset/Upper Cut/vid152_25.avi,Upper Cut,Upper Cut
data/raw/CricShoot10kShootDataset/Cover Drive/vid230_18.avi,Cover Drive,Cover Drive
data/raw/CricShoot10kShootDataset/Flick/vid304_28.avi,Flick,Flick
data/raw/CricShoot10kShootDataset/Lofted Offside/vid32_20.avi,Lofted Offside,Lofted Offside
data/raw/CricShoot10kShootDataset/Down The Wicket/vid195_17.avi,Down The Wicket,Down The Wicket
data/raw/CricShoot10kShootDataset/Down The Wicket/vid476_31.avi,Down The Wicket,Down The Wicket
data/raw/CricShoot10kShootDataset/Defensive/vid526_2.avi,Defensive,Defensive
data/raw/CricShoot10kShootDataset/Down The Wicket/vid450_25.avi,Down The Wicket,Down The Wicket
data/raw/CricShoot10kShootDataset/Flick/vid84_30.avi,Flick,Flick
data/raw/CricShoot10kShootDataset/Lofted Offside/vid206_65.avi,Lofted Offside,Lofted Offside
data/raw/CricShoot10kShootDataset/Reverse Sweep/vid530_36.avi,Reverse Sweep,Reverse Sweep
data/raw/CricShoot10kShootDataset/Cover Drive/vid74_5.avi,Cover Drive,Cover Drive
data/raw/CricShoot10kShootDataset/Hook/vid150_24.avi,Hook,Hook
data/raw/CricShoot10kShootDataset/Square Cut/vid505_27.avi,Square Cut,Square Cut
data/raw/CricShoot10kShootDataset/Square Cut/vid109_39.avi,Square Cut,Square Cut
data/raw/CricShoot10kShootDataset/Late Cut/vid160_13.avi,Late Cut,Late Cut
data/raw/CricShoot10kShootDataset/Lofted Offside/vid517_8.avi,Lofted Offside,Lofted Offside
data/raw/CricShoot10kShootDataset/Pull/vid439_11.avi,Pull,Pull
data/raw/CricShoot10kShootDataset/Defensive/vid256_23.avi,Defensive,Defensive
data/raw/CricShoot10kShootDataset/Lofted Offside/vid380_42.avi,Lofted Offside,Lofted Offside
data/raw/CricShoot10kShootDataset/Sweep/vid529_7.avi,Sweep,Sweep
data/raw/CricShoot10kShootDataset/Straight Drive/vid167_4.avi,Straight Drive,Straight Drive
data/raw/CricShoot10kShootDataset/Down The Wicket/vid451_23.avi,Down The Wicket,Down The Wicket
data/raw/CricShoot10kShootDataset/Flick/vid119_7.avi,Flick,Flick
data/raw/CricShoot10kShootDataset/Lofted Legside/vid17_13.avi,Lofted Legside,Lofted Legside
data/raw/CricShoot10kShootDataset/Defensive/vid519_31.avi,Defensive,Defensive
data/raw/CricShoot10kShootDataset/Square Cut/vid456_0.avi,Square Cut,Square Cut
data/raw/CricShoot10kShootDataset/Lofted Legside/vid357_62.avi,Lofted Legside,Lofted Legside
data/raw/CricShoot10kShootDataset/Lofted Legside/vid96_23.avi,Lofted Legside,Lofted Legside
data/raw/CricShoot10kShootDataset/Lofted Offside/vid384_83.avi,Lofted Offside,Lofted Offside
data/raw/CricShoot10kShootDataset/Sweep/vid470_0.avi,Sweep,Sweep
data/raw/CricShoot10kShootDataset/Square Cut/vid54_55.avi,Square Cut,Square Cut
data/raw/CricShoot10kShootDataset/Flick/vid408_3.avi,Flick,Flick
data/raw/CricShoot10kShootDataset/Cover Drive/vid525_21.avi,Cover Drive,Cover Drive
data/raw/CricShoot10kShootDataset/Down The Wicket/vid125_22.avi,Down The Wicket,Down The Wicket
data/raw/CricShoot10kShootDataset/Lofted Offside/vid46_66.avi,Lofted Offside,Lofted Offside
data/raw/CricShoot10kShootDataset/Flick/vid487_0.avi,Flick,Flick
data/raw/CricShoot10kShootDataset/Pull/vid42_60.avi,Pull,Pull
data/raw/CricShoot10kShootDataset/Lofted Legside/vid82_35.avi,Lofted Legside,Lofted Legside
data/raw/CricShoot10kShootDataset/Sweep/vid486_30.avi,Sweep,Sweep
data/raw/CricShoot10kShootDataset/Lofted Offside/vid324_17.avi,Lofted Offside,Lofted Offside
data/raw/CricShoot10kShootDataset/Defensive/vid471_5.avi,Defensive,Defensive
data/raw/CricShoot10kShootDataset/Square Cut/vid196_1.avi,Square Cut,Square Cut
data/raw/CricShoot10kShootDataset/Square Cut/vid442_31.avi,Square Cut,Square Cut
data/raw/CricShoot10kShootDataset/Hook/vid367_61.avi,Hook,Hook
data/raw/CricShoot10kShootDataset/Flick/vid241_35.avi,Flick,Flick
data/raw/CricShoot10kShootDataset/Lofted Legside/vid441_37.avi,Lofted Legside,Lofted Legside
data/raw/CricShoot10kShootDataset/Cover Drive/vid312_35.avi,Cover Drive,Cover Drive
data/raw/CricShoot10kShootDataset/Down The Wicket/vid38_32.avi,Down The Wicket,Down The Wicket
data/raw/CricShoot10kShootDataset/Square Cut/vid214_11.avi,Square Cut,Square Cut
data/raw/CricShoot10kShootDataset/Lofted Offside/vid361_12.avi,Lofted Offside,Lofted Offside
data/raw/CricShoot10kShootDataset/Square Cut/vid305_17.avi,Square Cut,Square Cut
data/raw/CricShoot10kShootDataset/Lofted Legside/vid348_9.avi,Lofted Legside,Lofted Legside
data/raw/CricShoot10kShootDataset/Lofted Legside/vid534_23.avi,Lofted Legside,Lofted Legside
data/raw/CricShoot10kShootDataset/Down The Wicket/vid2_5.avi,Down The Wicket,Down The Wicket
data/raw/CricShoot10kShootDataset/Lofted Legside/vid228_28.avi,Lofted Legside,Lofted Legside
data/raw/CricShoot10kShootDataset/Pull/vid354_30.avi,Pull,Pull
data/raw/CricShoot10kShootDataset/Flick/vid108_5.avi,Flick,Flick
data/raw/CricShoot10kShootDataset/Flick/vid419_0.avi,Flick,Flick
data/raw/CricShoot10kShootDataset/Lofted Legside/vid366_9.avi,Lofted Legside,Lofted Legside
data/raw/CricShoot10kShootDataset/Cover Drive/vid148_0.avi,Cover Drive,Cover Drive
data/raw/CricShoot10kShootDataset/Flick/vid206_6.avi,Flick,Flick
data/raw/CricShoot10kShootDataset/Down The Wicket/vid455_32.avi,Down The Wicket,Down The Wicket
data/raw/CricShoot10kShootDataset/Cover Drive/vid236_9.avi,Cover Drive,Cover Drive
data/raw/CricShoot10kShootDataset/Upper Cut/vid122_21.avi,Upper Cut,Upper Cut
data/raw/CricShoot10kShootDataset/Sweep/vid511_69.avi,Sweep,Sweep
data/raw/CricShoot10kShootDataset/Lofted Offside/vid504_53.avi,Lofted Offside,Lofted Offside
data/raw/CricShoot10kShootDataset/Upper Cut/vid498_8.avi,Upper Cut,Upper Cut
data/raw/CricShoot10kShootDataset/Lofted Legside/vid529_34.avi,Lofted Legside,Lofted Legside
data/raw/CricShoot10kShootDataset/Cover Drive/vid356_6.avi,Cover Drive,Cover Drive
data/raw/CricShoot10kShootDataset/Down The Wicket/vid330_21.avi,Down The Wicket,Down The Wicket
data/raw/CricShoot10kShootDataset/Square Cut/vid348_18.avi,Square Cut,Square Cut
data/raw/CricShoot10kShootDataset/Lofted Legside/vid434_39.avi,Lofted Legside,Lofted Legside
data/raw/CricShoot10kShootDataset/Cover Drive/vid238_56.avi,Cover Drive,Cover Drive
data/raw/CricShoot10kShootDataset/Down The Wicket/vid356_61.avi,Down The Wicket,Down The Wicket
data/raw/CricShoot10kShootDataset/Sweep/vid93_58.avi,Sweep,Sweep
data/raw/CricShoot10kShootDataset/Lofted Legside/vid40_46.avi,Lofted Legside,Lofted Legside
data/raw/CricShoot10kShootDataset/Pull/vid510_16.avi,Pull,Pull
data/raw/CricShoot10kShootDataset/Straight Drive/vid332_18.avi,Straight Drive,Straight Drive
data/raw/CricShoot10kShootDataset/Lofted Legside/vid473_50.avi,Lofted Legside,Lofted Legside
data/raw/CricShoot10kShootDataset/Hook/vid214_7.avi,Hook,Hook
data/raw/CricShoot10kShootDataset/Down The Wicket/vid239_15.avi,Down The Wicket,Down The Wicket
data/raw/CricShoot10kShootDataset/Pull/vid488_17.avi,Pull,Pull
data/raw/CricShoot10kShootDataset/Lofted Offside/vid467_19.avi,Lofted Offside,Lofted Offside
data/raw/CricShoot10kShootDataset/Down The Wicket/vid358_60.avi,Down The Wicket,Down The Wicket
data/raw/CricShoot10kShootDataset/Hook/vid393_24.avi,Hook,Hook
data/raw/CricShoot10kShootDataset/Square Cut/vid342_25.avi,Square Cut,Square Cut
data/raw/CricShoot10kShootDataset/Lofted Offside/vid259_39.avi,Lofted Offside,Lofted Offside
data/raw/CricShoot10kShootDataset/Sweep/vid142_7.avi,Sweep,Sweep
data/raw/CricShoot10kShootDataset/Straight Drive/vid461_39.avi,Straight Drive,Straight Drive
data/raw/CricShoot10kShootDataset/Late Cut/vid439_48.avi,Late Cut,Late Cut
data/raw/CricShoot10kShootDataset/Square Cut/vid203_23.avi,Square Cut,Square Cut
data/raw/CricShoot10kShootDataset/Pull/vid492_10.avi,Pull,Pull
data/raw/CricShoot10kShootDataset/Lofted Legside/vid210_44.avi,Lofted Legside,Lofted Legside
data/raw/CricShoot10kShootDataset/Late Cut/vid265_17.avi,Late Cut,Late Cut
data/raw/CricShoot10kShootDataset/Flick/vid520_12.avi,Flick,Flick
data/raw/CricShoot10kShootDataset/Lofted Legside/vid361_9.avi,Lofted Legside,Lofted Legside
data/raw/CricShoot10kShootDataset/Flick/vid368_2.avi,Flick,Flick
data/raw/CricShoot10kShootDataset/Defensive/vid207_28.avi,Defensive,Defensive
data/raw/CricShoot10kShootDataset/Hook/vid455_18.avi,Hook,Hook
data/raw/CricShoot10kShootDataset/Lofted Legside/vid174_21.avi,Lofted Legside,Lofted Legside
data/raw/CricShoot10kShootDataset/Sweep/vid511_44.avi,Sweep,Sweep
data/raw/CricShoot10kShootDataset/Sweep/vid521_65.avi,Sweep,Sweep
data/raw/CricShoot10kShootDataset/Down The Wicket/vid515_0.avi,Down The Wicket,Down The Wicket
data/raw/CricShoot10kShootDataset/Lofted Offside/vid450_56.avi,Lofted Offside,Lofted Offside
data/raw/CricShoot10kShootDataset/Flick/vid317_23.avi,Flick,Flick
data/raw/CricShoot10kShootDataset/Flick/vid236_12.avi,Flick,Flick
data/raw/CricShoot10kShootDataset/Sweep/vid2_31.avi,Sweep,Sweep
data/raw/CricShoot10kShootDataset/Cover Drive/vid71_1.avi,Cover Drive,Cover Drive
data/raw/CricShoot10kShootDataset/Cover Drive/vid468_29.avi,Cover Drive,Cover Drive
data/raw/CricShoot10kShootDataset/Hook/vid242_13.avi,Hook,Hook
data/raw/CricShoot10kShootDataset/Cover Drive/vid331_23.avi,Cover Drive,Cover Drive
data/raw/CricShoot10kShootDataset/Square Cut/vid526_20.avi,Square Cut,Square Cut
data/raw/CricShoot10kShootDataset/Flick/vid210_13.avi,Flick,Flick
data/raw/CricShoot10kShootDataset/Lofted Legside/vid464_9.avi,Lofted Legside,Lofted Legside
data/raw/CricShoot10kShootDataset/Straight Drive/vid145_3.avi,Straight Drive,Straight Drive
data/raw/CricShoot10kShootDataset/Lofted Legside/vid137_26.avi,Lofted Legside,Lofted Legside
data/raw/CricShoot10kShootDataset/Pull/vid453_3.avi,Pull,Pull
data/raw/CricShoot10kShootDataset/Straight Drive/vid100_61.avi,Straight Drive,Straight Drive
data/raw/CricShoot10kShootDataset/Upper Cut/vid482_28.avi,Upper Cut,Upper Cut
data/raw/CricShoot10kShootDataset/Cover Drive/vid207_46.avi,Cover Drive,Cover Drive
data/raw/CricShoot10kShootDataset/Down The Wicket/vid463_9.avi,Down The Wicket,Down The Wicket
data/raw/CricShoot10kShootDataset/Sweep/vid85_21.avi,Sweep,Sweep
data/raw/CricShoot10kShootDataset/Lofted Offside/vid371_23.avi,Lofted Offside,Lofted Offside
data/raw/CricShoot10kShootDataset/Square Cut/vid148_24.avi,Square Cut,Square Cut
data/raw/CricShoot10kShootDataset/Flick/vid464_35.avi,Flick,Flick
data/raw/CricShoot10kShootDataset/Pull/vid96_2.avi,Pull,Pull
data/raw/CricShoot10kShootDataset/Down The Wicket/vid114_3.avi,Down The Wicket,Down The Wicket
data/raw/CricShoot10kShootDataset/Straight Drive/vid31_7.avi,Straight Drive,Straight Drive
data/raw/CricShoot10kShootDataset/Lofted Offside/vid390_37.avi,Lofted Offside,Lofted Offside
data/raw/CricShoot10kShootDataset/Square Cut/vid203_18.avi,Square Cut,Square Cut
data/raw/CricShoot10kShootDataset/Down The Wicket/vid71_24.avi,Down The Wicket,Down The Wicket
data/raw/CricShoot10kShootDataset/Upper Cut/vid521_66.avi,Upper Cut,Upper Cut
data/raw/CricShoot10kShootDataset/Upper Cut/vid50_53.avi,Upper Cut,Upper Cut
data/raw/CricShoot10kShootDataset/Sweep/vid92_40.avi,Sweep,Sweep
data/raw/CricShoot10kShootDataset/Hook/vid326_12.avi,Hook,Hook
data/raw/CricShoot10kShootDataset/Flick/vid487_3.avi,Flick,Flick
data/raw/CricShoot10kShootDataset/Down The Wicket/vid291_1.avi,Down The Wicket,Down The Wicket
data/raw/CricShoot10kShootDataset/Lofted Offside/vid324_39.avi,Lofted Offside,Lofted Offside
data/raw/CricShoot10kShootDataset/Square Cut/vid25_11.avi,Square Cut,Square Cut
data/raw/CricShoot10kShootDataset/Lofted Legside/vid421_20.avi,Lofted Legside,Lofted Legside
data/raw/CricShoot10kShootDataset/Down The Wicket/vid183_1.avi,Down The Wicket,Down The Wicket
data/raw/CricShoot10kShootDataset/Lofted Legside/vid21_20.avi,Lofted Legside,Lofted Legside
data/raw/CricShoot10kShootDataset/Hook/vid361_73.avi,Hook,Hook
data/raw/CricShoot10kShootDataset/Hook/vid80_4.avi,Hook,Hook
data/raw/CricShoot10kShootDataset/Pull/vid149_7.avi,Pull,Pull
data/raw/CricShoot10kShootDataset/Square Cut/vid288_10.avi,Square Cut,Square Cut
data/raw/CricShoot10kShootDataset/Cover Drive/vid46_52.avi,Cover Drive,Cover Drive
data/raw/CricShoot10kShootDataset/Flick/vid95_6.avi,Flick,Flick
data/raw/CricShoot10kShootDataset/Lofted Offside/vid484_15.avi,Lofted Offside,Lofted Offside
data/raw/CricShoot10kShootDataset/Lofted Offside/vid66_23.avi,Lofted Offside,Lofted Offside
data/raw/CricShoot10kShootDataset/Lofted Legside/vid4_40.avi,Lofted Legside,Lofted Legside
data/raw/CricShoot10kShootDataset/Defensive/vid156_0.avi,Defensive,Defensive
data/raw/CricShoot10kShootDataset/Cover Drive/vid529_15.avi,Cover Drive,Cover Drive
data/raw/CricShoot10kShootDataset/Hook/vid385_17.avi,Hook,Hook
data/raw/CricShoot10kShootDataset/Square Cut/vid125_26.avi,Square Cut,Square Cut
data/raw/CricShoot10kShootDataset/Down The Wicket/vid384_65.avi,Down The Wicket,Down The Wicket
data/raw/CricShoot10kShootDataset/Down The Wicket/vid40_84.avi,Down The Wicket,Down The Wicket
data/raw/CricShoot10kShootDataset/Cover Drive/vid227_26.avi,Cover Drive,Cover Drive
data/raw/CricShoot10kShootDataset/Lofted Legside/vid461_38.avi,Lofted Legside,Lofted Legside
data/raw/CricShoot10kShootDataset/Reverse Sweep/vid89_49.avi,Reverse Sweep,Reverse Sweep
data/raw/CricShoot10kShootDataset/Sweep/vid411_24.avi,Sweep,Sweep
data/raw/CricShoot10kShootDataset/Pull/vid523_9.avi,Pull,Pull
data/raw/CricShoot10kShootDataset/Late Cut/vid450_54.avi,Late Cut,Late Cut
data/raw/CricShoot10kShootDataset/Lofted Offside/vid43_54.avi,Lofted Offside,Lofted Offside
data/raw/CricShoot10kShootDataset/Flick/vid391_56.avi,Flick,Flick
data/raw/CricShoot10kShootDataset/Down The Wicket/vid380_37.avi,Down The Wicket,Down The Wicket
data/raw/CricShoot10kShootDataset/Hook/vid112_14.avi,Hook,Hook
data/raw/CricShoot10kShootDataset/Flick/vid238_45.avi,Flick,Flick
data/raw/CricShoot10kShootDataset/Cover Drive/vid54_35.avi,Cover Drive,Cover Drive
data/raw/CricShoot10kShootDataset/Lofted Legside/vid504_38.avi,Lofted Legside,Lofted Legside
data/raw/CricShoot10kShootDataset/Upper Cut/vid149_12.avi,Upper Cut,Upper Cut
data/raw/CricShoot10kShootDataset/Lofted Legside/vid447_19.avi,Lofted Legside,Lofted Legside
data/raw/CricShoot10kShootDataset/Defensive/vid241_34.avi,Defensive,Defensive
data/raw/CricShoot10kShootDataset/Scoop/vid460_31.avi,Scoop,Scoop
data/raw/CricShoot10kShootDataset/Straight Drive/vid247_12.avi,Straight Drive,Straight Drive
data/raw/CricShoot10kShootDataset/Down The Wicket/vid67_25.avi,Down The Wicket,Down The Wicket
data/raw/CricShoot10kShootDataset/Square Cut/vid129_4.avi,Square Cut,Square Cut
data/raw/CricShoot10kShootDataset/Down The Wicket/vid73_39.avi,Down The Wicket,Down The Wicket
data/raw/CricShoot10kShootDataset/Pull/vid355_7.avi,Pull,Pull
data/raw/CricShoot10kShootDataset/Square Cut/vid198_14.avi,Square Cut,Square Cut
data/raw/CricShoot10kShootDataset/Sweep/vid72_31.avi,Sweep,Sweep
data/raw/CricShoot10kShootDataset/Hook/vid9_45.avi,Hook,Hook
data/raw/CricShoot10kShootDataset/Square Cut/vid453_40.avi,Square Cut,Square Cut
data/raw/CricShoot10kShootDataset/Cover Drive/vid208_32.avi,Cover Drive,Cover Drive
data/raw/CricShoot10kShootDataset/Flick/vid238_30.avi,Flick,Flick
data/raw/CricShoot10kShootDataset/Square Cut/vid91_14.avi,Square Cut,Square Cut
data/raw/CricShoot10kShootDataset/Down The Wicket/vid466_0.avi,Down The Wicket,Down The Wicket
data/raw/CricShoot10kShootDataset/Lofted Offside/vid324_36.avi,Lofted Offside,Lofted Offside
data/raw/CricShoot10kShootDataset/Lofted Offside/vid521_61.avi,Lofted Offside,Lofted Offside
data/raw/CricShoot10kShootDataset/Pull/vid374_29.avi,Pull,Pull
data/raw/CricShoot10kShootDataset/Flick/vid380_38.avi,Flick,Flick
data/raw/CricShoot10kShootDataset/Cover Drive/vid401_6.avi,Cover Drive,Cover Drive
data/raw/CricShoot10kShootDataset/Sweep/vid427_25.avi,Sweep,Sweep
data/raw/CricShoot10kShootDataset/Lofted Offside/vid442_9.avi,Lofted Offside,Lofted Offside
data/raw/CricShoot10kShootDataset/Hook/vid126_40.avi,Hook,Hook
data/raw/CricShoot10kShootDataset/Lofted Offside/vid10_43.avi,Lofted Offside,Lofted Offside
data/raw/CricShoot10kShootDataset/Defensive/vid245_23.avi,Defensive,Defensive
data/raw/CricShoot10kShootDataset/Defensive/vid295_32.avi,Defensive,Defensive
data/raw/CricShoot10kShootDataset/Sweep/vid461_3.avi,Sweep,Sweep
data/raw/CricShoot10kShootDataset/Lofted Offside/vid272_11.avi,Lofted Offside,Lofted Offside
data/raw/CricShoot10kShootDataset/Cover Drive/vid368_30.avi,Cover Drive,Cover Drive
data/raw/CricShoot10kShootDataset/Lofted Offside/vid419_7.avi,Lofted Offside,Lofted Offside
data/raw/CricShoot10kShootDataset/Straight Drive/vid456_19.avi,Straight Drive,Straight Drive
data/raw/CricShoot10kShootDataset/Lofted Legside/vid142_8.avi,Lofted Legside,Lofted Legside
data/raw/CricShoot10kShootDataset/Square Cut/vid303_7.avi,Square Cut,Square Cut
data/raw/CricShoot10kShootDataset/Sweep/vid405_11.avi,Sweep,Sweep
data/raw/CricShoot10kShootDataset/Sweep/vid344_26.avi,Sweep,Sweep
data/raw/CricShoot10kShootDataset/Flick/vid245_41.avi,Flick,Flick
data/raw/CricShoot10kShootDataset/Lofted Legside/vid419_17.avi,Lofted Legside,Lofted Legside
data/raw/CricShoot10kShootDataset/Lofted Legside/vid104_10.avi,Lofted Legside,Lofted Legside
data/raw/CricShoot10kShootDataset/Reverse Sweep/vid437_60.avi,Reverse Sweep,Reverse Sweep
data/raw/CricShoot10kShootDataset/Flick/vid439_20.avi,Flick,Flick
data/raw/CricShoot10kShootDataset/Hook/vid345_27.avi,Hook,Hook
data/raw/CricShoot10kShootDataset/Cover Drive/vid162_48.avi,Cover Drive,Cover Drive
data/raw/CricShoot10kShootDataset/Hook/vid108_17.avi,Hook,Hook
data/raw/CricShoot10kShootDataset/Pull/vid434_31.avi,Pull,Pull
data/raw/CricShoot10kShootDataset/Down The Wicket/vid435_9.avi,Down The Wicket,Down The Wicket
data/raw/CricShoot10kShootDataset/Flick/vid157_20.avi,Flick,Flick
data/raw/CricShoot10kShootDataset/Hook/vid166_28.avi,Hook,Hook
data/raw/CricShoot10kShootDataset/Square Cut/vid178_3.avi,Square Cut,Square Cut
data/raw/CricShoot10kShootDataset/Straight Drive/vid122_7.avi,Straight Drive,Straight Drive
data/raw/CricShoot10kShootDataset/Sweep/vid400_19.avi,Sweep,Sweep
data/raw/CricShoot10kShootDataset/Sweep/vid517_56.avi,Sweep,Sweep
data/raw/CricShoot10kShootDataset/Flick/vid206_1.avi,Flick,Flick
data/raw/CricShoot10kShootDataset/Down The Wicket/vid243_1.avi,Down The Wicket,Down The Wicket
data/raw/CricShoot10kShootDataset/Square Cut/vid525_31.avi,Square Cut,Square Cut
data/raw/CricShoot10kShootDataset/Lofted Offside/vid107_30.avi,Lofted Offside,Lofted Offside
data/raw/CricShoot10kShootDataset/Lofted Legside/vid34_23.avi,Lofted Legside,Lofted Legside
data/raw/CricShoot10kShootDataset/Flick/vid130_1.avi,Flick,Flick
data/raw/CricShoot10kShootDataset/Pull/vid326_19.avi,Pull,Pull
data/raw/CricShoot10kShootDataset/Flick/vid321_24.avi,Flick,Flick
data/raw/CricShoot10kShootDataset/Scoop/vid324_37.avi,Scoop,Scoop
data/raw/CricShoot10kShootDataset/Flick/vid120_18.avi,Flick,Flick
data/raw/CricShoot10kShootDataset/Down The Wicket/vid130_33.avi,Down The Wicket,Down The Wicket
data/raw/CricShoot10kShootDataset/Lofted Legside/vid350_22.avi,Lofted Legside,Lofted Legside
data/raw/CricShoot10kShootDataset/Reverse Sweep/vid75_7.avi,Reverse Sweep,Reverse Sweep
data/raw/CricShoot10kShootDataset/Hook/vid526_42.avi,Hook,Hook
data/raw/CricShoot10kShootDataset/Defensive/vid378_2.avi,Defensive,Defensive
data/raw/CricShoot10kShootDataset/Pull/vid505_6.avi,Pull,Pull
data/raw/CricShoot10kShootDataset/Sweep/vid502_7.avi,Sweep,Sweep
data/raw/CricShoot10kShootDataset/Lofted Offside/vid369_46.avi,Lofted Offside,Lofted Offside
data/raw/CricShoot10kShootDataset/Flick/vid510_20.avi,Flick,Flick
data/raw/CricShoot10kShootDataset/Cover Drive/vid140_12.avi,Cover Drive,Cover Drive
data/raw/CricShoot10kShootDataset/Sweep/vid6_16.avi,Sweep,Sweep
data/raw/CricShoot10kShootDataset/Down The Wicket/vid465_35.avi,Down The Wicket,Down The Wicket
data/raw/CricShoot10kShootDataset/Straight Drive/vid236_2.avi,Straight Drive,Straight Drive
data/raw/CricShoot10kShootDataset/Cover Drive/vid501_9.avi,Cover Drive,Cover Drive
data/raw/CricShoot10kShootDataset/Flick/vid235_15.avi,Flick,Flick
data/raw/CricShoot10kShootDataset/Defensive/vid368_38.avi,Defensive,Defensive
data/raw/CricShoot10kShootDataset/Lofted Legside/vid320_19.avi,Lofted Legside,Lofted Legside
data/raw/CricShoot10kShootDataset/Hook/vid361_18.avi,Hook,Hook
data/raw/CricShoot10kShootDataset/Lofted Offside/vid335_14.avi,Lofted Offside,Lofted Offside
data/raw/CricShoot10kShootDataset/Late Cut/vid126_36.avi,Late Cut,Late Cut
data/raw/CricShoot10kShootDataset/Sweep/vid511_6.avi,Sweep,Sweep
data/raw/CricShoot10kShootDataset/Down The Wicket/vid443_65.avi,Down The Wicket,Down The Wicket
data/raw/CricShoot10kShootDataset/Straight Drive/vid122_23.avi,Straight Drive,Straight Drive
data/raw/CricShoot10kShootDataset/Lofted Offside/vid330_7.avi,Lofted Offside,Lofted Offside
data/raw/CricShoot10kShootDataset/Sweep/vid449_22.avi,Sweep,Sweep
data/raw/CricShoot10kShootDataset/Scoop/vid208_23.avi,Scoop,Scoop
data/raw/CricShoot10kShootDataset/Sweep/vid231_14.avi,Sweep,Sweep
data/raw/CricShoot10kShootDataset/Down The Wicket/vid272_1.avi,Down The Wicket,Down The Wicket
data/raw/CricShoot10kShootDataset/Defensive/vid2_27.avi,Defensive,Defensive
data/raw/CricShoot10kShootDataset/Sweep/vid487_7.avi,Sweep,Sweep
data/raw/CricShoot10kShootDataset/Square Cut/vid146_12.avi,Square Cut,Square Cut
data/raw/CricShoot10kShootDataset/Sweep/vid63_29.avi,Sweep,Sweep
data/raw/CricShoot10kShootDataset/Lofted Legside/vid486_65.avi,Lofted Legside,Lofted Legside
data/raw/CricShoot10kShootDataset/Lofted Offside/vid345_9.avi,Lofted Offside,Lofted Offside
data/raw/CricShoot10kShootDataset/Lofted Offside/vid357_37.avi,Lofted Offside,Lofted Offside
data/raw/CricShoot10kShootDataset/Flick/vid302_3.avi,Flick,Flick
data/raw/CricShoot10kShootDataset/Flick/vid369_49.avi,Flick,Flick
data/raw/CricShoot10kShootDataset/Sweep/vid54_18.avi,Sweep,Sweep
data/raw/CricShoot10kShootDataset/Scoop/vid373_2.avi,Scoop,Scoop
data/raw/CricShoot10kShootDataset/Lofted Legside/vid312_9.avi,Lofted Legside,Lofted Legside
data/raw/CricShoot10kShootDataset/Cover Drive/vid531_39.avi,Cover Drive,Cover Drive
data/raw/CricShoot10kShootDataset/Hook/vid360_23.avi,Hook,Hook
data/raw/CricShoot10kShootDataset/Scoop/vid210_35.avi,Scoop,Scoop
data/raw/CricShoot10kShootDataset/Square Cut/vid237_15.avi,Square Cut,Square Cut
data/raw/CricShoot10kShootDataset/Cover Drive/vid125_14.avi,Cover Drive,Cover Drive
data/raw/CricShoot10kShootDataset/Flick/vid31_26.avi,Flick,Flick
data/raw/CricShoot10kShootDataset/Hook/vid151_17.avi,Hook,Hook
data/raw/CricShoot10kShootDataset/Lofted Legside/vid490_34.avi,Lofted Legside,Lofted Legside
data/raw/CricShoot10kShootDataset/Late Cut/vid125_13.avi,Late Cut,Late Cut
data/raw/CricShoot10kShootDataset/Pull/vid37_33.avi,Pull,Pull
data/raw/CricShoot10kShootDataset/Square Cut/vid146_26.avi,Square Cut,Square Cut
data/raw/CricShoot10kShootDataset/Lofted Legside/vid43_71.avi,Lofted Legside,Lofted Legside
data/raw/CricShoot10kShootDataset/Defensive/vid21_2.avi,Defensive,Defensive
data/raw/CricShoot10kShootDataset/Pull/vid2_28.avi,Pull,Pull
data/raw/CricShoot10kShootDataset/Lofted Legside/vid482_45.avi,Lofted Legside,Lofted Legside
data/raw/CricShoot10kShootDataset/Down The Wicket/vid234_24.avi,Down The Wicket,Down The Wicket
data/raw/CricShoot10kShootDataset/Defensive/vid40_51.avi,Defensive,Defensive
data/raw/CricShoot10kShootDataset/Lofted Legside/vid362_18.avi,Lofted Legside,Lofted Legside
data/raw/CricShoot10kShootDataset/Defensive/vid508_27.avi,Defensive,Defensive
data/raw/CricShoot10kShootDataset/Sweep/vid444_23.avi,Sweep,Sweep
data/raw/CricShoot10kShootDataset/Cover Drive/vid208_5.avi,Cover Drive,Cover Drive
data/raw/CricShoot10kShootDataset/Sweep/vid62_47.avi,Sweep,Sweep
data/raw/CricShoot10kShootDataset/Lofted Offside/vid216_20.avi,Lofted Offside,Lofted Offside
data/raw/CricShoot10kShootDataset/Square Cut/vid61_15.avi,Square Cut,Square Cut
data/raw/CricShoot10kShootDataset/Sweep/vid509_40.avi,Sweep,Sweep
data/raw/CricShoot10kShootDataset/Straight Drive/vid126_38.avi,Straight Drive,Straight Drive
data/raw/CricShoot10kShootDataset/Lofted Legside/vid502_3.avi,Lofted Legside,Lofted Legside
data/raw/CricShoot10kShootDataset/Scoop/vid511_18.avi,Scoop,Scoop
data/raw/CricShoot10kShootDataset/Flick/vid294_20.avi,Flick,Flick
data/raw/CricShoot10kShootDataset/Late Cut/vid177_10.avi,Late Cut,Late Cut
data/raw/CricShoot10kShootDataset/Defensive/vid301_6.avi,Defensive,Defensive
data/raw/CricShoot10kShootDataset/Upper Cut/vid133_14.avi,Upper Cut,Upper Cut
data/raw/CricShoot10kShootDataset/Sweep/vid135_15.avi,Sweep,Sweep
data/raw/CricShoot10kShootDataset/Late Cut/vid485_22.avi,Late Cut,Late Cut
data/raw/CricShoot10kShootDataset/Lofted Legside/vid118_3.avi,Lofted Legside,Lofted Legside
data/raw/CricShoot10kShootDataset/Flick/vid258_50.avi,Flick,Flick
data/raw/CricShoot10kShootDataset/Down The Wicket/vid23_43.avi,Down The Wicket,Down The Wicket
data/raw/CricShoot10kShootDataset/Reverse Sweep/vid392_22.avi,Reverse Sweep,Reverse Sweep
data/raw/CricShoot10kShootDataset/Lofted Legside/vid361_13.avi,Lofted Legside,Lofted Legside
data/raw/CricShoot10kShootDataset/Lofted Legside/vid182_21.avi,Lofted Legside,Lofted Legside
data/raw/CricShoot10kShootDataset/Pull/vid492_6.avi,Pull,Pull
data/raw/CricShoot10kShootDataset/Hook/vid530_47.avi,Hook,Hook
data/raw/CricShoot10kShootDataset/Hook/vid368_17.avi,Hook,Hook
data/raw/CricShoot10kShootDataset/Flick/vid14_43.avi,Flick,Flick
data/raw/CricShoot10kShootDataset/Sweep/vid69_22.avi,Sweep,Sweep
data/raw/CricShoot10kShootDataset/Square Cut/vid232_6.avi,Square Cut,Square Cut
data/raw/CricShoot10kShootDataset/Lofted Legside/vid363_45.avi,Lofted Legside,Lofted Legside
data/raw/CricShoot10kShootDataset/Straight Drive/vid448_40.avi,Straight Drive,Straight Drive
data/raw/CricShoot10kShootDataset/Pull/vid393_21.avi,Pull,Pull
data/raw/CricShoot10kShootDataset/Hook/vid522_17.avi,Hook,Hook
data/raw/CricShoot10kShootDataset/Pull/vid14_60.avi,Pull,Pull
data/raw/CricShoot10kShootDataset/Lofted Offside/vid388_3.avi,Lofted Offside,Lofted Offside
data/raw/CricShoot10kShootDataset/Lofted Legside/vid364_59.avi,Lofted Legside,Lofted Legside
data/raw/CricShoot10kShootDataset/Lofted Legside/vid83_1.avi,Lofted Legside,Lofted Legside
data/raw/CricShoot10kShootDataset/Hook/vid535_34.avi,Hook,Hook
data/raw/CricShoot10kShootDataset/Down The Wicket/vid385_20.avi,Down The Wicket,Down The Wicket
data/raw/CricShoot10kShootDataset/Flick/vid62_29.avi,Flick,Flick
data/raw/CricShoot10kShootDataset/Sweep/vid449_35.avi,Sweep,Sweep
data/raw/CricShoot10kShootDataset/Lofted Legside/vid439_39.avi,Lofted Legside,Lofted Legside
data/raw/CricShoot10kShootDataset/Square Cut/vid245_50.avi,Square Cut,Square Cut
data/raw/CricShoot10kShootDataset/Lofted Legside/vid31_40.avi,Lofted Legside,Lofted Legside
data/raw/CricShoot10kShootDataset/Upper Cut/vid512_1.avi,Upper Cut,Upper Cut
data/raw/CricShoot10kShootDataset/Flick/vid241_2.avi,Flick,Flick
data/raw/CricShoot10kShootDataset/Defensive/vid320_0.avi,Defensive,Defensive
data/raw/CricShoot10kShootDataset/Square Cut/vid456_9.avi,Square Cut,Square Cut
data/raw/CricShoot10kShootDataset/Hook/vid38_21.avi,Hook,Hook
data/raw/CricShoot10kShootDataset/Defensive/vid216_0.avi,Defensive,Defensive
data/raw/CricShoot10kShootDataset/Lofted Offside/vid475_3.avi,Lofted Offside,Lofted Offside
data/raw/CricShoot10kShootDataset/Defensive/vid55_5.avi,Defensive,Defensive
data/raw/CricShoot10kShootDataset/Cover Drive/vid358_22.avi,Cover Drive,Cover Drive
data/raw/CricShoot10kShootDataset/Down The Wicket/vid213_15.avi,Down The Wicket,Down The Wicket
data/raw/CricShoot10kShootDataset/Pull/vid369_54.avi,Pull,Pull
data/raw/CricShoot10kShootDataset/Reverse Sweep/vid257_28.avi,Reverse Sweep,Reverse Sweep
data/raw/CricShoot10kShootDataset/Square Cut/vid23_18.avi,Square Cut,Square Cut
data/raw/CricShoot10kShootDataset/Down The Wicket/vid106_4.avi,Down The Wicket,Down The Wicket
data/raw/CricShoot10kShootDataset/Square Cut/vid40_26.avi,Square Cut,Square Cut
data/raw/CricShoot10kShootDataset/Square Cut/vid68_0.avi,Square Cut,Square Cut
data/raw/CricShoot10kShootDataset/Cover Drive/vid108_2.avi,Cover Drive,Cover Drive
data/raw/CricShoot10kShootDataset/Down The Wicket/vid278_5.avi,Down The Wicket,Down The Wicket
data/raw/CricShoot10kShootDataset/Upper Cut/vid132_9.avi,Upper Cut,Upper Cut
data/raw/CricShoot10kShootDataset/Upper Cut/vid172_26.avi,Upper Cut,Upper Cut
data/raw/CricShoot10kShootDataset/Hook/vid364_56.avi,Hook,Hook
data/raw/CricShoot10kShootDataset/Lofted Offside/vid211_30.avi,Lofted Offside,Lofted Offside
data/raw/CricShoot10kShootDataset/Down The Wicket/vid454_39.avi,Down The Wicket,Down The Wicket
data/raw/CricShoot10kShootDataset/Lofted Offside/vid37_25.avi,Lofted Offside,Lofted Offside
data/raw/CricShoot10kShootDataset/Upper Cut/vid141_3.avi,Upper Cut,Upper Cut
data/raw/CricShoot10kShootDataset/Sweep/vid384_69.avi,Sweep,Sweep
data/raw/CricShoot10kShootDataset/Lofted Offside/vid376_15.avi,Lofted Offside,Lofted Offside
data/raw/CricShoot10kShootDataset/Lofted Offside/vid449_55.avi,Lofted Offside,Lofted Offside
data/raw/CricShoot10kShootDataset/Lofted Legside/vid383_15.avi,Lofted Legside,Lofted Legside
data/raw/CricShoot10kShootDataset/Defensive/vid228_9.avi,Defensive,Defensive
data/raw/CricShoot10kShootDataset/Lofted Offside/vid413_15.avi,Lofted Offside,Lofted Offside
data/raw/CricShoot10kShootDataset/Square Cut/vid507_5.avi,Square Cut,Square Cut
data/raw/CricShoot10kShootDataset/Lofted Offside/vid391_24.avi,Lofted Offside,Lofted Offside
data/raw/CricShoot10kShootDataset/Pull/vid126_3.avi,Pull,Pull
data/raw/CricShoot10kShootDataset/Upper Cut/vid122_22.avi,Upper Cut,Upper Cut
data/raw/CricShoot10kShootDataset/Late Cut/vid57_42.avi,Late Cut,Late Cut
data/raw/CricShoot10kShootDataset/Square Cut/vid439_50.avi,Square Cut,Square Cut
data/raw/CricShoot10kShootDataset/Hook/vid362_5.avi,Hook,Hook
data/raw/CricShoot10kShootDataset/Scoop/vid47_12.avi,Scoop,Scoop
data/raw/CricShoot10kShootDataset/Square Cut/vid498_6.avi,Square Cut,Square Cut
data/raw/CricShoot10kShootDataset/Square Cut/vid318_13.avi,Square Cut,Square Cut
data/raw/CricShoot10kShootDataset/Defensive/vid159_15.avi,Defensive,Defensive
data/raw/CricShoot10kShootDataset/Down The Wicket/vid521_11.avi,Down The Wicket,Down The Wicket
data/raw/CricShoot10kShootDataset/Sweep/vid444_15.avi,Sweep,Sweep
data/raw/CricShoot10kShootDataset/Lofted Legside/vid513_46.avi,Lofted Legside,Lofted Legside
data/raw/CricShoot10kShootDataset/Flick/vid235_3.avi,Flick,Flick
data/raw/CricShoot10kShootDataset/Lofted Legside/vid489_11.avi,Lofted Legside,Lofted Legside
data/raw/CricShoot10kShootDataset/Straight Drive/vid485_36.avi,Straight Drive,Straight Drive
data/raw/CricShoot10kShootDataset/Cover Drive/vid354_16.avi,Cover Drive,Cover Drive
data/raw/CricShoot10kShootDataset/Flick/vid231_5.avi,Flick,Flick
data/raw/CricShoot10kShootDataset/Pull/vid166_9.avi,Pull,Pull
data/raw/CricShoot10kShootDataset/Sweep/vid129_26.avi,Sweep,Sweep
data/raw/CricShoot10kShootDataset/Lofted Offside/vid25_17.avi,Lofted Offside,Lofted Offside
data/raw/CricShoot10kShootDataset/Lofted Offside/vid330_26.avi,Lofted Offside,Lofted Offside
data/raw/CricShoot10kShootDataset/Reverse Sweep/vid381_11.avi,Reverse Sweep,Reverse Sweep
data/raw/CricShoot10kShootDataset/Late Cut/vid70_20.avi,Late Cut,Late Cut
data/raw/CricShoot10kShootDataset/Lofted Offside/vid40_71.avi,Lofted Offside,Lofted Offside
data/raw/CricShoot10kShootDataset/Flick/vid173_5.avi,Flick,Flick
data/raw/CricShoot10kShootDataset/Straight Drive/vid72_4.avi,Straight Drive,Straight Drive
data/raw/CricShoot10kShootDataset/Down The Wicket/vid461_51.avi,Down The Wicket,Down The Wicket
data/raw/CricShoot10kShootDataset/Lofted Legside/vid43_51.avi,Lofted Legside,Lofted Legside
data/raw/CricShoot10kShootDataset/Square Cut/vid516_64.avi,Square Cut,Square Cut
data/raw/CricShoot10kShootDataset/Lofted Legside/vid292_21.avi,Lofted Legside,Lofted Legside
data/raw/CricShoot10kShootDataset/Lofted Offside/vid211_11.avi,Lofted Offside,Lofted Offside
data/raw/CricShoot10kShootDataset/Hook/vid109_41.avi,Hook,Hook
data/raw/CricShoot10kShootDataset/Lofted Offside/vid530_27.avi,Lofted Offside,Lofted Offside
data/raw/CricShoot10kShootDataset/Lofted Offside/vid519_60.avi,Lofted Offside,Lofted Offside
data/raw/CricShoot10kShootDataset/Lofted Legside/vid341_21.avi,Lofted Legside,Lofted Legside
data/raw/CricShoot10kShootDataset/Pull/vid81_9.avi,Pull,Pull
data/raw/CricShoot10kShootDataset/Sweep/vid515_54.avi,Sweep,Sweep
data/raw/CricShoot10kShootDataset/Down The Wicket/vid99_3.avi,Down The Wicket,Down The Wicket
data/raw/CricShoot10kShootDataset/Square Cut/vid226_38.avi,Square Cut,Square Cut
data/raw/CricShoot10kShootDataset/Upper Cut/vid227_17.avi,Upper Cut,Upper Cut
data/raw/CricShoot10kShootDataset/Square Cut/vid532_2.avi,Square Cut,Square Cut
data/raw/CricShoot10kShootDataset/Flick/vid526_1.avi,Flick,Flick
data/raw/CricShoot10kShootDataset/Lofted Legside/vid471_26.avi,Lofted Legside,Lofted Legside
data/raw/CricShoot10kShootDataset/Down The Wicket/vid420_16.avi,Down The Wicket,Down The Wicket
data/raw/CricShoot10kShootDataset/Pull/vid207_53.avi,Pull,Pull
data/raw/CricShoot10kShootDataset/Down The Wicket/vid434_69.avi,Down The Wicket,Down The Wicket
data/raw/CricShoot10kShootDataset/Hook/vid108_31.avi,Hook,Hook
data/raw/CricShoot10kShootDataset/Flick/vid367_40.avi,Flick,Flick
data/raw/CricShoot10kShootDataset/Sweep/vid437_48.avi,Sweep,Sweep
data/raw/CricShoot10kShootDataset/Cover Drive/vid209_6.avi,Cover Drive,Cover Drive
data/raw/CricShoot10kShootDataset/Straight Drive/vid227_36.avi,Straight Drive,Straight Drive
data/raw/CricShoot10kShootDataset/Scoop/vid506_1.avi,Scoop,Scoop
data/raw/CricShoot10kShootDataset/Pull/vid141_36.avi,Pull,Pull
data/raw/CricShoot10kShootDataset/Cover Drive/vid72_1.avi,Cover Drive,Cover Drive
data/raw/CricShoot10kShootDataset/Lofted Legside/vid527_5.avi,Lofted Legside,Lofted Legside
data/raw/CricShoot10kShootDataset/Sweep/vid285_6.avi,Sweep,Sweep
data/raw/CricShoot10kShootDataset/Sweep/vid167_9.avi,Sweep,Sweep
data/raw/CricShoot10kShootDataset/Hook/vid482_43.avi,Hook,Hook
data/raw/CricShoot10kShootDataset/Lofted Legside/vid482_9.avi,Lofted Legside,Lofted Legside
data/raw/CricShoot10kShootDataset/Lofted Offside/vid451_29.avi,Lofted Offside,Lofted Offside
data/raw/CricShoot10kShootDataset/Sweep/vid469_45.avi,Sweep,Sweep
data/raw/CricShoot10kShootDataset/Cover Drive/vid424_6.avi,Cover Drive,Cover Drive
data/raw/CricShoot10kShootDataset/Lofted Offside/vid484_6.avi,Lofted Offside,Lofted Offside
data/raw/CricShoot10kShootDataset/Lofted Legside/vid522_69.avi,Lofted Legside,Lofted Legside
data/raw/CricShoot10kShootDataset/Pull/vid357_33.avi,Pull,Pull
data/raw/CricShoot10kShootDataset/Down The Wicket/vid273_13.avi,Down The Wicket,Down The Wicket
data/raw/CricShoot10kShootDataset/Reverse Sweep/vid474_0.avi,Reverse Sweep,Reverse Sweep
data/raw/CricShoot10kShootDataset/Cover Drive/vid359_39.avi,Cover Drive,Cover Drive
data/raw/CricShoot10kShootDataset/Lofted Legside/vid449_15.avi,Lofted Legside,Lofted Legside
data/raw/CricShoot10kShootDataset/Upper Cut/vid80_37.avi,Upper Cut,Upper Cut
data/raw/CricShoot10kShootDataset/Straight Drive/vid224_19.avi,Straight Drive,Straight Drive
data/raw/CricShoot10kShootDataset/Square Cut/vid223_27.avi,Square Cut,Square Cut
data/raw/CricShoot10kShootDataset/Square Cut/vid503_8.avi,Square Cut,Square Cut
data/raw/CricShoot10kShootDataset/Lofted Legside/vid102_23.avi,Lofted Legside,Lofted Legside
data/raw/CricShoot10kShootDataset/Cover Drive/vid295_34.avi,Cover Drive,Cover Drive
data/raw/CricShoot10kShootDataset/Upper Cut/vid121_6.avi,Upper Cut,Upper Cut
data/raw/CricShoot10kShootDataset/Lofted Legside/vid123_35.avi,Lofted Legside,Lofted Legside
data/raw/CricShoot10kShootDataset/Square Cut/vid448_21.avi,Square Cut,Square Cut
data/raw/CricShoot10kShootDataset/Reverse Sweep/vid90_48.avi,Reverse Sweep,Reverse Sweep
data/raw/CricShoot10kShootDataset/Pull/vid373_32.avi,Pull,Pull
data/raw/CricShoot10kShootDataset/Flick/vid469_27.avi,Flick,Flick
data/raw/CricShoot10kShootDataset/Square Cut/vid357_79.avi,Square Cut,Square Cut
data/raw/CricShoot10kShootDataset/Square Cut/vid460_42.avi,Square Cut,Square Cut
data/raw/CricShoot10kShootDataset/Hook/vid514_4.avi,Hook,Hook
data/raw/CricShoot10kShootDataset/Square Cut/vid187_2.avi,Square Cut,Square Cut
data/raw/CricShoot10kShootDataset/Flick/vid121_11.avi,Flick,Flick
data/raw/CricShoot10kShootDataset/Defensive/vid204_1.avi,Defensive,Defensive
data/raw/CricShoot10kShootDataset/Square Cut/vid250_9.avi,Square Cut,Square Cut
data/raw/CricShoot10kShootDataset/Down The Wicket/vid23_39.avi,Down The Wicket,Down The Wicket
data/raw/CricShoot10kShootDataset/Square Cut/vid469_0.avi,Square Cut,Square Cut
data/raw/CricShoot10kShootDataset/Upper Cut/vid233_17.avi,Upper Cut,Upper Cut
data/raw/CricShoot10kShootDataset/Sweep/vid50_14.avi,Sweep,Sweep
data/raw/CricShoot10kShootDataset/Cover Drive/vid251_2.avi,Cover Drive,Cover Drive
data/raw/CricShoot10kShootDataset/Straight Drive/vid312_21.avi,Straight Drive,Straight Drive
data/raw/CricShoot10kShootDataset/Lofted Offside/vid384_71.avi,Lofted Offside,Lofted Offside
data/raw/CricShoot10kShootDataset/Defensive/vid345_16.avi,Defensive,Defensive
data/raw/CricShoot10kShootDataset/Straight Drive/vid179_2.avi,Straight Drive,Straight Drive
data/raw/CricShoot10kShootDataset/Down The Wicket/vid41_16.avi,Down The Wicket,Down The Wicket
data/raw/CricShoot10kShootDataset/Square Cut/vid203_59.avi,Square Cut,Square Cut
data/raw/CricShoot10kShootDataset/Flick/vid117_23.avi,Flick,Flick
data/raw/CricShoot10kShootDataset/Reverse Sweep/vid392_24.avi,Reverse Sweep,Reverse Sweep
data/raw/CricShoot10kShootDataset/Square Cut/vid253_18.avi,Square Cut,Square Cut
data/raw/CricShoot10kShootDataset/Square Cut/vid439_42.avi,Square Cut,Square Cut
data/raw/CricShoot10kShootDataset/Pull/vid141_28.avi,Pull,Pull
data/raw/CricShoot10kShootDataset/Straight Drive/vid313_23.avi,Straight Drive,Straight Drive
data/raw/CricShoot10kShootDataset/Lofted Legside/vid387_54.avi,Lofted Legside,Lofted Legside
data/raw/CricShoot10kShootDataset/Lofted Offside/vid140_22.avi,Lofted Offside,Lofted Offside
data/raw/CricShoot10kShootDataset/Square Cut/vid225_16.avi,Square Cut,Square Cut
data/raw/CricShoot10kShootDataset/Sweep/vid529_10.avi,Sweep,Sweep
data/raw/CricShoot10kShootDataset/Straight Drive/vid106_16.avi,Straight Drive,Straight Drive
data/raw/CricShoot10kShootDataset/Defensive/vid229_34.avi,Defensive,Defensive
data/raw/CricShoot10kShootDataset/Defensive/vid306_0.avi,Defensive,Defensive
data/raw/CricShoot10kShootDataset/Square Cut/vid384_75.avi,Square Cut,Square Cut
data/raw/CricShoot10kShootDataset/Lofted Offside/vid51_47.avi,Lofted Offside,Lofted Offside
data/raw/CricShoot10kShootDataset/Down The Wicket/vid467_11.avi,Down The Wicket,Down The Wicket
data/raw/CricShoot10kShootDataset/Scoop/vid520_58.avi,Scoop,Scoop
data/raw/CricShoot10kShootDataset/Hook/vid237_34.avi,Hook,Hook
data/raw/CricShoot10kShootDataset/Sweep/vid90_17.avi,Sweep,Sweep
data/raw/CricShoot10kShootDataset/Hook/vid489_38.avi,Hook,Hook
data/raw/CricShoot10kShootDataset/Square Cut/vid204_24.avi,Square Cut,Square Cut
data/raw/CricShoot10kShootDataset/Straight Drive/vid49_1.avi,Straight Drive,Straight Drive
data/raw/CricShoot10kShootDataset/Late Cut/vid363_30.avi,Late Cut,Late Cut
data/raw/CricShoot10kShootDataset/Sweep/vid516_16.avi,Sweep,Sweep
data/raw/CricShoot10kShootDataset/Square Cut/vid227_34.avi,Square Cut,Square Cut
data/raw/CricShoot10kShootDataset/Square Cut/vid331_43.avi,Square Cut,Square Cut
data/raw/CricShoot10kShootDataset/Lofted Legside/vid40_41.avi,Lofted Legside,Lofted Legside
data/raw/CricShoot10kShootDataset/Straight Drive/vid24_6.avi,Straight Drive,Straight Drive
data/raw/CricShoot10kShootDataset/Flick/vid242_26.avi,Flick,Flick
data/raw/CricShoot10kShootDataset/Lofted Legside/vid421_6.avi,Lofted Legside,Lofted Legside
data/raw/CricShoot10kShootDataset/Defensive/vid313_17.avi,Defensive,Defensive
data/raw/CricShoot10kShootDataset/Defensive/vid393_42.avi,Defensive,Defensive
data/raw/CricShoot10kShootDataset/Lofted Offside/vid363_23.avi,Lofted Offside,Lofted Offside
data/raw/CricShoot10kShootDataset/Lofted Legside/vid476_17.avi,Lofted Legside,Lofted Legside
data/raw/CricShoot10kShootDataset/Reverse Sweep/vid480_39.avi,Reverse Sweep,Reverse Sweep
data/raw/CricShoot10kShootDataset/Cover Drive/vid288_0.avi,Cover Drive,Cover Drive
data/raw/CricShoot10kShootDataset/Down The Wicket/vid442_62.avi,Down The Wicket,Down The Wicket
data/raw/CricShoot10kShootDataset/Defensive/vid169_23.avi,Defensive,Defensive
data/raw/CricShoot10kShootDataset/Cover Drive/vid134_2.avi,Cover Drive,Cover Drive
data/raw/CricShoot10kShootDataset/Down The Wicket/vid422_39.avi,Down The Wicket,Down The Wicket
data/raw/CricShoot10kShootDataset/Late Cut/vid1_33.avi,Late Cut,Late Cut
data/raw/CricShoot10kShootDataset/Sweep/vid86_20.avi,Sweep,Sweep
data/raw/CricShoot10kShootDataset/Flick/vid334_5.avi,Flick,Flick
data/raw/CricShoot10kShootDataset/Straight Drive/vid481_33.avi,Straight Drive,Straight Drive
data/raw/CricShoot10kShootDataset/Straight Drive/vid511_25.avi,Straight Drive,Straight Drive
data/raw/CricShoot10kShootDataset/Lofted Offside/vid371_14.avi,Lofted Offside,Lofted Offside
data/raw/CricShoot10kShootDataset/Square Cut/vid54_39.avi,Square Cut,Square Cut
data/raw/CricShoot10kShootDataset/Down The Wicket/vid229_11.avi,Down The Wicket,Down The Wicket
data/raw/CricShoot10kShootDataset/Defensive/vid240_62.avi,Defensive,Defensive
data/raw/CricShoot10kShootDataset/Hook/vid265_13.avi,Hook,Hook
data/raw/CricShoot10kShootDataset/Down The Wicket/vid71_28.avi,Down The Wicket,Down The Wicket
data/raw/CricShoot10kShootDataset/Defensive/vid235_10.avi,Defensive,Defensive
data/raw/CricShoot10kShootDataset/Lofted Offside/vid387_8.avi,Lofted Offside,Lofted Offside
data/raw/CricShoot10kShootDataset/Square Cut/vid435_43.avi,Square Cut,Square Cut
data/raw/CricShoot10kShootDataset/Lofted Offside/vid419_14.avi,Lofted Offside,Lofted Offside
data/raw/CricShoot10kShootDataset/Defensive/vid482_15.avi,Defensive,Defensive
data/raw/CricShoot10kShootDataset/Square Cut/vid447_29.avi,Square Cut,Square Cut
data/raw/CricShoot10kShootDataset/Late Cut/vid93_46.avi,Late Cut,Late Cut
data/raw/CricShoot10kShootDataset/Reverse Sweep/vid206_11.avi,Reverse Sweep,Reverse Sweep
data/raw/CricShoot10kShootDataset/Late Cut/vid240_54.avi,Late Cut,Late Cut
data/raw/CricShoot10kShootDataset/Square Cut/vid432_28.avi,Square Cut,Square Cut
data/raw/CricShoot10kShootDataset/Lofted Legside/vid217_58.avi,Lofted Legside,Lofted Legside
data/raw/CricShoot10kShootDataset/Square Cut/vid99_28.avi,Square Cut,Square Cut
data/raw/CricShoot10kShootDataset/Lofted Offside/vid384_87.avi,Lofted Offside,Lofted Offside
data/raw/CricShoot10kShootDataset/Upper Cut/vid8_48.avi,Upper Cut,Upper Cut
data/raw/CricShoot10kShootDataset/Sweep/vid110_8.avi,Sweep,Sweep
data/raw/CricShoot10kShootDataset/Flick/vid316_6.avi,Flick,Flick
data/raw/CricShoot10kShootDataset/Hook/vid283_0.avi,Hook,Hook
data/raw/CricShoot10kShootDataset/Flick/vid241_15.avi,Flick,Flick
data/raw/CricShoot10kShootDataset/Scoop/vid448_47.avi,Scoop,Scoop
data/raw/CricShoot10kShootDataset/Pull/vid514_24.avi,Pull,Pull
data/raw/CricShoot10kShootDataset/Flick/vid382_18.avi,Flick,Flick
data/raw/CricShoot10kShootDataset/Defensive/vid104_11.avi,Defensive,Defensive
data/raw/CricShoot10kShootDataset/Square Cut/vid510_23.avi,Square Cut,Square Cut
data/raw/CricShoot10kShootDataset/Lofted Legside/vid361_30.avi,Lofted Legside,Lofted Legside
data/raw/CricShoot10kShootDataset/Lofted Legside/vid528_58.avi,Lofted Legside,Lofted Legside
data/raw/CricShoot10kShootDataset/Lofted Legside/vid320_53.avi,Lofted Legside,Lofted Legside
data/raw/CricShoot10kShootDataset/Flick/vid509_30.avi,Flick,Flick
data/raw/CricShoot10kShootDataset/Defensive/vid250_21.avi,Defensive,Defensive
data/raw/CricShoot10kShootDataset/Hook/vid231_12.avi,Hook,Hook
data/raw/CricShoot10kShootDataset/Scoop/vid459_30.avi,Scoop,Scoop
data/raw/CricShoot10kShootDataset/Hook/vid100_13.avi,Hook,Hook
data/raw/CricShoot10kShootDataset/Lofted Offside/vid384_77.avi,Lofted Offside,Lofted Offside
data/raw/CricShoot10kShootDataset/Square Cut/vid535_54.avi,Square Cut,Square Cut
data/raw/CricShoot10kShootDataset/Down The Wicket/vid434_50.avi,Down The Wicket,Down The Wicket
data/raw/CricShoot10kShootDataset/Flick/vid469_28.avi,Flick,Flick
data/raw/CricShoot10kShootDataset/Sweep/vid16_28.avi,Sweep,Sweep
data/raw/CricShoot10kShootDataset/Lofted Offside/vid459_41.avi,Lofted Offside,Lofted Offside
data/raw/CricShoot10kShootDataset/Defensive/vid485_32.avi,Defensive,Defensive
data/raw/CricShoot10kShootDataset/Cover Drive/vid483_1.avi,Cover Drive,Cover Drive
data/raw/CricShoot10kShootDataset/Sweep/vid216_16.avi,Sweep,Sweep
data/raw/CricShoot10kShootDataset/Late Cut/vid531_35.avi,Late Cut,Late Cut
data/raw/CricShoot10kShootDataset/Square Cut/vid338_1.avi,Square Cut,Square Cut
data/raw/CricShoot10kShootDataset/Sweep/vid334_12.avi,Sweep,Sweep
data/raw/CricShoot10kShootDataset/Down The Wicket/vid40_75.avi,Down The Wicket,Down The Wicket
data/raw/CricShoot10kShootDataset/Scoop/vid333_24.avi,Scoop,Scoop
data/raw/CricShoot10kShootDataset/Square Cut/vid168_34.avi,Square Cut,Square Cut
data/raw/CricShoot10kShootDataset/Reverse Sweep/vid65_20.avi,Reverse Sweep,Reverse Sweep
data/raw/CricShoot10kShootDataset/Straight Drive/vid507_0.avi,Straight Drive,Straight Drive
data/raw/CricShoot10kShootDataset/Pull/vid96_20.avi,Pull,Pull
data/raw/CricShoot10kShootDataset/Down The Wicket/vid247_30.avi,Down The Wicket,Down The Wicket
data/raw/CricShoot10kShootDataset/Flick/vid449_31.avi,Flick,Flick
data/raw/CricShoot10kShootDataset/Upper Cut/vid390_46.avi,Upper Cut,Upper Cut
data/raw/CricShoot10kShootDataset/Lofted Offside/vid211_14.avi,Lofted Offside,Lofted Offside
data/raw/CricShoot10kShootDataset/Sweep/vid532_28.avi,Sweep,Sweep
data/raw/CricShoot10kShootDataset/Flick/vid245_1.avi,Flick,Flick
data/raw/CricShoot10kShootDataset/Scoop/vid431_19.avi,Scoop,Scoop
data/raw/CricShoot10kShootDataset/Lofted Legside/vid340_11.avi,Lofted Legside,Lofted Legside
data/raw/CricShoot10kShootDataset/Defensive/vid102_1.avi,Defensive,Defensive
data/raw/CricShoot10kShootDataset/Upper Cut/vid155_16.avi,Upper Cut,Upper Cut
data/raw/CricShoot10kShootDataset/Cover Drive/vid23_44.avi,Cover Drive,Cover Drive
data/raw/CricShoot10kShootDataset/Late Cut/vid336_20.avi,Late Cut,Late Cut
data/raw/CricShoot10kShootDataset/Down The Wicket/vid297_8.avi,Down The Wicket,Down The Wicket
data/raw/CricShoot10kShootDataset/Late Cut/vid28_54.avi,Late Cut,Late Cut
data/raw/CricShoot10kShootDataset/Upper Cut/vid9_22.avi,Upper Cut,Upper Cut
data/raw/CricShoot10kShootDataset/Late Cut/vid293_6.avi,Late Cut,Late Cut
data/raw/CricShoot10kShootDataset/Cover Drive/vid367_41.avi,Cover Drive,Cover Drive
data/raw/CricShoot10kShootDataset/Late Cut/vid444_41.avi,Late Cut,Late Cut
data/raw/CricShoot10kShootDataset/Down The Wicket/vid443_49.avi,Down The Wicket,Down The Wicket
data/raw/CricShoot10kShootDataset/Cover Drive/vid162_41.avi,Cover Drive,Cover Drive
data/raw/CricShoot10kShootDataset/Late Cut/vid446_31.avi,Late Cut,Late Cut
data/raw/CricShoot10kShootDataset/Lofted Offside/vid363_57.avi,Lofted Offside,Lofted Offside
data/raw/CricShoot10kShootDataset/Hook/vid87_42.avi,Hook,Hook
data/raw/CricShoot10kShootDataset/Defensive/vid324_4.avi,Defensive,Defensive
data/raw/CricShoot10kShootDataset/Square Cut/vid385_14.avi,Square Cut,Square Cut
data/raw/CricShoot10kShootDataset/Down The Wicket/vid528_21.avi,Down The Wicket,Down The Wicket
data/raw/CricShoot10kShootDataset/Lofted Offside/vid535_27.avi,Lofted Offside,Lofted Offside
data/raw/CricShoot10kShootDataset/Cover Drive/vid2_0.avi,Cover Drive,Cover Drive
data/raw/CricShoot10kShootDataset/Cover Drive/vid180_9.avi,Cover Drive,Cover Drive
data/raw/CricShoot10kShootDataset/Square Cut/vid387_1.avi,Square Cut,Square Cut
data/raw/CricShoot10kShootDataset/Square Cut/vid517_12.avi,Square Cut,Square Cut
data/raw/CricShoot10kShootDataset/Lofted Legside/vid332_22.avi,Lofted Legside,Lofted Legside
data/raw/CricShoot10kShootDataset/Lofted Offside/vid511_30.avi,Lofted Offside,Lofted Offside
data/raw/CricShoot10kShootDataset/Pull/vid516_26.avi,Pull,Pull
data/raw/CricShoot10kShootDataset/Square Cut/vid152_17.avi,Square Cut,Square Cut
data/raw/CricShoot10kShootDataset/Pull/vid207_41.avi,Pull,Pull
data/raw/CricShoot10kShootDataset/Down The Wicket/vid160_21.avi,Down The Wicket,Down The Wicket
data/raw/CricShoot10kShootDataset/Lofted Offside/vid517_31.avi,Lofted Offside,Lofted Offside
data/raw/CricShoot10kShootDataset/Sweep/vid533_6.avi,Sweep,Sweep
data/raw/CricShoot10kShootDataset/Hook/vid298_28.avi,Hook,Hook
data/raw/CricShoot10kShootDataset/Sweep/vid390_4.avi,Sweep,Sweep
data/raw/CricShoot10kShootDataset/Sweep/vid68_37.avi,Sweep,Sweep
data/raw/CricShoot10kShootDataset/Hook/vid505_26.avi,Hook,Hook
data/raw/CricShoot10kShootDataset/Down The Wicket/vid78_31.avi,Down The Wicket,Down The Wicket
data/raw/CricShoot10kShootDataset/Hook/vid360_62.avi,Hook,Hook
data/raw/CricShoot10kShootDataset/Lofted Offside/vid519_61.avi,Lofted Offside,Lofted Offside
data/raw/CricShoot10kShootDataset/Cover Drive/vid464_29.avi,Cover Drive,Cover Drive
data/raw/CricShoot10kShootDataset/Late Cut/vid487_43.avi,Late Cut,Late Cut
data/raw/CricShoot10kShootDataset/Sweep/vid535_12.avi,Sweep,Sweep
data/raw/CricShoot10kShootDataset/Sweep/vid422_24.avi,Sweep,Sweep
data/raw/CricShoot10kShootDataset/Scoop/vid55_28.avi,Scoop,Scoop
data/raw/CricShoot10kShootDataset/Sweep/vid433_6.avi,Sweep,Sweep
data/raw/CricShoot10kShootDataset/Lofted Legside/vid44_27.avi,Lofted Legside,Lofted Legside
data/raw/CricShoot10kShootDataset/Straight Drive/vid136_7.avi,Straight Drive,Straight Drive
data/raw/CricShoot10kShootDataset/Sweep/vid369_55.avi,Sweep,Sweep
data/raw/CricShoot10kShootDataset/Sweep/vid92_34.avi,Sweep,Sweep
data/raw/CricShoot10kShootDataset/Late Cut/vid125_9.avi,Late Cut,Late Cut
data/raw/CricShoot10kShootDataset/Defensive/vid219_1.avi,Defensive,Defensive
data/raw/CricShoot10kShootDataset/Cover Drive/vid55_47.avi,Cover Drive,Cover Drive
data/raw/CricShoot10kShootDataset/Hook/vid393_11.avi,Hook,Hook
data/raw/CricShoot10kShootDataset/Lofted Offside/vid290_5.avi,Lofted Offside,Lofted Offside
data/raw/CricShoot10kShootDataset/Defensive/vid220_10.avi,Defensive,Defensive
data/raw/CricShoot10kShootDataset/Defensive/vid241_30.avi,Defensive,Defensive
data/raw/CricShoot10kShootDataset/Cover Drive/vid356_21.avi,Cover Drive,Cover Drive
data/raw/CricShoot10kShootDataset/Defensive/vid28_3.avi,Defensive,Defensive
data/raw/CricShoot10kShootDataset/Sweep/vid461_48.avi,Sweep,Sweep
data/raw/CricShoot10kShootDataset/Sweep/vid92_3.avi,Sweep,Sweep
data/raw/CricShoot10kShootDataset/Pull/vid130_7.avi,Pull,Pull
data/raw/CricShoot10kShootDataset/Sweep/vid40_33.avi,Sweep,Sweep
data/raw/CricShoot10kShootDataset/Lofted Legside/vid48_36.avi,Lofted Legside,Lofted Legside
data/raw/CricShoot10kShootDataset/Defensive/vid172_4.avi,Defensive,Defensive
data/raw/CricShoot10kShootDataset/Upper Cut/vid119_3.avi,Upper Cut,Upper Cut
data/raw/CricShoot10kShootDataset/Down The Wicket/vid226_11.avi,Down The Wicket,Down The Wicket
data/raw/CricShoot10kShootDataset/Flick/vid364_57.avi,Flick,Flick
data/raw/CricShoot10kShootDataset/Flick/vid143_0.avi,Flick,Flick
data/raw/CricShoot10kShootDataset/Square Cut/vid467_21.avi,Square Cut,Square Cut
data/raw/CricShoot10kShootDataset/Flick/vid208_1.avi,Flick,Flick
data/raw/CricShoot10kShootDataset/Square Cut/vid438_27.avi,Square Cut,Square Cut
data/raw/CricShoot10kShootDataset/Lofted Offside/vid486_70.avi,Lofted Offside,Lofted Offside
data/raw/CricShoot10kShootDataset/Late Cut/vid315_24.avi,Late Cut,Late Cut
data/raw/CricShoot10kShootDataset/Lofted Offside/vid479_1.avi,Lofted Offside,Lofted Offside
data/raw/CricShoot10kShootDataset/Reverse Sweep/vid366_6.avi,Reverse Sweep,Reverse Sweep
data/raw/CricShoot10kShootDataset/Lofted Legside/vid40_70.avi,Lofted Legside,Lofted Legside
data/raw/CricShoot10kShootDataset/Cover Drive/vid176_0.avi,Cover Drive,Cover Drive
data/raw/CricShoot10kShootDataset/Hook/vid161_10.avi,Hook,Hook
data/raw/CricShoot10kShootDataset/Pull/vid502_31.avi,Pull,Pull
data/raw/CricShoot10kShootDataset/Square Cut/vid107_1.avi,Square Cut,Square Cut
data/raw/CricShoot10kShootDataset/Lofted Legside/vid107_5.avi,Lofted Legside,Lofted Legside
data/raw/CricShoot10kShootDataset/Down The Wicket/vid189_10.avi,Down The Wicket,Down The Wicket
data/raw/CricShoot10kShootDataset/Lofted Legside/vid341_40.avi,Lofted Legside,Lofted Legside
data/raw/CricShoot10kShootDataset/Lofted Offside/vid274_9.avi,Lofted Offside,Lofted Offside
data/raw/CricShoot10kShootDataset/Flick/vid502_1.avi,Flick,Flick
data/raw/CricShoot10kShootDataset/Sweep/vid324_32.avi,Sweep,Sweep
data/raw/CricShoot10kShootDataset/Down The Wicket/vid383_4.avi,Down The Wicket,Down The Wicket
data/raw/CricShoot10kShootDataset/Flick/vid416_17.avi,Flick,Flick
data/raw/CricShoot10kShootDataset/Defensive/vid212_27.avi,Defensive,Defensive
data/raw/CricShoot10kShootDataset/Sweep/vid358_1.avi,Sweep,Sweep
data/raw/CricShoot10kShootDataset/Defensive/vid157_14.avi,Defensive,Defensive
data/raw/CricShoot10kShootDataset/Flick/vid295_24.avi,Flick,Flick
data/raw/CricShoot10kShootDataset/Down The Wicket/vid460_6.avi,Down The Wicket,Down The Wicket
data/raw/CricShoot10kShootDataset/Lofted Legside/vid300_11.avi,Lofted Legside,Lofted Legside
data/raw/CricShoot10kShootDataset/Sweep/vid512_41.avi,Sweep,Sweep
data/raw/CricShoot10kShootDataset/Flick/vid465_21.avi,Flick,Flick
data/raw/CricShoot10kShootDataset/Lofted Legside/vid224_47.avi,Lofted Legside,Lofted Legside
data/raw/CricShoot10kShootDataset/Late Cut/vid148_39.avi,Late Cut,Late Cut
data/raw/CricShoot10kShootDataset/Lofted Offside/vid138_29.avi,Lofted Offside,Lofted Offside
data/raw/CricShoot10kShootDataset/Flick/vid178_1.avi,Flick,Flick
data/raw/CricShoot10kShootDataset/Defensive/vid252_39.avi,Defensive,Defensive
data/raw/CricShoot10kShootDataset/Square Cut/vid85_13.avi,Square Cut,Square Cut
data/raw/CricShoot10kShootDataset/Sweep/vid437_27.avi,Sweep,Sweep
data/raw/CricShoot10kShootDataset/Flick/vid527_70.avi,Flick,Flick
data/raw/CricShoot10kShootDataset/Cover Drive/vid246_5.avi,Cover Drive,Cover Drive
data/raw/CricShoot10kShootDataset/Down The Wicket/vid343_4.avi,Down The Wicket,Down The Wicket
data/raw/CricShoot10kShootDataset/Late Cut/vid172_14.avi,Late Cut,Late Cut
data/raw/CricShoot10kShootDataset/Pull/vid439_30.avi,Pull,Pull
data/raw/CricShoot10kShootDataset/Defensive/vid313_15.avi,Defensive,Defensive
data/raw/CricShoot10kShootDataset/Lofted Offside/vid65_40.avi,Lofted Offside,Lofted Offside
data/raw/CricShoot10kShootDataset/Hook/vid239_12.avi,Hook,Hook
data/raw/CricShoot10kShootDataset/Sweep/vid338_25.avi,Sweep,Sweep
data/raw/CricShoot10kShootDataset/Scoop/vid358_6.avi,Scoop,Scoop
data/raw/CricShoot10kShootDataset/Flick/vid448_10.avi,Flick,Flick
data/raw/CricShoot10kShootDataset/Square Cut/vid250_18.avi,Square Cut,Square Cut
data/raw/CricShoot10kShootDataset/Defensive/vid224_50.avi,Defensive,Defensive
data/raw/CricShoot10kShootDataset/Sweep/vid135_7.avi,Sweep,Sweep
data/raw/CricShoot10kShootDataset/Straight Drive/vid52_0.avi,Straight Drive,Straight Drive
data/raw/CricShoot10kShootDataset/Late Cut/vid241_8.avi,Late Cut,Late Cut
data/raw/CricShoot10kShootDataset/Square Cut/vid223_31.avi,Square Cut,Square Cut
data/raw/CricShoot10kShootDataset/Cover Drive/vid215_36.avi,Cover Drive,Cover Drive
data/raw/CricShoot10kShootDataset/Flick/vid242_1.avi,Flick,Flick
data/raw/CricShoot10kShootDataset/Scoop/vid430_38.avi,Scoop,Scoop
data/raw/CricShoot10kShootDataset/Square Cut/vid441_35.avi,Square Cut,Square Cut
data/raw/CricShoot10kShootDataset/Flick/vid489_23.avi,Flick,Flick
data/raw/CricShoot10kShootDataset/Lofted Legside/vid431_1.avi,Lofted Legside,Lofted Legside
data/raw/CricShoot10kShootDataset/Lofted Offside/vid530_5.avi,Lofted Offside,Lofted Offside
data/raw/CricShoot10kShootDataset/Cover Drive/vid223_19.avi,Cover Drive,Cover Drive
data/raw/CricShoot10kShootDataset/Sweep/vid131_18.avi,Sweep,Sweep
data/raw/CricShoot10kShootDataset/Lofted Legside/vid487_15.avi,Lofted Legside,Lofted Legside
data/raw/CricShoot10kShootDataset/Straight Drive/vid300_2.avi,Straight Drive,Straight Drive
data/raw/CricShoot10kShootDataset/Hook/vid518_41.avi,Hook,Hook
data/raw/CricShoot10kShootDataset/Cover Drive/vid153_0.avi,Cover Drive,Cover Drive
data/raw/CricShoot10kShootDataset/Straight Drive/vid299_34.avi,Straight Drive,Straight Drive
data/raw/CricShoot10kShootDataset/Straight Drive/vid478_10.avi,Straight Drive,Straight Drive
data/raw/CricShoot10kShootDataset/Lofted Legside/vid505_4.avi,Lofted Legside,Lofted Legside
data/raw/CricShoot10kShootDataset/Pull/vid524_36.avi,Pull,Pull
data/raw/CricShoot10kShootDataset/Lofted Offside/vid260_10.avi,Lofted Offside,Lofted Offside
data/raw/CricShoot10kShootDataset/Defensive/vid235_7.avi,Defensive,Defensive
data/raw/CricShoot10kShootDataset/Straight Drive/vid231_2.avi,Straight Drive,Straight Drive
data/raw/CricShoot10kShootDataset/Defensive/vid252_22.avi,Defensive,Defensive
data/raw/CricShoot10kShootDataset/Down The Wicket/vid391_17.avi,Down The Wicket,Down The Wicket
data/raw/CricShoot10kShootDataset/Flick/vid512_31.avi,Flick,Flick
data/raw/CricShoot10kShootDataset/Straight Drive/vid335_16.avi,Straight Drive,Straight Drive
data/raw/CricShoot10kShootDataset/Pull/vid65_43.avi,Pull,Pull
data/raw/CricShoot10kShootDataset/Defensive/vid157_17.avi,Defensive,Defensive
data/raw/CricShoot10kShootDataset/Flick/vid316_20.avi,Flick,Flick
data/raw/CricShoot10kShootDataset/Square Cut/vid506_11.avi,Square Cut,Square Cut
data/raw/CricShoot10kShootDataset/Hook/vid75_25.avi,Hook,Hook
data/raw/CricShoot10kShootDataset/Flick/vid215_33.avi,Flick,Flick
data/raw/CricShoot10kShootDataset/Down The Wicket/vid480_48.avi,Down The Wicket,Down The Wicket
data/raw/CricShoot10kShootDataset/Square Cut/vid149_8.avi,Square Cut,Square Cut
data/raw/CricShoot10kShootDataset/Late Cut/vid536_53.avi,Late Cut,Late Cut
data/raw/CricShoot10kShootDataset/Pull/vid435_35.avi,Pull,Pull
data/raw/CricShoot10kShootDataset/Cover Drive/vid532_59.avi,Cover Drive,Cover Drive
data/raw/CricShoot10kShootDataset/Straight Drive/vid249_28.avi,Straight Drive,Straight Drive
data/raw/CricShoot10kShootDataset/Defensive/vid237_19.avi,Defensive,Defensive
data/raw/CricShoot10kShootDataset/Upper Cut/vid100_70.avi,Upper Cut,Upper Cut
data/raw/CricShoot10kShootDataset/Defensive/vid183_18.avi,Defensive,Defensive
data/raw/CricShoot10kShootDataset/Flick/vid350_6.avi,Flick,Flick
data/raw/CricShoot10kShootDataset/Pull/vid92_1.avi,Pull,Pull
data/raw/CricShoot10kShootDataset/Lofted Legside/vid355_12.avi,Lofted Legside,Lofted Legside
data/raw/CricShoot10kShootDataset/Sweep/vid122_11.avi,Sweep,Sweep
data/raw/CricShoot10kShootDataset/Straight Drive/vid529_68.avi,Straight Drive,Straight Drive
data/raw/CricShoot10kShootDataset/Straight Drive/vid107_0.avi,Straight Drive,Straight Drive
data/raw/CricShoot10kShootDataset/Hook/vid266_10.avi,Hook,Hook
data/raw/CricShoot10kShootDataset/Down The Wicket/vid373_17.avi,Down The Wicket,Down The Wicket
data/raw/CricShoot10kShootDataset/Cover Drive/vid338_9.avi,Cover Drive,Cover Drive
data/raw/CricShoot10kShootDataset/Lofted Offside/vid390_34.avi,Lofted Offside,Lofted Offside
data/raw/CricShoot10kShootDataset/Down The Wicket/vid467_30.avi,Down The Wicket,Down The Wicket
data/raw/CricShoot10kShootDataset/Lofted Legside/vid180_6.avi,Lofted Legside,Lofted Legside
data/raw/CricShoot10kShootDataset/Down The Wicket/vid76_22.avi,Down The Wicket,Down The Wicket
data/raw/CricShoot10kShootDataset/Lofted Offside/vid2_6.avi,Lofted Offside,Lofted Offside
data/raw/CricShoot10kShootDataset/Reverse Sweep/vid16_33.avi,Reverse Sweep,Reverse Sweep
data/raw/CricShoot10kShootDataset/Upper Cut/vid331_51.avi,Upper Cut,Upper Cut
data/raw/CricShoot10kShootDataset/Upper Cut/vid494_30.avi,Upper Cut,Upper Cut
data/raw/CricShoot10kShootDataset/Straight Drive/vid366_45.avi,Straight Drive,Straight Drive
data/raw/CricShoot10kShootDataset/Sweep/vid469_17.avi,Sweep,Sweep
data/raw/CricShoot10kShootDataset/Down The Wicket/vid461_5.avi,Down The Wicket,Down The Wicket
data/raw/CricShoot10kShootDataset/Down The Wicket/vid106_9.avi,Down The Wicket,Down The Wicket
data/raw/CricShoot10kShootDataset/Square Cut/vid357_75.avi,Square Cut,Square Cut
data/raw/CricShoot10kShootDataset/Hook/vid105_22.avi,Hook,Hook
data/raw/CricShoot10kShootDataset/Lofted Offside/vid2_41.avi,Lofted Offside,Lofted Offside
data/raw/CricShoot10kShootDataset/Lofted Legside/vid500_31.avi,Lofted Legside,Lofted Legside
data/raw/CricShoot10kShootDataset/Pull/vid435_23.avi,Pull,Pull
data/raw/CricShoot10kShootDataset/Hook/vid236_26.avi,Hook,Hook
data/raw/CricShoot10kShootDataset/Cover Drive/vid162_15.avi,Cover Drive,Cover Drive
data/raw/CricShoot10kShootDataset/Scoop/vid508_15.avi,Scoop,Scoop
data/raw/CricShoot10kShootDataset/Reverse Sweep/vid89_13.avi,Reverse Sweep,Reverse Sweep
data/raw/CricShoot10kShootDataset/Flick/vid110_34.avi,Flick,Flick
data/raw/CricShoot10kShootDataset/Lofted Legside/vid442_59.avi,Lofted Legside,Lofted Legside
data/raw/CricShoot10kShootDataset/Straight Drive/vid315_15.avi,Straight Drive,Straight Drive
data/raw/CricShoot10kShootDataset/Pull/vid387_32.avi,Pull,Pull
data/raw/CricShoot10kShootDataset/Down The Wicket/vid71_20.avi,Down The Wicket,Down The Wicket
data/raw/CricShoot10kShootDataset/Lofted Legside/vid138_20.avi,Lofted Legside,Lofted Legside
data/raw/CricShoot10kShootDataset/Cover Drive/vid230_14.avi,Cover Drive,Cover Drive
data/raw/CricShoot10kShootDataset/Lofted Legside/vid138_31.avi,Lofted Legside,Lofted Legside
data/raw/CricShoot10kShootDataset/Flick/vid453_35.avi,Flick,Flick
data/raw/CricShoot10kShootDataset/Sweep/vid368_13.avi,Sweep,Sweep
data/raw/CricShoot10kShootDataset/Hook/vid10_23.avi,Hook,Hook
data/raw/CricShoot10kShootDataset/Scoop/vid461_8.avi,Scoop,Scoop
data/raw/CricShoot10kShootDataset/Square Cut/vid535_55.avi,Square Cut,Square Cut
data/raw/CricShoot10kShootDataset/Square Cut/vid245_5.avi,Square Cut,Square Cut
data/raw/CricShoot10kShootDataset/Pull/vid94_25.avi,Pull,Pull
data/raw/CricShoot10kShootDataset/Defensive/vid396_11.avi,Defensive,Defensive
data/raw/CricShoot10kShootDataset/Reverse Sweep/vid369_28.avi,Reverse Sweep,Reverse Sweep
data/raw/CricShoot10kShootDataset/Square Cut/vid92_38.avi,Square Cut,Square Cut
data/raw/CricShoot10kShootDataset/Lofted Offside/vid508_16.avi,Lofted Offside,Lofted Offside
data/raw/CricShoot10kShootDataset/Lofted Legside/vid388_2.avi,Lofted Legside,Lofted Legside
data/raw/CricShoot10kShootDataset/Cover Drive/vid439_31.avi,Cover Drive,Cover Drive
data/raw/CricShoot10kShootDataset/Down The Wicket/vid515_22.avi,Down The Wicket,Down The Wicket
data/raw/CricShoot10kShootDataset/Reverse Sweep/vid384_8.avi,Reverse Sweep,Reverse Sweep
data/raw/CricShoot10kShootDataset/Flick/vid242_25.avi,Flick,Flick
data/raw/CricShoot10kShootDataset/Lofted Offside/vid530_32.avi,Lofted Offside,Lofted Offside
data/raw/CricShoot10kShootDataset/Lofted Legside/vid424_29.avi,Lofted Legside,Lofted Legside
data/raw/CricShoot10kShootDataset/Flick/vid252_45.avi,Flick,Flick
data/raw/CricShoot10kShootDataset/Pull/vid403_17.avi,Pull,Pull
data/raw/CricShoot10kShootDataset/Defensive/vid361_23.avi,Defensive,Defensive
data/raw/CricShoot10kShootDataset/Down The Wicket/vid373_5.avi,Down The Wicket,Down The Wicket
data/raw/CricShoot10kShootDataset/Cover Drive/vid236_39.avi,Cover Drive,Cover Drive
data/raw/CricShoot10kShootDataset/Straight Drive/vid460_0.avi,Straight Drive,Straight Drive
data/raw/CricShoot10kShootDataset/Defensive/vid209_35.avi,Defensive,Defensive
data/raw/CricShoot10kShootDataset/Flick/vid462_4.avi,Flick,Flick
data/raw/CricShoot10kShootDataset/Lofted Legside/vid489_26.avi,Lofted Legside,Lofted Legside
data/raw/CricShoot10kShootDataset/Lofted Offside/vid444_66.avi,Lofted Offside,Lofted Offside
data/raw/CricShoot10kShootDataset/Lofted Offside/vid16_47.avi,Lofted Offside,Lofted Offside
data/raw/CricShoot10kShootDataset/Down The Wicket/vid193_16.avi,Down The Wicket,Down The Wicket
data/raw/CricShoot10kShootDataset/Lofted Legside/vid37_47.avi,Lofted Legside,Lofted Legside
data/raw/CricShoot10kShootDataset/Cover Drive/vid361_54.avi,Cover Drive,Cover Drive
data/raw/CricShoot10kShootDataset/Down The Wicket/vid56_47.avi,Down The Wicket,Down The Wicket
data/raw/CricShoot10kShootDataset/Cover Drive/vid345_5.avi,Cover Drive,Cover Drive
data/raw/CricShoot10kShootDataset/Flick/vid418_28.avi,Flick,Flick
data/raw/CricShoot10kShootDataset/Lofted Legside/vid508_56.avi,Lofted Legside,Lofted Legside
data/raw/CricShoot10kShootDataset/Pull/vid100_29.avi,Pull,Pull
data/raw/CricShoot10kShootDataset/Square Cut/vid391_35.avi,Square Cut,Square Cut
data/raw/CricShoot10kShootDataset/Flick/vid252_20.avi,Flick,Flick
data/raw/CricShoot10kShootDataset/Down The Wicket/vid437_33.avi,Down The Wicket,Down The Wicket
data/raw/CricShoot10kShootDataset/Pull/vid434_20.avi,Pull,Pull
data/raw/CricShoot10kShootDataset/Straight Drive/vid110_7.avi,Straight Drive,Straight Drive
data/raw/CricShoot10kShootDataset/Pull/vid80_33.avi,Pull,Pull
data/raw/CricShoot10kShootDataset/Hook/vid164_7.avi,Hook,Hook
data/raw/CricShoot10kShootDataset/Flick/vid397_0.avi,Flick,Flick
data/raw/CricShoot10kShootDataset/Lofted Offside/vid514_16.avi,Lofted Offside,Lofted Offside
data/raw/CricShoot10kShootDataset/Late Cut/vid164_39.avi,Late Cut,Late Cut
data/raw/CricShoot10kShootDataset/Sweep/vid65_42.avi,Sweep,Sweep
data/raw/CricShoot10kShootDataset/Sweep/vid366_59.avi,Sweep,Sweep
data/raw/CricShoot10kShootDataset/Lofted Offside/vid444_21.avi,Lofted Offside,Lofted Offside
data/raw/CricShoot10kShootDataset/Lofted Legside/vid489_30.avi,Lofted Legside,Lofted Legside
data/raw/CricShoot10kShootDataset/Lofted Legside/vid388_21.avi,Lofted Legside,Lofted Legside
data/raw/CricShoot10kShootDataset/Cover Drive/vid1_43.avi,Cover Drive,Cover Drive
data/raw/CricShoot10kShootDataset/Lofted Offside/vid465_41.avi,Lofted Offside,Lofted Offside
data/raw/CricShoot10kShootDataset/Defensive/vid252_32.avi,Defensive,Defensive
data/raw/CricShoot10kShootDataset/Sweep/vid429_54.avi,Sweep,Sweep
data/raw/CricShoot10kShootDataset/Cover Drive/vid529_24.avi,Cover Drive,Cover Drive
data/raw/CricShoot10kShootDataset/Pull/vid444_8.avi,Pull,Pull
data/raw/CricShoot10kShootDataset/Sweep/vid96_42.avi,Sweep,Sweep
data/raw/CricShoot10kShootDataset/Reverse Sweep/vid480_43.avi,Reverse Sweep,Reverse Sweep
data/raw/CricShoot10kShootDataset/Down The Wicket/vid350_9.avi,Down The Wicket,Down The Wicket
data/raw/CricShoot10kShootDataset/Down The Wicket/vid519_11.avi,Down The Wicket,Down The Wicket
data/raw/CricShoot10kShootDataset/Hook/vid361_44.avi,Hook,Hook
data/raw/CricShoot10kShootDataset/Lofted Offside/vid451_54.avi,Lofted Offside,Lofted Offside
data/raw/CricShoot10kShootDataset/Cover Drive/vid458_28.avi,Cover Drive,Cover Drive
data/raw/CricShoot10kShootDataset/Flick/vid536_54.avi,Flick,Flick
data/raw/CricShoot10kShootDataset/Down The Wicket/vid114_1.avi,Down The Wicket,Down The Wicket
data/raw/CricShoot10kShootDataset/Sweep/vid512_33.avi,Sweep,Sweep
data/raw/CricShoot10kShootDataset/Flick/vid447_7.avi,Flick,Flick
data/raw/CricShoot10kShootDataset/Lofted Offside/vid34_13.avi,Lofted Offside,Lofted Offside
data/raw/CricShoot10kShootDataset/Square Cut/vid61_1.avi,Square Cut,Square Cut
data/raw/CricShoot10kShootDataset/Defensive/vid234_0.avi,Defensive,Defensive
data/raw/CricShoot10kShootDataset/Cover Drive/vid287_13.avi,Cover Drive,Cover Drive
data/raw/CricShoot10kShootDataset/Flick/vid369_36.avi,Flick,Flick
data/raw/CricShoot10kShootDataset/Lofted Legside/vid317_30.avi,Lofted Legside,Lofted Legside
data/raw/CricShoot10kShootDataset/Lofted Legside/vid518_2.avi,Lofted Legside,Lofted Legside
data/raw/CricShoot10kShootDataset/Flick/vid84_5.avi,Flick,Flick
data/raw/CricShoot10kShootDataset/Late Cut/vid137_16.avi,Late Cut,Late Cut
data/raw/CricShoot10kShootDataset/Square Cut/vid335_28.avi,Square Cut,Square Cut
data/raw/CricShoot10kShootDataset/Straight Drive/vid180_22.avi,Straight Drive,Straight Drive
data/raw/CricShoot10kShootDataset/Pull/vid47_11.avi,Pull,Pull
data/raw/CricShoot10kShootDataset/Pull/vid448_33.avi,Pull,Pull
data/raw/CricShoot10kShootDataset/Flick/vid502_41.avi,Flick,Flick
data/raw/CricShoot10kShootDataset/Defensive/vid2_33.avi,Defensive,Defensive
data/raw/CricShoot10kShootDataset/Hook/vid368_28.avi,Hook,Hook
data/raw/CricShoot10kShootDataset/Lofted Offside/vid375_42.avi,Lofted Offside,Lofted Offside
data/raw/CricShoot10kShootDataset/Pull/vid160_45.avi,Pull,Pull
data/raw/CricShoot10kShootDataset/Lofted Offside/vid51_28.avi,Lofted Offside,Lofted Offside
data/raw/CricShoot10kShootDataset/Down The Wicket/vid66_5.avi,Down The Wicket,Down The Wicket
data/raw/CricShoot10kShootDataset/Reverse Sweep/vid20_0.avi,Reverse Sweep,Reverse Sweep
data/raw/CricShoot10kShootDataset/Square Cut/vid379_28.avi,Square Cut,Square Cut
data/raw/CricShoot10kShootDataset/Scoop/vid333_32.avi,Scoop,Scoop
data/raw/CricShoot10kShootDataset/Square Cut/vid140_25.avi,Square Cut,Square Cut
data/raw/CricShoot10kShootDataset/Lofted Offside/vid40_22.avi,Lofted Offside,Lofted Offside
data/raw/CricShoot10kShootDataset/Cover Drive/vid96_40.avi,Cover Drive,Cover Drive
data/raw/CricShoot10kShootDataset/Lofted Legside/vid337_47.avi,Lofted Legside,Lofted Legside
data/raw/CricShoot10kShootDataset/Upper Cut/vid320_55.avi,Upper Cut,Upper Cut
data/raw/CricShoot10kShootDataset/Square Cut/vid253_49.avi,Square Cut,Square Cut
data/raw/CricShoot10kShootDataset/Pull/vid76_25.avi,Pull,Pull
data/raw/CricShoot10kShootDataset/Upper Cut/vid109_8.avi,Upper Cut,Upper Cut
data/raw/CricShoot10kShootDataset/Sweep/vid167_29.avi,Sweep,Sweep
data/raw/CricShoot10kShootDataset/Square Cut/vid486_36.avi,Square Cut,Square Cut
data/raw/CricShoot10kShootDataset/Defensive/vid157_23.avi,Defensive,Defensive
data/raw/CricShoot10kShootDataset/Cover Drive/vid432_7.avi,Cover Drive,Cover Drive
data/raw/CricShoot10kShootDataset/Pull/vid394_19.avi,Pull,Pull
data/raw/CricShoot10kShootDataset/Square Cut/vid25_1.avi,Square Cut,Square Cut
data/raw/CricShoot10kShootDataset/Lofted Legside/vid327_34.avi,Lofted Legside,Lofted Legside
data/raw/CricShoot10kShootDataset/Defensive/vid294_18.avi,Defensive,Defensive
data/raw/CricShoot10kShootDataset/Lofted Legside/vid68_10.avi,Lofted Legside,Lofted Legside
data/raw/CricShoot10kShootDataset/Sweep/vid466_29.avi,Sweep,Sweep
data/raw/CricShoot10kShootDataset/Square Cut/vid482_4.avi,Square Cut,Square Cut
data/raw/CricShoot10kShootDataset/Pull/vid40_0.avi,Pull,Pull
data/raw/CricShoot10kShootDataset/Cover Drive/vid26_19.avi,Cover Drive,Cover Drive
data/raw/CricShoot10kShootDataset/Lofted Legside/vid192_6.avi,Lofted Legside,Lofted Legside
data/raw/CricShoot10kShootDataset/Lofted Offside/vid330_5.avi,Lofted Offside,Lofted Offside
data/raw/CricShoot10kShootDataset/Lofted Legside/vid114_11.avi,Lofted Legside,Lofted Legside
data/raw/CricShoot10kShootDataset/Lofted Offside/vid519_63.avi,Lofted Offside,Lofted Offside
data/raw/CricShoot10kShootDataset/Lofted Legside/vid392_59.avi,Lofted Legside,Lofted Legside
data/raw/CricShoot10kShootDataset/Lofted Legside/vid378_30.avi,Lofted Legside,Lofted Legside
data/raw/CricShoot10kShootDataset/Down The Wicket/vid56_55.avi,Down The Wicket,Down The Wicket
data/raw/CricShoot10kShootDataset/Hook/vid102_8.avi,Hook,Hook
data/raw/CricShoot10kShootDataset/Defensive/vid245_7.avi,Defensive,Defensive
data/raw/CricShoot10kShootDataset/Lofted Legside/vid513_23.avi,Lofted Legside,Lofted Legside
data/raw/CricShoot10kShootDataset/Cover Drive/vid143_1.avi,Cover Drive,Cover Drive
data/raw/CricShoot10kShootDataset/Sweep/vid97_26.avi,Sweep,Sweep
data/raw/CricShoot10kShootDataset/Defensive/vid460_25.avi,Defensive,Defensive
data/raw/CricShoot10kShootDataset/Straight Drive/vid50_6.avi,Straight Drive,Straight Drive
data/raw/CricShoot10kShootDataset/Reverse Sweep/vid136_9.avi,Reverse Sweep,Reverse Sweep
data/raw/CricShoot10kShootDataset/Sweep/vid321_22.avi,Sweep,Sweep
data/raw/CricShoot10kShootDataset/Cover Drive/vid92_20.avi,Cover Drive,Cover Drive
data/raw/CricShoot10kShootDataset/Lofted Legside/vid368_25.avi,Lofted Legside,Lofted Legside
data/raw/CricShoot10kShootDataset/Cover Drive/vid226_47.avi,Cover Drive,Cover Drive
data/raw/CricShoot10kShootDataset/Lofted Legside/vid305_1.avi,Lofted Legside,Lofted Legside
data/raw/CricShoot10kShootDataset/Lofted Legside/vid361_43.avi,Lofted Legside,Lofted Legside
data/raw/CricShoot10kShootDataset/Lofted Legside/vid481_24.avi,Lofted Legside,Lofted Legside
data/raw/CricShoot10kShootDataset/Lofted Legside/vid532_55.avi,Lofted Legside,Lofted Legside
data/raw/CricShoot10kShootDataset/Cover Drive/vid522_19.avi,Cover Drive,Cover Drive
data/raw/CricShoot10kShootDataset/Lofted Offside/vid93_35.avi,Lofted Offside,Lofted Offside
data/raw/CricShoot10kShootDataset/Down The Wicket/vid422_12.avi,Down The Wicket,Down The Wicket
data/raw/CricShoot10kShootDataset/Defensive/vid171_7.avi,Defensive,Defensive
data/raw/CricShoot10kShootDataset/Cover Drive/vid506_13.avi,Cover Drive,Cover Drive
data/raw/CricShoot10kShootDataset/Square Cut/vid56_18.avi,Square Cut,Square Cut
data/raw/CricShoot10kShootDataset/Lofted Legside/vid65_39.avi,Lofted Legside,Lofted Legside
data/raw/CricShoot10kShootDataset/Square Cut/vid25_41.avi,Square Cut,Square Cut
data/raw/CricShoot10kShootDataset/Cover Drive/vid374_18.avi,Cover Drive,Cover Drive
data/raw/CricShoot10kShootDataset/Upper Cut/vid384_80.avi,Upper Cut,Upper Cut
data/raw/CricShoot10kShootDataset/Scoop/vid463_17.avi,Scoop,Scoop
data/raw/CricShoot10kShootDataset/Pull/vid495_44.avi,Pull,Pull
data/raw/CricShoot10kShootDataset/Cover Drive/vid507_37.avi,Cover Drive,Cover Drive
data/raw/CricShoot10kShootDataset/Square Cut/vid460_2.avi,Square Cut,Square Cut
data/raw/CricShoot10kShootDataset/Defensive/vid465_0.avi,Defensive,Defensive
data/raw/CricShoot10kShootDataset/Late Cut/vid464_45.avi,Late Cut,Late Cut
data/raw/CricShoot10kShootDataset/Square Cut/vid203_25.avi,Square Cut,Square Cut
data/raw/CricShoot10kShootDataset/Down The Wicket/vid71_34.avi,Down The Wicket,Down The Wicket
data/raw/CricShoot10kShootDataset/Lofted Legside/vid357_73.avi,Lofted Legside,Lofted Legside
data/raw/CricShoot10kShootDataset/Sweep/vid451_18.avi,Sweep,Sweep
data/raw/CricShoot10kShootDataset/Down The Wicket/vid157_29.avi,Down The Wicket,Down The Wicket
data/raw/CricShoot10kShootDataset/Cover Drive/vid453_13.avi,Cover Drive,Cover Drive
data/raw/CricShoot10kShootDataset/Hook/vid215_7.avi,Hook,Hook
data/raw/CricShoot10kShootDataset/Down The Wicket/vid5_8.avi,Down The Wicket,Down The Wicket
data/raw/CricShoot10kShootDataset/Hook/vid101_33.avi,Hook,Hook
data/raw/CricShoot10kShootDataset/Sweep/vid260_31.avi,Sweep,Sweep
data/raw/CricShoot10kShootDataset/Sweep/vid285_2.avi,Sweep,Sweep
data/raw/CricShoot10kShootDataset/Square Cut/vid92_4.avi,Square Cut,Square Cut
data/raw/CricShoot10kShootDataset/Straight Drive/vid162_13.avi,Straight Drive,Straight Drive
data/raw/CricShoot10kShootDataset/Late Cut/vid481_27.avi,Late Cut,Late Cut
data/raw/CricShoot10kShootDataset/Flick/vid357_55.avi,Flick,Flick
data/raw/CricShoot10kShootDataset/Defensive/vid294_15.avi,Defensive,Defensive
data/raw/CricShoot10kShootDataset/Lofted Offside/vid372_7.avi,Lofted Offside,Lofted Offside
data/raw/CricShoot10kShootDataset/Straight Drive/vid510_5.avi,Straight Drive,Straight Drive
data/raw/CricShoot10kShootDataset/Down The Wicket/vid443_57.avi,Down The Wicket,Down The Wicket
data/raw/CricShoot10kShootDataset/Sweep/vid51_57.avi,Sweep,Sweep
data/raw/CricShoot10kShootDataset/Straight Drive/vid106_26.avi,Straight Drive,Straight Drive
data/raw/CricShoot10kShootDataset/Lofted Legside/vid431_25.avi,Lofted Legside,Lofted Legside
data/raw/CricShoot10kShootDataset/Flick/vid34_16.avi,Flick,Flick
data/raw/CricShoot10kShootDataset/Square Cut/vid121_18.avi,Square Cut,Square Cut
data/raw/CricShoot10kShootDataset/Reverse Sweep/vid254_26.avi,Reverse Sweep,Reverse Sweep
data/raw/CricShoot10kShootDataset/Cover Drive/vid441_32.avi,Cover Drive,Cover Drive
data/raw/CricShoot10kShootDataset/Flick/vid360_55.avi,Flick,Flick
data/raw/CricShoot10kShootDataset/Down The Wicket/vid342_35.avi,Down The Wicket,Down The Wicket
data/raw/CricShoot10kShootDataset/Pull/vid303_23.avi,Pull,Pull
data/raw/CricShoot10kShootDataset/Sweep/vid499_5.avi,Sweep,Sweep
data/raw/CricShoot10kShootDataset/Upper Cut/vid277_2.avi,Upper Cut,Upper Cut
data/raw/CricShoot10kShootDataset/Cover Drive/vid239_39.avi,Cover Drive,Cover Drive
data/raw/CricShoot10kShootDataset/Pull/vid335_33.avi,Pull,Pull
data/raw/CricShoot10kShootDataset/Lofted Offside/vid101_35.avi,Lofted Offside,Lofted Offside
data/raw/CricShoot10kShootDataset/Cover Drive/vid236_22.avi,Cover Drive,Cover Drive
data/raw/CricShoot10kShootDataset/Flick/vid345_10.avi,Flick,Flick
data/raw/CricShoot10kShootDataset/Down The Wicket/vid24_40.avi,Down The Wicket,Down The Wicket
data/raw/CricShoot10kShootDataset/Straight Drive/vid178_5.avi,Straight Drive,Straight Drive
data/raw/CricShoot10kShootDataset/Square Cut/vid260_37.avi,Square Cut,Square Cut
data/raw/CricShoot10kShootDataset/Hook/vid134_5.avi,Hook,Hook
data/raw/CricShoot10kShootDataset/Straight Drive/vid481_8.avi,Straight Drive,Straight Drive
data/raw/CricShoot10kShootDataset/Upper Cut/vid100_78.avi,Upper Cut,Upper Cut
data/raw/CricShoot10kShootDataset/Lofted Offside/vid37_24.avi,Lofted Offside,Lofted Offside
data/raw/CricShoot10kShootDataset/Lofted Legside/vid536_28.avi,Lofted Legside,Lofted Legside
data/raw/CricShoot10kShootDataset/Down The Wicket/vid355_47.avi,Down The Wicket,Down The Wicket
data/raw/CricShoot10kShootDataset/Lofted Offside/vid406_17.avi,Lofted Offside,Lofted Offside
data/raw/CricShoot10kShootDataset/Reverse Sweep/vid205_45.avi,Reverse Sweep,Reverse Sweep
data/raw/CricShoot10kShootDataset/Lofted Legside/vid18_27.avi,Lofted Legside,Lofted Legside
data/raw/CricShoot10kShootDataset/Square Cut/vid186_1.avi,Square Cut,Square Cut
data/raw/CricShoot10kShootDataset/Reverse Sweep/vid512_23.avi,Reverse Sweep,Reverse Sweep
data/raw/CricShoot10kShootDataset/Flick/vid155_14.avi,Flick,Flick
data/raw/CricShoot10kShootDataset/Cover Drive/vid74_20.avi,Cover Drive,Cover Drive
data/raw/CricShoot10kShootDataset/Cover Drive/vid235_2.avi,Cover Drive,Cover Drive
data/raw/CricShoot10kShootDataset/Lofted Legside/vid415_12.avi,Lofted Legside,Lofted Legside
data/raw/CricShoot10kShootDataset/Square Cut/vid134_3.avi,Square Cut,Square Cut
data/raw/CricShoot10kShootDataset/Lofted Legside/vid37_37.avi,Lofted Legside,Lofted Legside
data/raw/CricShoot10kShootDataset/Sweep/vid502_6.avi,Sweep,Sweep
data/raw/CricShoot10kShootDataset/Cover Drive/vid206_45.avi,Cover Drive,Cover Drive
data/raw/CricShoot10kShootDataset/Lofted Legside/vid481_19.avi,Lofted Legside,Lofted Legside
data/raw/CricShoot10kShootDataset/Lofted Offside/vid51_1.avi,Lofted Offside,Lofted Offside
data/raw/CricShoot10kShootDataset/Lofted Offside/vid517_39.avi,Lofted Offside,Lofted Offside
data/raw/CricShoot10kShootDataset/Lofted Offside/vid2_11.avi,Lofted Offside,Lofted Offside
data/raw/CricShoot10kShootDataset/Lofted Offside/vid87_43.avi,Lofted Offside,Lofted Offside
data/raw/CricShoot10kShootDataset/Flick/vid238_27.avi,Flick,Flick
data/raw/CricShoot10kShootDataset/Sweep/vid205_23.avi,Sweep,Sweep
data/raw/CricShoot10kShootDataset/Lofted Offside/vid290_19.avi,Lofted Offside,Lofted Offside
data/raw/CricShoot10kShootDataset/Lofted Legside/vid145_11.avi,Lofted Legside,Lofted Legside
data/raw/CricShoot10kShootDataset/Flick/vid152_31.avi,Flick,Flick
data/raw/CricShoot10kShootDataset/Cover Drive/vid230_21.avi,Cover Drive,Cover Drive
data/raw/CricShoot10kShootDataset/Lofted Legside/vid83_17.avi,Lofted Legside,Lofted Legside
data/raw/CricShoot10kShootDataset/Hook/vid452_36.avi,Hook,Hook
data/raw/CricShoot10kShootDataset/Flick/vid104_23.avi,Flick,Flick
data/raw/CricShoot10kShootDataset/Upper Cut/vid112_11.avi,Upper Cut,Upper Cut
data/raw/CricShoot10kShootDataset/Hook/vid516_53.avi,Hook,Hook
data/raw/CricShoot10kShootDataset/Lofted Legside/vid486_7.avi,Lofted Legside,Lofted Legside
data/raw/CricShoot10kShootDataset/Square Cut/vid387_9.avi,Square Cut,Square Cut
data/raw/CricShoot10kShootDataset/Lofted Legside/vid61_2.avi,Lofted Legside,Lofted Legside
data/raw/CricShoot10kShootDataset/Square Cut/vid355_2.avi,Square Cut,Square Cut
data/raw/CricShoot10kShootDataset/Lofted Legside/vid191_9.avi,Lofted Legside,Lofted Legside
data/raw/CricShoot10kShootDataset/Straight Drive/vid496_27.avi,Straight Drive,Straight Drive
data/raw/CricShoot10kShootDataset/Flick/vid82_7.avi,Flick,Flick
data/raw/CricShoot10kShootDataset/Lofted Offside/vid140_33.avi,Lofted Offside,Lofted Offside
data/raw/CricShoot10kShootDataset/Square Cut/vid355_16.avi,Square Cut,Square Cut
data/raw/CricShoot10kShootDataset/Flick/vid252_8.avi,Flick,Flick
data/raw/CricShoot10kShootDataset/Square Cut/vid247_33.avi,Square Cut,Square Cut
data/raw/CricShoot10kShootDataset/Lofted Offside/vid377_33.avi,Lofted Offside,Lofted Offside
data/raw/CricShoot10kShootDataset/Lofted Offside/vid50_36.avi,Lofted Offside,Lofted Offside
data/raw/CricShoot10kShootDataset/Pull/vid280_4.avi,Pull,Pull
data/raw/CricShoot10kShootDataset/Cover Drive/vid368_40.avi,Cover Drive,Cover Drive
data/raw/CricShoot10kShootDataset/Cover Drive/vid262_34.avi,Cover Drive,Cover Drive
data/raw/CricShoot10kShootDataset/Lofted Legside/vid482_48.avi,Lofted Legside,Lofted Legside
data/raw/CricShoot10kShootDataset/Scoop/vid431_50.avi,Scoop,Scoop
data/raw/CricShoot10kShootDataset/Square Cut/vid266_2.avi,Square Cut,Square Cut
data/raw/CricShoot10kShootDataset/Cover Drive/vid536_43.avi,Cover Drive,Cover Drive
data/raw/CricShoot10kShootDataset/Cover Drive/vid251_38.avi,Cover Drive,Cover Drive
data/raw/CricShoot10kShootDataset/Down The Wicket/vid515_57.avi,Down The Wicket,Down The Wicket
data/raw/CricShoot10kShootDataset/Down The Wicket/vid321_25.avi,Down The Wicket,Down The Wicket
data/raw/CricShoot10kShootDataset/Hook/vid55_37.avi,Hook,Hook
data/raw/CricShoot10kShootDataset/Defensive/vid426_5.avi,Defensive,Defensive
data/raw/CricShoot10kShootDataset/Pull/vid384_59.avi,Pull,Pull
data/raw/CricShoot10kShootDataset/Cover Drive/vid367_49.avi,Cover Drive,Cover Drive
data/raw/CricShoot10kShootDataset/Flick/vid300_3.avi,Flick,Flick
data/raw/CricShoot10kShootDataset/Lofted Offside/vid361_34.avi,Lofted Offside,Lofted Offside
data/raw/CricShoot10kShootDataset/Flick/vid385_10.avi,Flick,Flick
data/raw/CricShoot10kShootDataset/Late Cut/vid519_37.avi,Late Cut,Late Cut
data/raw/CricShoot10kShootDataset/Lofted Offside/vid335_6.avi,Lofted Offside,Lofted Offside
data/raw/CricShoot10kShootDataset/Down The Wicket/vid79_27.avi,Down The Wicket,Down The Wicket
data/raw/CricShoot10kShootDataset/Defensive/vid363_47.avi,Defensive,Defensive
data/raw/CricShoot10kShootDataset/Flick/vid383_35.avi,Flick,Flick
data/raw/CricShoot10kShootDataset/Pull/vid8_49.avi,Pull,Pull
data/raw/CricShoot10kShootDataset/Sweep/vid449_11.avi,Sweep,Sweep
data/raw/CricShoot10kShootDataset/Lofted Legside/vid529_44.avi,Lofted Legside,Lofted Legside
data/raw/CricShoot10kShootDataset/Cover Drive/vid450_19.avi,Cover Drive,Cover Drive
data/raw/CricShoot10kShootDataset/Down The Wicket/vid83_2.avi,Down The Wicket,Down The Wicket
data/raw/CricShoot10kShootDataset/Cover Drive/vid262_19.avi,Cover Drive,Cover Drive
data/raw/CricShoot10kShootDataset/Flick/vid368_21.avi,Flick,Flick
data/raw/CricShoot10kShootDataset/Pull/vid42_19.avi,Pull,Pull
data/raw/CricShoot10kShootDataset/Hook/vid378_40.avi,Hook,Hook
data/raw/CricShoot10kShootDataset/Late Cut/vid40_53.avi,Late Cut,Late Cut
data/raw/CricShoot10kShootDataset/Sweep/vid51_6.avi,Sweep,Sweep
data/raw/CricShoot10kShootDataset/Sweep/vid144_27.avi,Sweep,Sweep
data/raw/CricShoot10kShootDataset/Down The Wicket/vid465_33.avi,Down The Wicket,Down The Wicket
data/raw/CricShoot10kShootDataset/Pull/vid169_10.avi,Pull,Pull
data/raw/CricShoot10kShootDataset/Lofted Legside/vid264_18.avi,Lofted Legside,Lofted Legside
data/raw/CricShoot10kShootDataset/Square Cut/vid231_21.avi,Square Cut,Square Cut
data/raw/CricShoot10kShootDataset/Defensive/vid235_8.avi,Defensive,Defensive
data/raw/CricShoot10kShootDataset/Cover Drive/vid238_21.avi,Cover Drive,Cover Drive
data/raw/CricShoot10kShootDataset/Sweep/vid516_23.avi,Sweep,Sweep
data/raw/CricShoot10kShootDataset/Upper Cut/vid220_35.avi,Upper Cut,Upper Cut
data/raw/CricShoot10kShootDataset/Sweep/vid422_27.avi,Sweep,Sweep
data/raw/CricShoot10kShootDataset/Lofted Offside/vid503_34.avi,Lofted Offside,Lofted Offside
data/raw/CricShoot10kShootDataset/Cover Drive/vid33_27.avi,Cover Drive,Cover Drive
data/raw/CricShoot10kShootDataset/Lofted Legside/vid24_10.avi,Lofted Legside,Lofted Legside
data/raw/CricShoot10kShootDataset/Scoop/vid478_15.avi,Scoop,Scoop
data/raw/CricShoot10kShootDataset/Hook/vid444_36.avi,Hook,Hook
data/raw/CricShoot10kShootDataset/Cover Drive/vid356_3.avi,Cover Drive,Cover Drive
data/raw/CricShoot10kShootDataset/Straight Drive/vid506_19.avi,Straight Drive,Straight Drive
data/raw/CricShoot10kShootDataset/Upper Cut/vid298_14.avi,Upper Cut,Upper Cut
data/raw/CricShoot10kShootDataset/Down The Wicket/vid14_13.avi,Down The Wicket,Down The Wicket
data/raw/CricShoot10kShootDataset/Hook/vid100_6.avi,Hook,Hook
data/raw/CricShoot10kShootDataset/Lofted Legside/vid83_40.avi,Lofted Legside,Lofted Legside
data/raw/CricShoot10kShootDataset/Cover Drive/vid12_26.avi,Cover Drive,Cover Drive
data/raw/CricShoot10kShootDataset/Reverse Sweep/vid482_41.avi,Reverse Sweep,Reverse Sweep
data/raw/CricShoot10kShootDataset/Late Cut/vid450_31.avi,Late Cut,Late Cut
data/raw/CricShoot10kShootDataset/Square Cut/vid438_14.avi,Square Cut,Square Cut
data/raw/CricShoot10kShootDataset/Pull/vid502_23.avi,Pull,Pull
data/raw/CricShoot10kShootDataset/Cover Drive/vid327_24.avi,Cover Drive,Cover Drive
data/raw/CricShoot10kShootDataset/Lofted Legside/vid304_24.avi,Lofted Legside,Lofted Legside
data/raw/CricShoot10kShootDataset/Lofted Legside/vid140_6.avi,Lofted Legside,Lofted Legside
data/raw/CricShoot10kShootDataset/Square Cut/vid505_5.avi,Square Cut,Square Cut
data/raw/CricShoot10kShootDataset/Pull/vid67_27.avi,Pull,Pull
data/raw/CricShoot10kShootDataset/Square Cut/vid295_36.avi,Square Cut,Square Cut
data/raw/CricShoot10kShootDataset/Cover Drive/vid209_30.avi,Cover Drive,Cover Drive
data/raw/CricShoot10kShootDataset/Down The Wicket/vid480_24.avi,Down The Wicket,Down The Wicket
data/raw/CricShoot10kShootDataset/Hook/vid80_0.avi,Hook,Hook
data/raw/CricShoot10kShootDataset/Cover Drive/vid28_28.avi,Cover Drive,Cover Drive
data/raw/CricShoot10kShootDataset/Lofted Offside/vid512_15.avi,Lofted Offside,Lofted Offside
data/raw/CricShoot10kShootDataset/Sweep/vid440_26.avi,Sweep,Sweep
data/raw/CricShoot10kShootDataset/Lofted Offside/vid52_2.avi,Lofted Offside,Lofted Offside
data/raw/CricShoot10kShootDataset/Cover Drive/vid175_15.avi,Cover Drive,Cover Drive
data/raw/CricShoot10kShootDataset/Defensive/vid431_4.avi,Defensive,Defensive
data/raw/CricShoot10kShootDataset/Sweep/vid430_55.avi,Sweep,Sweep
data/raw/CricShoot10kShootDataset/Pull/vid160_34.avi,Pull,Pull
data/raw/CricShoot10kShootDataset/Cover Drive/vid519_50.avi,Cover Drive,Cover Drive
data/raw/CricShoot10kShootDataset/Straight Drive/vid87_7.avi,Straight Drive,Straight Drive
data/raw/CricShoot10kShootDataset/Defensive/vid129_40.avi,Defensive,Defensive
data/raw/CricShoot10kShootDataset/Lofted Legside/vid351_8.avi,Lofted Legside,Lofted Legside
data/raw/CricShoot10kShootDataset/Hook/vid290_8.avi,Hook,Hook
data/raw/CricShoot10kShootDataset/Straight Drive/vid135_49.avi,Straight Drive,Straight Drive
data/raw/CricShoot10kShootDataset/Hook/vid104_30.avi,Hook,Hook
data/raw/CricShoot10kShootDataset/Sweep/vid470_14.avi,Sweep,Sweep
data/raw/CricShoot10kShootDataset/Lofted Offside/vid355_28.avi,Lofted Offside,Lofted Offside
data/raw/CricShoot10kShootDataset/Hook/vid388_17.avi,Hook,Hook
data/raw/CricShoot10kShootDataset/Hook/vid215_37.avi,Hook,Hook
data/raw/CricShoot10kShootDataset/Sweep/vid110_6.avi,Sweep,Sweep
data/raw/CricShoot10kShootDataset/Flick/vid504_0.avi,Flick,Flick
data/raw/CricShoot10kShootDataset/Lofted Offside/vid40_4.avi,Lofted Offside,Lofted Offside
data/raw/CricShoot10kShootDataset/Pull/vid365_81.avi,Pull,Pull
data/raw/CricShoot10kShootDataset/Sweep/vid127_1.avi,Sweep,Sweep
data/raw/CricShoot10kShootDataset/Defensive/vid227_25.avi,Defensive,Defensive
data/raw/CricShoot10kShootDataset/Defensive/vid239_7.avi,Defensive,Defensive
data/raw/CricShoot10kShootDataset/Straight Drive/vid254_4.avi,Straight Drive,Straight Drive
data/raw/CricShoot10kShootDataset/Lofted Legside/vid488_51.avi,Lofted Legside,Lofted Legside
data/raw/CricShoot10kShootDataset/Lofted Legside/vid473_15.avi,Lofted Legside,Lofted Legside
data/raw/CricShoot10kShootDataset/Lofted Legside/vid437_67.avi,Lofted Legside,Lofted Legside
data/raw/CricShoot10kShootDataset/Pull/vid487_27.avi,Pull,Pull
data/raw/CricShoot10kShootDataset/Down The Wicket/vid511_24.avi,Down The Wicket,Down The Wicket
data/raw/CricShoot10kShootDataset/Down The Wicket/vid396_19.avi,Down The Wicket,Down The Wicket
data/raw/CricShoot10kShootDataset/Square Cut/vid226_39.avi,Square Cut,Square Cut
data/raw/CricShoot10kShootDataset/Flick/vid357_6.avi,Flick,Flick
data/raw/CricShoot10kShootDataset/Scoop/vid301_3.avi,Scoop,Scoop
data/raw/CricShoot10kShootDataset/Lofted Offside/vid216_48.avi,Lofted Offside,Lofted Offside
data/raw/CricShoot10kShootDataset/Cover Drive/vid379_3.avi,Cover Drive,Cover Drive
data/raw/CricShoot10kShootDataset/Lofted Offside/vid324_22.avi,Lofted Offside,Lofted Offside
data/raw/CricShoot10kShootDataset/Down The Wicket/vid514_13.avi,Down The Wicket,Down The Wicket
data/raw/CricShoot10kShootDataset/Sweep/vid463_21.avi,Sweep,Sweep
data/raw/CricShoot10kShootDataset/Pull/vid92_0.avi,Pull,Pull
data/raw/CricShoot10kShootDataset/Lofted Offside/vid380_46.avi,Lofted Offside,Lofted Offside
data/raw/CricShoot10kShootDataset/Square Cut/vid462_34.avi,Square Cut,Square Cut
data/raw/CricShoot10kShootDataset/Square Cut/vid57_26.avi,Square Cut,Square Cut
data/raw/CricShoot10kShootDataset/Down The Wicket/vid260_16.avi,Down The Wicket,Down The Wicket
data/raw/CricShoot10kShootDataset/Scoop/vid67_37.avi,Scoop,Scoop
data/raw/CricShoot10kShootDataset/Lofted Offside/vid81_27.avi,Lofted Offside,Lofted Offside
data/raw/CricShoot10kShootDataset/Upper Cut/vid9_47.avi,Upper Cut,Upper Cut
data/raw/CricShoot10kShootDataset/Sweep/vid16_49.avi,Sweep,Sweep
data/raw/CricShoot10kShootDataset/Defensive/vid236_33.avi,Defensive,Defensive
data/raw/CricShoot10kShootDataset/Upper Cut/vid103_2.avi,Upper Cut,Upper Cut
data/raw/CricShoot10kShootDataset/Late Cut/vid467_4.avi,Late Cut,Late Cut
data/raw/CricShoot10kShootDataset/Square Cut/vid105_0.avi,Square Cut,Square Cut
data/raw/CricShoot10kShootDataset/Lofted Offside/vid311_3.avi,Lofted Offside,Lofted Offside
data/raw/CricShoot10kShootDataset/Hook/vid389_1.avi,Hook,Hook
data/raw/CricShoot10kShootDataset/Lofted Legside/vid383_30.avi,Lofted Legside,Lofted Legside
data/raw/CricShoot10kShootDataset/Cover Drive/vid38_48.avi,Cover Drive,Cover Drive
data/raw/CricShoot10kShootDataset/Sweep/vid37_43.avi,Sweep,Sweep
data/raw/CricShoot10kShootDataset/Sweep/vid403_18.avi,Sweep,Sweep
data/raw/CricShoot10kShootDataset/Flick/vid520_1.avi,Flick,Flick
data/raw/CricShoot10kShootDataset/Lofted Legside/vid84_11.avi,Lofted Legside,Lofted Legside
data/raw/CricShoot10kShootDataset/Sweep/vid509_12.avi,Sweep,Sweep
data/raw/CricShoot10kShootDataset/Straight Drive/vid403_4.avi,Straight Drive,Straight Drive
data/raw/CricShoot10kShootDataset/Lofted Legside/vid430_35.avi,Lofted Legside,Lofted Legside
data/raw/CricShoot10kShootDataset/Late Cut/vid513_0.avi,Late Cut,Late Cut
data/raw/CricShoot10kShootDataset/Pull/vid531_25.avi,Pull,Pull
data/raw/CricShoot10kShootDataset/Pull/vid378_25.avi,Pull,Pull
data/raw/CricShoot10kShootDataset/Flick/vid167_2.avi,Flick,Flick
data/raw/CricShoot10kShootDataset/Cover Drive/vid41_15.avi,Cover Drive,Cover Drive
data/raw/CricShoot10kShootDataset/Scoop/vid491_14.avi,Scoop,Scoop
data/raw/CricShoot10kShootDataset/Lofted Legside/vid74_33.avi,Lofted Legside,Lofted Legside
data/raw/CricShoot10kShootDataset/Pull/vid326_9.avi,Pull,Pull
data/raw/CricShoot10kShootDataset/Flick/vid129_11.avi,Flick,Flick
data/raw/CricShoot10kShootDataset/Lofted Offside/vid529_30.avi,Lofted Offside,Lofted Offside
data/raw/CricShoot10kShootDataset/Lofted Legside/vid37_49.avi,Lofted Legside,Lofted Legside
data/raw/CricShoot10kShootDataset/Lofted Legside/vid48_6.avi,Lofted Legside,Lofted Legside
data/raw/CricShoot10kShootDataset/Defensive/vid42_0.avi,Defensive,Defensive
data/raw/CricShoot10kShootDataset/Pull/vid450_17.avi,Pull,Pull
data/raw/CricShoot10kShootDataset/Square Cut/vid33_2.avi,Square Cut,Square Cut
data/raw/CricShoot10kShootDataset/Lofted Legside/vid437_44.avi,Lofted Legside,Lofted Legside
data/raw/CricShoot10kShootDataset/Flick/vid8_2.avi,Flick,Flick
data/raw/CricShoot10kShootDataset/Square Cut/vid348_11.avi,Square Cut,Square Cut
data/raw/CricShoot10kShootDataset/Flick/vid478_5.avi,Flick,Flick
data/raw/CricShoot10kShootDataset/Straight Drive/vid313_26.avi,Straight Drive,Straight Drive
data/raw/CricShoot10kShootDataset/Lofted Legside/vid467_2.avi,Lofted Legside,Lofted Legside
data/raw/CricShoot10kShootDataset/Cover Drive/vid175_6.avi,Cover Drive,Cover Drive
data/raw/CricShoot10kShootDataset/Reverse Sweep/vid393_16.avi,Reverse Sweep,Reverse Sweep
data/raw/CricShoot10kShootDataset/Flick/vid317_3.avi,Flick,Flick
data/raw/CricShoot10kShootDataset/Late Cut/vid520_65.avi,Late Cut,Late Cut
data/raw/CricShoot10kShootDataset/Square Cut/vid379_29.avi,Square Cut,Square Cut
data/raw/CricShoot10kShootDataset/Late Cut/vid15_38.avi,Late Cut,Late Cut
data/raw/CricShoot10kShootDataset/Straight Drive/vid298_13.avi,Straight Drive,Straight Drive
data/raw/CricShoot10kShootDataset/Lofted Legside/vid138_33.avi,Lofted Legside,Lofted Legside
data/raw/CricShoot10kShootDataset/Lofted Legside/vid450_30.avi,Lofted Legside,Lofted Legside
data/raw/CricShoot10kShootDataset/Cover Drive/vid536_42.avi,Cover Drive,Cover Drive
data/raw/CricShoot10kShootDataset/Flick/vid405_16.avi,Flick,Flick
data/raw/CricShoot10kShootDataset/Hook/vid495_4.avi,Hook,Hook
data/raw/CricShoot10kShootDataset/Lofted Offside/vid505_43.avi,Lofted Offside,Lofted Offside
data/raw/CricShoot10kShootDataset/Lofted Offside/vid514_64.avi,Lofted Offside,Lofted Offside
data/raw/CricShoot10kShootDataset/Square Cut/vid227_8.avi,Square Cut,Square Cut
data/raw/CricShoot10kShootDataset/Down The Wicket/vid437_30.avi,Down The Wicket,Down The Wicket
data/raw/CricShoot10kShootDataset/Lofted Offside/vid471_22.avi,Lofted Offside,Lofted Offside
data/raw/CricShoot10kShootDataset/Lofted Offside/vid324_41.avi,Lofted Offside,Lofted Offside
data/raw/CricShoot10kShootDataset/Lofted Legside/vid146_40.avi,Lofted Legside,Lofted Legside
data/raw/CricShoot10kShootDataset/Pull/vid431_36.avi,Pull,Pull
data/raw/CricShoot10kShootDataset/Square Cut/vid536_48.avi,Square Cut,Square Cut
data/raw/CricShoot10kShootDataset/Defensive/vid209_37.avi,Defensive,Defensive
data/raw/CricShoot10kShootDataset/Straight Drive/vid295_5.avi,Straight Drive,Straight Drive
data/raw/CricShoot10kShootDataset/Scoop/vid374_33.avi,Scoop,Scoop
data/raw/CricShoot10kShootDataset/Lofted Offside/vid105_14.avi,Lofted Offside,Lofted Offside
data/raw/CricShoot10kShootDataset/Scoop/vid506_40.avi,Scoop,Scoop
data/raw/CricShoot10kShootDataset/Upper Cut/vid9_11.avi,Upper Cut,Upper Cut
data/raw/CricShoot10kShootDataset/Lofted Offside/vid494_4.avi,Lofted Offside,Lofted Offside
data/raw/CricShoot10kShootDataset/Down The Wicket/vid500_24.avi,Down The Wicket,Down The Wicket
data/raw/CricShoot10kShootDataset/Flick/vid58_1.avi,Flick,Flick
data/raw/CricShoot10kShootDataset/Flick/vid38_42.avi,Flick,Flick
data/raw/CricShoot10kShootDataset/Square Cut/vid133_20.avi,Square Cut,Square Cut
data/raw/CricShoot10kShootDataset/Defensive/vid428_0.avi,Defensive,Defensive
data/raw/CricShoot10kShootDataset/Hook/vid255_35.avi,Hook,Hook
data/raw/CricShoot10kShootDataset/Flick/vid393_58.avi,Flick,Flick
data/raw/CricShoot10kShootDataset/Lofted Legside/vid434_60.avi,Lofted Legside,Lofted Legside
data/raw/CricShoot10kShootDataset/Reverse Sweep/vid20_8.avi,Reverse Sweep,Reverse Sweep
data/raw/CricShoot10kShootDataset/Cover Drive/vid42_12.avi,Cover Drive,Cover Drive
data/raw/CricShoot10kShootDataset/Down The Wicket/vid355_36.avi,Down The Wicket,Down The Wicket
data/raw/CricShoot10kShootDataset/Square Cut/vid208_35.avi,Square Cut,Square Cut
data/raw/CricShoot10kShootDataset/Lofted Legside/vid34_11.avi,Lofted Legside,Lofted Legside
data/raw/CricShoot10kShootDataset/Square Cut/vid428_42.avi,Square Cut,Square Cut
data/raw/CricShoot10kShootDataset/Lofted Legside/vid471_2.avi,Lofted Legside,Lofted Legside
data/raw/CricShoot10kShootDataset/Pull/vid226_44.avi,Pull,Pull
data/raw/CricShoot10kShootDataset/Lofted Offside/vid529_22.avi,Lofted Offside,Lofted Offside
data/raw/CricShoot10kShootDataset/Upper Cut/vid341_42.avi,Upper Cut,Upper Cut
data/raw/CricShoot10kShootDataset/Flick/vid333_14.avi,Flick,Flick
data/raw/CricShoot10kShootDataset/Defensive/vid162_57.avi,Defensive,Defensive
data/raw/CricShoot10kShootDataset/Hook/vid168_8.avi,Hook,Hook
data/raw/CricShoot10kShootDataset/Lofted Legside/vid58_20.avi,Lofted Legside,Lofted Legside
data/raw/CricShoot10kShootDataset/Flick/vid195_3.avi,Flick,Flick
data/raw/CricShoot10kShootDataset/Defensive/vid411_25.avi,Defensive,Defensive
data/raw/CricShoot10kShootDataset/Pull/vid519_14.avi,Pull,Pull
data/raw/CricShoot10kShootDataset/Lofted Offside/vid90_29.avi,Lofted Offside,Lofted Offside
data/raw/CricShoot10kShootDataset/Hook/vid305_18.avi,Hook,Hook
data/raw/CricShoot10kShootDataset/Hook/vid304_17.avi,Hook,Hook
data/raw/CricShoot10kShootDataset/Reverse Sweep/vid480_18.avi,Reverse Sweep,Reverse Sweep
data/raw/CricShoot10kShootDataset/Upper Cut/vid191_13.avi,Upper Cut,Upper Cut
data/raw/CricShoot10kShootDataset/Lofted Legside/vid75_23.avi,Lofted Legside,Lofted Legside
data/raw/CricShoot10kShootDataset/Down The Wicket/vid277_19.avi,Down The Wicket,Down The Wicket
data/raw/CricShoot10kShootDataset/Down The Wicket/vid85_17.avi,Down The Wicket,Down The Wicket
data/raw/CricShoot10kShootDataset/Straight Drive/vid376_31.avi,Straight Drive,Straight Drive
data/raw/CricShoot10kShootDataset/Square Cut/vid368_35.avi,Square Cut,Square Cut
data/raw/CricShoot10kShootDataset/Sweep/vid406_10.avi,Sweep,Sweep
data/raw/CricShoot10kShootDataset/Scoop/vid385_9.avi,Scoop,Scoop
data/raw/CricShoot10kShootDataset/Sweep/vid92_7.avi,Sweep,Sweep
data/raw/CricShoot10kShootDataset/Sweep/vid25_6.avi,Sweep,Sweep
data/raw/CricShoot10kShootDataset/Scoop/vid130_15.avi,Scoop,Scoop
data/raw/CricShoot10kShootDataset/Straight Drive/vid384_49.avi,Straight Drive,Straight Drive
data/raw/CricShoot10kShootDataset/Pull/vid454_8.avi,Pull,Pull
data/raw/CricShoot10kShootDataset/Hook/vid47_13.avi,Hook,Hook
data/raw/CricShoot10kShootDataset/Sweep/vid135_31.avi,Sweep,Sweep
data/raw/CricShoot10kShootDataset/Sweep/vid86_27.avi,Sweep,Sweep
data/raw/CricShoot10kShootDataset/Sweep/vid156_10.avi,Sweep,Sweep
data/raw/CricShoot10kShootDataset/Sweep/vid158_22.avi,Sweep,Sweep
data/raw/CricShoot10kShootDataset/Upper Cut/vid28_30.avi,Upper Cut,Upper Cut
data/raw/CricShoot10kShootDataset/Lofted Legside/vid465_38.avi,Lofted Legside,Lofted Legside
data/raw/CricShoot10kShootDataset/Square Cut/vid15_0.avi,Square Cut,Square Cut
data/raw/CricShoot10kShootDataset/Sweep/vid344_40.avi,Sweep,Sweep
data/raw/CricShoot10kShootDataset/Sweep/vid51_21.avi,Sweep,Sweep
data/raw/CricShoot10kShootDataset/Lofted Legside/vid485_29.avi,Lofted Legside,Lofted Legside
data/raw/CricShoot10kShootDataset/Lofted Offside/vid476_3.avi,Lofted Offside,Lofted Offside
data/raw/CricShoot10kShootDataset/Square Cut/vid123_1.avi,Square Cut,Square Cut
data/raw/CricShoot10kShootDataset/Sweep/vid410_11.avi,Sweep,Sweep
data/raw/CricShoot10kShootDataset/Sweep/vid534_24.avi,Sweep,Sweep
data/raw/CricShoot10kShootDataset/Flick/vid437_66.avi,Flick,Flick
data/raw/CricShoot10kShootDataset/Flick/vid242_0.avi,Flick,Flick
data/raw/CricShoot10kShootDataset/Pull/vid166_6.avi,Pull,Pull
data/raw/CricShoot10kShootDataset/Sweep/vid177_8.avi,Sweep,Sweep
data/raw/CricShoot10kShootDataset/Hook/vid500_13.avi,Hook,Hook
data/raw/CricShoot10kShootDataset/Scoop/vid344_58.avi,Scoop,Scoop
data/raw/CricShoot10kShootDataset/Lofted Offside/vid192_8.avi,Lofted Offside,Lofted Offside
data/raw/CricShoot10kShootDataset/Flick/vid108_23.avi,Flick,Flick
data/raw/CricShoot10kShootDataset/Flick/vid218_31.avi,Flick,Flick
data/raw/CricShoot10kShootDataset/Square Cut/vid338_19.avi,Square Cut,Square Cut
data/raw/CricShoot10kShootDataset/Hook/vid95_40.avi,Hook,Hook
data/raw/CricShoot10kShootDataset/Pull/vid530_21.avi,Pull,Pull
data/raw/CricShoot10kShootDataset/Cover Drive/vid533_0.avi,Cover Drive,Cover Drive
data/raw/CricShoot10kShootDataset/Straight Drive/vid136_14.avi,Straight Drive,Straight Drive
data/raw/CricShoot10kShootDataset/Lofted Legside/vid164_3.avi,Lofted Legside,Lofted Legside
data/raw/CricShoot10kShootDataset/Down The Wicket/vid163_3.avi,Down The Wicket,Down The Wicket
data/raw/CricShoot10kShootDataset/Pull/vid437_4.avi,Pull,Pull
data/raw/CricShoot10kShootDataset/Hook/vid481_42.avi,Hook,Hook
data/raw/CricShoot10kShootDataset/Straight Drive/vid126_27.avi,Straight Drive,Straight Drive
data/raw/CricShoot10kShootDataset/Hook/vid166_20.avi,Hook,Hook
data/raw/CricShoot10kShootDataset/Hook/vid517_13.avi,Hook,Hook
data/raw/CricShoot10kShootDataset/Down The Wicket/vid509_25.avi,Down The Wicket,Down The Wicket
data/raw/CricShoot10kShootDataset/Lofted Legside/vid358_62.avi,Lofted Legside,Lofted Legside
data/raw/CricShoot10kShootDataset/Cover Drive/vid118_7.avi,Cover Drive,Cover Drive
data/raw/CricShoot10kShootDataset/Hook/vid360_45.avi,Hook,Hook
data/raw/CricShoot10kShootDataset/Down The Wicket/vid272_14.avi,Down The Wicket,Down The Wicket
data/raw/CricShoot10kShootDataset/Lofted Offside/vid492_7.avi,Lofted Offside,Lofted Offside
data/raw/CricShoot10kShootDataset/Down The Wicket/vid92_18.avi,Down The Wicket,Down The Wicket
data/raw/CricShoot10kShootDataset/Straight Drive/vid251_31.avi,Straight Drive,Straight Drive
data/raw/CricShoot10kShootDataset/Square Cut/vid139_3.avi,Square Cut,Square Cut
data/raw/CricShoot10kShootDataset/Straight Drive/vid172_31.avi,Straight Drive,Straight Drive
data/raw/CricShoot10kShootDataset/Cover Drive/vid486_3.avi,Cover Drive,Cover Drive
data/raw/CricShoot10kShootDataset/Square Cut/vid225_0.avi,Square Cut,Square Cut
data/raw/CricShoot10kShootDataset/Late Cut/vid208_29.avi,Late Cut,Late Cut
data/raw/CricShoot10kShootDataset/Upper Cut/vid232_23.avi,Upper Cut,Upper Cut
data/raw/CricShoot10kShootDataset/Pull/vid51_41.avi,Pull,Pull
data/raw/CricShoot10kShootDataset/Scoop/vid407_6.avi,Scoop,Scoop
data/raw/CricShoot10kShootDataset/Down The Wicket/vid2_4.avi,Down The Wicket,Down The Wicket
data/raw/CricShoot10kShootDataset/Lofted Offside/vid77_20.avi,Lofted Offside,Lofted Offside
data/raw/CricShoot10kShootDataset/Square Cut/vid119_21.avi,Square Cut,Square Cut
data/raw/CricShoot10kShootDataset/Straight Drive/vid340_7.avi,Straight Drive,Straight Drive
data/raw/CricShoot10kShootDataset/Hook/vid494_17.avi,Hook,Hook
data/raw/CricShoot10kShootDataset/Sweep/vid57_15.avi,Sweep,Sweep
data/raw/CricShoot10kShootDataset/Down The Wicket/vid256_29.avi,Down The Wicket,Down The Wicket
data/raw/CricShoot10kShootDataset/Lofted Legside/vid483_17.avi,Lofted Legside,Lofted Legside
data/raw/CricShoot10kShootDataset/Pull/vid51_46.avi,Pull,Pull
data/raw/CricShoot10kShootDataset/Lofted Offside/vid519_12.avi,Lofted Offside,Lofted Offside
data/raw/CricShoot10kShootDataset/Sweep/vid448_45.avi,Sweep,Sweep
data/raw/CricShoot10kShootDataset/Reverse Sweep/vid28_33.avi,Reverse Sweep,Reverse Sweep
data/raw/CricShoot10kShootDataset/Cover Drive/vid246_14.avi,Cover Drive,Cover Drive
data/raw/CricShoot10kShootDataset/Defensive/vid207_48.avi,Defensive,Defensive
data/raw/CricShoot10kShootDataset/Defensive/vid224_26.avi,Defensive,Defensive
data/raw/CricShoot10kShootDataset/Scoop/vid365_39.avi,Scoop,Scoop
data/raw/CricShoot10kShootDataset/Lofted Legside/vid366_15.avi,Lofted Legside,Lofted Legside
data/raw/CricShoot10kShootDataset/Lofted Legside/vid521_97.avi,Lofted Legside,Lofted Legside
data/raw/CricShoot10kShootDataset/Late Cut/vid481_32.avi,Late Cut,Late Cut
data/raw/CricShoot10kShootDataset/Square Cut/vid516_11.avi,Square Cut,Square Cut
data/raw/CricShoot10kShootDataset/Straight Drive/vid180_4.avi,Straight Drive,Straight Drive
data/raw/CricShoot10kShootDataset/Lofted Legside/vid481_49.avi,Lofted Legside,Lofted Legside
data/raw/CricShoot10kShootDataset/Cover Drive/vid392_2.avi,Cover Drive,Cover Drive
data/raw/CricShoot10kShootDataset/Flick/vid81_0.avi,Flick,Flick
data/raw/CricShoot10kShootDataset/Pull/vid433_43.avi,Pull,Pull
data/raw/CricShoot10kShootDataset/Scoop/vid379_0.avi,Scoop,Scoop
data/raw/CricShoot10kShootDataset/Late Cut/vid244_20.avi,Late Cut,Late Cut
data/raw/CricShoot10kShootDataset/Down The Wicket/vid127_6.avi,Down The Wicket,Down The Wicket
data/raw/CricShoot10kShootDataset/Cover Drive/vid531_0.avi,Cover Drive,Cover Drive
data/raw/CricShoot10kShootDataset/Hook/vid363_21.avi,Hook,Hook
data/raw/CricShoot10kShootDataset/Hook/vid80_16.avi,Hook,Hook
data/raw/CricShoot10kShootDataset/Defensive/vid241_11.avi,Defensive,Defensive
data/raw/CricShoot10kShootDataset/Sweep/vid49_51.avi,Sweep,Sweep
data/raw/CricShoot10kShootDataset/Flick/vid441_8.avi,Flick,Flick
data/raw/CricShoot10kShootDataset/Late Cut/vid522_75.avi,Late Cut,Late Cut
data/raw/CricShoot10kShootDataset/Hook/vid521_69.avi,Hook,Hook
data/raw/CricShoot10kShootDataset/Pull/vid471_37.avi,Pull,Pull
data/raw/CricShoot10kShootDataset/Cover Drive/vid125_3.avi,Cover Drive,Cover Drive
data/raw/CricShoot10kShootDataset/Defensive/vid231_9.avi,Defensive,Defensive
data/raw/CricShoot10kShootDataset/Square Cut/vid364_58.avi,Square Cut,Square Cut
data/raw/CricShoot10kShootDataset/Scoop/vid6_12.avi,Scoop,Scoop
data/raw/CricShoot10kShootDataset/Square Cut/vid535_4.avi,Square Cut,Square Cut
data/raw/CricShoot10kShootDataset/Down The Wicket/vid51_70.avi,Down The Wicket,Down The Wicket
data/raw/CricShoot10kShootDataset/Straight Drive/vid303_10.avi,Straight Drive,Straight Drive
data/raw/CricShoot10kShootDataset/Late Cut/vid517_1.avi,Late Cut,Late Cut
data/raw/CricShoot10kShootDataset/Lofted Legside/vid453_20.avi,Lofted Legside,Lofted Legside
data/raw/CricShoot10kShootDataset/Upper Cut/vid117_3.avi,Upper Cut,Upper Cut
data/raw/CricShoot10kShootDataset/Flick/vid210_1.avi,Flick,Flick
data/raw/CricShoot10kShootDataset/Lofted Legside/vid461_22.avi,Lofted Legside,Lofted Legside
data/raw/CricShoot10kShootDataset/Straight Drive/vid300_0.avi,Straight Drive,Straight Drive
data/raw/CricShoot10kShootDataset/Pull/vid483_16.avi,Pull,Pull
data/raw/CricShoot10kShootDataset/Lofted Offside/vid439_17.avi,Lofted Offside,Lofted Offside
data/raw/CricShoot10kShootDataset/Pull/vid456_37.avi,Pull,Pull
data/raw/CricShoot10kShootDataset/Cover Drive/vid213_61.avi,Cover Drive,Cover Drive
data/raw/CricShoot10kShootDataset/Hook/vid122_3.avi,Hook,Hook
data/raw/CricShoot10kShootDataset/Lofted Legside/vid158_29.avi,Lofted Legside,Lofted Legside
data/raw/CricShoot10kShootDataset/Down The Wicket/vid486_4.avi,Down The Wicket,Down The Wicket
data/raw/CricShoot10kShootDataset/Defensive/vid252_14.avi,Defensive,Defensive
data/raw/CricShoot10kShootDataset/Hook/vid390_16.avi,Hook,Hook
data/raw/CricShoot10kShootDataset/Cover Drive/vid235_5.avi,Cover Drive,Cover Drive
data/raw/CricShoot10kShootDataset/Defensive/vid113_26.avi,Defensive,Defensive
data/raw/CricShoot10kShootDataset/Defensive/vid449_21.avi,Defensive,Defensive
data/raw/CricShoot10kShootDataset/Square Cut/vid146_9.avi,Square Cut,Square Cut
data/raw/CricShoot10kShootDataset/Lofted Offside/vid449_3.avi,Lofted Offside,Lofted Offside
data/raw/CricShoot10kShootDataset/Lofted Legside/vid489_47.avi,Lofted Legside,Lofted Legside
data/raw/CricShoot10kShootDataset/Scoop/vid512_12.avi,Scoop,Scoop
data/raw/CricShoot10kShootDataset/Defensive/vid235_40.avi,Defensive,Defensive
data/raw/CricShoot10kShootDataset/Lofted Legside/vid397_28.avi,Lofted Legside,Lofted Legside
data/raw/CricShoot10kShootDataset/Lofted Offside/vid43_36.avi,Lofted Offside,Lofted Offside
data/raw/CricShoot10kShootDataset/Lofted Legside/vid172_28.avi,Lofted Legside,Lofted Legside
data/raw/CricShoot10kShootDataset/Lofted Legside/vid439_36.avi,Lofted Legside,Lofted Legside
data/raw/CricShoot10kShootDataset/Flick/vid252_37.avi,Flick,Flick
data/raw/CricShoot10kShootDataset/Lofted Legside/vid532_74.avi,Lofted Legside,Lofted Legside
data/raw/CricShoot10kShootDataset/Square Cut/vid355_14.avi,Square Cut,Square Cut
data/raw/CricShoot10kShootDataset/Flick/vid466_19.avi,Flick,Flick
data/raw/CricShoot10kShootDataset/Square Cut/vid64_19.avi,Square Cut,Square Cut
data/raw/CricShoot10kShootDataset/Upper Cut/vid42_6.avi,Upper Cut,Upper Cut
data/raw/CricShoot10kShootDataset/Straight Drive/vid150_5.avi,Straight Drive,Straight Drive
data/raw/CricShoot10kShootDataset/Flick/vid466_4.avi,Flick,Flick
data/raw/CricShoot10kShootDataset/Upper Cut/vid218_26.avi,Upper Cut,Upper Cut
data/raw/CricShoot10kShootDataset/Lofted Offside/vid372_11.avi,Lofted Offside,Lofted Offside
data/raw/CricShoot10kShootDataset/Down The Wicket/vid89_58.avi,Down The Wicket,Down The Wicket
data/raw/CricShoot10kShootDataset/Lofted Offside/vid508_39.avi,Lofted Offside,Lofted Offside
data/raw/CricShoot10kShootDataset/Sweep/vid44_25.avi,Sweep,Sweep
data/raw/CricShoot10kShootDataset/Cover Drive/vid42_1.avi,Cover Drive,Cover Drive
data/raw/CricShoot10kShootDataset/Lofted Legside/vid509_3.avi,Lofted Legside,Lofted Legside
data/raw/CricShoot10kShootDataset/Scoop/vid495_1.avi,Scoop,Scoop
data/raw/CricShoot10kShootDataset/Reverse Sweep/vid220_32.avi,Reverse Sweep,Reverse Sweep
data/raw/CricShoot10kShootDataset/Hook/vid4_7.avi,Hook,Hook
data/raw/CricShoot10kShootDataset/Sweep/vid148_11.avi,Sweep,Sweep
data/raw/CricShoot10kShootDataset/Lofted Legside/vid40_6.avi,Lofted Legside,Lofted Legside
data/raw/CricShoot10kShootDataset/Scoop/vid153_5.avi,Scoop,Scoop
data/raw/CricShoot10kShootDataset/Hook/vid28_53.avi,Hook,Hook
data/raw/CricShoot10kShootDataset/Down The Wicket/vid211_33.avi,Down The Wicket,Down The Wicket
data/raw/CricShoot10kShootDataset/Lofted Legside/vid34_48.avi,Lofted Legside,Lofted Legside
data/raw/CricShoot10kShootDataset/Hook/vid178_18.avi,Hook,Hook
data/raw/CricShoot10kShootDataset/Pull/vid365_11.avi,Pull,Pull
data/raw/CricShoot10kShootDataset/Straight Drive/vid50_9.avi,Straight Drive,Straight Drive
data/raw/CricShoot10kShootDataset/Flick/vid238_15.avi,Flick,Flick
data/raw/CricShoot10kShootDataset/Lofted Legside/vid512_34.avi,Lofted Legside,Lofted Legside
data/raw/CricShoot10kShootDataset/Flick/vid241_26.avi,Flick,Flick
data/raw/CricShoot10kShootDataset/Down The Wicket/vid381_34.avi,Down The Wicket,Down The Wicket
data/raw/CricShoot10kShootDataset/Flick/vid31_25.avi,Flick,Flick
data/raw/CricShoot10kShootDataset/Late Cut/vid241_14.avi,Late Cut,Late Cut
data/raw/CricShoot10kShootDataset/Upper Cut/vid59_29.avi,Upper Cut,Upper Cut
data/raw/CricShoot10kShootDataset/Flick/vid401_8.avi,Flick,Flick
data/raw/CricShoot10kShootDataset/Flick/vid393_43.avi,Flick,Flick
data/raw/CricShoot10kShootDataset/Square Cut/vid481_2.avi,Square Cut,Square Cut
data/raw/CricShoot10kShootDataset/Down The Wicket/vid64_16.avi,Down The Wicket,Down The Wicket
data/raw/CricShoot10kShootDataset/Lofted Legside/vid419_9.avi,Lofted Legside,Lofted Legside
data/raw/CricShoot10kShootDataset/Cover Drive/vid38_6.avi,Cover Drive,Cover Drive
data/raw/CricShoot10kShootDataset/Defensive/vid226_52.avi,Defensive,Defensive
data/raw/CricShoot10kShootDataset/Lofted Legside/vid215_44.avi,Lofted Legside,Lofted Legside
data/raw/CricShoot10kShootDataset/Lofted Legside/vid486_66.avi,Lofted Legside,Lofted Legside
data/raw/CricShoot10kShootDataset/Down The Wicket/vid292_17.avi,Down The Wicket,Down The Wicket
data/raw/CricShoot10kShootDataset/Lofted Offside/vid361_28.avi,Lofted Offside,Lofted Offside
data/raw/CricShoot10kShootDataset/Late Cut/vid514_37.avi,Late Cut,Late Cut
data/raw/CricShoot10kShootDataset/Square Cut/vid535_57.avi,Square Cut,Square Cut
data/raw/CricShoot10kShootDataset/Straight Drive/vid166_3.avi,Straight Drive,Straight Drive
data/raw/CricShoot10kShootDataset/Pull/vid63_20.avi,Pull,Pull
data/raw/CricShoot10kShootDataset/Lofted Offside/vid369_65.avi,Lofted Offside,Lofted Offside
data/raw/CricShoot10kShootDataset/Straight Drive/vid115_15.avi,Straight Drive,Straight Drive
data/raw/CricShoot10kShootDataset/Down The Wicket/vid435_10.avi,Down The Wicket,Down The Wicket
data/raw/CricShoot10kShootDataset/Lofted Offside/vid489_18.avi,Lofted Offside,Lofted Offside
data/raw/CricShoot10kShootDataset/Square Cut/vid91_27.avi,Square Cut,Square Cut
data/raw/CricShoot10kShootDataset/Lofted Offside/vid341_14.avi,Lofted Offside,Lofted Offside
data/raw/CricShoot10kShootDataset/Down The Wicket/vid73_37.avi,Down The Wicket,Down The Wicket
data/raw/CricShoot10kShootDataset/Down The Wicket/vid470_24.avi,Down The Wicket,Down The Wicket
data/raw/CricShoot10kShootDataset/Scoop/vid494_20.avi,Scoop,Scoop
data/raw/CricShoot10kShootDataset/Down The Wicket/vid182_12.avi,Down The Wicket,Down The Wicket
data/raw/CricShoot10kShootDataset/Lofted Offside/vid387_44.avi,Lofted Offside,Lofted Offside
data/raw/CricShoot10kShootDataset/Lofted Legside/vid174_27.avi,Lofted Legside,Lofted Legside
data/raw/CricShoot10kShootDataset/Lofted Offside/vid409_3.avi,Lofted Offside,Lofted Offside
data/raw/CricShoot10kShootDataset/Scoop/vid126_9.avi,Scoop,Scoop
data/raw/CricShoot10kShootDataset/Lofted Legside/vid452_33.avi,Lofted Legside,Lofted Legside
data/raw/CricShoot10kShootDataset/Defensive/vid520_18.avi,Defensive,Defensive
data/raw/CricShoot10kShootDataset/Lofted Legside/vid119_9.avi,Lofted Legside,Lofted Legside
data/raw/CricShoot10kShootDataset/Pull/vid528_27.avi,Pull,Pull
data/raw/CricShoot10kShootDataset/Flick/vid167_15.avi,Flick,Flick
data/raw/CricShoot10kShootDataset/Flick/vid235_32.avi,Flick,Flick
data/raw/CricShoot10kShootDataset/Lofted Legside/vid333_10.avi,Lofted Legside,Lofted Legside
data/raw/CricShoot10kShootDataset/Defensive/vid104_27.avi,Defensive,Defensive
data/raw/CricShoot10kShootDataset/Flick/vid230_2.avi,Flick,Flick
data/raw/CricShoot10kShootDataset/Flick/vid130_0.avi,Flick,Flick
data/raw/CricShoot10kShootDataset/Straight Drive/vid467_37.avi,Straight Drive,Straight Drive
data/raw/CricShoot10kShootDataset/Cover Drive/vid484_24.avi,Cover Drive,Cover Drive
data/raw/CricShoot10kShootDataset/Flick/vid251_51.avi,Flick,Flick
data/raw/CricShoot10kShootDataset/Reverse Sweep/vid387_6.avi,Reverse Sweep,Reverse Sweep
data/raw/CricShoot10kShootDataset/Lofted Legside/vid459_19.avi,Lofted Legside,Lofted Legside
data/raw/CricShoot10kShootDataset/Pull/vid160_44.avi,Pull,Pull
data/raw/CricShoot10kShootDataset/Pull/vid399_0.avi,Pull,Pull
data/raw/CricShoot10kShootDataset/Cover Drive/vid296_24.avi,Cover Drive,Cover Drive
data/raw/CricShoot10kShootDataset/Pull/vid213_6.avi,Pull,Pull
data/raw/CricShoot10kShootDataset/Flick/vid90_34.avi,Flick,Flick
data/raw/CricShoot10kShootDataset/Pull/vid358_64.avi,Pull,Pull
data/raw/CricShoot10kShootDataset/Lofted Offside/vid434_29.avi,Lofted Offside,Lofted Offside
data/raw/CricShoot10kShootDataset/Square Cut/vid432_30.avi,Square Cut,Square Cut
data/raw/CricShoot10kShootDataset/Reverse Sweep/vid361_15.avi,Reverse Sweep,Reverse Sweep
data/raw/CricShoot10kShootDataset/Sweep/vid198_6.avi,Sweep,Sweep
data/raw/CricShoot10kShootDataset/Flick/vid367_11.avi,Flick,Flick
data/raw/CricShoot10kShootDataset/Straight Drive/vid335_0.avi,Straight Drive,Straight Drive
data/raw/CricShoot10kShootDataset/Sweep/vid165_45.avi,Sweep,Sweep
data/raw/CricShoot10kShootDataset/Pull/vid100_31.avi,Pull,Pull
data/raw/CricShoot10kShootDataset/Sweep/vid388_22.avi,Sweep,Sweep
data/raw/CricShoot10kShootDataset/Flick/vid389_66.avi,Flick,Flick
data/raw/CricShoot10kShootDataset/Late Cut/vid244_36.avi,Late Cut,Late Cut
data/raw/CricShoot10kShootDataset/Square Cut/vid87_49.avi,Square Cut,Square Cut
data/raw/CricShoot10kShootDataset/Flick/vid94_51.avi,Flick,Flick
data/raw/CricShoot10kShootDataset/Down The Wicket/vid261_2.avi,Down The Wicket,Down The Wicket
data/raw/CricShoot10kShootDataset/Square Cut/vid529_45.avi,Square Cut,Square Cut
data/raw/CricShoot10kShootDataset/Defensive/vid315_8.avi,Defensive,Defensive
data/raw/CricShoot10kShootDataset/Lofted Legside/vid505_7.avi,Lofted Legside,Lofted Legside
data/raw/CricShoot10kShootDataset/Square Cut/vid533_67.avi,Square Cut,Square Cut
data/raw/CricShoot10kShootDataset/Pull/vid64_31.avi,Pull,Pull
data/raw/CricShoot10kShootDataset/Scoop/vid530_38.avi,Scoop,Scoop
data/raw/CricShoot10kShootDataset/Flick/vid206_44.avi,Flick,Flick
data/raw/CricShoot10kShootDataset/Lofted Legside/vid530_25.avi,Lofted Legside,Lofted Legside
data/raw/CricShoot10kShootDataset/Cover Drive/vid224_12.avi,Cover Drive,Cover Drive
data/raw/CricShoot10kShootDataset/Flick/vid138_14.avi,Flick,Flick
data/raw/CricShoot10kShootDataset/Square Cut/vid245_14.avi,Square Cut,Square Cut
data/raw/CricShoot10kShootDataset/Lofted Offside/vid442_5.avi,Lofted Offside,Lofted Offside
data/raw/CricShoot10kShootDataset/Sweep/vid156_29.avi,Sweep,Sweep
data/raw/CricShoot10kShootDataset/Down The Wicket/vid368_47.avi,Down The Wicket,Down The Wicket
data/raw/CricShoot10kShootDataset/Pull/vid203_38.avi,Pull,Pull
data/raw/CricShoot10kShootDataset/Defensive/vid461_0.avi,Defensive,Defensive
data/raw/CricShoot10kShootDataset/Lofted Legside/vid293_7.avi,Lofted Legside,Lofted Legside
data/raw/CricShoot10kShootDataset/Scoop/vid381_21.avi,Scoop,Scoop
data/raw/CricShoot10kShootDataset/Hook/vid378_39.avi,Hook,Hook
data/raw/CricShoot10kShootDataset/Lofted Legside/vid60_53.avi,Lofted Legside,Lofted Legside
data/raw/CricShoot10kShootDataset/Lofted Offside/vid433_28.avi,Lofted Offside,Lofted Offside
data/raw/CricShoot10kShootDataset/Defensive/vid315_3.avi,Defensive,Defensive
data/raw/CricShoot10kShootDataset/Down The Wicket/vid271_5.avi,Down The Wicket,Down The Wicket
data/raw/CricShoot10kShootDataset/Pull/vid167_28.avi,Pull,Pull
data/raw/CricShoot10kShootDataset/Hook/vid233_36.avi,Hook,Hook
data/raw/CricShoot10kShootDataset/Lofted Legside/vid384_33.avi,Lofted Legside,Lofted Legside
data/raw/CricShoot10kShootDataset/Square Cut/vid101_13.avi,Square Cut,Square Cut
data/raw/CricShoot10kShootDataset/Straight Drive/vid380_16.avi,Straight Drive,Straight Drive
data/raw/CricShoot10kShootDataset/Straight Drive/vid82_4.avi,Straight Drive,Straight Drive
data/raw/CricShoot10kShootDataset/Lofted Legside/vid34_15.avi,Lofted Legside,Lofted Legside
data/raw/CricShoot10kShootDataset/Down The Wicket/vid436_58.avi,Down The Wicket,Down The Wicket
data/raw/CricShoot10kShootDataset/Down The Wicket/vid142_6.avi,Down The Wicket,Down The Wicket
data/raw/CricShoot10kShootDataset/Down The Wicket/vid53_40.avi,Down The Wicket,Down The Wicket
data/raw/CricShoot10kShootDataset/Flick/vid232_18.avi,Flick,Flick
data/raw/CricShoot10kShootDataset/Scoop/vid371_22.avi,Scoop,Scoop
data/raw/CricShoot10kShootDataset/Lofted Legside/vid83_7.avi,Lofted Legside,Lofted Legside
data/raw/CricShoot10kShootDataset/Cover Drive/vid428_45.avi,Cover Drive,Cover Drive
data/raw/CricShoot10kShootDataset/Square Cut/vid225_17.avi,Square Cut,Square Cut
data/raw/CricShoot10kShootDataset/Straight Drive/vid174_13.avi,Straight Drive,Straight Drive
data/raw/CricShoot10kShootDataset/Scoop/vid414_3.avi,Scoop,Scoop
data/raw/CricShoot10kShootDataset/Reverse Sweep/vid434_16.avi,Reverse Sweep,Reverse Sweep
data/raw/CricShoot10kShootDataset/Down The Wicket/vid65_46.avi,Down The Wicket,Down The Wicket
data/raw/CricShoot10kShootDataset/Pull/vid492_3.avi,Pull,Pull
data/raw/CricShoot10kShootDataset/Square Cut/vid99_34.avi,Square Cut,Square Cut
data/raw/CricShoot10kShootDataset/Lofted Legside/vid373_13.avi,Lofted Legside,Lofted Legside
data/raw/CricShoot10kShootDataset/Down The Wicket/vid414_24.avi,Down The Wicket,Down The Wicket
data/raw/CricShoot10kShootDataset/Square Cut/vid30_10.avi,Square Cut,Square Cut
data/raw/CricShoot10kShootDataset/Straight Drive/vid313_18.avi,Straight Drive,Straight Drive
data/raw/CricShoot10kShootDataset/Lofted Offside/vid256_6.avi,Lofted Offside,Lofted Offside
data/raw/CricShoot10kShootDataset/Sweep/vid49_43.avi,Sweep,Sweep
data/raw/CricShoot10kShootDataset/Sweep/vid90_2.avi,Sweep,Sweep
data/raw/CricShoot10kShootDataset/Sweep/vid451_21.avi,Sweep,Sweep
data/raw/CricShoot10kShootDataset/Cover Drive/vid146_29.avi,Cover Drive,Cover Drive
data/raw/CricShoot10kShootDataset/Lofted Offside/vid508_49.avi,Lofted Offside,Lofted Offside
data/raw/CricShoot10kShootDataset/Lofted Offside/vid335_11.avi,Lofted Offside,Lofted Offside
data/raw/CricShoot10kShootDataset/Sweep/vid212_32.avi,Sweep,Sweep
data/raw/CricShoot10kShootDataset/Lofted Legside/vid355_38.avi,Lofted Legside,Lofted Legside
data/raw/CricShoot10kShootDataset/Cover Drive/vid233_1.avi,Cover Drive,Cover Drive
data/raw/CricShoot10kShootDataset/Lofted Offside/vid9_19.avi,Lofted Offside,Lofted Offside
data/raw/CricShoot10kShootDataset/Flick/vid105_28.avi,Flick,Flick
data/raw/CricShoot10kShootDataset/Flick/vid105_30.avi,Flick,Flick
data/raw/CricShoot10kShootDataset/Down The Wicket/vid61_6.avi,Down The Wicket,Down The Wicket
data/raw/CricShoot10kShootDataset/Pull/vid452_41.avi,Pull,Pull
data/raw/CricShoot10kShootDataset/Lofted Legside/vid37_23.avi,Lofted Legside,Lofted Legside
data/raw/CricShoot10kShootDataset/Down The Wicket/vid55_4.avi,Down The Wicket,Down The Wicket
data/raw/CricShoot10kShootDataset/Lofted Offside/vid498_17.avi,Lofted Offside,Lofted Offside
data/raw/CricShoot10kShootDataset/Lofted Legside/vid358_58.avi,Lofted Legside,Lofted Legside
data/raw/CricShoot10kShootDataset/Lofted Offside/vid361_65.avi,Lofted Offside,Lofted Offside
data/raw/CricShoot10kShootDataset/Lofted Offside/vid34_22.avi,Lofted Offside,Lofted Offside
data/raw/CricShoot10kShootDataset/Flick/vid451_16.avi,Flick,Flick
data/raw/CricShoot10kShootDataset/Upper Cut/vid16_14.avi,Upper Cut,Upper Cut
data/raw/CricShoot10kShootDataset/Pull/vid213_33.avi,Pull,Pull
data/raw/CricShoot10kShootDataset/Lofted Offside/vid6_11.avi,Lofted Offside,Lofted Offside
data/raw/CricShoot10kShootDataset/Upper Cut/vid327_44.avi,Upper Cut,Upper Cut
data/raw/CricShoot10kShootDataset/Lofted Legside/vid87_35.avi,Lofted Legside,Lofted Legside
data/raw/CricShoot10kShootDataset/Late Cut/vid93_40.avi,Late Cut,Late Cut
data/raw/CricShoot10kShootDataset/Cover Drive/vid492_17.avi,Cover Drive,Cover Drive
data/raw/CricShoot10kShootDataset/Lofted Offside/vid413_14.avi,Lofted Offside,Lofted Offside
data/raw/CricShoot10kShootDataset/Sweep/vid86_40.avi,Sweep,Sweep
data/raw/CricShoot10kShootDataset/Lofted Legside/vid243_15.avi,Lofted Legside,Lofted Legside
data/raw/CricShoot10kShootDataset/Pull/vid45_24.avi,Pull,Pull
data/raw/CricShoot10kShootDataset/Flick/vid105_3.avi,Flick,Flick
data/raw/CricShoot10kShootDataset/Pull/vid413_18.avi,Pull,Pull
data/raw/CricShoot10kShootDataset/Late Cut/vid487_2.avi,Late Cut,Late Cut
data/raw/CricShoot10kShootDataset/Sweep/vid536_55.avi,Sweep,Sweep
data/raw/CricShoot10kShootDataset/Flick/vid107_33.avi,Flick,Flick
data/raw/CricShoot10kShootDataset/Square Cut/vid162_16.avi,Square Cut,Square Cut
data/raw/CricShoot10kShootDataset/Down The Wicket/vid12_15.avi,Down The Wicket,Down The Wicket
data/raw/CricShoot10kShootDataset/Down The Wicket/vid427_6.avi,Down The Wicket,Down The Wicket
data/raw/CricShoot10kShootDataset/Lofted Legside/vid21_31.avi,Lofted Legside,Lofted Legside
data/raw/CricShoot10kShootDataset/Hook/vid233_40.avi,Hook,Hook
data/raw/CricShoot10kShootDataset/Lofted Offside/vid378_29.avi,Lofted Offside,Lofted Offside
data/raw/CricShoot10kShootDataset/Square Cut/vid353_6.avi,Square Cut,Square Cut
data/raw/CricShoot10kShootDataset/Pull/vid373_33.avi,Pull,Pull
data/raw/CricShoot10kShootDataset/Straight Drive/vid250_2.avi,Straight Drive,Straight Drive
data/raw/CricShoot10kShootDataset/Flick/vid99_7.avi,Flick,Flick
data/raw/CricShoot10kShootDataset/Square Cut/vid320_14.avi,Square Cut,Square Cut
data/raw/CricShoot10kShootDataset/Down The Wicket/vid67_49.avi,Down The Wicket,Down The Wicket
data/raw/CricShoot10kShootDataset/Cover Drive/vid505_2.avi,Cover Drive,Cover Drive
data/raw/CricShoot10kShootDataset/Hook/vid268_1.avi,Hook,Hook
data/raw/CricShoot10kShootDataset/Lofted Offside/vid256_17.avi,Lofted Offside,Lofted Offside
data/raw/CricShoot10kShootDataset/Lofted Legside/vid489_28.avi,Lofted Legside,Lofted Legside
data/raw/CricShoot10kShootDataset/Pull/vid133_12.avi,Pull,Pull
data/raw/CricShoot10kShootDataset/Hook/vid364_30.avi,Hook,Hook
data/raw/CricShoot10kShootDataset/Sweep/vid256_28.avi,Sweep,Sweep
data/raw/CricShoot10kShootDataset/Scoop/vid417_26.avi,Scoop,Scoop
data/raw/CricShoot10kShootDataset/Lofted Offside/vid476_8.avi,Lofted Offside,Lofted Offside
data/raw/CricShoot10kShootDataset/Down The Wicket/vid92_10.avi,Down The Wicket,Down The Wicket
data/raw/CricShoot10kShootDataset/Upper Cut/vid419_6.avi,Upper Cut,Upper Cut
data/raw/CricShoot10kShootDataset/Down The Wicket/vid337_41.avi,Down The Wicket,Down The Wicket
data/raw/CricShoot10kShootDataset/Pull/vid433_39.avi,Pull,Pull
data/raw/CricShoot10kShootDataset/Flick/vid461_50.avi,Flick,Flick
data/raw/CricShoot10kShootDataset/Down The Wicket/vid451_41.avi,Down The Wicket,Down The Wicket
data/raw/CricShoot10kShootDataset/Flick/vid401_14.avi,Flick,Flick
data/raw/CricShoot10kShootDataset/Cover Drive/vid239_19.avi,Cover Drive,Cover Drive
data/raw/CricShoot10kShootDataset/Pull/vid387_41.avi,Pull,Pull
data/raw/CricShoot10kShootDataset/Lofted Legside/vid489_17.avi,Lofted Legside,Lofted Legside
data/raw/CricShoot10kShootDataset/Pull/vid44_10.avi,Pull,Pull
data/raw/CricShoot10kShootDataset/Down The Wicket/vid473_31.avi,Down The Wicket,Down The Wicket
data/raw/CricShoot10kShootDataset/Sweep/vid57_14.avi,Sweep,Sweep
data/raw/CricShoot10kShootDataset/Cover Drive/vid466_5.avi,Cover Drive,Cover Drive
data/raw/CricShoot10kShootDataset/Lofted Offside/vid74_18.avi,Lofted Offside,Lofted Offside
data/raw/CricShoot10kShootDataset/Lofted Legside/vid49_16.avi,Lofted Legside,Lofted Legside
data/raw/CricShoot10kShootDataset/Down The Wicket/vid105_6.avi,Down The Wicket,Down The Wicket
data/raw/CricShoot10kShootDataset/Defensive/vid313_0.avi,Defensive,Defensive
data/raw/CricShoot10kShootDataset/Lofted Legside/vid461_37.avi,Lofted Legside,Lofted Legside
data/raw/CricShoot10kShootDataset/Sweep/vid457_7.avi,Sweep,Sweep
data/raw/CricShoot10kShootDataset/Late Cut/vid445_46.avi,Late Cut,Late Cut
data/raw/CricShoot10kShootDataset/Sweep/vid387_29.avi,Sweep,Sweep
data/raw/CricShoot10kShootDataset/Square Cut/vid168_37.avi,Square Cut,Square Cut
data/raw/CricShoot10kShootDataset/Cover Drive/vid319_15.avi,Cover Drive,Cover Drive
data/raw/CricShoot10kShootDataset/Lofted Offside/vid422_18.avi,Lofted Offside,Lofted Offside
data/raw/CricShoot10kShootDataset/Upper Cut/vid21_27.avi,Upper Cut,Upper Cut
data/raw/CricShoot10kShootDataset/Lofted Legside/vid392_15.avi,Lofted Legside,Lofted Legside
data/raw/CricShoot10kShootDataset/Hook/vid100_5.avi,Hook,Hook
data/raw/CricShoot10kShootDataset/Defensive/vid226_13.avi,Defensive,Defensive
data/raw/CricShoot10kShootDataset/Flick/vid240_7.avi,Flick,Flick
data/raw/CricShoot10kShootDataset/Pull/vid81_26.avi,Pull,Pull
data/raw/CricShoot10kShootDataset/Lofted Legside/vid508_18.avi,Lofted Legside,Lofted Legside
data/raw/CricShoot10kShootDataset/Scoop/vid202_13.avi,Scoop,Scoop
data/raw/CricShoot10kShootDataset/Straight Drive/vid175_22.avi,Straight Drive,Straight Drive
data/raw/CricShoot10kShootDataset/Lofted Offside/vid115_13.avi,Lofted Offside,Lofted Offside
data/raw/CricShoot10kShootDataset/Cover Drive/vid118_22.avi,Cover Drive,Cover Drive
data/raw/CricShoot10kShootDataset/Square Cut/vid384_4.avi,Square Cut,Square Cut
data/raw/CricShoot10kShootDataset/Down The Wicket/vid23_17.avi,Down The Wicket,Down The Wicket
data/raw/CricShoot10kShootDataset/Lofted Offside/vid386_1.avi,Lofted Offside,Lofted Offside
data/raw/CricShoot10kShootDataset/Late Cut/vid318_14.avi,Late Cut,Late Cut
data/raw/CricShoot10kShootDataset/Lofted Offside/vid118_18.avi,Lofted Offside,Lofted Offside
data/raw/CricShoot10kShootDataset/Sweep/vid50_20.avi,Sweep,Sweep
data/raw/CricShoot10kShootDataset/Cover Drive/vid209_31.avi,Cover Drive,Cover Drive
data/raw/CricShoot10kShootDataset/Lofted Legside/vid108_11.avi,Lofted Legside,Lofted Legside
data/raw/CricShoot10kShootDataset/Hook/vid164_11.avi,Hook,Hook
data/raw/CricShoot10kShootDataset/Lofted Legside/vid490_33.avi,Lofted Legside,Lofted Legside
data/raw/CricShoot10kShootDataset/Lofted Offside/vid357_59.avi,Lofted Offside,Lofted Offside
data/raw/CricShoot10kShootDataset/Sweep/vid511_13.avi,Sweep,Sweep
data/raw/CricShoot10kShootDataset/Pull/vid482_62.avi,Pull,Pull
data/raw/CricShoot10kShootDataset/Cover Drive/vid147_2.avi,Cover Drive,Cover Drive
data/raw/CricShoot10kShootDataset/Down The Wicket/vid451_19.avi,Down The Wicket,Down The Wicket
data/raw/CricShoot10kShootDataset/Defensive/vid237_43.avi,Defensive,Defensive
data/raw/CricShoot10kShootDataset/Scoop/vid471_44.avi,Scoop,Scoop
data/raw/CricShoot10kShootDataset/Down The Wicket/vid413_19.avi,Down The Wicket,Down The Wicket
data/raw/CricShoot10kShootDataset/Flick/vid38_38.avi,Flick,Flick
data/raw/CricShoot10kShootDataset/Cover Drive/vid33_1.avi,Cover Drive,Cover Drive
data/raw/CricShoot10kShootDataset/Lofted Offside/vid431_3.avi,Lofted Offside,Lofted Offside
data/raw/CricShoot10kShootDataset/Sweep/vid415_30.avi,Sweep,Sweep
data/raw/CricShoot10kShootDataset/Flick/vid294_24.avi,Flick,Flick
data/raw/CricShoot10kShootDataset/Square Cut/vid389_52.avi,Square Cut,Square Cut
data/raw/CricShoot10kShootDataset/Defensive/vid236_3.avi,Defensive,Defensive
data/raw/CricShoot10kShootDataset/Lofted Offside/vid512_18.avi,Lofted Offside,Lofted Offside
data/raw/CricShoot10kShootDataset/Sweep/vid472_13.avi,Sweep,Sweep
data/raw/CricShoot10kShootDataset/Sweep/vid154_29.avi,Sweep,Sweep
data/raw/CricShoot10kShootDataset/Lofted Offside/vid87_4.avi,Lofted Offside,Lofted Offside
data/raw/CricShoot10kShootDataset/Down The Wicket/vid324_11.avi,Down The Wicket,Down The Wicket
data/raw/CricShoot10kShootDataset/Late Cut/vid473_14.avi,Late Cut,Late Cut
data/raw/CricShoot10kShootDataset/Pull/vid482_63.avi,Pull,Pull
data/raw/CricShoot10kShootDataset/Square Cut/vid441_12.avi,Square Cut,Square Cut
data/raw/CricShoot10kShootDataset/Down The Wicket/vid106_21.avi,Down The Wicket,Down The Wicket
data/raw/CricShoot10kShootDataset/Down The Wicket/vid1_15.avi,Down The Wicket,Down The Wicket
data/raw/CricShoot10kShootDataset/Lofted Offside/vid141_6.avi,Lofted Offside,Lofted Offside
data/raw/CricShoot10kShootDataset/Square Cut/vid453_50.avi,Square Cut,Square Cut
data/raw/CricShoot10kShootDataset/Down The Wicket/vid464_15.avi,Down The Wicket,Down The Wicket
data/raw/CricShoot10kShootDataset/Square Cut/vid91_4.avi,Square Cut,Square Cut
data/raw/CricShoot10kShootDataset/Lofted Offside/vid460_46.avi,Lofted Offside,Lofted Offside
data/raw/CricShoot10kShootDataset/Late Cut/vid493_1.avi,Late Cut,Late Cut
data/raw/CricShoot10kShootDataset/Sweep/vid216_31.avi,Sweep,Sweep
data/raw/CricShoot10kShootDataset/Hook/vid315_9.avi,Hook,Hook
data/raw/CricShoot10kShootDataset/Lofted Legside/vid294_16.avi,Lofted Legside,Lofted Legside
data/raw/CricShoot10kShootDataset/Cover Drive/vid213_1.avi,Cover Drive,Cover Drive
data/raw/CricShoot10kShootDataset/Reverse Sweep/vid361_21.avi,Reverse Sweep,Reverse Sweep
data/raw/CricShoot10kShootDataset/Lofted Legside/vid485_44.avi,Lofted Legside,Lofted Legside
data/raw/CricShoot10kShootDataset/Upper Cut/vid518_43.avi,Upper Cut,Upper Cut
data/raw/CricShoot10kShootDataset/Lofted Legside/vid366_50.avi,Lofted Legside,Lofted Legside
data/raw/CricShoot10kShootDataset/Lofted Offside/vid56_49.avi,Lofted Offside,Lofted Offside
data/raw/CricShoot10kShootDataset/Straight Drive/vid533_9.avi,Straight Drive,Straight Drive
data/raw/CricShoot10kShootDataset/Scoop/vid356_56.avi,Scoop,Scoop
data/raw/CricShoot10kShootDataset/Late Cut/vid68_36.avi,Late Cut,Late Cut
data/raw/CricShoot10kShootDataset/Pull/vid139_17.avi,Pull,Pull
data/raw/CricShoot10kShootDataset/Pull/vid387_5.avi,Pull,Pull
data/raw/CricShoot10kShootDataset/Sweep/vid465_9.avi,Sweep,Sweep
data/raw/CricShoot10kShootDataset/Square Cut/vid51_50.avi,Square Cut,Square Cut
data/raw/CricShoot10kShootDataset/Cover Drive/vid173_13.avi,Cover Drive,Cover Drive
data/raw/CricShoot10kShootDataset/Lofted Legside/vid330_30.avi,Lofted Legside,Lofted Legside
data/raw/CricShoot10kShootDataset/Flick/vid380_3.avi,Flick,Flick
data/raw/CricShoot10kShootDataset/Flick/vid214_3.avi,Flick,Flick
data/raw/CricShoot10kShootDataset/Lofted Legside/vid527_73.avi,Lofted Legside,Lofted Legside
data/raw/CricShoot10kShootDataset/Pull/vid373_12.avi,Pull,Pull
data/raw/CricShoot10kShootDataset/Square Cut/vid155_13.avi,Square Cut,Square Cut
data/raw/CricShoot10kShootDataset/Square Cut/vid340_21.avi,Square Cut,Square Cut
data/raw/CricShoot10kShootDataset/Pull/vid382_42.avi,Pull,Pull
data/raw/CricShoot10kShootDataset/Flick/vid366_3.avi,Flick,Flick
data/raw/CricShoot10kShootDataset/Lofted Offside/vid98_35.avi,Lofted Offside,Lofted Offside
data/raw/CricShoot10kShootDataset/Lofted Offside/vid465_42.avi,Lofted Offside,Lofted Offside
data/raw/CricShoot10kShootDataset/Reverse Sweep/vid40_86.avi,Reverse Sweep,Reverse Sweep
data/raw/CricShoot10kShootDataset/Lofted Legside/vid511_20.avi,Lofted Legside,Lofted Legside
data/raw/CricShoot10kShootDataset/Flick/vid117_9.avi,Flick,Flick
data/raw/CricShoot10kShootDataset/Reverse Sweep/vid272_4.avi,Reverse Sweep,Reverse Sweep
data/raw/CricShoot10kShootDataset/Down The Wicket/vid434_13.avi,Down The Wicket,Down The Wicket
data/raw/CricShoot10kShootDataset/Square Cut/vid8_47.avi,Square Cut,Square Cut
data/raw/CricShoot10kShootDataset/Lofted Legside/vid34_38.avi,Lofted Legside,Lofted Legside
data/raw/CricShoot10kShootDataset/Lofted Offside/vid535_14.avi,Lofted Offside,Lofted Offside
data/raw/CricShoot10kShootDataset/Upper Cut/vid135_16.avi,Upper Cut,Upper Cut
data/raw/CricShoot10kShootDataset/Straight Drive/vid448_32.avi,Straight Drive,Straight Drive
data/raw/CricShoot10kShootDataset/Square Cut/vid245_53.avi,Square Cut,Square Cut
data/raw/CricShoot10kShootDataset/Square Cut/vid288_6.avi,Square Cut,Square Cut
data/raw/CricShoot10kShootDataset/Lofted Legside/vid478_21.avi,Lofted Legside,Lofted Legside
data/raw/CricShoot10kShootDataset/Defensive/vid232_7.avi,Defensive,Defensive
data/raw/CricShoot10kShootDataset/Flick/vid536_35.avi,Flick,Flick
data/raw/CricShoot10kShootDataset/Pull/vid430_33.avi,Pull,Pull
data/raw/CricShoot10kShootDataset/Straight Drive/vid236_25.avi,Straight Drive,Straight Drive
data/raw/CricShoot10kShootDataset/Down The Wicket/vid178_33.avi,Down The Wicket,Down The Wicket
data/raw/CricShoot10kShootDataset/Defensive/vid143_20.avi,Defensive,Defensive
data/raw/CricShoot10kShootDataset/Pull/vid440_13.avi,Pull,Pull
data/raw/CricShoot10kShootDataset/Pull/vid153_26.avi,Pull,Pull
data/raw/CricShoot10kShootDataset/Down The Wicket/vid389_28.avi,Down The Wicket,Down The Wicket
data/raw/CricShoot10kShootDataset/Lofted Offside/vid39_19.avi,Lofted Offside,Lofted Offside
data/raw/CricShoot10kShootDataset/Straight Drive/vid340_9.avi,Straight Drive,Straight Drive
data/raw/CricShoot10kShootDataset/Down The Wicket/vid72_11.avi,Down The Wicket,Down The Wicket
data/raw/CricShoot10kShootDataset/Lofted Offside/vid171_22.avi,Lofted Offside,Lofted Offside
data/raw/CricShoot10kShootDataset/Scoop/vid163_25.avi,Scoop,Scoop
data/raw/CricShoot10kShootDataset/Lofted Legside/vid398_4.avi,Lofted Legside,Lofted Legside
data/raw/CricShoot10kShootDataset/Pull/vid60_79.avi,Pull,Pull
data/raw/CricShoot10kShootDataset/Pull/vid61_3.avi,Pull,Pull
data/raw/CricShoot10kShootDataset/Cover Drive/vid322_13.avi,Cover Drive,Cover Drive
data/raw/CricShoot10kShootDataset/Lofted Offside/vid254_10.avi,Lofted Offside,Lofted Offside
data/raw/CricShoot10kShootDataset/Down The Wicket/vid327_42.avi,Down The Wicket,Down The Wicket
data/raw/CricShoot10kShootDataset/Lofted Legside/vid381_9.avi,Lofted Legside,Lofted Legside
data/raw/CricShoot10kShootDataset/Flick/vid472_58.avi,Flick,Flick
data/raw/CricShoot10kShootDataset/Lofted Offside/vid458_2.avi,Lofted Offside,Lofted Offside
data/raw/CricShoot10kShootDataset/Flick/vid350_27.avi,Flick,Flick
data/raw/CricShoot10kShootDataset/Lofted Offside/vid505_28.avi,Lofted Offside,Lofted Offside
data/raw/CricShoot10kShootDataset/Upper Cut/vid123_5.avi,Upper Cut,Upper Cut
data/raw/CricShoot10kShootDataset/Defensive/vid229_2.avi,Defensive,Defensive
data/raw/CricShoot10kShootDataset/Sweep/vid310_4.avi,Sweep,Sweep
data/raw/CricShoot10kShootDataset/Reverse Sweep/vid509_16.avi,Reverse Sweep,Reverse Sweep
data/raw/CricShoot10kShootDataset/Pull/vid369_33.avi,Pull,Pull
data/raw/CricShoot10kShootDataset/Down The Wicket/vid157_12.avi,Down The Wicket,Down The Wicket
data/raw/CricShoot10kShootDataset/Sweep/vid172_10.avi,Sweep,Sweep
data/raw/CricShoot10kShootDataset/Lofted Legside/vid102_27.avi,Lofted Legside,Lofted Legside
data/raw/CricShoot10kShootDataset/Late Cut/vid531_47.avi,Late Cut,Late Cut
data/raw/CricShoot10kShootDataset/Flick/vid244_21.avi,Flick,Flick
data/raw/CricShoot10kShootDataset/Down The Wicket/vid427_3.avi,Down The Wicket,Down The Wicket
data/raw/CricShoot10kShootDataset/Square Cut/vid91_1.avi,Square Cut,Square Cut
data/raw/CricShoot10kShootDataset/Square Cut/vid227_11.avi,Square Cut,Square Cut
data/raw/CricShoot10kShootDataset/Pull/vid142_25.avi,Pull,Pull
data/raw/CricShoot10kShootDataset/Pull/vid455_36.avi,Pull,Pull
data/raw/CricShoot10kShootDataset/Square Cut/vid481_37.avi,Square Cut,Square Cut
data/raw/CricShoot10kShootDataset/Upper Cut/vid361_7.avi,Upper Cut,Upper Cut
data/raw/CricShoot10kShootDataset/Flick/vid527_47.avi,Flick,Flick
data/raw/CricShoot10kShootDataset/Lofted Legside/vid172_12.avi,Lofted Legside,Lofted Legside
data/raw/CricShoot10kShootDataset/Down The Wicket/vid321_12.avi,Down The Wicket,Down The Wicket
data/raw/CricShoot10kShootDataset/Defensive/vid518_20.avi,Defensive,Defensive
data/raw/CricShoot10kShootDataset/Pull/vid440_18.avi,Pull,Pull
data/raw/CricShoot10kShootDataset/Down The Wicket/vid446_25.avi,Down The Wicket,Down The Wicket
data/raw/CricShoot10kShootDataset/Sweep/vid445_54.avi,Sweep,Sweep
data/raw/CricShoot10kShootDataset/Flick/vid129_23.avi,Flick,Flick
data/raw/CricShoot10kShootDataset/Pull/vid374_46.avi,Pull,Pull
data/raw/CricShoot10kShootDataset/Down The Wicket/vid75_15.avi,Down The Wicket,Down The Wicket
data/raw/CricShoot10kShootDataset/Defensive/vid342_37.avi,Defensive,Defensive
data/raw/CricShoot10kShootDataset/Cover Drive/vid430_47.avi,Cover Drive,Cover Drive
data/raw/CricShoot10kShootDataset/Cover Drive/vid226_0.avi,Cover Drive,Cover Drive
data/raw/CricShoot10kShootDataset/Cover Drive/vid361_51.avi,Cover Drive,Cover Drive
data/raw/CricShoot10kShootDataset/Down The Wicket/vid93_24.avi,Down The Wicket,Down The Wicket
data/raw/CricShoot10kShootDataset/Down The Wicket/vid161_30.avi,Down The Wicket,Down The Wicket
data/raw/CricShoot10kShootDataset/Cover Drive/vid450_18.avi,Cover Drive,Cover Drive
data/raw/CricShoot10kShootDataset/Reverse Sweep/vid151_41.avi,Reverse Sweep,Reverse Sweep
data/raw/CricShoot10kShootDataset/Upper Cut/vid232_3.avi,Upper Cut,Upper Cut
data/raw/CricShoot10kShootDataset/Square Cut/vid370_57.avi,Square Cut,Square Cut
data/raw/CricShoot10kShootDataset/Defensive/vid294_9.avi,Defensive,Defensive
data/raw/CricShoot10kShootDataset/Square Cut/vid40_49.avi,Square Cut,Square Cut
data/raw/CricShoot10kShootDataset/Scoop/vid440_49.avi,Scoop,Scoop
data/raw/CricShoot10kShootDataset/Lofted Offside/vid465_25.avi,Lofted Offside,Lofted Offside
data/raw/CricShoot10kShootDataset/Pull/vid485_34.avi,Pull,Pull
data/raw/CricShoot10kShootDataset/Lofted Offside/vid444_55.avi,Lofted Offside,Lofted Offside
data/raw/CricShoot10kShootDataset/Square Cut/vid462_17.avi,Square Cut,Square Cut
data/raw/CricShoot10kShootDataset/Upper Cut/vid535_37.avi,Upper Cut,Upper Cut
data/raw/CricShoot10kShootDataset/Down The Wicket/vid486_44.avi,Down The Wicket,Down The Wicket
data/raw/CricShoot10kShootDataset/Lofted Offside/vid436_35.avi,Lofted Offside,Lofted Offside
data/raw/CricShoot10kShootDataset/Straight Drive/vid314_15.avi,Straight Drive,Straight Drive
data/raw/CricShoot10kShootDataset/Late Cut/vid392_6.avi,Late Cut,Late Cut
data/raw/CricShoot10kShootDataset/Flick/vid359_1.avi,Flick,Flick
data/raw/CricShoot10kShootDataset/Pull/vid100_34.avi,Pull,Pull
data/raw/CricShoot10kShootDataset/Lofted Legside/vid536_63.avi,Lofted Legside,Lofted Legside
data/raw/CricShoot10kShootDataset/Sweep/vid342_39.avi,Sweep,Sweep
data/raw/CricShoot10kShootDataset/Sweep/vid324_30.avi,Sweep,Sweep
data/raw/CricShoot10kShootDataset/Lofted Offside/vid433_37.avi,Lofted Offside,Lofted Offside
data/raw/CricShoot10kShootDataset/Square Cut/vid417_1.avi,Square Cut,Square Cut
data/raw/CricShoot10kShootDataset/Lofted Legside/vid344_21.avi,Lofted Legside,Lofted Legside
data/raw/CricShoot10kShootDataset/Straight Drive/vid251_19.avi,Straight Drive,Straight Drive
data/raw/CricShoot10kShootDataset/Lofted Offside/vid37_35.avi,Lofted Offside,Lofted Offside
data/raw/CricShoot10kShootDataset/Pull/vid520_38.avi,Pull,Pull
data/raw/CricShoot10kShootDataset/Late Cut/vid295_22.avi,Late Cut,Late Cut
data/raw/CricShoot10kShootDataset/Lofted Offside/vid344_50.avi,Lofted Offside,Lofted Offside
data/raw/CricShoot10kShootDataset/Cover Drive/vid148_1.avi,Cover Drive,Cover Drive
data/raw/CricShoot10kShootDataset/Cover Drive/vid167_23.avi,Cover Drive,Cover Drive
data/raw/CricShoot10kShootDataset/Defensive/vid312_16.avi,Defensive,Defensive
data/raw/CricShoot10kShootDataset/Hook/vid362_43.avi,Hook,Hook
data/raw/CricShoot10kShootDataset/Hook/vid104_7.avi,Hook,Hook
data/raw/CricShoot10kShootDataset/Scoop/vid502_4.avi,Scoop,Scoop
data/raw/CricShoot10kShootDataset/Defensive/vid303_26.avi,Defensive,Defensive
data/raw/CricShoot10kShootDataset/Lofted Offside/vid433_38.avi,Lofted Offside,Lofted Offside
data/raw/CricShoot10kShootDataset/Upper Cut/vid104_25.avi,Upper Cut,Upper Cut
data/raw/CricShoot10kShootDataset/Lofted Legside/vid380_57.avi,Lofted Legside,Lofted Legside
data/raw/CricShoot10kShootDataset/Lofted Legside/vid362_11.avi,Lofted Legside,Lofted Legside
data/raw/CricShoot10kShootDataset/Cover Drive/vid218_10.avi,Cover Drive,Cover Drive
data/raw/CricShoot10kShootDataset/Flick/vid88_32.avi,Flick,Flick
data/raw/CricShoot10kShootDataset/Lofted Offside/vid366_31.avi,Lofted Offside,Lofted Offside
data/raw/CricShoot10kShootDataset/Lofted Offside/vid121_41.avi,Lofted Offside,Lofted Offside
data/raw/CricShoot10kShootDataset/Scoop/vid387_7.avi,Scoop,Scoop
data/raw/CricShoot10kShootDataset/Lofted Offside/vid335_22.avi,Lofted Offside,Lofted Offside
data/raw/CricShoot10kShootDataset/Pull/vid126_39.avi,Pull,Pull
data/raw/CricShoot10kShootDataset/Sweep/vid525_10.avi,Sweep,Sweep
data/raw/CricShoot10kShootDataset/Defensive/vid518_36.avi,Defensive,Defensive
data/raw/CricShoot10kShootDataset/Flick/vid517_47.avi,Flick,Flick
data/raw/CricShoot10kShootDataset/Flick/vid300_31.avi,Flick,Flick
data/raw/CricShoot10kShootDataset/Hook/vid162_42.avi,Hook,Hook
data/raw/CricShoot10kShootDataset/Sweep/vid454_20.avi,Sweep,Sweep
data/raw/CricShoot10kShootDataset/Lofted Legside/vid94_27.avi,Lofted Legside,Lofted Legside
data/raw/CricShoot10kShootDataset/Down The Wicket/vid434_68.avi,Down The Wicket,Down The Wicket
data/raw/CricShoot10kShootDataset/Hook/vid466_22.avi,Hook,Hook
data/raw/CricShoot10kShootDataset/Upper Cut/vid8_40.avi,Upper Cut,Upper Cut
data/raw/CricShoot10kShootDataset/Pull/vid369_41.avi,Pull,Pull
data/raw/CricShoot10kShootDataset/Lofted Legside/vid516_30.avi,Lofted Legside,Lofted Legside
data/raw/CricShoot10kShootDataset/Down The Wicket/vid367_6.avi,Down The Wicket,Down The Wicket
data/raw/CricShoot10kShootDataset/Square Cut/vid285_10.avi,Square Cut,Square Cut
data/raw/CricShoot10kShootDataset/Square Cut/vid506_21.avi,Square Cut,Square Cut
data/raw/CricShoot10kShootDataset/Lofted Offside/vid104_29.avi,Lofted Offside,Lofted Offside
data/raw/CricShoot10kShootDataset/Cover Drive/vid500_19.avi,Cover Drive,Cover Drive
data/raw/CricShoot10kShootDataset/Square Cut/vid320_50.avi,Square Cut,Square Cut
data/raw/CricShoot10kShootDataset/Down The Wicket/vid485_50.avi,Down The Wicket,Down The Wicket
data/raw/CricShoot10kShootDataset/Lofted Legside/vid262_37.avi,Lofted Legside,Lofted Legside
data/raw/CricShoot10kShootDataset/Lofted Legside/vid141_16.avi,Lofted Legside,Lofted Legside
data/raw/CricShoot10kShootDataset/Down The Wicket/vid528_5.avi,Down The Wicket,Down The Wicket
data/raw/CricShoot10kShootDataset/Lofted Offside/vid88_13.avi,Lofted Offside,Lofted Offside
data/raw/CricShoot10kShootDataset/Sweep/vid518_38.avi,Sweep,Sweep
data/raw/CricShoot10kShootDataset/Lofted Legside/vid4_38.avi,Lofted Legside,Lofted Legside
data/raw/CricShoot10kShootDataset/Down The Wicket/vid216_13.avi,Down The Wicket,Down The Wicket
data/raw/CricShoot10kShootDataset/Lofted Offside/vid197_5.avi,Lofted Offside,Lofted Offside
data/raw/CricShoot10kShootDataset/Straight Drive/vid389_49.avi,Straight Drive,Straight Drive
data/raw/CricShoot10kShootDataset/Lofted Legside/vid439_24.avi,Lofted Legside,Lofted Legside
data/raw/CricShoot10kShootDataset/Square Cut/vid238_12.avi,Square Cut,Square Cut
data/raw/CricShoot10kShootDataset/Lofted Offside/vid159_13.avi,Lofted Offside,Lofted Offside
data/raw/CricShoot10kShootDataset/Defensive/vid6_19.avi,Defensive,Defensive
data/raw/CricShoot10kShootDataset/Down The Wicket/vid501_1.avi,Down The Wicket,Down The Wicket
data/raw/CricShoot10kShootDataset/Hook/vid28_27.avi,Hook,Hook
data/raw/CricShoot10kShootDataset/Reverse Sweep/vid512_21.avi,Reverse Sweep,Reverse Sweep
data/raw/CricShoot10kShootDataset/Flick/vid279_0.avi,Flick,Flick
data/raw/CricShoot10kShootDataset/Sweep/vid462_41.avi,Sweep,Sweep
data/raw/CricShoot10kShootDataset/Lofted Offside/vid364_48.avi,Lofted Offside,Lofted Offside
data/raw/CricShoot10kShootDataset/Pull/vid38_49.avi,Pull,Pull
data/raw/CricShoot10kShootDataset/Sweep/vid448_43.avi,Sweep,Sweep
data/raw/CricShoot10kShootDataset/Sweep/vid391_38.avi,Sweep,Sweep
data/raw/CricShoot10kShootDataset/Down The Wicket/vid71_19.avi,Down The Wicket,Down The Wicket
data/raw/CricShoot10kShootDataset/Square Cut/vid449_49.avi,Square Cut,Square Cut
data/raw/CricShoot10kShootDataset/Down The Wicket/vid521_19.avi,Down The Wicket,Down The Wicket
data/raw/CricShoot10kShootDataset/Pull/vid452_10.avi,Pull,Pull
data/raw/CricShoot10kShootDataset/Flick/vid399_8.avi,Flick,Flick
data/raw/CricShoot10kShootDataset/Square Cut/vid203_22.avi,Square Cut,Square Cut
data/raw/CricShoot10kShootDataset/Lofted Legside/vid518_40.avi,Lofted Legside,Lofted Legside
data/raw/CricShoot10kShootDataset/Pull/vid522_10.avi,Pull,Pull
data/raw/CricShoot10kShootDataset/Straight Drive/vid187_22.avi,Straight Drive,Straight Drive
data/raw/CricShoot10kShootDataset/Sweep/vid535_11.avi,Sweep,Sweep
data/raw/CricShoot10kShootDataset/Lofted Offside/vid392_26.avi,Lofted Offside,Lofted Offside
data/raw/CricShoot10kShootDataset/Lofted Legside/vid434_56.avi,Lofted Legside,Lofted Legside
data/raw/CricShoot10kShootDataset/Square Cut/vid456_3.avi,Square Cut,Square Cut
data/raw/CricShoot10kShootDataset/Square Cut/vid178_32.avi,Square Cut,Square Cut
data/raw/CricShoot10kShootDataset/Upper Cut/vid80_6.avi,Upper Cut,Upper Cut
data/raw/CricShoot10kShootDataset/Pull/vid453_19.avi,Pull,Pull
data/raw/CricShoot10kShootDataset/Cover Drive/vid103_6.avi,Cover Drive,Cover Drive
data/raw/CricShoot10kShootDataset/Lofted Legside/vid270_9.avi,Lofted Legside,Lofted Legside
data/raw/CricShoot10kShootDataset/Hook/vid456_25.avi,Hook,Hook
data/raw/CricShoot10kShootDataset/Lofted Legside/vid473_44.avi,Lofted Legside,Lofted Legside
data/raw/CricShoot10kShootDataset/Defensive/vid235_51.avi,Defensive,Defensive
data/raw/CricShoot10kShootDataset/Flick/vid365_2.avi,Flick,Flick
data/raw/CricShoot10kShootDataset/Pull/vid429_49.avi,Pull,Pull
data/raw/CricShoot10kShootDataset/Sweep/vid407_4.avi,Sweep,Sweep
data/raw/CricShoot10kShootDataset/Straight Drive/vid18_2.avi,Straight Drive,Straight Drive
data/raw/CricShoot10kShootDataset/Square Cut/vid23_10.avi,Square Cut,Square Cut
data/raw/CricShoot10kShootDataset/Pull/vid434_47.avi,Pull,Pull
data/raw/CricShoot10kShootDataset/Hook/vid82_28.avi,Hook,Hook
data/raw/CricShoot10kShootDataset/Sweep/vid441_19.avi,Sweep,Sweep
data/raw/CricShoot10kShootDataset/Sweep/vid449_36.avi,Sweep,Sweep
data/raw/CricShoot10kShootDataset/Sweep/vid404_1.avi,Sweep,Sweep
data/raw/CricShoot10kShootDataset/Reverse Sweep/vid40_27.avi,Reverse Sweep,Reverse Sweep
data/raw/CricShoot10kShootDataset/Down The Wicket/vid221_26.avi,Down The Wicket,Down The Wicket
data/raw/CricShoot10kShootDataset/Lofted Legside/vid146_31.avi,Lofted Legside,Lofted Legside
data/raw/CricShoot10kShootDataset/Sweep/vid66_24.avi,Sweep,Sweep
data/raw/CricShoot10kShootDataset/Pull/vid430_39.avi,Pull,Pull
data/raw/CricShoot10kShootDataset/Hook/vid102_24.avi,Hook,Hook
data/raw/CricShoot10kShootDataset/Down The Wicket/vid5_1.avi,Down The Wicket,Down The Wicket
data/raw/CricShoot10kShootDataset/Square Cut/vid116_34.avi,Square Cut,Square Cut
data/raw/CricShoot10kShootDataset/Flick/vid332_17.avi,Flick,Flick
data/raw/CricShoot10kShootDataset/Lofted Legside/vid48_22.avi,Lofted Legside,Lofted Legside
data/raw/CricShoot10kShootDataset/Sweep/vid340_15.avi,Sweep,Sweep
data/raw/CricShoot10kShootDataset/Down The Wicket/vid214_24.avi,Down The Wicket,Down The Wicket
data/raw/CricShoot10kShootDataset/Lofted Offside/vid167_13.avi,Lofted Offside,Lofted Offside
data/raw/CricShoot10kShootDataset/Flick/vid409_4.avi,Flick,Flick
data/raw/CricShoot10kShootDataset/Square Cut/vid363_10.avi,Square Cut,Square Cut
data/raw/CricShoot10kShootDataset/Scoop/vid13_11.avi,Scoop,Scoop
data/raw/CricShoot10kShootDataset/Square Cut/vid244_29.avi,Square Cut,Square Cut
data/raw/CricShoot10kShootDataset/Late Cut/vid213_30.avi,Late Cut,Late Cut
data/raw/CricShoot10kShootDataset/Hook/vid402_21.avi,Hook,Hook
data/raw/CricShoot10kShootDataset/Lofted Offside/vid338_0.avi,Lofted Offside,Lofted Offside
data/raw/CricShoot10kShootDataset/Down The Wicket/vid312_25.avi,Down The Wicket,Down The Wicket
data/raw/CricShoot10kShootDataset/Down The Wicket/vid534_28.avi,Down The Wicket,Down The Wicket
data/raw/CricShoot10kShootDataset/Pull/vid444_35.avi,Pull,Pull
data/raw/CricShoot10kShootDataset/Sweep/vid6_25.avi,Sweep,Sweep
data/raw/CricShoot10kShootDataset/Lofted Legside/vid474_24.avi,Lofted Legside,Lofted Legside
data/raw/CricShoot10kShootDataset/Upper Cut/vid497_10.avi,Upper Cut,Upper Cut
data/raw/CricShoot10kShootDataset/Lofted Offside/vid65_36.avi,Lofted Offside,Lofted Offside
data/raw/CricShoot10kShootDataset/Lofted Legside/vid468_11.avi,Lofted Legside,Lofted Legside
data/raw/CricShoot10kShootDataset/Lofted Legside/vid25_19.avi,Lofted Legside,Lofted Legside
data/raw/CricShoot10kShootDataset/Cover Drive/vid294_13.avi,Cover Drive,Cover Drive
data/raw/CricShoot10kShootDataset/Sweep/vid430_48.avi,Sweep,Sweep
data/raw/CricShoot10kShootDataset/Cover Drive/vid142_4.avi,Cover Drive,Cover Drive
data/raw/CricShoot10kShootDataset/Defensive/vid160_17.avi,Defensive,Defensive
data/raw/CricShoot10kShootDataset/Down The Wicket/vid426_32.avi,Down The Wicket,Down The Wicket
data/raw/CricShoot10kShootDataset/Sweep/vid176_5.avi,Sweep,Sweep
data/raw/CricShoot10kShootDataset/Lofted Legside/vid337_16.avi,Lofted Legside,Lofted Legside
data/raw/CricShoot10kShootDataset/Sweep/vid90_28.avi,Sweep,Sweep
data/raw/CricShoot10kShootDataset/Lofted Legside/vid481_51.avi,Lofted Legside,Lofted Legside
data/raw/CricShoot10kShootDataset/Sweep/vid257_7.avi,Sweep,Sweep
data/raw/CricShoot10kShootDataset/Hook/vid124_10.avi,Hook,Hook
data/raw/CricShoot10kShootDataset/Reverse Sweep/vid10_44.avi,Reverse Sweep,Reverse Sweep
data/raw/CricShoot10kShootDataset/Cover Drive/vid323_17.avi,Cover Drive,Cover Drive
data/raw/CricShoot10kShootDataset/Down The Wicket/vid258_52.avi,Down The Wicket,Down The Wicket
data/raw/CricShoot10kShootDataset/Hook/vid154_14.avi,Hook,Hook
data/raw/CricShoot10kShootDataset/Sweep/vid93_15.avi,Sweep,Sweep
data/raw/CricShoot10kShootDataset/Sweep/vid512_35.avi,Sweep,Sweep
data/raw/CricShoot10kShootDataset/Flick/vid360_51.avi,Flick,Flick
data/raw/CricShoot10kShootDataset/Cover Drive/vid451_42.avi,Cover Drive,Cover Drive
data/raw/CricShoot10kShootDataset/Flick/vid208_2.avi,Flick,Flick
data/raw/CricShoot10kShootDataset/Flick/vid129_32.avi,Flick,Flick
data/raw/CricShoot10kShootDataset/Lofted Legside/vid72_27.avi,Lofted Legside,Lofted Legside
data/raw/CricShoot10kShootDataset/Square Cut/vid401_21.avi,Square Cut,Square Cut
data/raw/CricShoot10kShootDataset/Late Cut/vid381_30.avi,Late Cut,Late Cut
data/raw/CricShoot10kShootDataset/Lofted Offside/vid476_15.avi,Lofted Offside,Lofted Offside
data/raw/CricShoot10kShootDataset/Reverse Sweep/vid98_45.avi,Reverse Sweep,Reverse Sweep
data/raw/CricShoot10kShootDataset/Straight Drive/vid507_25.avi,Straight Drive,Straight Drive
data/raw/CricShoot10kShootDataset/Down The Wicket/vid98_43.avi,Down The Wicket,Down The Wicket
data/raw/CricShoot10kShootDataset/Lofted Legside/vid89_59.avi,Lofted Legside,Lofted Legside
data/raw/CricShoot10kShootDataset/Straight Drive/vid57_20.avi,Straight Drive,Straight Drive
data/raw/CricShoot10kShootDataset/Late Cut/vid458_20.avi,Late Cut,Late Cut
data/raw/CricShoot10kShootDataset/Lofted Legside/vid389_24.avi,Lofted Legside,Lofted Legside
data/raw/CricShoot10kShootDataset/Pull/vid370_36.avi,Pull,Pull
data/raw/CricShoot10kShootDataset/Cover Drive/vid259_27.avi,Cover Drive,Cover Drive
data/raw/CricShoot10kShootDataset/Defensive/vid518_23.avi,Defensive,Defensive
data/raw/CricShoot10kShootDataset/Down The Wicket/vid443_3.avi,Down The Wicket,Down The Wicket
data/raw/CricShoot10kShootDataset/Square Cut/vid177_9.avi,Square Cut,Square Cut
data/raw/CricShoot10kShootDataset/Flick/vid312_3.avi,Flick,Flick
data/raw/CricShoot10kShootDataset/Flick/vid296_21.avi,Flick,Flick
data/raw/CricShoot10kShootDataset/Hook/vid46_65.avi,Hook,Hook
data/raw/CricShoot10kShootDataset/Square Cut/vid508_11.avi,Square Cut,Square Cut
data/raw/CricShoot10kShootDataset/Cover Drive/vid206_47.avi,Cover Drive,Cover Drive
data/raw/CricShoot10kShootDataset/Down The Wicket/vid119_24.avi,Down The Wicket,Down The Wicket
data/raw/CricShoot10kShootDataset/Flick/vid246_11.avi,Flick,Flick
data/raw/CricShoot10kShootDataset/Flick/vid459_2.avi,Flick,Flick
data/raw/CricShoot10kShootDataset/Late Cut/vid357_56.avi,Late Cut,Late Cut
data/raw/CricShoot10kShootDataset/Square Cut/vid51_5.avi,Square Cut,Square Cut
data/raw/CricShoot10kShootDataset/Cover Drive/vid393_4.avi,Cover Drive,Cover Drive
data/raw/CricShoot10kShootDataset/Lofted Offside/vid465_6.avi,Lofted Offside,Lofted Offside
data/raw/CricShoot10kShootDataset/Pull/vid107_23.avi,Pull,Pull
data/raw/CricShoot10kShootDataset/Scoop/vid436_10.avi,Scoop,Scoop
data/raw/CricShoot10kShootDataset/Lofted Offside/vid476_5.avi,Lofted Offside,Lofted Offside
data/raw/CricShoot10kShootDataset/Hook/vid392_12.avi,Hook,Hook
data/raw/CricShoot10kShootDataset/Flick/vid241_36.avi,Flick,Flick
data/raw/CricShoot10kShootDataset/Lofted Offside/vid359_38.avi,Lofted Offside,Lofted Offside
data/raw/CricShoot10kShootDataset/Reverse Sweep/vid439_7.avi,Reverse Sweep,Reverse Sweep
data/raw/CricShoot10kShootDataset/Pull/vid443_36.avi,Pull,Pull
data/raw/CricShoot10kShootDataset/Pull/vid426_12.avi,Pull,Pull
data/raw/CricShoot10kShootDataset/Late Cut/vid295_27.avi,Late Cut,Late Cut
data/raw/CricShoot10kShootDataset/Straight Drive/vid162_21.avi,Straight Drive,Straight Drive
data/raw/CricShoot10kShootDataset/Square Cut/vid482_40.avi,Square Cut,Square Cut
data/raw/CricShoot10kShootDataset/Sweep/vid51_18.avi,Sweep,Sweep
data/raw/CricShoot10kShootDataset/Pull/vid75_24.avi,Pull,Pull
data/raw/CricShoot10kShootDataset/Lofted Legside/vid152_7.avi,Lofted Legside,Lofted Legside
data/raw/CricShoot10kShootDataset/Lofted Offside/vid375_9.avi,Lofted Offside,Lofted Offside
data/raw/CricShoot10kShootDataset/Flick/vid212_10.avi,Flick,Flick
data/raw/CricShoot10kShootDataset/Square Cut/vid244_35.avi,Square Cut,Square Cut
data/raw/CricShoot10kShootDataset/Square Cut/vid227_31.avi,Square Cut,Square Cut
data/raw/CricShoot10kShootDataset/Hook/vid438_4.avi,Hook,Hook
data/raw/CricShoot10kShootDataset/Scoop/vid130_8.avi,Scoop,Scoop
data/raw/CricShoot10kShootDataset/Square Cut/vid154_23.avi,Square Cut,Square Cut
data/raw/CricShoot10kShootDataset/Down The Wicket/vid469_11.avi,Down The Wicket,Down The Wicket
data/raw/CricShoot10kShootDataset/Cover Drive/vid236_21.avi,Cover Drive,Cover Drive
data/raw/CricShoot10kShootDataset/Defensive/vid393_48.avi,Defensive,Defensive
data/raw/CricShoot10kShootDataset/Scoop/vid56_41.avi,Scoop,Scoop
data/raw/CricShoot10kShootDataset/Straight Drive/vid341_29.avi,Straight Drive,Straight Drive
data/raw/CricShoot10kShootDataset/Lofted Legside/vid51_3.avi,Lofted Legside,Lofted Legside
data/raw/CricShoot10kShootDataset/Lofted Legside/vid452_9.avi,Lofted Legside,Lofted Legside
data/raw/CricShoot10kShootDataset/Sweep/vid96_39.avi,Sweep,Sweep
data/raw/CricShoot10kShootDataset/Straight Drive/vid491_0.avi,Straight Drive,Straight Drive
data/raw/CricShoot10kShootDataset/Pull/vid172_8.avi,Pull,Pull
data/raw/CricShoot10kShootDataset/Sweep/vid64_15.avi,Sweep,Sweep
data/raw/CricShoot10kShootDataset/Flick/vid367_44.avi,Flick,Flick
data/raw/CricShoot10kShootDataset/Lofted Legside/vid44_26.avi,Lofted Legside,Lofted Legside
data/raw/CricShoot10kShootDataset/Hook/vid462_5.avi,Hook,Hook
data/raw/CricShoot10kShootDataset/Scoop/vid498_26.avi,Scoop,Scoop
data/raw/CricShoot10kShootDataset/Pull/vid127_12.avi,Pull,Pull
data/raw/CricShoot10kShootDataset/Flick/vid429_23.avi,Flick,Flick
data/raw/CricShoot10kShootDataset/Square Cut/vid343_26.avi,Square Cut,Square Cut
data/raw/CricShoot10kShootDataset/Sweep/vid212_4.avi,Sweep,Sweep
data/raw/CricShoot10kShootDataset/Scoop/vid526_43.avi,Scoop,Scoop
data/raw/CricShoot10kShootDataset/Lofted Legside/vid486_23.avi,Lofted Legside,Lofted Legside
data/raw/CricShoot10kShootDataset/Cover Drive/vid113_10.avi,Cover Drive,Cover Drive
data/raw/CricShoot10kShootDataset/Lofted Offside/vid151_24.avi,Lofted Offside,Lofted Offside
data/raw/CricShoot10kShootDataset/Square Cut/vid167_30.avi,Square Cut,Square Cut
data/raw/CricShoot10kShootDataset/Cover Drive/vid100_41.avi,Cover Drive,Cover Drive
data/raw/CricShoot10kShootDataset/Lofted Legside/vid8_51.avi,Lofted Legside,Lofted Legside
data/raw/CricShoot10kShootDataset/Straight Drive/vid523_33.avi,Straight Drive,Straight Drive
data/raw/CricShoot10kShootDataset/Flick/vid51_43.avi,Flick,Flick
data/raw/CricShoot10kShootDataset/Down The Wicket/vid466_8.avi,Down The Wicket,Down The Wicket
data/raw/CricShoot10kShootDataset/Square Cut/vid125_19.avi,Square Cut,Square Cut
data/raw/CricShoot10kShootDataset/Sweep/vid400_26.avi,Sweep,Sweep
data/raw/CricShoot10kShootDataset/Square Cut/vid439_53.avi,Square Cut,Square Cut
data/raw/CricShoot10kShootDataset/Late Cut/vid88_28.avi,Late Cut,Late Cut
data/raw/CricShoot10kShootDataset/Lofted Offside/vid514_45.avi,Lofted Offside,Lofted Offside
data/raw/CricShoot10kShootDataset/Cover Drive/vid457_0.avi,Cover Drive,Cover Drive
data/raw/CricShoot10kShootDataset/Square Cut/vid154_20.avi,Square Cut,Square Cut
data/raw/CricShoot10kShootDataset/Lofted Legside/vid363_44.avi,Lofted Legside,Lofted Legside
data/raw/CricShoot10kShootDataset/Cover Drive/vid238_5.avi,Cover Drive,Cover Drive
data/raw/CricShoot10kShootDataset/Square Cut/vid384_0.avi,Square Cut,Square Cut
data/raw/CricShoot10kShootDataset/Straight Drive/vid218_23.avi,Straight Drive,Straight Drive
data/raw/CricShoot10kShootDataset/Flick/vid252_19.avi,Flick,Flick
data/raw/CricShoot10kShootDataset/Pull/vid37_46.avi,Pull,Pull
data/raw/CricShoot10kShootDataset/Square Cut/vid505_34.avi,Square Cut,Square Cut
data/raw/CricShoot10kShootDataset/Scoop/vid440_39.avi,Scoop,Scoop
data/raw/CricShoot10kShootDataset/Defensive/vid315_29.avi,Defensive,Defensive
data/raw/CricShoot10kShootDataset/Flick/vid100_63.avi,Flick,Flick
data/raw/CricShoot10kShootDataset/Sweep/vid437_59.avi,Sweep,Sweep
data/raw/CricShoot10kShootDataset/Flick/vid248_14.avi,Flick,Flick
data/raw/CricShoot10kShootDataset/Hook/vid123_2.avi,Hook,Hook
data/raw/CricShoot10kShootDataset/Hook/vid367_53.avi,Hook,Hook
data/raw/CricShoot10kShootDataset/Square Cut/vid385_13.avi,Square Cut,Square Cut
data/raw/CricShoot10kShootDataset/Pull/vid479_3.avi,Pull,Pull
data/raw/CricShoot10kShootDataset/Square Cut/vid182_17.avi,Square Cut,Square Cut
data/raw/CricShoot10kShootDataset/Square Cut/vid245_21.avi,Square Cut,Square Cut
data/raw/CricShoot10kShootDataset/Straight Drive/vid367_18.avi,Straight Drive,Straight Drive
data/raw/CricShoot10kShootDataset/Reverse Sweep/vid290_18.avi,Reverse Sweep,Reverse Sweep
data/raw/CricShoot10kShootDataset/Pull/vid454_25.avi,Pull,Pull
data/raw/CricShoot10kShootDataset/Flick/vid289_10.avi,Flick,Flick
data/raw/CricShoot10kShootDataset/Defensive/vid177_34.avi,Defensive,Defensive
data/raw/CricShoot10kShootDataset/Square Cut/vid63_0.avi,Square Cut,Square Cut
data/raw/CricShoot10kShootDataset/Reverse Sweep/vid389_5.avi,Reverse Sweep,Reverse Sweep
data/raw/CricShoot10kShootDataset/Straight Drive/vid219_14.avi,Straight Drive,Straight Drive
data/raw/CricShoot10kShootDataset/Defensive/vid134_28.avi,Defensive,Defensive
data/raw/CricShoot10kShootDataset/Down The Wicket/vid353_16.avi,Down The Wicket,Down The Wicket
data/raw/CricShoot10kShootDataset/Down The Wicket/vid391_42.avi,Down The Wicket,Down The Wicket
data/raw/CricShoot10kShootDataset/Defensive/vid444_3.avi,Defensive,Defensive
data/raw/CricShoot10kShootDataset/Down The Wicket/vid456_12.avi,Down The Wicket,Down The Wicket
data/raw/CricShoot10kShootDataset/Lofted Offside/vid78_40.avi,Lofted Offside,Lofted Offside
data/raw/CricShoot10kShootDataset/Down The Wicket/vid153_23.avi,Down The Wicket,Down The Wicket
data/raw/CricShoot10kShootDataset/Defensive/vid238_51.avi,Defensive,Defensive
data/raw/CricShoot10kShootDataset/Late Cut/vid348_17.avi,Late Cut,Late Cut
data/raw/CricShoot10kShootDataset/Scoop/vid331_22.avi,Scoop,Scoop
data/raw/CricShoot10kShootDataset/Flick/vid2_17.avi,Flick,Flick
data/raw/CricShoot10kShootDataset/Scoop/vid532_52.avi,Scoop,Scoop
data/raw/CricShoot10kShootDataset/Late Cut/vid518_27.avi,Late Cut,Late Cut
data/raw/CricShoot10kShootDataset/Down The Wicket/vid528_20.avi,Down The Wicket,Down The Wicket
data/raw/CricShoot10kShootDataset/Straight Drive/vid111_13.avi,Straight Drive,Straight Drive
data/raw/CricShoot10kShootDataset/Lofted Offside/vid462_8.avi,Lofted Offside,Lofted Offside
data/raw/CricShoot10kShootDataset/Lofted Offside/vid398_10.avi,Lofted Offside,Lofted Offside
data/raw/CricShoot10kShootDataset/Defensive/vid420_5.avi,Defensive,Defensive
data/raw/CricShoot10kShootDataset/Square Cut/vid229_22.avi,Square Cut,Square Cut
data/raw/CricShoot10kShootDataset/Flick/vid139_6.avi,Flick,Flick
data/raw/CricShoot10kShootDataset/Flick/vid498_27.avi,Flick,Flick
data/raw/CricShoot10kShootDataset/Pull/vid515_56.avi,Pull,Pull
data/raw/CricShoot10kShootDataset/Lofted Legside/vid519_58.avi,Lofted Legside,Lofted Legside
data/raw/CricShoot10kShootDataset/Pull/vid212_16.avi,Pull,Pull
data/raw/CricShoot10kShootDataset/Square Cut/vid45_36.avi,Square Cut,Square Cut
data/raw/CricShoot10kShootDataset/Down The Wicket/vid65_50.avi,Down The Wicket,Down The Wicket
data/raw/CricShoot10kShootDataset/Upper Cut/vid25_46.avi,Upper Cut,Upper Cut
data/raw/CricShoot10kShootDataset/Square Cut/vid372_25.avi,Square Cut,Square Cut
data/raw/CricShoot10kShootDataset/Defensive/vid249_10.avi,Defensive,Defensive
data/raw/CricShoot10kShootDataset/Square Cut/vid512_27.avi,Square Cut,Square Cut
data/raw/CricShoot10kShootDataset/Defensive/vid300_21.avi,Defensive,Defensive
data/raw/CricShoot10kShootDataset/Late Cut/vid108_37.avi,Late Cut,Late Cut
data/raw/CricShoot10kShootDataset/Flick/vid360_53.avi,Flick,Flick
data/raw/CricShoot10kShootDataset/Lofted Offside/vid313_10.avi,Lofted Offside,Lofted Offside
data/raw/CricShoot10kShootDataset/Sweep/vid444_24.avi,Sweep,Sweep
data/raw/CricShoot10kShootDataset/Straight Drive/vid345_1.avi,Straight Drive,Straight Drive
data/raw/CricShoot10kShootDataset/Lofted Legside/vid460_45.avi,Lofted Legside,Lofted Legside
data/raw/CricShoot10kShootDataset/Down The Wicket/vid271_14.avi,Down The Wicket,Down The Wicket
data/raw/CricShoot10kShootDataset/Lofted Offside/vid106_15.avi,Lofted Offside,Lofted Offside
data/raw/CricShoot10kShootDataset/Square Cut/vid482_53.avi,Square Cut,Square Cut
data/raw/CricShoot10kShootDataset/Sweep/vid210_41.avi,Sweep,Sweep
data/raw/CricShoot10kShootDataset/Lofted Legside/vid305_7.avi,Lofted Legside,Lofted Legside
data/raw/CricShoot10kShootDataset/Hook/vid34_25.avi,Hook,Hook
data/raw/CricShoot10kShootDataset/Down The Wicket/vid372_28.avi,Down The Wicket,Down The Wicket
data/raw/CricShoot10kShootDataset/Flick/vid394_31.avi,Flick,Flick
data/raw/CricShoot10kShootDataset/Cover Drive/vid23_6.avi,Cover Drive,Cover Drive
data/raw/CricShoot10kShootDataset/Down The Wicket/vid73_18.avi,Down The Wicket,Down The Wicket
data/raw/CricShoot10kShootDataset/Square Cut/vid435_3.avi,Square Cut,Square Cut
data/raw/CricShoot10kShootDataset/Defensive/vid162_30.avi,Defensive,Defensive
data/raw/CricShoot10kShootDataset/Flick/vid482_18.avi,Flick,Flick
data/raw/CricShoot10kShootDataset/Down The Wicket/vid514_61.avi,Down The Wicket,Down The Wicket
data/raw/CricShoot10kShootDataset/Defensive/vid299_20.avi,Defensive,Defensive
data/raw/CricShoot10kShootDataset/Hook/vid56_13.avi,Hook,Hook
data/raw/CricShoot10kShootDataset/Hook/vid34_30.avi,Hook,Hook
data/raw/CricShoot10kShootDataset/Upper Cut/vid40_23.avi,Upper Cut,Upper Cut
data/raw/CricShoot10kShootDataset/Flick/vid298_9.avi,Flick,Flick
data/raw/CricShoot10kShootDataset/Cover Drive/vid222_0.avi,Cover Drive,Cover Drive
data/raw/CricShoot10kShootDataset/Cover Drive/vid238_16.avi,Cover Drive,Cover Drive
data/raw/CricShoot10kShootDataset/Lofted Offside/vid216_43.avi,Lofted Offside,Lofted Offside
data/raw/CricShoot10kShootDataset/Upper Cut/vid21_4.avi,Upper Cut,Upper Cut
data/raw/CricShoot10kShootDataset/Flick/vid252_12.avi,Flick,Flick
data/raw/CricShoot10kShootDataset/Sweep/vid260_39.avi,Sweep,Sweep
data/raw/CricShoot10kShootDataset/Upper Cut/vid487_47.avi,Upper Cut,Upper Cut
data/raw/CricShoot10kShootDataset/Hook/vid533_17.avi,Hook,Hook
data/raw/CricShoot10kShootDataset/Pull/vid384_57.avi,Pull,Pull
data/raw/CricShoot10kShootDataset/Pull/vid451_7.avi,Pull,Pull
data/raw/CricShoot10kShootDataset/Late Cut/vid205_61.avi,Late Cut,Late Cut
data/raw/CricShoot10kShootDataset/Pull/vid427_23.avi,Pull,Pull
data/raw/CricShoot10kShootDataset/Flick/vid449_32.avi,Flick,Flick
data/raw/CricShoot10kShootDataset/Defensive/vid229_35.avi,Defensive,Defensive
data/raw/CricShoot10kShootDataset/Flick/vid337_19.avi,Flick,Flick
data/raw/CricShoot10kShootDataset/Scoop/vid57_27.avi,Scoop,Scoop
data/raw/CricShoot10kShootDataset/Hook/vid82_15.avi,Hook,Hook
data/raw/CricShoot10kShootDataset/Flick/vid8_43.avi,Flick,Flick
data/raw/CricShoot10kShootDataset/Lofted Offside/vid108_35.avi,Lofted Offside,Lofted Offside
data/raw/CricShoot10kShootDataset/Sweep/vid493_25.avi,Sweep,Sweep
data/raw/CricShoot10kShootDataset/Hook/vid304_26.avi,Hook,Hook
data/raw/CricShoot10kShootDataset/Down The Wicket/vid520_5.avi,Down The Wicket,Down The Wicket
data/raw/CricShoot10kShootDataset/Square Cut/vid508_51.avi,Square Cut,Square Cut
data/raw/CricShoot10kShootDataset/Cover Drive/vid406_6.avi,Cover Drive,Cover Drive
data/raw/CricShoot10kShootDataset/Lofted Legside/vid476_23.avi,Lofted Legside,Lofted Legside
data/raw/CricShoot10kShootDataset/Pull/vid37_17.avi,Pull,Pull
data/raw/CricShoot10kShootDataset/Sweep/vid113_28.avi,Sweep,Sweep
data/raw/CricShoot10kShootDataset/Hook/vid495_48.avi,Hook,Hook
data/raw/CricShoot10kShootDataset/Defensive/vid246_9.avi,Defensive,Defensive
data/raw/CricShoot10kShootDataset/Sweep/vid532_19.avi,Sweep,Sweep
data/raw/CricShoot10kShootDataset/Down The Wicket/vid130_23.avi,Down The Wicket,Down The Wicket
data/raw/CricShoot10kShootDataset/Lofted Offside/vid412_2.avi,Lofted Offside,Lofted Offside
data/raw/CricShoot10kShootDataset/Reverse Sweep/vid281_8.avi,Reverse Sweep,Reverse Sweep
data/raw/CricShoot10kShootDataset/Flick/vid358_16.avi,Flick,Flick
data/raw/CricShoot10kShootDataset/Lofted Legside/vid518_52.avi,Lofted Legside,Lofted Legside
data/raw/CricShoot10kShootDataset/Sweep/vid57_18.avi,Sweep,Sweep
data/raw/CricShoot10kShootDataset/Pull/vid40_9.avi,Pull,Pull
data/raw/CricShoot10kShootDataset/Upper Cut/vid109_14.avi,Upper Cut,Upper Cut
data/raw/CricShoot10kShootDataset/Lofted Offside/vid259_19.avi,Lofted Offside,Lofted Offside
data/raw/CricShoot10kShootDataset/Sweep/vid535_68.avi,Sweep,Sweep
data/raw/CricShoot10kShootDataset/Lofted Offside/vid380_24.avi,Lofted Offside,Lofted Offside
data/raw/CricShoot10kShootDataset/Down The Wicket/vid444_11.avi,Down The Wicket,Down The Wicket
data/raw/CricShoot10kShootDataset/Reverse Sweep/vid353_9.avi,Reverse Sweep,Reverse Sweep
data/raw/CricShoot10kShootDataset/Sweep/vid442_45.avi,Sweep,Sweep
data/raw/CricShoot10kShootDataset/Defensive/vid229_5.avi,Defensive,Defensive
data/raw/CricShoot10kShootDataset/Flick/vid245_26.avi,Flick,Flick
data/raw/CricShoot10kShootDataset/Down The Wicket/vid67_2.avi,Down The Wicket,Down The Wicket
data/raw/CricShoot10kShootDataset/Upper Cut/vid110_14.avi,Upper Cut,Upper Cut
data/raw/CricShoot10kShootDataset/Cover Drive/vid534_46.avi,Cover Drive,Cover Drive
data/raw/CricShoot10kShootDataset/Lofted Offside/vid103_7.avi,Lofted Offside,Lofted Offside
data/raw/CricShoot10kShootDataset/Square Cut/vid317_27.avi,Square Cut,Square Cut
data/raw/CricShoot10kShootDataset/Reverse Sweep/vid443_51.avi,Reverse Sweep,Reverse Sweep
data/raw/CricShoot10kShootDataset/Hook/vid166_26.avi,Hook,Hook
data/raw/CricShoot10kShootDataset/Sweep/vid69_37.avi,Sweep,Sweep
data/raw/CricShoot10kShootDataset/Sweep/vid408_9.avi,Sweep,Sweep
data/raw/CricShoot10kShootDataset/Straight Drive/vid222_14.avi,Straight Drive,Straight Drive
data/raw/CricShoot10kShootDataset/Down The Wicket/vid236_38.avi,Down The Wicket,Down The Wicket
data/raw/CricShoot10kShootDataset/Sweep/vid482_13.avi,Sweep,Sweep
data/raw/CricShoot10kShootDataset/Sweep/vid394_5.avi,Sweep,Sweep
data/raw/CricShoot10kShootDataset/Defensive/vid237_42.avi,Defensive,Defensive
data/raw/CricShoot10kShootDataset/Down The Wicket/vid440_19.avi,Down The Wicket,Down The Wicket
data/raw/CricShoot10kShootDataset/Lofted Legside/vid390_6.avi,Lofted Legside,Lofted Legside
data/raw/CricShoot10kShootDataset/Reverse Sweep/vid485_27.avi,Reverse Sweep,Reverse Sweep
data/raw/CricShoot10kShootDataset/Pull/vid510_32.avi,Pull,Pull
data/raw/CricShoot10kShootDataset/Flick/vid123_34.avi,Flick,Flick
data/raw/CricShoot10kShootDataset/Lofted Offside/vid444_62.avi,Lofted Offside,Lofted Offside
data/raw/CricShoot10kShootDataset/Lofted Offside/vid171_9.avi,Lofted Offside,Lofted Offside
data/raw/CricShoot10kShootDataset/Lofted Offside/vid384_11.avi,Lofted Offside,Lofted Offside
data/raw/CricShoot10kShootDataset/Hook/vid519_68.avi,Hook,Hook
data/raw/CricShoot10kShootDataset/Reverse Sweep/vid384_35.avi,Reverse Sweep,Reverse Sweep
data/raw/CricShoot10kShootDataset/Square Cut/vid503_5.avi,Square Cut,Square Cut
data/raw/CricShoot10kShootDataset/Cover Drive/vid15_37.avi,Cover Drive,Cover Drive
data/raw/CricShoot10kShootDataset/Flick/vid226_21.avi,Flick,Flick
data/raw/CricShoot10kShootDataset/Straight Drive/vid385_12.avi,Straight Drive,Straight Drive
data/raw/CricShoot10kShootDataset/Hook/vid113_11.avi,Hook,Hook
data/raw/CricShoot10kShootDataset/Reverse Sweep/vid459_9.avi,Reverse Sweep,Reverse Sweep
data/raw/CricShoot10kShootDataset/Pull/vid382_26.avi,Pull,Pull
data/raw/CricShoot10kShootDataset/Sweep/vid65_35.avi,Sweep,Sweep
data/raw/CricShoot10kShootDataset/Square Cut/vid366_42.avi,Square Cut,Square Cut
data/raw/CricShoot10kShootDataset/Defensive/vid316_22.avi,Defensive,Defensive
data/raw/CricShoot10kShootDataset/Down The Wicket/vid412_4.avi,Down The Wicket,Down The Wicket
data/raw/CricShoot10kShootDataset/Flick/vid167_20.avi,Flick,Flick
data/raw/CricShoot10kShootDataset/Sweep/vid394_20.avi,Sweep,Sweep
data/raw/CricShoot10kShootDataset/Lofted Legside/vid129_38.avi,Lofted Legside,Lofted Legside
data/raw/CricShoot10kShootDataset/Lofted Legside/vid491_18.avi,Lofted Legside,Lofted Legside
data/raw/CricShoot10kShootDataset/Upper Cut/vid80_18.avi,Upper Cut,Upper Cut
data/raw/CricShoot10kShootDataset/Hook/vid267_10.avi,Hook,Hook
data/raw/CricShoot10kShootDataset/Square Cut/vid501_20.avi,Square Cut,Square Cut
data/raw/CricShoot10kShootDataset/Pull/vid45_11.avi,Pull,Pull
data/raw/CricShoot10kShootDataset/Hook/vid488_12.avi,Hook,Hook
data/raw/CricShoot10kShootDataset/Square Cut/vid277_21.avi,Square Cut,Square Cut
data/raw/CricShoot10kShootDataset/Late Cut/vid3_10.avi,Late Cut,Late Cut
data/raw/CricShoot10kShootDataset/Sweep/vid188_15.avi,Sweep,Sweep
data/raw/CricShoot10kShootDataset/Straight Drive/vid239_35.avi,Straight Drive,Straight Drive
data/raw/CricShoot10kShootDataset/Upper Cut/vid96_5.avi,Upper Cut,Upper Cut
data/raw/CricShoot10kShootDataset/Down The Wicket/vid330_22.avi,Down The Wicket,Down The Wicket
data/raw/CricShoot10kShootDataset/Cover Drive/vid457_27.avi,Cover Drive,Cover Drive
data/raw/CricShoot10kShootDataset/Sweep/vid40_59.avi,Sweep,Sweep
data/raw/CricShoot10kShootDataset/Lofted Offside/vid487_34.avi,Lofted Offside,Lofted Offside
data/raw/CricShoot10kShootDataset/Defensive/vid303_3.avi,Defensive,Defensive
data/raw/CricShoot10kShootDataset/Straight Drive/vid303_6.avi,Straight Drive,Straight Drive
data/raw/CricShoot10kShootDataset/Pull/vid474_19.avi,Pull,Pull
data/raw/CricShoot10kShootDataset/Down The Wicket/vid485_45.avi,Down The Wicket,Down The Wicket
data/raw/CricShoot10kShootDataset/Flick/vid152_6.avi,Flick,Flick
data/raw/CricShoot10kShootDataset/Pull/vid102_29.avi,Pull,Pull
data/raw/CricShoot10kShootDataset/Scoop/vid442_18.avi,Scoop,Scoop
data/raw/CricShoot10kShootDataset/Lofted Legside/vid374_48.avi,Lofted Legside,Lofted Legside
data/raw/CricShoot10kShootDataset/Lofted Offside/vid305_20.avi,Lofted Offside,Lofted Offside
data/raw/CricShoot10kShootDataset/Lofted Legside/vid485_14.avi,Lofted Legside,Lofted Legside
data/raw/CricShoot10kShootDataset/Flick/vid8_3.avi,Flick,Flick
data/raw/CricShoot10kShootDataset/Down The Wicket/vid132_3.avi,Down The Wicket,Down The Wicket
data/raw/CricShoot10kShootDataset/Hook/vid216_9.avi,Hook,Hook
data/raw/CricShoot10kShootDataset/Lofted Offside/vid2_37.avi,Lofted Offside,Lofted Offside
data/raw/CricShoot10kShootDataset/Down The Wicket/vid443_8.avi,Down The Wicket,Down The Wicket
data/raw/CricShoot10kShootDataset/Square Cut/vid208_31.avi,Square Cut,Square Cut
data/raw/CricShoot10kShootDataset/Straight Drive/vid260_26.avi,Straight Drive,Straight Drive
data/raw/CricShoot10kShootDataset/Square Cut/vid123_31.avi,Square Cut,Square Cut
data/raw/CricShoot10kShootDataset/Lofted Offside/vid153_17.avi,Lofted Offside,Lofted Offside
data/raw/CricShoot10kShootDataset/Cover Drive/vid175_0.avi,Cover Drive,Cover Drive
data/raw/CricShoot10kShootDataset/Flick/vid374_36.avi,Flick,Flick
data/raw/CricShoot10kShootDataset/Pull/vid25_45.avi,Pull,Pull
data/raw/CricShoot10kShootDataset/Square Cut/vid400_11.avi,Square Cut,Square Cut
data/raw/CricShoot10kShootDataset/Pull/vid487_44.avi,Pull,Pull
data/raw/CricShoot10kShootDataset/Square Cut/vid365_69.avi,Square Cut,Square Cut
data/raw/CricShoot10kShootDataset/Lofted Offside/vid54_30.avi,Lofted Offside,Lofted Offside
data/raw/CricShoot10kShootDataset/Lofted Legside/vid157_30.avi,Lofted Legside,Lofted Legside
data/raw/CricShoot10kShootDataset/Cover Drive/vid482_29.avi,Cover Drive,Cover Drive
data/raw/CricShoot10kShootDataset/Straight Drive/vid416_2.avi,Straight Drive,Straight Drive
data/raw/CricShoot10kShootDataset/Flick/vid345_12.avi,Flick,Flick
data/raw/CricShoot10kShootDataset/Sweep/vid344_53.avi,Sweep,Sweep
data/raw/CricShoot10kShootDataset/Down The Wicket/vid78_18.avi,Down The Wicket,Down The Wicket
data/raw/CricShoot10kShootDataset/Lofted Offside/vid376_3.avi,Lofted Offside,Lofted Offside
data/raw/CricShoot10kShootDataset/Reverse Sweep/vid67_36.avi,Reverse Sweep,Reverse Sweep
data/raw/CricShoot10kShootDataset/Down The Wicket/vid99_41.avi,Down The Wicket,Down The Wicket
data/raw/CricShoot10kShootDataset/Square Cut/vid106_6.avi,Square Cut,Square Cut
data/raw/CricShoot10kShootDataset/Lofted Legside/vid87_30.avi,Lofted Legside,Lofted Legside
data/raw/CricShoot10kShootDataset/Late Cut/vid444_42.avi,Late Cut,Late Cut
data/raw/CricShoot10kShootDataset/Defensive/vid360_30.avi,Defensive,Defensive
data/raw/CricShoot10kShootDataset/Lofted Offside/vid68_46.avi,Lofted Offside,Lofted Offside
data/raw/CricShoot10kShootDataset/Cover Drive/vid227_0.avi,Cover Drive,Cover Drive
data/raw/CricShoot10kShootDataset/Square Cut/vid535_53.avi,Square Cut,Square Cut
data/raw/CricShoot10kShootDataset/Down The Wicket/vid470_2.avi,Down The Wicket,Down The Wicket
data/raw/CricShoot10kShootDataset/Lofted Offside/vid131_4.avi,Lofted Offside,Lofted Offside
data/raw/CricShoot10kShootDataset/Square Cut/vid295_41.avi,Square Cut,Square Cut
data/raw/CricShoot10kShootDataset/Upper Cut/vid210_15.avi,Upper Cut,Upper Cut
data/raw/CricShoot10kShootDataset/Lofted Offside/vid324_40.avi,Lofted Offside,Lofted Offside
data/raw/CricShoot10kShootDataset/Down The Wicket/vid324_29.avi,Down The Wicket,Down The Wicket
data/raw/CricShoot10kShootDataset/Hook/vid109_40.avi,Hook,Hook
data/raw/CricShoot10kShootDataset/Flick/vid245_0.avi,Flick,Flick
data/raw/CricShoot10kShootDataset/Lofted Offside/vid380_22.avi,Lofted Offside,Lofted Offside
data/raw/CricShoot10kShootDataset/Pull/vid386_15.avi,Pull,Pull
data/raw/CricShoot10kShootDataset/Cover Drive/vid516_25.avi,Cover Drive,Cover Drive
data/raw/CricShoot10kShootDataset/Sweep/vid380_53.avi,Sweep,Sweep
data/raw/CricShoot10kShootDataset/Down The Wicket/vid114_0.avi,Down The Wicket,Down The Wicket
data/raw/CricShoot10kShootDataset/Lofted Offside/vid160_25.avi,Lofted Offside,Lofted Offside
data/raw/CricShoot10kShootDataset/Down The Wicket/vid461_46.avi,Down The Wicket,Down The Wicket
data/raw/CricShoot10kShootDataset/Sweep/vid457_35.avi,Sweep,Sweep
data/raw/CricShoot10kShootDataset/Flick/vid116_1.avi,Flick,Flick
data/raw/CricShoot10kShootDataset/Hook/vid100_74.avi,Hook,Hook
data/raw/CricShoot10kShootDataset/Defensive/vid220_36.avi,Defensive,Defensive
data/raw/CricShoot10kShootDataset/Sweep/vid69_39.avi,Sweep,Sweep
data/raw/CricShoot10kShootDataset/Lofted Offside/vid337_35.avi,Lofted Offside,Lofted Offside
data/raw/CricShoot10kShootDataset/Square Cut/vid249_12.avi,Square Cut,Square Cut
data/raw/CricShoot10kShootDataset/Sweep/vid210_40.avi,Sweep,Sweep
data/raw/CricShoot10kShootDataset/Down The Wicket/vid227_41.avi,Down The Wicket,Down The Wicket
data/raw/CricShoot10kShootDataset/Cover Drive/vid230_7.avi,Cover Drive,Cover Drive
data/raw/CricShoot10kShootDataset/Hook/vid139_19.avi,Hook,Hook
data/raw/CricShoot10kShootDataset/Pull/vid337_12.avi,Pull,Pull
data/raw/CricShoot10kShootDataset/Down The Wicket/vid23_27.avi,Down The Wicket,Down The Wicket
data/raw/CricShoot10kShootDataset/Lofted Legside/vid206_13.avi,Lofted Legside,Lofted Legside
data/raw/CricShoot10kShootDataset/Straight Drive/vid182_4.avi,Straight Drive,Straight Drive
data/raw/CricShoot10kShootDataset/Defensive/vid71_13.avi,Defensive,Defensive
data/raw/CricShoot10kShootDataset/Lofted Legside/vid163_24.avi,Lofted Legside,Lofted Legside
data/raw/CricShoot10kShootDataset/Pull/vid373_29.avi,Pull,Pull
data/raw/CricShoot10kShootDataset/Sweep/vid391_51.avi,Sweep,Sweep
data/raw/CricShoot10kShootDataset/Lofted Legside/vid424_26.avi,Lofted Legside,Lofted Legside
data/raw/CricShoot10kShootDataset/Sweep/vid350_3.avi,Sweep,Sweep
data/raw/CricShoot10kShootDataset/Square Cut/vid117_17.avi,Square Cut,Square Cut
data/raw/CricShoot10kShootDataset/Sweep/vid144_9.avi,Sweep,Sweep
data/raw/CricShoot10kShootDataset/Straight Drive/vid367_39.avi,Straight Drive,Straight Drive
data/raw/CricShoot10kShootDataset/Sweep/vid441_5.avi,Sweep,Sweep
data/raw/CricShoot10kShootDataset/Flick/vid206_46.avi,Flick,Flick
data/raw/CricShoot10kShootDataset/Sweep/vid469_43.avi,Sweep,Sweep
data/raw/CricShoot10kShootDataset/Upper Cut/vid503_21.avi,Upper Cut,Upper Cut
data/raw/CricShoot10kShootDataset/Pull/vid506_32.avi,Pull,Pull
data/raw/CricShoot10kShootDataset/Lofted Offside/vid337_49.avi,Lofted Offside,Lofted Offside
data/raw/CricShoot10kShootDataset/Sweep/vid365_72.avi,Sweep,Sweep
data/raw/CricShoot10kShootDataset/Sweep/vid358_10.avi,Sweep,Sweep
data/raw/CricShoot10kShootDataset/Down The Wicket/vid13_24.avi,Down The Wicket,Down The Wicket
data/raw/CricShoot10kShootDataset/Flick/vid252_6.avi,Flick,Flick
data/raw/CricShoot10kShootDataset/Defensive/vid16_35.avi,Defensive,Defensive
data/raw/CricShoot10kShootDataset/Sweep/vid51_68.avi,Sweep,Sweep
data/raw/CricShoot10kShootDataset/Reverse Sweep/vid20_6.avi,Reverse Sweep,Reverse Sweep
data/raw/CricShoot10kShootDataset/Sweep/vid358_36.avi,Sweep,Sweep
data/raw/CricShoot10kShootDataset/Upper Cut/vid499_9.avi,Upper Cut,Upper Cut
data/raw/CricShoot10kShootDataset/Pull/vid288_2.avi,Pull,Pull
data/raw/CricShoot10kShootDataset/Square Cut/vid393_3.avi,Square Cut,Square Cut
data/raw/CricShoot10kShootDataset/Lofted Legside/vid536_25.avi,Lofted Legside,Lofted Legside
data/raw/CricShoot10kShootDataset/Down The Wicket/vid485_12.avi,Down The Wicket,Down The Wicket
data/raw/CricShoot10kShootDataset/Cover Drive/vid321_15.avi,Cover Drive,Cover Drive
data/raw/CricShoot10kShootDataset/Lofted Legside/vid530_24.avi,Lofted Legside,Lofted Legside
data/raw/CricShoot10kShootDataset/Pull/vid150_2.avi,Pull,Pull
data/raw/CricShoot10kShootDataset/Sweep/vid370_2.avi,Sweep,Sweep
data/raw/CricShoot10kShootDataset/Reverse Sweep/vid465_43.avi,Reverse Sweep,Reverse Sweep
data/raw/CricShoot10kShootDataset/Lofted Offside/vid358_13.avi,Lofted Offside,Lofted Offside
data/raw/CricShoot10kShootDataset/Square Cut/vid72_0.avi,Square Cut,Square Cut
data/raw/CricShoot10kShootDataset/Hook/vid34_7.avi,Hook,Hook
data/raw/CricShoot10kShootDataset/Scoop/vid390_1.avi,Scoop,Scoop
data/raw/CricShoot10kShootDataset/Lofted Offside/vid17_21.avi,Lofted Offside,Lofted Offside
data/raw/CricShoot10kShootDataset/Cover Drive/vid309_3.avi,Cover Drive,Cover Drive
data/raw/CricShoot10kShootDataset/Flick/vid10_19.avi,Flick,Flick
data/raw/CricShoot10kShootDataset/Sweep/vid9_29.avi,Sweep,Sweep
data/raw/CricShoot10kShootDataset/Pull/vid506_30.avi,Pull,Pull
data/raw/CricShoot10kShootDataset/Defensive/vid536_2.avi,Defensive,Defensive
data/raw/CricShoot10kShootDataset/Lofted Offside/vid9_23.avi,Lofted Offside,Lofted Offside
data/raw/CricShoot10kShootDataset/Defensive/vid234_30.avi,Defensive,Defensive
data/raw/CricShoot10kShootDataset/Lofted Legside/vid82_26.avi,Lofted Legside,Lofted Legside
data/raw/CricShoot10kShootDataset/Flick/vid350_31.avi,Flick,Flick
data/raw/CricShoot10kShootDataset/Reverse Sweep/vid322_24.avi,Reverse Sweep,Reverse Sweep
data/raw/CricShoot10kShootDataset/Lofted Offside/vid388_16.avi,Lofted Offside,Lofted Offside
data/raw/CricShoot10kShootDataset/Late Cut/vid325_7.avi,Late Cut,Late Cut
data/raw/CricShoot10kShootDataset/Hook/vid74_3.avi,Hook,Hook
data/raw/CricShoot10kShootDataset/Flick/vid242_36.avi,Flick,Flick
data/raw/CricShoot10kShootDataset/Lofted Legside/vid321_2.avi,Lofted Legside,Lofted Legside
data/raw/CricShoot10kShootDataset/Hook/vid155_26.avi,Hook,Hook
data/raw/CricShoot10kShootDataset/Pull/vid437_20.avi,Pull,Pull
data/raw/CricShoot10kShootDataset/Lofted Offside/vid150_30.avi,Lofted Offside,Lofted Offside
data/raw/CricShoot10kShootDataset/Defensive/vid236_6.avi,Defensive,Defensive
data/raw/CricShoot10kShootDataset/Defensive/vid207_2.avi,Defensive,Defensive
data/raw/CricShoot10kShootDataset/Lofted Legside/vid392_19.avi,Lofted Legside,Lofted Legside
data/raw/CricShoot10kShootDataset/Hook/vid112_3.avi,Hook,Hook
data/raw/CricShoot10kShootDataset/Sweep/vid533_65.avi,Sweep,Sweep
data/raw/CricShoot10kShootDataset/Sweep/vid110_15.avi,Sweep,Sweep
data/raw/CricShoot10kShootDataset/Flick/vid337_42.avi,Flick,Flick
data/raw/CricShoot10kShootDataset/Pull/vid242_24.avi,Pull,Pull
data/raw/CricShoot10kShootDataset/Cover Drive/vid31_29.avi,Cover Drive,Cover Drive
data/raw/CricShoot10kShootDataset/Lofted Legside/vid17_6.avi,Lofted Legside,Lofted Legside
data/raw/CricShoot10kShootDataset/Late Cut/vid74_21.avi,Late Cut,Late Cut
data/raw/CricShoot10kShootDataset/Lofted Legside/vid463_10.avi,Lofted Legside,Lofted Legside
data/raw/CricShoot10kShootDataset/Lofted Legside/vid51_39.avi,Lofted Legside,Lofted Legside
data/raw/CricShoot10kShootDataset/Hook/vid124_3.avi,Hook,Hook
data/raw/CricShoot10kShootDataset/Cover Drive/vid531_28.avi,Cover Drive,Cover Drive
data/raw/CricShoot10kShootDataset/Flick/vid84_34.avi,Flick,Flick
data/raw/CricShoot10kShootDataset/Pull/vid102_37.avi,Pull,Pull
data/raw/CricShoot10kShootDataset/Hook/vid517_48.avi,Hook,Hook
data/raw/CricShoot10kShootDataset/Cover Drive/vid104_26.avi,Cover Drive,Cover Drive
data/raw/CricShoot10kShootDataset/Lofted Offside/vid107_6.avi,Lofted Offside,Lofted Offside
data/raw/CricShoot10kShootDataset/Straight Drive/vid220_13.avi,Straight Drive,Straight Drive
data/raw/CricShoot10kShootDataset/Hook/vid366_35.avi,Hook,Hook
data/raw/CricShoot10kShootDataset/Flick/vid252_3.avi,Flick,Flick
data/raw/CricShoot10kShootDataset/Hook/vid121_47.avi,Hook,Hook
data/raw/CricShoot10kShootDataset/Down The Wicket/vid168_16.avi,Down The Wicket,Down The Wicket
data/raw/CricShoot10kShootDataset/Pull/vid513_20.avi,Pull,Pull
data/raw/CricShoot10kShootDataset/Down The Wicket/vid225_34.avi,Down The Wicket,Down The Wicket
data/raw/CricShoot10kShootDataset/Flick/vid387_34.avi,Flick,Flick
data/raw/CricShoot10kShootDataset/Lofted Offside/vid391_3.avi,Lofted Offside,Lofted Offside
data/raw/CricShoot10kShootDataset/Reverse Sweep/vid80_11.avi,Reverse Sweep,Reverse Sweep
data/raw/CricShoot10kShootDataset/Lofted Offside/vid358_66.avi,Lofted Offside,Lofted Offside
data/raw/CricShoot10kShootDataset/Sweep/vid18_16.avi,Sweep,Sweep
data/raw/CricShoot10kShootDataset/Lofted Legside/vid341_46.avi,Lofted Legside,Lofted Legside
data/raw/CricShoot10kShootDataset/Defensive/vid301_0.avi,Defensive,Defensive
data/raw/CricShoot10kShootDataset/Sweep/vid95_9.avi,Sweep,Sweep
data/raw/CricShoot10kShootDataset/Flick/vid236_23.avi,Flick,Flick
data/raw/CricShoot10kShootDataset/Late Cut/vid515_88.avi,Late Cut,Late Cut
data/raw/CricShoot10kShootDataset/Down The Wicket/vid23_29.avi,Down The Wicket,Down The Wicket
data/raw/CricShoot10kShootDataset/Square Cut/vid437_55.avi,Square Cut,Square Cut
data/raw/CricShoot10kShootDataset/Straight Drive/vid238_53.avi,Straight Drive,Straight Drive
data/raw/CricShoot10kShootDataset/Square Cut/vid479_11.avi,Square Cut,Square Cut
data/raw/CricShoot10kShootDataset/Hook/vid84_29.avi,Hook,Hook
data/raw/CricShoot10kShootDataset/Square Cut/vid512_32.avi,Square Cut,Square Cut
data/raw/CricShoot10kShootDataset/Hook/vid133_26.avi,Hook,Hook
data/raw/CricShoot10kShootDataset/Flick/vid221_12.avi,Flick,Flick
data/raw/CricShoot10kShootDataset/Defensive/vid204_48.avi,Defensive,Defensive
data/raw/CricShoot10kShootDataset/Cover Drive/vid406_8.avi,Cover Drive,Cover Drive
data/raw/CricShoot10kShootDataset/Square Cut/vid316_14.avi,Square Cut,Square Cut
data/raw/CricShoot10kShootDataset/Lofted Offside/vid255_10.avi,Lofted Offside,Lofted Offside
data/raw/CricShoot10kShootDataset/Lofted Legside/vid400_22.avi,Lofted Legside,Lofted Legside
data/raw/CricShoot10kShootDataset/Cover Drive/vid1_0.avi,Cover Drive,Cover Drive
data/raw/CricShoot10kShootDataset/Pull/vid186_7.avi,Pull,Pull
data/raw/CricShoot10kShootDataset/Down The Wicket/vid81_7.avi,Down The Wicket,Down The Wicket
data/raw/CricShoot10kShootDataset/Lofted Legside/vid74_17.avi,Lofted Legside,Lofted Legside
data/raw/CricShoot10kShootDataset/Lofted Offside/vid103_8.avi,Lofted Offside,Lofted Offside
data/raw/CricShoot10kShootDataset/Square Cut/vid40_44.avi,Square Cut,Square Cut
data/raw/CricShoot10kShootDataset/Down The Wicket/vid73_21.avi,Down The Wicket,Down The Wicket
data/raw/CricShoot10kShootDataset/Sweep/vid106_7.avi,Sweep,Sweep
data/raw/CricShoot10kShootDataset/Lofted Offside/vid119_38.avi,Lofted Offside,Lofted Offside
data/raw/CricShoot10kShootDataset/Flick/vid459_43.avi,Flick,Flick
data/raw/CricShoot10kShootDataset/Defensive/vid160_14.avi,Defensive,Defensive
data/raw/CricShoot10kShootDataset/Sweep/vid354_6.avi,Sweep,Sweep
data/raw/CricShoot10kShootDataset/Square Cut/vid73_17.avi,Square Cut,Square Cut
data/raw/CricShoot10kShootDataset/Lofted Legside/vid348_21.avi,Lofted Legside,Lofted Legside
data/raw/CricShoot10kShootDataset/Pull/vid260_33.avi,Pull,Pull
data/raw/CricShoot10kShootDataset/Square Cut/vid466_7.avi,Square Cut,Square Cut
data/raw/CricShoot10kShootDataset/Straight Drive/vid522_0.avi,Straight Drive,Straight Drive
data/raw/CricShoot10kShootDataset/Pull/vid466_20.avi,Pull,Pull
data/raw/CricShoot10kShootDataset/Cover Drive/vid446_35.avi,Cover Drive,Cover Drive
data/raw/CricShoot10kShootDataset/Flick/vid360_8.avi,Flick,Flick
data/raw/CricShoot10kShootDataset/Reverse Sweep/vid491_10.avi,Reverse Sweep,Reverse Sweep
data/raw/CricShoot10kShootDataset/Straight Drive/vid361_0.avi,Straight Drive,Straight Drive
data/raw/CricShoot10kShootDataset/Lofted Offside/vid121_38.avi,Lofted Offside,Lofted Offside
data/raw/CricShoot10kShootDataset/Lofted Offside/vid105_12.avi,Lofted Offside,Lofted Offside
data/raw/CricShoot10kShootDataset/Hook/vid256_4.avi,Hook,Hook
data/raw/CricShoot10kShootDataset/Lofted Offside/vid521_88.avi,Lofted Offside,Lofted Offside
data/raw/CricShoot10kShootDataset/Pull/vid137_27.avi,Pull,Pull
data/raw/CricShoot10kShootDataset/Sweep/vid28_39.avi,Sweep,Sweep
data/raw/CricShoot10kShootDataset/Lofted Offside/vid214_35.avi,Lofted Offside,Lofted Offside
data/raw/CricShoot10kShootDataset/Pull/vid434_48.avi,Pull,Pull
data/raw/CricShoot10kShootDataset/Pull/vid93_54.avi,Pull,Pull
data/raw/CricShoot10kShootDataset/Reverse Sweep/vid20_1.avi,Reverse Sweep,Reverse Sweep
data/raw/CricShoot10kShootDataset/Down The Wicket/vid356_7.avi,Down The Wicket,Down The Wicket
data/raw/CricShoot10kShootDataset/Pull/vid81_24.avi,Pull,Pull
data/raw/CricShoot10kShootDataset/Down The Wicket/vid510_25.avi,Down The Wicket,Down The Wicket
data/raw/CricShoot10kShootDataset/Sweep/vid251_37.avi,Sweep,Sweep
data/raw/CricShoot10kShootDataset/Upper Cut/vid223_30.avi,Upper Cut,Upper Cut
data/raw/CricShoot10kShootDataset/Pull/vid433_61.avi,Pull,Pull
data/raw/CricShoot10kShootDataset/Defensive/vid432_0.avi,Defensive,Defensive
data/raw/CricShoot10kShootDataset/Hook/vid144_1.avi,Hook,Hook
data/raw/CricShoot10kShootDataset/Late Cut/vid169_6.avi,Late Cut,Late Cut
data/raw/CricShoot10kShootDataset/Straight Drive/vid416_4.avi,Straight Drive,Straight Drive
data/raw/CricShoot10kShootDataset/Defensive/vid360_43.avi,Defensive,Defensive
data/raw/CricShoot10kShootDataset/Defensive/vid163_31.avi,Defensive,Defensive
data/raw/CricShoot10kShootDataset/Cover Drive/vid251_29.avi,Cover Drive,Cover Drive
data/raw/CricShoot10kShootDataset/Flick/vid137_32.avi,Flick,Flick
data/raw/CricShoot10kShootDataset/Flick/vid3_23.avi,Flick,Flick
data/raw/CricShoot10kShootDataset/Lofted Legside/vid42_26.avi,Lofted Legside,Lofted Legside
data/raw/CricShoot10kShootDataset/Straight Drive/vid228_2.avi,Straight Drive,Straight Drive
data/raw/CricShoot10kShootDataset/Defensive/vid513_1.avi,Defensive,Defensive
data/raw/CricShoot10kShootDataset/Defensive/vid218_13.avi,Defensive,Defensive
data/raw/CricShoot10kShootDataset/Reverse Sweep/vid524_8.avi,Reverse Sweep,Reverse Sweep
data/raw/CricShoot10kShootDataset/Sweep/vid51_61.avi,Sweep,Sweep
data/raw/CricShoot10kShootDataset/Flick/vid380_39.avi,Flick,Flick
data/raw/CricShoot10kShootDataset/Cover Drive/vid235_11.avi,Cover Drive,Cover Drive
data/raw/CricShoot10kShootDataset/Pull/vid57_2.avi,Pull,Pull
data/raw/CricShoot10kShootDataset/Sweep/vid281_2.avi,Sweep,Sweep
data/raw/CricShoot10kShootDataset/Pull/vid323_11.avi,Pull,Pull
data/raw/CricShoot10kShootDataset/Defensive/vid434_25.avi,Defensive,Defensive
data/raw/CricShoot10kShootDataset/Down The Wicket/vid515_17.avi,Down The Wicket,Down The Wicket
data/raw/CricShoot10kShootDataset/Straight Drive/vid143_25.avi,Straight Drive,Straight Drive
data/raw/CricShoot10kShootDataset/Pull/vid147_13.avi,Pull,Pull
data/raw/CricShoot10kShootDataset/Pull/vid315_2.avi,Pull,Pull
data/raw/CricShoot10kShootDataset/Lofted Legside/vid119_12.avi,Lofted Legside,Lofted Legside
data/raw/CricShoot10kShootDataset/Flick/vid306_3.avi,Flick,Flick
data/raw/CricShoot10kShootDataset/Late Cut/vid215_14.avi,Late Cut,Late Cut
data/raw/CricShoot10kShootDataset/Lofted Legside/vid482_3.avi,Lofted Legside,Lofted Legside
data/raw/CricShoot10kShootDataset/Sweep/vid394_3.avi,Sweep,Sweep
data/raw/CricShoot10kShootDataset/Pull/vid443_37.avi,Pull,Pull
data/raw/CricShoot10kShootDataset/Lofted Legside/vid460_17.avi,Lofted Legside,Lofted Legside
data/raw/CricShoot10kShootDataset/Straight Drive/vid2_24.avi,Straight Drive,Straight Drive
data/raw/CricShoot10kShootDataset/Sweep/vid521_25.avi,Sweep,Sweep
data/raw/CricShoot10kShootDataset/Scoop/vid191_3.avi,Scoop,Scoop
data/raw/CricShoot10kShootDataset/Flick/vid464_19.avi,Flick,Flick
data/raw/CricShoot10kShootDataset/Flick/vid38_7.avi,Flick,Flick
data/raw/CricShoot10kShootDataset/Defensive/vid123_29.avi,Defensive,Defensive
data/raw/CricShoot10kShootDataset/Down The Wicket/vid521_13.avi,Down The Wicket,Down The Wicket
data/raw/CricShoot10kShootDataset/Square Cut/vid504_16.avi,Square Cut,Square Cut
data/raw/CricShoot10kShootDataset/Hook/vid90_56.avi,Hook,Hook
data/raw/CricShoot10kShootDataset/Flick/vid33_16.avi,Flick,Flick
data/raw/CricShoot10kShootDataset/Sweep/vid386_27.avi,Sweep,Sweep
data/raw/CricShoot10kShootDataset/Late Cut/vid454_32.avi,Late Cut,Late Cut
data/raw/CricShoot10kShootDataset/Flick/vid324_35.avi,Flick,Flick
data/raw/CricShoot10kShootDataset/Sweep/vid72_7.avi,Sweep,Sweep
data/raw/CricShoot10kShootDataset/Flick/vid464_33.avi,Flick,Flick
data/raw/CricShoot10kShootDataset/Straight Drive/vid458_4.avi,Straight Drive,Straight Drive
data/raw/CricShoot10kShootDataset/Sweep/vid256_37.avi,Sweep,Sweep
data/raw/CricShoot10kShootDataset/Defensive/vid344_30.avi,Defensive,Defensive
data/raw/CricShoot10kShootDataset/Lofted Legside/vid504_35.avi,Lofted Legside,Lofted Legside
data/raw/CricShoot10kShootDataset/Square Cut/vid40_1.avi,Square Cut,Square Cut
data/raw/CricShoot10kShootDataset/Flick/vid517_45.avi,Flick,Flick
data/raw/CricShoot10kShootDataset/Straight Drive/vid315_13.avi,Straight Drive,Straight Drive
data/raw/CricShoot10kShootDataset/Straight Drive/vid236_5.avi,Straight Drive,Straight Drive
data/raw/CricShoot10kShootDataset/Cover Drive/vid457_3.avi,Cover Drive,Cover Drive
data/raw/CricShoot10kShootDataset/Flick/vid397_18.avi,Flick,Flick
data/raw/CricShoot10kShootDataset/Sweep/vid53_46.avi,Sweep,Sweep
data/raw/CricShoot10kShootDataset/Down The Wicket/vid440_45.avi,Down The Wicket,Down The Wicket
data/raw/CricShoot10kShootDataset/Reverse Sweep/vid43_17.avi,Reverse Sweep,Reverse Sweep
data/raw/CricShoot10kShootDataset/Sweep/vid163_4.avi,Sweep,Sweep
data/raw/CricShoot10kShootDataset/Lofted Offside/vid51_60.avi,Lofted Offside,Lofted Offside
data/raw/CricShoot10kShootDataset/Flick/vid295_2.avi,Flick,Flick
data/raw/CricShoot10kShootDataset/Down The Wicket/vid181_0.avi,Down The Wicket,Down The Wicket
data/raw/CricShoot10kShootDataset/Down The Wicket/vid456_13.avi,Down The Wicket,Down The Wicket
data/raw/CricShoot10kShootDataset/Sweep/vid457_4.avi,Sweep,Sweep
data/raw/CricShoot10kShootDataset/Cover Drive/vid525_4.avi,Cover Drive,Cover Drive
data/raw/CricShoot10kShootDataset/Late Cut/vid533_27.avi,Late Cut,Late Cut
data/raw/CricShoot10kShootDataset/Square Cut/vid148_13.avi,Square Cut,Square Cut
data/raw/CricShoot10kShootDataset/Flick/vid149_9.avi,Flick,Flick
data/raw/CricShoot10kShootDataset/Sweep/vid435_50.avi,Sweep,Sweep
data/raw/CricShoot10kShootDataset/Straight Drive/vid250_33.avi,Straight Drive,Straight Drive
data/raw/CricShoot10kShootDataset/Hook/vid495_49.avi,Hook,Hook
data/raw/CricShoot10kShootDataset/Down The Wicket/vid387_40.avi,Down The Wicket,Down The Wicket
data/raw/CricShoot10kShootDataset/Pull/vid388_42.avi,Pull,Pull
data/raw/CricShoot10kShootDataset/Straight Drive/vid247_7.avi,Straight Drive,Straight Drive
data/raw/CricShoot10kShootDataset/Pull/vid81_8.avi,Pull,Pull
data/raw/CricShoot10kShootDataset/Defensive/vid426_43.avi,Defensive,Defensive
data/raw/CricShoot10kShootDataset/Lofted Legside/vid262_6.avi,Lofted Legside,Lofted Legside
data/raw/CricShoot10kShootDataset/Defensive/vid116_18.avi,Defensive,Defensive
data/raw/CricShoot10kShootDataset/Down The Wicket/vid312_33.avi,Down The Wicket,Down The Wicket
data/raw/CricShoot10kShootDataset/Sweep/vid90_60.avi,Sweep,Sweep
data/raw/CricShoot10kShootDataset/Lofted Legside/vid482_65.avi,Lofted Legside,Lofted Legside
data/raw/CricShoot10kShootDataset/Square Cut/vid214_23.avi,Square Cut,Square Cut
data/raw/CricShoot10kShootDataset/Lofted Legside/vid248_41.avi,Lofted Legside,Lofted Legside
data/raw/CricShoot10kShootDataset/Lofted Offside/vid488_20.avi,Lofted Offside,Lofted Offside
data/raw/CricShoot10kShootDataset/Lofted Legside/vid432_31.avi,Lofted Legside,Lofted Legside
data/raw/CricShoot10kShootDataset/Reverse Sweep/vid67_32.avi,Reverse Sweep,Reverse Sweep
data/raw/CricShoot10kShootDataset/Upper Cut/vid368_33.avi,Upper Cut,Upper Cut
data/raw/CricShoot10kShootDataset/Hook/vid55_27.avi,Hook,Hook
data/raw/CricShoot10kShootDataset/Late Cut/vid53_51.avi,Late Cut,Late Cut
data/raw/CricShoot10kShootDataset/Square Cut/vid269_2.avi,Square Cut,Square Cut
data/raw/CricShoot10kShootDataset/Straight Drive/vid442_37.avi,Straight Drive,Straight Drive
data/raw/CricShoot10kShootDataset/Lofted Legside/vid73_16.avi,Lofted Legside,Lofted Legside
data/raw/CricShoot10kShootDataset/Reverse Sweep/vid270_19.avi,Reverse Sweep,Reverse Sweep
data/raw/CricShoot10kShootDataset/Straight Drive/vid236_14.avi,Straight Drive,Straight Drive
data/raw/CricShoot10kShootDataset/Late Cut/vid127_21.avi,Late Cut,Late Cut
data/raw/CricShoot10kShootDataset/Square Cut/vid436_9.avi,Square Cut,Square Cut
data/raw/CricShoot10kShootDataset/Sweep/vid156_24.avi,Sweep,Sweep
data/raw/CricShoot10kShootDataset/Down The Wicket/vid232_10.avi,Down The Wicket,Down The Wicket
data/raw/CricShoot10kShootDataset/Lofted Offside/vid535_63.avi,Lofted Offside,Lofted Offside
data/raw/CricShoot10kShootDataset/Flick/vid453_30.avi,Flick,Flick
data/raw/CricShoot10kShootDataset/Hook/vid389_21.avi,Hook,Hook
data/raw/CricShoot10kShootDataset/Flick/vid40_55.avi,Flick,Flick
data/raw/CricShoot10kShootDataset/Square Cut/vid239_34.avi,Square Cut,Square Cut
data/raw/CricShoot10kShootDataset/Cover Drive/vid295_17.avi,Cover Drive,Cover Drive
data/raw/CricShoot10kShootDataset/Down The Wicket/vid16_22.avi,Down The Wicket,Down The Wicket
data/raw/CricShoot10kShootDataset/Flick/vid358_24.avi,Flick,Flick
data/raw/CricShoot10kShootDataset/Square Cut/vid497_23.avi,Square Cut,Square Cut
data/raw/CricShoot10kShootDataset/Down The Wicket/vid488_32.avi,Down The Wicket,Down The Wicket
data/raw/CricShoot10kShootDataset/Flick/vid521_22.avi,Flick,Flick
data/raw/CricShoot10kShootDataset/Defensive/vid238_3.avi,Defensive,Defensive
data/raw/CricShoot10kShootDataset/Down The Wicket/vid293_17.avi,Down The Wicket,Down The Wicket
data/raw/CricShoot10kShootDataset/Lofted Offside/vid367_7.avi,Lofted Offside,Lofted Offside
data/raw/CricShoot10kShootDataset/Flick/vid242_20.avi,Flick,Flick
data/raw/CricShoot10kShootDataset/Scoop/vid60_59.avi,Scoop,Scoop
data/raw/CricShoot10kShootDataset/Late Cut/vid144_22.avi,Late Cut,Late Cut
data/raw/CricShoot10kShootDataset/Lofted Legside/vid511_22.avi,Lofted Legside,Lofted Legside
data/raw/CricShoot10kShootDataset/Down The Wicket/vid1_18.avi,Down The Wicket,Down The Wicket
data/raw/CricShoot10kShootDataset/Hook/vid109_4.avi,Hook,Hook
data/raw/CricShoot10kShootDataset/Pull/vid469_33.avi,Pull,Pull
data/raw/CricShoot10kShootDataset/Upper Cut/vid383_11.avi,Upper Cut,Upper Cut
data/raw/CricShoot10kShootDataset/Cover Drive/vid374_40.avi,Cover Drive,Cover Drive
data/raw/CricShoot10kShootDataset/Late Cut/vid180_10.avi,Late Cut,Late Cut
data/raw/CricShoot10kShootDataset/Hook/vid123_4.avi,Hook,Hook
data/raw/CricShoot10kShootDataset/Sweep/vid451_14.avi,Sweep,Sweep
data/raw/CricShoot10kShootDataset/Hook/vid511_49.avi,Hook,Hook
data/raw/CricShoot10kShootDataset/Flick/vid508_24.avi,Flick,Flick
data/raw/CricShoot10kShootDataset/Lofted Legside/vid376_18.avi,Lofted Legside,Lofted Legside
data/raw/CricShoot10kShootDataset/Square Cut/vid82_32.avi,Square Cut,Square Cut
data/raw/CricShoot10kShootDataset/Lofted Offside/vid390_9.avi,Lofted Offside,Lofted Offside
data/raw/CricShoot10kShootDataset/Down The Wicket/vid514_29.avi,Down The Wicket,Down The Wicket
data/raw/CricShoot10kShootDataset/Reverse Sweep/vid532_48.avi,Reverse Sweep,Reverse Sweep
data/raw/CricShoot10kShootDataset/Hook/vid495_10.avi,Hook,Hook
data/raw/CricShoot10kShootDataset/Pull/vid369_63.avi,Pull,Pull
data/raw/CricShoot10kShootDataset/Square Cut/vid105_19.avi,Square Cut,Square Cut
data/raw/CricShoot10kShootDataset/Cover Drive/vid502_38.avi,Cover Drive,Cover Drive
data/raw/CricShoot10kShootDataset/Square Cut/vid482_8.avi,Square Cut,Square Cut
data/raw/CricShoot10kShootDataset/Down The Wicket/vid442_10.avi,Down The Wicket,Down The Wicket
data/raw/CricShoot10kShootDataset/Lofted Offside/vid206_31.avi,Lofted Offside,Lofted Offside
data/raw/CricShoot10kShootDataset/Cover Drive/vid433_23.avi,Cover Drive,Cover Drive
data/raw/CricShoot10kShootDataset/Square Cut/vid451_31.avi,Square Cut,Square Cut
data/raw/CricShoot10kShootDataset/Square Cut/vid421_13.avi,Square Cut,Square Cut
data/raw/CricShoot10kShootDataset/Hook/vid392_54.avi,Hook,Hook
data/raw/CricShoot10kShootDataset/Cover Drive/vid116_37.avi,Cover Drive,Cover Drive
data/raw/CricShoot10kShootDataset/Flick/vid447_33.avi,Flick,Flick
data/raw/CricShoot10kShootDataset/Flick/vid14_19.avi,Flick,Flick
data/raw/CricShoot10kShootDataset/Defensive/vid238_58.avi,Defensive,Defensive
data/raw/CricShoot10kShootDataset/Scoop/vid427_14.avi,Scoop,Scoop
data/raw/CricShoot10kShootDataset/Late Cut/vid442_4.avi,Late Cut,Late Cut
data/raw/CricShoot10kShootDataset/Down The Wicket/vid470_17.avi,Down The Wicket,Down The Wicket
data/raw/CricShoot10kShootDataset/Sweep/vid134_30.avi,Sweep,Sweep
data/raw/CricShoot10kShootDataset/Hook/vid424_8.avi,Hook,Hook
data/raw/CricShoot10kShootDataset/Lofted Offside/vid257_16.avi,Lofted Offside,Lofted Offside
data/raw/CricShoot10kShootDataset/Hook/vid210_24.avi,Hook,Hook
data/raw/CricShoot10kShootDataset/Cover Drive/vid519_22.avi,Cover Drive,Cover Drive
data/raw/CricShoot10kShootDataset/Lofted Offside/vid498_44.avi,Lofted Offside,Lofted Offside
data/raw/CricShoot10kShootDataset/Lofted Offside/vid449_4.avi,Lofted Offside,Lofted Offside
data/raw/CricShoot10kShootDataset/Down The Wicket/vid65_14.avi,Down The Wicket,Down The Wicket
data/raw/CricShoot10kShootDataset/Lofted Offside/vid138_23.avi,Lofted Offside,Lofted Offside
data/raw/CricShoot10kShootDataset/Cover Drive/vid345_3.avi,Cover Drive,Cover Drive
data/raw/CricShoot10kShootDataset/Lofted Offside/vid78_33.avi,Lofted Offside,Lofted Offside
data/raw/CricShoot10kShootDataset/Lofted Legside/vid527_74.avi,Lofted Legside,Lofted Legside
data/raw/CricShoot10kShootDataset/Square Cut/vid462_14.avi,Square Cut,Square Cut
data/raw/CricShoot10kShootDataset/Hook/vid534_45.avi,Hook,Hook
data/raw/CricShoot10kShootDataset/Down The Wicket/vid469_21.avi,Down The Wicket,Down The Wicket
data/raw/CricShoot10kShootDataset/Sweep/vid297_24.avi,Sweep,Sweep
data/raw/CricShoot10kShootDataset/Pull/vid484_21.avi,Pull,Pull
data/raw/CricShoot10kShootDataset/Defensive/vid172_7.avi,Defensive,Defensive
data/raw/CricShoot10kShootDataset/Pull/vid125_6.avi,Pull,Pull
data/raw/CricShoot10kShootDataset/Square Cut/vid482_49.avi,Square Cut,Square Cut
data/raw/CricShoot10kShootDataset/Upper Cut/vid485_48.avi,Upper Cut,Upper Cut
data/raw/CricShoot10kShootDataset/Sweep/vid470_34.avi,Sweep,Sweep
data/raw/CricShoot10kShootDataset/Square Cut/vid250_14.avi,Square Cut,Square Cut
data/raw/CricShoot10kShootDataset/Lofted Legside/vid502_32.avi,Lofted Legside,Lofted Legside
data/raw/CricShoot10kShootDataset/Pull/vid357_52.avi,Pull,Pull
data/raw/CricShoot10kShootDataset/Lofted Legside/vid299_16.avi,Lofted Legside,Lofted Legside
data/raw/CricShoot10kShootDataset/Sweep/vid171_21.avi,Sweep,Sweep
data/raw/CricShoot10kShootDataset/Hook/vid506_2.avi,Hook,Hook
data/raw/CricShoot10kShootDataset/Sweep/vid429_58.avi,Sweep,Sweep
data/raw/CricShoot10kShootDataset/Scoop/vid504_32.avi,Scoop,Scoop
data/raw/CricShoot10kShootDataset/Lofted Offside/vid443_26.avi,Lofted Offside,Lofted Offside
data/raw/CricShoot10kShootDataset/Lofted Offside/vid39_18.avi,Lofted Offside,Lofted Offside
data/raw/CricShoot10kShootDataset/Sweep/vid71_27.avi,Sweep,Sweep
data/raw/CricShoot10kShootDataset/Defensive/vid236_35.avi,Defensive,Defensive
data/raw/CricShoot10kShootDataset/Pull/vid344_25.avi,Pull,Pull
data/raw/CricShoot10kShootDataset/Lofted Legside/vid420_4.avi,Lofted Legside,Lofted Legside
data/raw/CricShoot10kShootDataset/Square Cut/vid259_16.avi,Square Cut,Square Cut
data/raw/CricShoot10kShootDataset/Lofted Offside/vid449_53.avi,Lofted Offside,Lofted Offside
data/raw/CricShoot10kShootDataset/Lofted Legside/vid104_15.avi,Lofted Legside,Lofted Legside
data/raw/CricShoot10kShootDataset/Lofted Offside/vid158_15.avi,Lofted Offside,Lofted Offside
data/raw/CricShoot10kShootDataset/Lofted Offside/vid436_45.avi,Lofted Offside,Lofted Offside
data/raw/CricShoot10kShootDataset/Flick/vid99_1.avi,Flick,Flick
data/raw/CricShoot10kShootDataset/Scoop/vid485_4.avi,Scoop,Scoop
data/raw/CricShoot10kShootDataset/Hook/vid174_20.avi,Hook,Hook
data/raw/CricShoot10kShootDataset/Defensive/vid100_0.avi,Defensive,Defensive
data/raw/CricShoot10kShootDataset/Defensive/vid100_14.avi,Defensive,Defensive
data/raw/CricShoot10kShootDataset/Sweep/vid327_2.avi,Sweep,Sweep
data/raw/CricShoot10kShootDataset/Square Cut/vid447_26.avi,Square Cut,Square Cut
data/raw/CricShoot10kShootDataset/Square Cut/vid446_39.avi,Square Cut,Square Cut
data/raw/CricShoot10kShootDataset/Square Cut/vid459_14.avi,Square Cut,Square Cut
data/raw/CricShoot10kShootDataset/Defensive/vid300_25.avi,Defensive,Defensive
data/raw/CricShoot10kShootDataset/Sweep/vid97_20.avi,Sweep,Sweep
data/raw/CricShoot10kShootDataset/Sweep/vid435_6.avi,Sweep,Sweep
data/raw/CricShoot10kShootDataset/Defensive/vid228_20.avi,Defensive,Defensive
data/raw/CricShoot10kShootDataset/Square Cut/vid128_20.avi,Square Cut,Square Cut
data/raw/CricShoot10kShootDataset/Flick/vid53_7.avi,Flick,Flick
data/raw/CricShoot10kShootDataset/Cover Drive/vid445_28.avi,Cover Drive,Cover Drive
data/raw/CricShoot10kShootDataset/Scoop/vid113_12.avi,Scoop,Scoop
data/raw/CricShoot10kShootDataset/Lofted Offside/vid511_11.avi,Lofted Offside,Lofted Offside
data/raw/CricShoot10kShootDataset/Cover Drive/vid448_4.avi,Cover Drive,Cover Drive
data/raw/CricShoot10kShootDataset/Reverse Sweep/vid401_3.avi,Reverse Sweep,Reverse Sweep
data/raw/CricShoot10kShootDataset/Flick/vid85_5.avi,Flick,Flick
data/raw/CricShoot10kShootDataset/Square Cut/vid214_33.avi,Square Cut,Square Cut
data/raw/CricShoot10kShootDataset/Flick/vid120_19.avi,Flick,Flick
data/raw/CricShoot10kShootDataset/Sweep/vid252_29.avi,Sweep,Sweep
data/raw/CricShoot10kShootDataset/Lofted Legside/vid93_64.avi,Lofted Legside,Lofted Legside
data/raw/CricShoot10kShootDataset/Down The Wicket/vid124_15.avi,Down The Wicket,Down The Wicket
data/raw/CricShoot10kShootDataset/Sweep/vid279_13.avi,Sweep,Sweep
data/raw/CricShoot10kShootDataset/Sweep/vid462_10.avi,Sweep,Sweep
data/raw/CricShoot10kShootDataset/Square Cut/vid222_6.avi,Square Cut,Square Cut
data/raw/CricShoot10kShootDataset/Cover Drive/vid432_1.avi,Cover Drive,Cover Drive
data/raw/CricShoot10kShootDataset/Lofted Offside/vid344_60.avi,Lofted Offside,Lofted Offside
data/raw/CricShoot10kShootDataset/Pull/vid465_14.avi,Pull,Pull
data/raw/CricShoot10kShootDataset/Down The Wicket/vid430_19.avi,Down The Wicket,Down The Wicket
data/raw/CricShoot10kShootDataset/Upper Cut/vid104_18.avi,Upper Cut,Upper Cut
data/raw/CricShoot10kShootDataset/Lofted Offside/vid154_32.avi,Lofted Offside,Lofted Offside
data/raw/CricShoot10kShootDataset/Straight Drive/vid171_25.avi,Straight Drive,Straight Drive
data/raw/CricShoot10kShootDataset/Hook/vid521_75.avi,Hook,Hook
data/raw/CricShoot10kShootDataset/Lofted Legside/vid488_8.avi,Lofted Legside,Lofted Legside
data/raw/CricShoot10kShootDataset/Flick/vid42_21.avi,Flick,Flick
data/raw/CricShoot10kShootDataset/Defensive/vid299_26.avi,Defensive,Defensive
data/raw/CricShoot10kShootDataset/Sweep/vid400_25.avi,Sweep,Sweep
data/raw/CricShoot10kShootDataset/Lofted Legside/vid54_11.avi,Lofted Legside,Lofted Legside
data/raw/CricShoot10kShootDataset/Sweep/vid499_25.avi,Sweep,Sweep
data/raw/CricShoot10kShootDataset/Sweep/vid378_43.avi,Sweep,Sweep
data/raw/CricShoot10kShootDataset/Sweep/vid485_39.avi,Sweep,Sweep
data/raw/CricShoot10kShootDataset/Flick/vid165_18.avi,Flick,Flick
data/raw/CricShoot10kShootDataset/Cover Drive/vid439_1.avi,Cover Drive,Cover Drive
data/raw/CricShoot10kShootDataset/Pull/vid433_55.avi,Pull,Pull
data/raw/CricShoot10kShootDataset/Pull/vid384_61.avi,Pull,Pull
data/raw/CricShoot10kShootDataset/Lofted Offside/vid96_26.avi,Lofted Offside,Lofted Offside
data/raw/CricShoot10kShootDataset/Cover Drive/vid228_36.avi,Cover Drive,Cover Drive
data/raw/CricShoot10kShootDataset/Straight Drive/vid58_8.avi,Straight Drive,Straight Drive
data/raw/CricShoot10kShootDataset/Lofted Legside/vid357_28.avi,Lofted Legside,Lofted Legside
data/raw/CricShoot10kShootDataset/Square Cut/vid372_12.avi,Square Cut,Square Cut
data/raw/CricShoot10kShootDataset/Cover Drive/vid461_35.avi,Cover Drive,Cover Drive
data/raw/CricShoot10kShootDataset/Sweep/vid416_6.avi,Sweep,Sweep
data/raw/CricShoot10kShootDataset/Lofted Legside/vid49_29.avi,Lofted Legside,Lofted Legside
data/raw/CricShoot10kShootDataset/Lofted Offside/vid498_4.avi,Lofted Offside,Lofted Offside
data/raw/CricShoot10kShootDataset/Lofted Legside/vid65_26.avi,Lofted Legside,Lofted Legside
data/raw/CricShoot10kShootDataset/Lofted Legside/vid437_72.avi,Lofted Legside,Lofted Legside
data/raw/CricShoot10kShootDataset/Down The Wicket/vid193_2.avi,Down The Wicket,Down The Wicket
data/raw/CricShoot10kShootDataset/Pull/vid42_17.avi,Pull,Pull
data/raw/CricShoot10kShootDataset/Defensive/vid391_15.avi,Defensive,Defensive
data/raw/CricShoot10kShootDataset/Lofted Offside/vid378_27.avi,Lofted Offside,Lofted Offside
data/raw/CricShoot10kShootDataset/Cover Drive/vid167_7.avi,Cover Drive,Cover Drive
data/raw/CricShoot10kShootDataset/Hook/vid104_31.avi,Hook,Hook
data/raw/CricShoot10kShootDataset/Square Cut/vid108_26.avi,Square Cut,Square Cut
data/raw/CricShoot10kShootDataset/Sweep/vid374_6.avi,Sweep,Sweep
data/raw/CricShoot10kShootDataset/Sweep/vid400_6.avi,Sweep,Sweep
data/raw/CricShoot10kShootDataset/Straight Drive/vid31_13.avi,Straight Drive,Straight Drive
data/raw/CricShoot10kShootDataset/Defensive/vid305_2.avi,Defensive,Defensive
data/raw/CricShoot10kShootDataset/Hook/vid123_16.avi,Hook,Hook
data/raw/CricShoot10kShootDataset/Lofted Offside/vid460_23.avi,Lofted Offside,Lofted Offside
data/raw/CricShoot10kShootDataset/Lofted Offside/vid369_35.avi,Lofted Offside,Lofted Offside
data/raw/CricShoot10kShootDataset/Pull/vid395_1.avi,Pull,Pull
data/raw/CricShoot10kShootDataset/Square Cut/vid74_26.avi,Square Cut,Square Cut
data/raw/CricShoot10kShootDataset/Lofted Legside/vid93_32.avi,Lofted Legside,Lofted Legside
data/raw/CricShoot10kShootDataset/Straight Drive/vid123_9.avi,Straight Drive,Straight Drive
data/raw/CricShoot10kShootDataset/Cover Drive/vid482_36.avi,Cover Drive,Cover Drive
data/raw/CricShoot10kShootDataset/Cover Drive/vid455_31.avi,Cover Drive,Cover Drive
data/raw/CricShoot10kShootDataset/Straight Drive/vid34_1.avi,Straight Drive,Straight Drive
data/raw/CricShoot10kShootDataset/Sweep/vid482_51.avi,Sweep,Sweep
data/raw/CricShoot10kShootDataset/Lofted Offside/vid505_21.avi,Lofted Offside,Lofted Offside
data/raw/CricShoot10kShootDataset/Late Cut/vid248_20.avi,Late Cut,Late Cut
data/raw/CricShoot10kShootDataset/Sweep/vid384_66.avi,Sweep,Sweep
data/raw/CricShoot10kShootDataset/Pull/vid506_14.avi,Pull,Pull
data/raw/CricShoot10kShootDataset/Lofted Legside/vid513_40.avi,Lofted Legside,Lofted Legside
data/raw/CricShoot10kShootDataset/Down The Wicket/vid530_2.avi,Down The Wicket,Down The Wicket
data/raw/CricShoot10kShootDataset/Scoop/vid401_25.avi,Scoop,Scoop
data/raw/CricShoot10kShootDataset/Pull/vid449_38.avi,Pull,Pull
data/raw/CricShoot10kShootDataset/Lofted Offside/vid340_13.avi,Lofted Offside,Lofted Offside
data/raw/CricShoot10kShootDataset/Square Cut/vid259_8.avi,Square Cut,Square Cut
data/raw/CricShoot10kShootDataset/Sweep/vid515_81.avi,Sweep,Sweep
data/raw/CricShoot10kShootDataset/Square Cut/vid277_11.avi,Square Cut,Square Cut
data/raw/CricShoot10kShootDataset/Hook/vid242_14.avi,Hook,Hook
data/raw/CricShoot10kShootDataset/Hook/vid380_35.avi,Hook,Hook
data/raw/CricShoot10kShootDataset/Square Cut/vid296_34.avi,Square Cut,Square Cut
data/raw/CricShoot10kShootDataset/Cover Drive/vid522_5.avi,Cover Drive,Cover Drive
data/raw/CricShoot10kShootDataset/Cover Drive/vid235_14.avi,Cover Drive,Cover Drive
data/raw/CricShoot10kShootDataset/Straight Drive/vid401_2.avi,Straight Drive,Straight Drive
data/raw/CricShoot10kShootDataset/Sweep/vid442_48.avi,Sweep,Sweep
data/raw/CricShoot10kShootDataset/Sweep/vid533_38.avi,Sweep,Sweep
data/raw/CricShoot10kShootDataset/Upper Cut/vid437_9.avi,Upper Cut,Upper Cut
data/raw/CricShoot10kShootDataset/Flick/vid397_15.avi,Flick,Flick
data/raw/CricShoot10kShootDataset/Lofted Legside/vid355_31.avi,Lofted Legside,Lofted Legside
data/raw/CricShoot10kShootDataset/Defensive/vid492_12.avi,Defensive,Defensive
data/raw/CricShoot10kShootDataset/Square Cut/vid334_8.avi,Square Cut,Square Cut
data/raw/CricShoot10kShootDataset/Hook/vid136_19.avi,Hook,Hook
data/raw/CricShoot10kShootDataset/Pull/vid358_42.avi,Pull,Pull
data/raw/CricShoot10kShootDataset/Lofted Offside/vid184_1.avi,Lofted Offside,Lofted Offside
data/raw/CricShoot10kShootDataset/Square Cut/vid6_21.avi,Square Cut,Square Cut
data/raw/CricShoot10kShootDataset/Flick/vid240_41.avi,Flick,Flick
data/raw/CricShoot10kShootDataset/Down The Wicket/vid89_79.avi,Down The Wicket,Down The Wicket
data/raw/CricShoot10kShootDataset/Lofted Legside/vid335_15.avi,Lofted Legside,Lofted Legside
data/raw/CricShoot10kShootDataset/Sweep/vid234_35.avi,Sweep,Sweep
data/raw/CricShoot10kShootDataset/Flick/vid435_0.avi,Flick,Flick
data/raw/CricShoot10kShootDataset/Defensive/vid296_12.avi,Defensive,Defensive
data/raw/CricShoot10kShootDataset/Down The Wicket/vid71_8.avi,Down The Wicket,Down The Wicket
data/raw/CricShoot10kShootDataset/Sweep/vid98_41.avi,Sweep,Sweep
data/raw/CricShoot10kShootDataset/Pull/vid374_14.avi,Pull,Pull
data/raw/CricShoot10kShootDataset/Lofted Offside/vid511_59.avi,Lofted Offside,Lofted Offside
data/raw/CricShoot10kShootDataset/Square Cut/vid81_10.avi,Square Cut,Square Cut
data/raw/CricShoot10kShootDataset/Pull/vid429_26.avi,Pull,Pull
data/raw/CricShoot10kShootDataset/Lofted Legside/vid440_36.avi,Lofted Legside,Lofted Legside
data/raw/CricShoot10kShootDataset/Defensive/vid316_10.avi,Defensive,Defensive
data/raw/CricShoot10kShootDataset/Down The Wicket/vid486_45.avi,Down The Wicket,Down The Wicket
data/raw/CricShoot10kShootDataset/Down The Wicket/vid476_20.avi,Down The Wicket,Down The Wicket
data/raw/CricShoot10kShootDataset/Flick/vid504_6.avi,Flick,Flick
data/raw/CricShoot10kShootDataset/Flick/vid135_26.avi,Flick,Flick
data/raw/CricShoot10kShootDataset/Sweep/vid61_13.avi,Sweep,Sweep
data/raw/CricShoot10kShootDataset/Cover Drive/vid457_30.avi,Cover Drive,Cover Drive
data/raw/CricShoot10kShootDataset/Defensive/vid449_13.avi,Defensive,Defensive
data/raw/CricShoot10kShootDataset/Lofted Legside/vid54_63.avi,Lofted Legside,Lofted Legside
data/raw/CricShoot10kShootDataset/Sweep/vid208_26.avi,Sweep,Sweep
data/raw/CricShoot10kShootDataset/Down The Wicket/vid368_29.avi,Down The Wicket,Down The Wicket
data/raw/CricShoot10kShootDataset/Lofted Offside/vid519_54.avi,Lofted Offside,Lofted Offside
data/raw/CricShoot10kShootDataset/Straight Drive/vid160_5.avi,Straight Drive,Straight Drive
data/raw/CricShoot10kShootDataset/Flick/vid485_47.avi,Flick,Flick
data/raw/CricShoot10kShootDataset/Cover Drive/vid514_18.avi,Cover Drive,Cover Drive
data/raw/CricShoot10kShootDataset/Flick/vid367_29.avi,Flick,Flick
data/raw/CricShoot10kShootDataset/Defensive/vid237_14.avi,Defensive,Defensive
data/raw/CricShoot10kShootDataset/Square Cut/vid380_17.avi,Square Cut,Square Cut
data/raw/CricShoot10kShootDataset/Flick/vid367_45.avi,Flick,Flick
data/raw/CricShoot10kShootDataset/Late Cut/vid368_43.avi,Late Cut,Late Cut
data/raw/CricShoot10kShootDataset/Square Cut/vid323_16.avi,Square Cut,Square Cut
data/raw/CricShoot10kShootDataset/Pull/vid121_31.avi,Pull,Pull
data/raw/CricShoot10kShootDataset/Straight Drive/vid448_8.avi,Straight Drive,Straight Drive
data/raw/CricShoot10kShootDataset/Flick/vid323_5.avi,Flick,Flick
data/raw/CricShoot10kShootDataset/Square Cut/vid154_30.avi,Square Cut,Square Cut
data/raw/CricShoot10kShootDataset/Sweep/vid134_8.avi,Sweep,Sweep
data/raw/CricShoot10kShootDataset/Hook/vid464_44.avi,Hook,Hook
data/raw/CricShoot10kShootDataset/Lofted Legside/vid337_24.avi,Lofted Legside,Lofted Legside
data/raw/CricShoot10kShootDataset/Lofted Legside/vid81_6.avi,Lofted Legside,Lofted Legside
data/raw/CricShoot10kShootDataset/Defensive/vid371_2.avi,Defensive,Defensive
data/raw/CricShoot10kShootDataset/Defensive/vid116_20.avi,Defensive,Defensive
data/raw/CricShoot10kShootDataset/Lofted Offside/vid1_37.avi,Lofted Offside,Lofted Offside
data/raw/CricShoot10kShootDataset/Lofted Offside/vid500_17.avi,Lofted Offside,Lofted Offside
data/raw/CricShoot10kShootDataset/Lofted Offside/vid138_26.avi,Lofted Offside,Lofted Offside
data/raw/CricShoot10kShootDataset/Square Cut/vid430_30.avi,Square Cut,Square Cut
data/raw/CricShoot10kShootDataset/Square Cut/vid507_12.avi,Square Cut,Square Cut
data/raw/CricShoot10kShootDataset/Pull/vid81_22.avi,Pull,Pull
data/raw/CricShoot10kShootDataset/Lofted Legside/vid257_12.avi,Lofted Legside,Lofted Legside
data/raw/CricShoot10kShootDataset/Hook/vid497_24.avi,Hook,Hook
data/raw/CricShoot10kShootDataset/Down The Wicket/vid210_12.avi,Down The Wicket,Down The Wicket
data/raw/CricShoot10kShootDataset/Flick/vid368_39.avi,Flick,Flick
data/raw/CricShoot10kShootDataset/Hook/vid498_14.avi,Hook,Hook
data/raw/CricShoot10kShootDataset/Scoop/vid5_16.avi,Scoop,Scoop
data/raw/CricShoot10kShootDataset/Cover Drive/vid296_7.avi,Cover Drive,Cover Drive
data/raw/CricShoot10kShootDataset/Down The Wicket/vid321_10.avi,Down The Wicket,Down The Wicket
data/raw/CricShoot10kShootDataset/Square Cut/vid54_8.avi,Square Cut,Square Cut
data/raw/CricShoot10kShootDataset/Lofted Offside/vid521_87.avi,Lofted Offside,Lofted Offside
data/raw/CricShoot10kShootDataset/Square Cut/vid104_21.avi,Square Cut,Square Cut
data/raw/CricShoot10kShootDataset/Square Cut/vid149_17.avi,Square Cut,Square Cut
data/raw/CricShoot10kShootDataset/Square Cut/vid37_2.avi,Square Cut,Square Cut
data/raw/CricShoot10kShootDataset/Lofted Legside/vid265_15.avi,Lofted Legside,Lofted Legside
data/raw/CricShoot10kShootDataset/Square Cut/vid385_18.avi,Square Cut,Square Cut
data/raw/CricShoot10kShootDataset/Square Cut/vid23_3.avi,Square Cut,Square Cut
data/raw/CricShoot10kShootDataset/Upper Cut/vid23_22.avi,Upper Cut,Upper Cut
data/raw/CricShoot10kShootDataset/Lofted Offside/vid376_34.avi,Lofted Offside,Lofted Offside
data/raw/CricShoot10kShootDataset/Lofted Legside/vid378_11.avi,Lofted Legside,Lofted Legside
data/raw/CricShoot10kShootDataset/Sweep/vid18_31.avi,Sweep,Sweep
data/raw/CricShoot10kShootDataset/Lofted Offside/vid444_5.avi,Lofted Offside,Lofted Offside
data/raw/CricShoot10kShootDataset/Straight Drive/vid315_11.avi,Straight Drive,Straight Drive
data/raw/CricShoot10kShootDataset/Lofted Legside/vid415_5.avi,Lofted Legside,Lofted Legside
data/raw/CricShoot10kShootDataset/Flick/vid266_0.avi,Flick,Flick
data/raw/CricShoot10kShootDataset/Defensive/vid171_0.avi,Defensive,Defensive
data/raw/CricShoot10kShootDataset/Late Cut/vid3_9.avi,Late Cut,Late Cut
data/raw/CricShoot10kShootDataset/Lofted Offside/vid483_32.avi,Lofted Offside,Lofted Offside
data/raw/CricShoot10kShootDataset/Defensive/vid145_1.avi,Defensive,Defensive
data/raw/CricShoot10kShootDataset/Square Cut/vid340_19.avi,Square Cut,Square Cut
data/raw/CricShoot10kShootDataset/Reverse Sweep/vid430_28.avi,Reverse Sweep,Reverse Sweep
data/raw/CricShoot10kShootDataset/Cover Drive/vid305_14.avi,Cover Drive,Cover Drive
data/raw/CricShoot10kShootDataset/Pull/vid24_28.avi,Pull,Pull
data/raw/CricShoot10kShootDataset/Reverse Sweep/vid203_54.avi,Reverse Sweep,Reverse Sweep
data/raw/CricShoot10kShootDataset/Cover Drive/vid459_39.avi,Cover Drive,Cover Drive
data/raw/CricShoot10kShootDataset/Down The Wicket/vid51_58.avi,Down The Wicket,Down The Wicket
data/raw/CricShoot10kShootDataset/Cover Drive/vid320_33.avi,Cover Drive,Cover Drive
data/raw/CricShoot10kShootDataset/Straight Drive/vid306_22.avi,Straight Drive,Straight Drive
data/raw/CricShoot10kShootDataset/Sweep/vid369_22.avi,Sweep,Sweep
data/raw/CricShoot10kShootDataset/Flick/vid185_1.avi,Flick,Flick
data/raw/CricShoot10kShootDataset/Flick/vid220_7.avi,Flick,Flick
data/raw/CricShoot10kShootDataset/Hook/vid46_53.avi,Hook,Hook
data/raw/CricShoot10kShootDataset/Pull/vid487_46.avi,Pull,Pull
data/raw/CricShoot10kShootDataset/Cover Drive/vid406_30.avi,Cover Drive,Cover Drive
data/raw/CricShoot10kShootDataset/Sweep/vid487_42.avi,Sweep,Sweep
data/raw/CricShoot10kShootDataset/Flick/vid115_19.avi,Flick,Flick
data/raw/CricShoot10kShootDataset/Pull/vid406_38.avi,Pull,Pull
data/raw/CricShoot10kShootDataset/Lofted Offside/vid206_23.avi,Lofted Offside,Lofted Offside
data/raw/CricShoot10kShootDataset/Upper Cut/vid406_37.avi,Upper Cut,Upper Cut
data/raw/CricShoot10kShootDataset/Late Cut/vid502_16.avi,Late Cut,Late Cut
data/raw/CricShoot10kShootDataset/Down The Wicket/vid75_19.avi,Down The Wicket,Down The Wicket
data/raw/CricShoot10kShootDataset/Square Cut/vid125_28.avi,Square Cut,Square Cut
data/raw/CricShoot10kShootDataset/Sweep/vid158_16.avi,Sweep,Sweep
data/raw/CricShoot10kShootDataset/Sweep/vid42_57.avi,Sweep,Sweep
data/raw/CricShoot10kShootDataset/Flick/vid240_46.avi,Flick,Flick
data/raw/CricShoot10kShootDataset/Upper Cut/vid344_6.avi,Upper Cut,Upper Cut
data/raw/CricShoot10kShootDataset/Lofted Offside/vid436_28.avi,Lofted Offside,Lofted Offside
data/raw/CricShoot10kShootDataset/Sweep/vid433_25.avi,Sweep,Sweep
data/raw/CricShoot10kShootDataset/Square Cut/vid46_12.avi,Square Cut,Square Cut
data/raw/CricShoot10kShootDataset/Sweep/vid44_38.avi,Sweep,Sweep
data/raw/CricShoot10kShootDataset/Cover Drive/vid436_19.avi,Cover Drive,Cover Drive
data/raw/CricShoot10kShootDataset/Upper Cut/vid385_27.avi,Upper Cut,Upper Cut
data/raw/CricShoot10kShootDataset/Sweep/vid263_4.avi,Sweep,Sweep
data/raw/CricShoot10kShootDataset/Pull/vid261_22.avi,Pull,Pull
data/raw/CricShoot10kShootDataset/Square Cut/vid421_14.avi,Square Cut,Square Cut
data/raw/CricShoot10kShootDataset/Sweep/vid417_20.avi,Sweep,Sweep
data/raw/CricShoot10kShootDataset/Hook/vid520_25.avi,Hook,Hook
data/raw/CricShoot10kShootDataset/Reverse Sweep/vid368_49.avi,Reverse Sweep,Reverse Sweep
data/raw/CricShoot10kShootDataset/Sweep/vid391_12.avi,Sweep,Sweep
data/raw/CricShoot10kShootDataset/Lofted Legside/vid355_26.avi,Lofted Legside,Lofted Legside
data/raw/CricShoot10kShootDataset/Sweep/vid40_30.avi,Sweep,Sweep
data/raw/CricShoot10kShootDataset/Flick/vid468_7.avi,Flick,Flick
data/raw/CricShoot10kShootDataset/Defensive/vid218_22.avi,Defensive,Defensive
data/raw/CricShoot10kShootDataset/Hook/vid464_36.avi,Hook,Hook
data/raw/CricShoot10kShootDataset/Late Cut/vid23_19.avi,Late Cut,Late Cut
data/raw/CricShoot10kShootDataset/Square Cut/vid140_32.avi,Square Cut,Square Cut
data/raw/CricShoot10kShootDataset/Pull/vid194_6.avi,Pull,Pull
data/raw/CricShoot10kShootDataset/Scoop/vid532_30.avi,Scoop,Scoop
data/raw/CricShoot10kShootDataset/Reverse Sweep/vid533_63.avi,Reverse Sweep,Reverse Sweep
data/raw/CricShoot10kShootDataset/Hook/vid225_18.avi,Hook,Hook
data/raw/CricShoot10kShootDataset/Square Cut/vid234_6.avi,Square Cut,Square Cut
data/raw/CricShoot10kShootDataset/Lofted Legside/vid87_31.avi,Lofted Legside,Lofted Legside
data/raw/CricShoot10kShootDataset/Lofted Offside/vid364_32.avi,Lofted Offside,Lofted Offside
data/raw/CricShoot10kShootDataset/Pull/vid51_40.avi,Pull,Pull
data/raw/CricShoot10kShootDataset/Lofted Offside/vid509_18.avi,Lofted Offside,Lofted Offside
data/raw/CricShoot10kShootDataset/Down The Wicket/vid67_23.avi,Down The Wicket,Down The Wicket
data/raw/CricShoot10kShootDataset/Hook/vid350_13.avi,Hook,Hook
data/raw/CricShoot10kShootDataset/Lofted Offside/vid361_27.avi,Lofted Offside,Lofted Offside
data/raw/CricShoot10kShootDataset/Down The Wicket/vid420_3.avi,Down The Wicket,Down The Wicket
data/raw/CricShoot10kShootDataset/Late Cut/vid215_41.avi,Late Cut,Late Cut
data/raw/CricShoot10kShootDataset/Late Cut/vid63_25.avi,Late Cut,Late Cut
data/raw/CricShoot10kShootDataset/Sweep/vid376_8.avi,Sweep,Sweep
data/raw/CricShoot10kShootDataset/Sweep/vid109_10.avi,Sweep,Sweep
data/raw/CricShoot10kShootDataset/Lofted Offside/vid487_12.avi,Lofted Offside,Lofted Offside
data/raw/CricShoot10kShootDataset/Square Cut/vid125_4.avi,Square Cut,Square Cut
data/raw/CricShoot10kShootDataset/Lofted Legside/vid348_19.avi,Lofted Legside,Lofted Legside
data/raw/CricShoot10kShootDataset/Straight Drive/vid253_2.avi,Straight Drive,Straight Drive
data/raw/CricShoot10kShootDataset/Upper Cut/vid386_12.avi,Upper Cut,Upper Cut
data/raw/CricShoot10kShootDataset/Flick/vid22_4.avi,Flick,Flick
data/raw/CricShoot10kShootDataset/Late Cut/vid85_30.avi,Late Cut,Late Cut
data/raw/CricShoot10kShootDataset/Square Cut/vid225_11.avi,Square Cut,Square Cut
data/raw/CricShoot10kShootDataset/Square Cut/vid128_21.avi,Square Cut,Square Cut
data/raw/CricShoot10kShootDataset/Hook/vid432_14.avi,Hook,Hook
data/raw/CricShoot10kShootDataset/Hook/vid520_53.avi,Hook,Hook
data/raw/CricShoot10kShootDataset/Straight Drive/vid143_30.avi,Straight Drive,Straight Drive
data/raw/CricShoot10kShootDataset/Square Cut/vid258_30.avi,Square Cut,Square Cut
data/raw/CricShoot10kShootDataset/Defensive/vid239_41.avi,Defensive,Defensive
data/raw/CricShoot10kShootDataset/Lofted Legside/vid341_26.avi,Lofted Legside,Lofted Legside
data/raw/CricShoot10kShootDataset/Straight Drive/vid249_13.avi,Straight Drive,Straight Drive
data/raw/CricShoot10kShootDataset/Square Cut/vid226_20.avi,Square Cut,Square Cut
data/raw/CricShoot10kShootDataset/Cover Drive/vid163_0.avi,Cover Drive,Cover Drive
data/raw/CricShoot10kShootDataset/Pull/vid285_13.avi,Pull,Pull
data/raw/CricShoot10kShootDataset/Sweep/vid450_20.avi,Sweep,Sweep
data/raw/CricShoot10kShootDataset/Down The Wicket/vid378_35.avi,Down The Wicket,Down The Wicket
data/raw/CricShoot10kShootDataset/Hook/vid80_10.avi,Hook,Hook
data/raw/CricShoot10kShootDataset/Down The Wicket/vid293_8.avi,Down The Wicket,Down The Wicket
data/raw/CricShoot10kShootDataset/Down The Wicket/vid42_23.avi,Down The Wicket,Down The Wicket
data/raw/CricShoot10kShootDataset/Sweep/vid222_10.avi,Sweep,Sweep
data/raw/CricShoot10kShootDataset/Sweep/vid85_8.avi,Sweep,Sweep
data/raw/CricShoot10kShootDataset/Lofted Legside/vid468_19.avi,Lofted Legside,Lofted Legside
data/raw/CricShoot10kShootDataset/Lofted Offside/vid40_91.avi,Lofted Offside,Lofted Offside
data/raw/CricShoot10kShootDataset/Flick/vid101_12.avi,Flick,Flick
data/raw/CricShoot10kShootDataset/Lofted Offside/vid371_6.avi,Lofted Offside,Lofted Offside
data/raw/CricShoot10kShootDataset/Lofted Offside/vid208_36.avi,Lofted Offside,Lofted Offside
data/raw/CricShoot10kShootDataset/Pull/vid130_19.avi,Pull,Pull
data/raw/CricShoot10kShootDataset/Down The Wicket/vid463_39.avi,Down The Wicket,Down The Wicket
data/raw/CricShoot10kShootDataset/Upper Cut/vid536_45.avi,Upper Cut,Upper Cut
data/raw/CricShoot10kShootDataset/Cover Drive/vid498_0.avi,Cover Drive,Cover Drive
data/raw/CricShoot10kShootDataset/Down The Wicket/vid251_22.avi,Down The Wicket,Down The Wicket
data/raw/CricShoot10kShootDataset/Late Cut/vid148_22.avi,Late Cut,Late Cut
data/raw/CricShoot10kShootDataset/Sweep/vid350_12.avi,Sweep,Sweep
data/raw/CricShoot10kShootDataset/Defensive/vid227_2.avi,Defensive,Defensive
data/raw/CricShoot10kShootDataset/Down The Wicket/vid89_23.avi,Down The Wicket,Down The Wicket
data/raw/CricShoot10kShootDataset/Straight Drive/vid225_26.avi,Straight Drive,Straight Drive
data/raw/CricShoot10kShootDataset/Square Cut/vid226_2.avi,Square Cut,Square Cut
data/raw/CricShoot10kShootDataset/Lofted Legside/vid114_15.avi,Lofted Legside,Lofted Legside
data/raw/CricShoot10kShootDataset/Lofted Legside/vid517_20.avi,Lofted Legside,Lofted Legside
data/raw/CricShoot10kShootDataset/Scoop/vid374_1.avi,Scoop,Scoop
data/raw/CricShoot10kShootDataset/Defensive/vid218_0.avi,Defensive,Defensive
data/raw/CricShoot10kShootDataset/Down The Wicket/vid432_5.avi,Down The Wicket,Down The Wicket
data/raw/CricShoot10kShootDataset/Square Cut/vid129_34.avi,Square Cut,Square Cut
data/raw/CricShoot10kShootDataset/Cover Drive/vid529_57.avi,Cover Drive,Cover Drive
data/raw/CricShoot10kShootDataset/Flick/vid105_16.avi,Flick,Flick
data/raw/CricShoot10kShootDataset/Pull/vid455_61.avi,Pull,Pull
data/raw/CricShoot10kShootDataset/Down The Wicket/vid534_30.avi,Down The Wicket,Down The Wicket
data/raw/CricShoot10kShootDataset/Lofted Legside/vid33_13.avi,Lofted Legside,Lofted Legside
data/raw/CricShoot10kShootDataset/Square Cut/vid242_31.avi,Square Cut,Square Cut
data/raw/CricShoot10kShootDataset/Lofted Legside/vid438_18.avi,Lofted Legside,Lofted Legside
data/raw/CricShoot10kShootDataset/Lofted Offside/vid140_13.avi,Lofted Offside,Lofted Offside
data/raw/CricShoot10kShootDataset/Lofted Offside/vid485_37.avi,Lofted Offside,Lofted Offside
data/raw/CricShoot10kShootDataset/Reverse Sweep/vid456_36.avi,Reverse Sweep,Reverse Sweep
data/raw/CricShoot10kShootDataset/Lofted Legside/vid415_11.avi,Lofted Legside,Lofted Legside
data/raw/CricShoot10kShootDataset/Down The Wicket/vid229_13.avi,Down The Wicket,Down The Wicket
data/raw/CricShoot10kShootDataset/Late Cut/vid133_25.avi,Late Cut,Late Cut
data/raw/CricShoot10kShootDataset/Flick/vid155_11.avi,Flick,Flick
data/raw/CricShoot10kShootDataset/Hook/vid366_27.avi,Hook,Hook
data/raw/CricShoot10kShootDataset/Straight Drive/vid15_16.avi,Straight Drive,Straight Drive
data/raw/CricShoot10kShootDataset/Square Cut/vid208_28.avi,Square Cut,Square Cut
data/raw/CricShoot10kShootDataset/Lofted Legside/vid359_30.avi,Lofted Legside,Lofted Legside
data/raw/CricShoot10kShootDataset/Lofted Offside/vid392_57.avi,Lofted Offside,Lofted Offside
data/raw/CricShoot10kShootDataset/Sweep/vid216_15.avi,Sweep,Sweep
data/raw/CricShoot10kShootDataset/Sweep/vid509_24.avi,Sweep,Sweep
data/raw/CricShoot10kShootDataset/Reverse Sweep/vid89_63.avi,Reverse Sweep,Reverse Sweep
data/raw/CricShoot10kShootDataset/Square Cut/vid389_40.avi,Square Cut,Square Cut
data/raw/CricShoot10kShootDataset/Down The Wicket/vid496_7.avi,Down The Wicket,Down The Wicket
data/raw/CricShoot10kShootDataset/Flick/vid298_4.avi,Flick,Flick
data/raw/CricShoot10kShootDataset/Flick/vid246_8.avi,Flick,Flick
data/raw/CricShoot10kShootDataset/Lofted Offside/vid388_15.avi,Lofted Offside,Lofted Offside
data/raw/CricShoot10kShootDataset/Down The Wicket/vid5_24.avi,Down The Wicket,Down The Wicket
data/raw/CricShoot10kShootDataset/Cover Drive/vid127_16.avi,Cover Drive,Cover Drive
data/raw/CricShoot10kShootDataset/Cover Drive/vid500_4.avi,Cover Drive,Cover Drive
data/raw/CricShoot10kShootDataset/Hook/vid255_37.avi,Hook,Hook
data/raw/CricShoot10kShootDataset/Lofted Offside/vid106_11.avi,Lofted Offside,Lofted Offside
data/raw/CricShoot10kShootDataset/Lofted Legside/vid387_27.avi,Lofted Legside,Lofted Legside
data/raw/CricShoot10kShootDataset/Down The Wicket/vid442_26.avi,Down The Wicket,Down The Wicket
data/raw/CricShoot10kShootDataset/Square Cut/vid111_7.avi,Square Cut,Square Cut
data/raw/CricShoot10kShootDataset/Pull/vid26_10.avi,Pull,Pull
data/raw/CricShoot10kShootDataset/Lofted Legside/vid488_11.avi,Lofted Legside,Lofted Legside
data/raw/CricShoot10kShootDataset/Flick/vid493_26.avi,Flick,Flick
data/raw/CricShoot10kShootDataset/Late Cut/vid148_19.avi,Late Cut,Late Cut
data/raw/CricShoot10kShootDataset/Lofted Offside/vid419_15.avi,Lofted Offside,Lofted Offside
data/raw/CricShoot10kShootDataset/Sweep/vid71_0.avi,Sweep,Sweep
data/raw/CricShoot10kShootDataset/Flick/vid170_6.avi,Flick,Flick
data/raw/CricShoot10kShootDataset/Scoop/vid461_7.avi,Scoop,Scoop
data/raw/CricShoot10kShootDataset/Flick/vid205_2.avi,Flick,Flick
data/raw/CricShoot10kShootDataset/Square Cut/vid235_20.avi,Square Cut,Square Cut
data/raw/CricShoot10kShootDataset/Square Cut/vid416_25.avi,Square Cut,Square Cut
data/raw/CricShoot10kShootDataset/Lofted Legside/vid94_44.avi,Lofted Legside,Lofted Legside
data/raw/CricShoot10kShootDataset/Cover Drive/vid447_18.avi,Cover Drive,Cover Drive
data/raw/CricShoot10kShootDataset/Square Cut/vid23_21.avi,Square Cut,Square Cut
data/raw/CricShoot10kShootDataset/Sweep/vid49_54.avi,Sweep,Sweep
data/raw/CricShoot10kShootDataset/Cover Drive/vid226_8.avi,Cover Drive,Cover Drive
data/raw/CricShoot10kShootDataset/Pull/vid217_22.avi,Pull,Pull
data/raw/CricShoot10kShootDataset/Sweep/vid441_29.avi,Sweep,Sweep
data/raw/CricShoot10kShootDataset/Square Cut/vid535_58.avi,Square Cut,Square Cut
data/raw/CricShoot10kShootDataset/Defensive/vid240_42.avi,Defensive,Defensive
data/raw/CricShoot10kShootDataset/Lofted Legside/vid389_11.avi,Lofted Legside,Lofted Legside
data/raw/CricShoot10kShootDataset/Sweep/vid346_9.avi,Sweep,Sweep
data/raw/CricShoot10kShootDataset/Pull/vid240_5.avi,Pull,Pull
data/raw/CricShoot10kShootDataset/Reverse Sweep/vid384_36.avi,Reverse Sweep,Reverse Sweep
data/raw/CricShoot10kShootDataset/Cover Drive/vid461_17.avi,Cover Drive,Cover Drive
data/raw/CricShoot10kShootDataset/Cover Drive/vid113_7.avi,Cover Drive,Cover Drive
data/raw/CricShoot10kShootDataset/Down The Wicket/vid161_34.avi,Down The Wicket,Down The Wicket
data/raw/CricShoot10kShootDataset/Hook/vid361_11.avi,Hook,Hook
data/raw/CricShoot10kShootDataset/Hook/vid509_36.avi,Hook,Hook
data/raw/CricShoot10kShootDataset/Hook/vid341_47.avi,Hook,Hook
data/raw/CricShoot10kShootDataset/Square Cut/vid441_13.avi,Square Cut,Square Cut
data/raw/CricShoot10kShootDataset/Cover Drive/vid132_15.avi,Cover Drive,Cover Drive
data/raw/CricShoot10kShootDataset/Lofted Legside/vid102_13.avi,Lofted Legside,Lofted Legside
data/raw/CricShoot10kShootDataset/Lofted Legside/vid476_21.avi,Lofted Legside,Lofted Legside
data/raw/CricShoot10kShootDataset/Lofted Legside/vid332_12.avi,Lofted Legside,Lofted Legside
data/raw/CricShoot10kShootDataset/Lofted Legside/vid474_14.avi,Lofted Legside,Lofted Legside
data/raw/CricShoot10kShootDataset/Pull/vid176_7.avi,Pull,Pull
data/raw/CricShoot10kShootDataset/Cover Drive/vid106_30.avi,Cover Drive,Cover Drive
data/raw/CricShoot10kShootDataset/Pull/vid519_21.avi,Pull,Pull
data/raw/CricShoot10kShootDataset/Down The Wicket/vid367_27.avi,Down The Wicket,Down The Wicket
data/raw/CricShoot10kShootDataset/Flick/vid366_44.avi,Flick,Flick
data/raw/CricShoot10kShootDataset/Hook/vid480_36.avi,Hook,Hook
data/raw/CricShoot10kShootDataset/Lofted Legside/vid123_33.avi,Lofted Legside,Lofted Legside
data/raw/CricShoot10kShootDataset/Lofted Offside/vid358_34.avi,Lofted Offside,Lofted Offside
data/raw/CricShoot10kShootDataset/Down The Wicket/vid187_35.avi,Down The Wicket,Down The Wicket
data/raw/CricShoot10kShootDataset/Lofted Offside/vid34_29.avi,Lofted Offside,Lofted Offside
data/raw/CricShoot10kShootDataset/Lofted Legside/vid299_15.avi,Lofted Legside,Lofted Legside
data/raw/CricShoot10kShootDataset/Down The Wicket/vid122_2.avi,Down The Wicket,Down The Wicket
data/raw/CricShoot10kShootDataset/Lofted Legside/vid141_30.avi,Lofted Legside,Lofted Legside
data/raw/CricShoot10kShootDataset/Lofted Legside/vid322_27.avi,Lofted Legside,Lofted Legside
data/raw/CricShoot10kShootDataset/Lofted Legside/vid461_49.avi,Lofted Legside,Lofted Legside
data/raw/CricShoot10kShootDataset/Reverse Sweep/vid488_47.avi,Reverse Sweep,Reverse Sweep
data/raw/CricShoot10kShootDataset/Defensive/vid251_27.avi,Defensive,Defensive
data/raw/CricShoot10kShootDataset/Pull/vid17_10.avi,Pull,Pull
data/raw/CricShoot10kShootDataset/Down The Wicket/vid51_52.avi,Down The Wicket,Down The Wicket
data/raw/CricShoot10kShootDataset/Lofted Legside/vid138_15.avi,Lofted Legside,Lofted Legside
data/raw/CricShoot10kShootDataset/Lofted Offside/vid398_26.avi,Lofted Offside,Lofted Offside
data/raw/CricShoot10kShootDataset/Defensive/vid528_36.avi,Defensive,Defensive
data/raw/CricShoot10kShootDataset/Straight Drive/vid104_22.avi,Straight Drive,Straight Drive
data/raw/CricShoot10kShootDataset/Square Cut/vid317_18.avi,Square Cut,Square Cut
data/raw/CricShoot10kShootDataset/Lofted Offside/vid457_15.avi,Lofted Offside,Lofted Offside
data/raw/CricShoot10kShootDataset/Sweep/vid422_23.avi,Sweep,Sweep
data/raw/CricShoot10kShootDataset/Square Cut/vid320_46.avi,Square Cut,Square Cut
data/raw/CricShoot10kShootDataset/Late Cut/vid480_0.avi,Late Cut,Late Cut
data/raw/CricShoot10kShootDataset/Flick/vid128_4.avi,Flick,Flick
data/raw/CricShoot10kShootDataset/Square Cut/vid391_32.avi,Square Cut,Square Cut
data/raw/CricShoot10kShootDataset/Defensive/vid316_24.avi,Defensive,Defensive
data/raw/CricShoot10kShootDataset/Down The Wicket/vid469_16.avi,Down The Wicket,Down The Wicket
data/raw/CricShoot10kShootDataset/Lofted Offside/vid17_4.avi,Lofted Offside,Lofted Offside
data/raw/CricShoot10kShootDataset/Sweep/vid25_34.avi,Sweep,Sweep
data/raw/CricShoot10kShootDataset/Defensive/vid379_15.avi,Defensive,Defensive
data/raw/CricShoot10kShootDataset/Down The Wicket/vid159_35.avi,Down The Wicket,Down The Wicket
data/raw/CricShoot10kShootDataset/Square Cut/vid122_25.avi,Square Cut,Square Cut
data/raw/CricShoot10kShootDataset/Lofted Offside/vid471_29.avi,Lofted Offside,Lofted Offside
data/raw/CricShoot10kShootDataset/Flick/vid133_21.avi,Flick,Flick
data/raw/CricShoot10kShootDataset/Flick/vid157_9.avi,Flick,Flick
data/raw/CricShoot10kShootDataset/Pull/vid429_11.avi,Pull,Pull
data/raw/CricShoot10kShootDataset/Lofted Legside/vid386_17.avi,Lofted Legside,Lofted Legside
data/raw/CricShoot10kShootDataset/Square Cut/vid215_46.avi,Square Cut,Square Cut
data/raw/CricShoot10kShootDataset/Down The Wicket/vid464_32.avi,Down The Wicket,Down The Wicket
data/raw/CricShoot10kShootDataset/Square Cut/vid31_28.avi,Square Cut,Square Cut
data/raw/CricShoot10kShootDataset/Lofted Legside/vid418_17.avi,Lofted Legside,Lofted Legside
data/raw/CricShoot10kShootDataset/Reverse Sweep/vid438_43.avi,Reverse Sweep,Reverse Sweep
data/raw/CricShoot10kShootDataset/Square Cut/vid433_4.avi,Square Cut,Square Cut
data/raw/CricShoot10kShootDataset/Pull/vid532_67.avi,Pull,Pull
data/raw/CricShoot10kShootDataset/Lofted Legside/vid418_35.avi,Lofted Legside,Lofted Legside
data/raw/CricShoot10kShootDataset/Square Cut/vid507_22.avi,Square Cut,Square Cut
data/raw/CricShoot10kShootDataset/Defensive/vid238_60.avi,Defensive,Defensive
data/raw/CricShoot10kShootDataset/Square Cut/vid425_10.avi,Square Cut,Square Cut
data/raw/CricShoot10kShootDataset/Lofted Legside/vid440_30.avi,Lofted Legside,Lofted Legside
data/raw/CricShoot10kShootDataset/Lofted Offside/vid130_2.avi,Lofted Offside,Lofted Offside
data/raw/CricShoot10kShootDataset/Hook/vid360_41.avi,Hook,Hook
data/raw/CricShoot10kShootDataset/Down The Wicket/vid459_18.avi,Down The Wicket,Down The Wicket
data/raw/CricShoot10kShootDataset/Sweep/vid441_18.avi,Sweep,Sweep
data/raw/CricShoot10kShootDataset/Straight Drive/vid19_4.avi,Straight Drive,Straight Drive
data/raw/CricShoot10kShootDataset/Pull/vid255_14.avi,Pull,Pull
data/raw/CricShoot10kShootDataset/Square Cut/vid9_48.avi,Square Cut,Square Cut
data/raw/CricShoot10kShootDataset/Down The Wicket/vid13_36.avi,Down The Wicket,Down The Wicket
data/raw/CricShoot10kShootDataset/Square Cut/vid39_6.avi,Square Cut,Square Cut
data/raw/CricShoot10kShootDataset/Sweep/vid348_5.avi,Sweep,Sweep
data/raw/CricShoot10kShootDataset/Straight Drive/vid31_37.avi,Straight Drive,Straight Drive
data/raw/CricShoot10kShootDataset/Square Cut/vid58_9.avi,Square Cut,Square Cut
data/raw/CricShoot10kShootDataset/Lofted Offside/vid439_34.avi,Lofted Offside,Lofted Offside
data/raw/CricShoot10kShootDataset/Lofted Legside/vid510_21.avi,Lofted Legside,Lofted Legside
data/raw/CricShoot10kShootDataset/Hook/vid42_42.avi,Hook,Hook
data/raw/CricShoot10kShootDataset/Lofted Offside/vid361_26.avi,Lofted Offside,Lofted Offside
data/raw/CricShoot10kShootDataset/Down The Wicket/vid383_1.avi,Down The Wicket,Down The Wicket
data/raw/CricShoot10kShootDataset/Lofted Offside/vid498_38.avi,Lofted Offside,Lofted Offside
data/raw/CricShoot10kShootDataset/Down The Wicket/vid73_30.avi,Down The Wicket,Down The Wicket
data/raw/CricShoot10kShootDataset/Square Cut/vid65_6.avi,Square Cut,Square Cut
data/raw/CricShoot10kShootDataset/Flick/vid247_11.avi,Flick,Flick
data/raw/CricShoot10kShootDataset/Down The Wicket/vid172_24.avi,Down The Wicket,Down The Wicket
data/raw/CricShoot10kShootDataset/Cover Drive/vid219_4.avi,Cover Drive,Cover Drive
data/raw/CricShoot10kShootDataset/Down The Wicket/vid468_30.avi,Down The Wicket,Down The Wicket
data/raw/CricShoot10kShootDataset/Square Cut/vid244_22.avi,Square Cut,Square Cut
data/raw/CricShoot10kShootDataset/Pull/vid342_43.avi,Pull,Pull
data/raw/CricShoot10kShootDataset/Defensive/vid467_3.avi,Defensive,Defensive
data/raw/CricShoot10kShootDataset/Late Cut/vid517_33.avi,Late Cut,Late Cut
data/raw/CricShoot10kShootDataset/Straight Drive/vid126_29.avi,Straight Drive,Straight Drive
data/raw/CricShoot10kShootDataset/Pull/vid188_0.avi,Pull,Pull
data/raw/CricShoot10kShootDataset/Sweep/vid533_5.avi,Sweep,Sweep
data/raw/CricShoot10kShootDataset/Straight Drive/vid310_10.avi,Straight Drive,Straight Drive
data/raw/CricShoot10kShootDataset/Lofted Legside/vid426_19.avi,Lofted Legside,Lofted Legside
data/raw/CricShoot10kShootDataset/Down The Wicket/vid38_31.avi,Down The Wicket,Down The Wicket
data/raw/CricShoot10kShootDataset/Lofted Offside/vid359_14.avi,Lofted Offside,Lofted Offside
data/raw/CricShoot10kShootDataset/Sweep/vid253_5.avi,Sweep,Sweep
data/raw/CricShoot10kShootDataset/Lofted Offside/vid443_18.avi,Lofted Offside,Lofted Offside
data/raw/CricShoot10kShootDataset/Straight Drive/vid26_9.avi,Straight Drive,Straight Drive
data/raw/CricShoot10kShootDataset/Down The Wicket/vid429_1.avi,Down The Wicket,Down The Wicket
data/raw/CricShoot10kShootDataset/Hook/vid133_16.avi,Hook,Hook
data/raw/CricShoot10kShootDataset/Late Cut/vid439_0.avi,Late Cut,Late Cut
data/raw/CricShoot10kShootDataset/Cover Drive/vid339_0.avi,Cover Drive,Cover Drive
data/raw/CricShoot10kShootDataset/Pull/vid416_7.avi,Pull,Pull
data/raw/CricShoot10kShootDataset/Down The Wicket/vid196_9.avi,Down The Wicket,Down The Wicket
data/raw/CricShoot10kShootDataset/Down The Wicket/vid419_2.avi,Down The Wicket,Down The Wicket
data/raw/CricShoot10kShootDataset/Down The Wicket/vid165_23.avi,Down The Wicket,Down The Wicket
data/raw/CricShoot10kShootDataset/Lofted Offside/vid337_26.avi,Lofted Offside,Lofted Offside
data/raw/CricShoot10kShootDataset/Hook/vid498_28.avi,Hook,Hook
data/raw/CricShoot10kShootDataset/Lofted Offside/vid61_14.avi,Lofted Offside,Lofted Offside
data/raw/CricShoot10kShootDataset/Down The Wicket/vid216_7.avi,Down The Wicket,Down The Wicket
data/raw/CricShoot10kShootDataset/Square Cut/vid119_0.avi,Square Cut,Square Cut
data/raw/CricShoot10kShootDataset/Cover Drive/vid343_31.avi,Cover Drive,Cover Drive
data/raw/CricShoot10kShootDataset/Down The Wicket/vid202_10.avi,Down The Wicket,Down The Wicket
data/raw/CricShoot10kShootDataset/Down The Wicket/vid454_15.avi,Down The Wicket,Down The Wicket
data/raw/CricShoot10kShootDataset/Down The Wicket/vid125_25.avi,Down The Wicket,Down The Wicket
data/raw/CricShoot10kShootDataset/Hook/vid305_8.avi,Hook,Hook
data/raw/CricShoot10kShootDataset/Square Cut/vid428_5.avi,Square Cut,Square Cut
data/raw/CricShoot10kShootDataset/Flick/vid364_10.avi,Flick,Flick
data/raw/CricShoot10kShootDataset/Scoop/vid344_19.avi,Scoop,Scoop
data/raw/CricShoot10kShootDataset/Down The Wicket/vid437_6.avi,Down The Wicket,Down The Wicket
data/raw/CricShoot10kShootDataset/Defensive/vid209_5.avi,Defensive,Defensive
data/raw/CricShoot10kShootDataset/Scoop/vid448_38.avi,Scoop,Scoop
data/raw/CricShoot10kShootDataset/Flick/vid235_12.avi,Flick,Flick
data/raw/CricShoot10kShootDataset/Down The Wicket/vid480_23.avi,Down The Wicket,Down The Wicket
data/raw/CricShoot10kShootDataset/Straight Drive/vid221_5.avi,Straight Drive,Straight Drive
data/raw/CricShoot10kShootDataset/Flick/vid101_37.avi,Flick,Flick
data/raw/CricShoot10kShootDataset/Flick/vid150_20.avi,Flick,Flick
data/raw/CricShoot10kShootDataset/Lofted Legside/vid58_25.avi,Lofted Legside,Lofted Legside
data/raw/CricShoot10kShootDataset/Hook/vid240_12.avi,Hook,Hook
data/raw/CricShoot10kShootDataset/Flick/vid84_4.avi,Flick,Flick
data/raw/CricShoot10kShootDataset/Upper Cut/vid501_39.avi,Upper Cut,Upper Cut
data/raw/CricShoot10kShootDataset/Lofted Legside/vid387_18.avi,Lofted Legside,Lofted Legside
data/raw/CricShoot10kShootDataset/Lofted Legside/vid390_15.avi,Lofted Legside,Lofted Legside
data/raw/CricShoot10kShootDataset/Down The Wicket/vid450_41.avi,Down The Wicket,Down The Wicket
data/raw/CricShoot10kShootDataset/Defensive/vid160_39.avi,Defensive,Defensive
data/raw/CricShoot10kShootDataset/Hook/vid255_9.avi,Hook,Hook
data/raw/CricShoot10kShootDataset/Down The Wicket/vid440_31.avi,Down The Wicket,Down The Wicket
data/raw/CricShoot10kShootDataset/Square Cut/vid492_27.avi,Square Cut,Square Cut
data/raw/CricShoot10kShootDataset/Reverse Sweep/vid483_49.avi,Reverse Sweep,Reverse Sweep
data/raw/CricShoot10kShootDataset/Square Cut/vid56_25.avi,Square Cut,Square Cut
data/raw/CricShoot10kShootDataset/Flick/vid389_47.avi,Flick,Flick
data/raw/CricShoot10kShootDataset/Late Cut/vid158_8.avi,Late Cut,Late Cut
data/raw/CricShoot10kShootDataset/Cover Drive/vid325_1.avi,Cover Drive,Cover Drive
data/raw/CricShoot10kShootDataset/Defensive/vid217_1.avi,Defensive,Defensive
data/raw/CricShoot10kShootDataset/Square Cut/vid494_22.avi,Square Cut,Square Cut
data/raw/CricShoot10kShootDataset/Lofted Legside/vid355_17.avi,Lofted Legside,Lofted Legside
data/raw/CricShoot10kShootDataset/Lofted Legside/vid502_20.avi,Lofted Legside,Lofted Legside
data/raw/CricShoot10kShootDataset/Straight Drive/vid496_15.avi,Straight Drive,Straight Drive
data/raw/CricShoot10kShootDataset/Pull/vid169_17.avi,Pull,Pull
data/raw/CricShoot10kShootDataset/Lofted Offside/vid425_4.avi,Lofted Offside,Lofted Offside
data/raw/CricShoot10kShootDataset/Sweep/vid502_19.avi,Sweep,Sweep
data/raw/CricShoot10kShootDataset/Flick/vid436_16.avi,Flick,Flick
data/raw/CricShoot10kShootDataset/Pull/vid128_22.avi,Pull,Pull
data/raw/CricShoot10kShootDataset/Square Cut/vid354_7.avi,Square Cut,Square Cut
data/raw/CricShoot10kShootDataset/Flick/vid473_35.avi,Flick,Flick
data/raw/CricShoot10kShootDataset/Cover Drive/vid119_11.avi,Cover Drive,Cover Drive
data/raw/CricShoot10kShootDataset/Flick/vid42_35.avi,Flick,Flick
data/raw/CricShoot10kShootDataset/Lofted Offside/vid378_38.avi,Lofted Offside,Lofted Offside
data/raw/CricShoot10kShootDataset/Sweep/vid323_35.avi,Sweep,Sweep
data/raw/CricShoot10kShootDataset/Lofted Legside/vid401_15.avi,Lofted Legside,Lofted Legside
data/raw/CricShoot10kShootDataset/Sweep/vid441_4.avi,Sweep,Sweep
data/raw/CricShoot10kShootDataset/Lofted Offside/vid327_36.avi,Lofted Offside,Lofted Offside
data/raw/CricShoot10kShootDataset/Cover Drive/vid21_0.avi,Cover Drive,Cover Drive
data/raw/CricShoot10kShootDataset/Square Cut/vid112_4.avi,Square Cut,Square Cut
data/raw/CricShoot10kShootDataset/Upper Cut/vid226_33.avi,Upper Cut,Upper Cut
data/raw/CricShoot10kShootDataset/Pull/vid430_36.avi,Pull,Pull
data/raw/CricShoot10kShootDataset/Cover Drive/vid108_21.avi,Cover Drive,Cover Drive
data/raw/CricShoot10kShootDataset/Straight Drive/vid434_4.avi,Straight Drive,Straight Drive
data/raw/CricShoot10kShootDataset/Pull/vid357_10.avi,Pull,Pull
data/raw/CricShoot10kShootDataset/Down The Wicket/vid76_19.avi,Down The Wicket,Down The Wicket
data/raw/CricShoot10kShootDataset/Hook/vid265_23.avi,Hook,Hook
data/raw/CricShoot10kShootDataset/Pull/vid446_7.avi,Pull,Pull
data/raw/CricShoot10kShootDataset/Lofted Legside/vid342_44.avi,Lofted Legside,Lofted Legside
data/raw/CricShoot10kShootDataset/Lofted Offside/vid40_69.avi,Lofted Offside,Lofted Offside
data/raw/CricShoot10kShootDataset/Hook/vid233_18.avi,Hook,Hook
data/raw/CricShoot10kShootDataset/Cover Drive/vid447_34.avi,Cover Drive,Cover Drive
data/raw/CricShoot10kShootDataset/Scoop/vid484_0.avi,Scoop,Scoop
data/raw/CricShoot10kShootDataset/Sweep/vid144_14.avi,Sweep,Sweep
data/raw/CricShoot10kShootDataset/Down The Wicket/vid102_7.avi,Down The Wicket,Down The Wicket
data/raw/CricShoot10kShootDataset/Sweep/vid529_29.avi,Sweep,Sweep
data/raw/CricShoot10kShootDataset/Pull/vid402_20.avi,Pull,Pull
data/raw/CricShoot10kShootDataset/Flick/vid504_5.avi,Flick,Flick
data/raw/CricShoot10kShootDataset/Lofted Legside/vid74_43.avi,Lofted Legside,Lofted Legside
data/raw/CricShoot10kShootDataset/Square Cut/vid380_40.avi,Square Cut,Square Cut
data/raw/CricShoot10kShootDataset/Sweep/vid34_8.avi,Sweep,Sweep
data/raw/CricShoot10kShootDataset/Straight Drive/vid135_6.avi,Straight Drive,Straight Drive
data/raw/CricShoot10kShootDataset/Lofted Legside/vid89_7.avi,Lofted Legside,Lofted Legside
data/raw/CricShoot10kShootDataset/Defensive/vid102_33.avi,Defensive,Defensive
data/raw/CricShoot10kShootDataset/Lofted Offside/vid180_13.avi,Lofted Offside,Lofted Offside
data/raw/CricShoot10kShootDataset/Pull/vid501_37.avi,Pull,Pull
data/raw/CricShoot10kShootDataset/Down The Wicket/vid437_22.avi,Down The Wicket,Down The Wicket
data/raw/CricShoot10kShootDataset/Lofted Offside/vid535_40.avi,Lofted Offside,Lofted Offside
data/raw/CricShoot10kShootDataset/Down The Wicket/vid483_37.avi,Down The Wicket,Down The Wicket
data/raw/CricShoot10kShootDataset/Reverse Sweep/vid161_39.avi,Reverse Sweep,Reverse Sweep
data/raw/CricShoot10kShootDataset/Lofted Offside/vid410_21.avi,Lofted Offside,Lofted Offside
data/raw/CricShoot10kShootDataset/Pull/vid166_25.avi,Pull,Pull
data/raw/CricShoot10kShootDataset/Flick/vid246_34.avi,Flick,Flick
data/raw/CricShoot10kShootDataset/Lofted Legside/vid266_17.avi,Lofted Legside,Lofted Legside
data/raw/CricShoot10kShootDataset/Down The Wicket/vid51_54.avi,Down The Wicket,Down The Wicket
data/raw/CricShoot10kShootDataset/Square Cut/vid13_58.avi,Square Cut,Square Cut
data/raw/CricShoot10kShootDataset/Upper Cut/vid110_37.avi,Upper Cut,Upper Cut
data/raw/CricShoot10kShootDataset/Lofted Offside/vid327_17.avi,Lofted Offside,Lofted Offside
data/raw/CricShoot10kShootDataset/Down The Wicket/vid437_57.avi,Down The Wicket,Down The Wicket
data/raw/CricShoot10kShootDataset/Pull/vid482_25.avi,Pull,Pull
data/raw/CricShoot10kShootDataset/Flick/vid212_21.avi,Flick,Flick
data/raw/CricShoot10kShootDataset/Down The Wicket/vid115_29.avi,Down The Wicket,Down The Wicket
data/raw/CricShoot10kShootDataset/Square Cut/vid110_0.avi,Square Cut,Square Cut
data/raw/CricShoot10kShootDataset/Upper Cut/vid244_5.avi,Upper Cut,Upper Cut
data/raw/CricShoot10kShootDataset/Sweep/vid135_8.avi,Sweep,Sweep
data/raw/CricShoot10kShootDataset/Sweep/vid398_5.avi,Sweep,Sweep
data/raw/CricShoot10kShootDataset/Cover Drive/vid459_27.avi,Cover Drive,Cover Drive
data/raw/CricShoot10kShootDataset/Flick/vid449_16.avi,Flick,Flick
data/raw/CricShoot10kShootDataset/Sweep/vid50_26.avi,Sweep,Sweep
data/raw/CricShoot10kShootDataset/Flick/vid381_23.avi,Flick,Flick
data/raw/CricShoot10kShootDataset/Cover Drive/vid232_9.avi,Cover Drive,Cover Drive
data/raw/CricShoot10kShootDataset/Lofted Offside/vid366_52.avi,Lofted Offside,Lofted Offside
data/raw/CricShoot10kShootDataset/Defensive/vid507_10.avi,Defensive,Defensive
data/raw/CricShoot10kShootDataset/Cover Drive/vid428_34.avi,Cover Drive,Cover Drive
data/raw/CricShoot10kShootDataset/Pull/vid384_70.avi,Pull,Pull
data/raw/CricShoot10kShootDataset/Lofted Offside/vid479_9.avi,Lofted Offside,Lofted Offside
data/raw/CricShoot10kShootDataset/Defensive/vid289_18.avi,Defensive,Defensive
data/raw/CricShoot10kShootDataset/Lofted Legside/vid261_5.avi,Lofted Legside,Lofted Legside
data/raw/CricShoot10kShootDataset/Upper Cut/vid518_46.avi,Upper Cut,Upper Cut
data/raw/CricShoot10kShootDataset/Lofted Legside/vid174_9.avi,Lofted Legside,Lofted Legside
data/raw/CricShoot10kShootDataset/Cover Drive/vid374_11.avi,Cover Drive,Cover Drive
data/raw/CricShoot10kShootDataset/Pull/vid445_27.avi,Pull,Pull
data/raw/CricShoot10kShootDataset/Defensive/vid22_2.avi,Defensive,Defensive
data/raw/CricShoot10kShootDataset/Flick/vid385_42.avi,Flick,Flick
data/raw/CricShoot10kShootDataset/Lofted Offside/vid116_12.avi,Lofted Offside,Lofted Offside
data/raw/CricShoot10kShootDataset/Cover Drive/vid368_10.avi,Cover Drive,Cover Drive
data/raw/CricShoot10kShootDataset/Hook/vid225_4.avi,Hook,Hook
data/raw/CricShoot10kShootDataset/Pull/vid60_87.avi,Pull,Pull
data/raw/CricShoot10kShootDataset/Hook/vid250_4.avi,Hook,Hook
data/raw/CricShoot10kShootDataset/Lofted Offside/vid162_26.avi,Lofted Offside,Lofted Offside
data/raw/CricShoot10kShootDataset/Lofted Offside/vid324_2.avi,Lofted Offside,Lofted Offside
data/raw/CricShoot10kShootDataset/Flick/vid357_85.avi,Flick,Flick
data/raw/CricShoot10kShootDataset/Straight Drive/vid529_38.avi,Straight Drive,Straight Drive
data/raw/CricShoot10kShootDataset/Lofted Legside/vid489_20.avi,Lofted Legside,Lofted Legside
data/raw/CricShoot10kShootDataset/Defensive/vid256_38.avi,Defensive,Defensive
data/raw/CricShoot10kShootDataset/Lofted Legside/vid95_34.avi,Lofted Legside,Lofted Legside
data/raw/CricShoot10kShootDataset/Scoop/vid465_4.avi,Scoop,Scoop
data/raw/CricShoot10kShootDataset/Down The Wicket/vid436_7.avi,Down The Wicket,Down The Wicket
data/raw/CricShoot10kShootDataset/Square Cut/vid204_31.avi,Square Cut,Square Cut
data/raw/CricShoot10kShootDataset/Sweep/vid135_33.avi,Sweep,Sweep
data/raw/CricShoot10kShootDataset/Lofted Legside/vid76_31.avi,Lofted Legside,Lofted Legside
data/raw/CricShoot10kShootDataset/Flick/vid489_0.avi,Flick,Flick
data/raw/CricShoot10kShootDataset/Scoop/vid381_3.avi,Scoop,Scoop
data/raw/CricShoot10kShootDataset/Lofted Offside/vid46_57.avi,Lofted Offside,Lofted Offside
data/raw/CricShoot10kShootDataset/Reverse Sweep/vid516_57.avi,Reverse Sweep,Reverse Sweep
data/raw/CricShoot10kShootDataset/Reverse Sweep/vid369_24.avi,Reverse Sweep,Reverse Sweep
data/raw/CricShoot10kShootDataset/Cover Drive/vid86_1.avi,Cover Drive,Cover Drive
data/raw/CricShoot10kShootDataset/Sweep/vid212_13.avi,Sweep,Sweep
data/raw/CricShoot10kShootDataset/Cover Drive/vid463_25.avi,Cover Drive,Cover Drive
data/raw/CricShoot10kShootDataset/Square Cut/vid12_45.avi,Square Cut,Square Cut
data/raw/CricShoot10kShootDataset/Upper Cut/vid526_64.avi,Upper Cut,Upper Cut
data/raw/CricShoot10kShootDataset/Upper Cut/vid383_38.avi,Upper Cut,Upper Cut
data/raw/CricShoot10kShootDataset/Straight Drive/vid430_1.avi,Straight Drive,Straight Drive
data/raw/CricShoot10kShootDataset/Cover Drive/vid255_12.avi,Cover Drive,Cover Drive
data/raw/CricShoot10kShootDataset/Cover Drive/vid514_9.avi,Cover Drive,Cover Drive
data/raw/CricShoot10kShootDataset/Flick/vid439_28.avi,Flick,Flick
data/raw/CricShoot10kShootDataset/Hook/vid367_59.avi,Hook,Hook
data/raw/CricShoot10kShootDataset/Cover Drive/vid310_12.avi,Cover Drive,Cover Drive
data/raw/CricShoot10kShootDataset/Straight Drive/vid250_1.avi,Straight Drive,Straight Drive
data/raw/CricShoot10kShootDataset/Down The Wicket/vid263_13.avi,Down The Wicket,Down The Wicket
data/raw/CricShoot10kShootDataset/Square Cut/vid480_32.avi,Square Cut,Square Cut
data/raw/CricShoot10kShootDataset/Flick/vid214_0.avi,Flick,Flick
data/raw/CricShoot10kShootDataset/Lofted Offside/vid373_42.avi,Lofted Offside,Lofted Offside
data/raw/CricShoot10kShootDataset/Defensive/vid240_43.avi,Defensive,Defensive
data/raw/CricShoot10kShootDataset/Defensive/vid130_38.avi,Defensive,Defensive
data/raw/CricShoot10kShootDataset/Down The Wicket/vid51_34.avi,Down The Wicket,Down The Wicket
data/raw/CricShoot10kShootDataset/Hook/vid113_17.avi,Hook,Hook
data/raw/CricShoot10kShootDataset/Lofted Legside/vid37_21.avi,Lofted Legside,Lofted Legside
data/raw/CricShoot10kShootDataset/Sweep/vid520_22.avi,Sweep,Sweep
data/raw/CricShoot10kShootDataset/Flick/vid357_8.avi,Flick,Flick
data/raw/CricShoot10kShootDataset/Defensive/vid219_19.avi,Defensive,Defensive
data/raw/CricShoot10kShootDataset/Cover Drive/vid380_9.avi,Cover Drive,Cover Drive
data/raw/CricShoot10kShootDataset/Sweep/vid464_13.avi,Sweep,Sweep
data/raw/CricShoot10kShootDataset/Cover Drive/vid482_64.avi,Cover Drive,Cover Drive
data/raw/CricShoot10kShootDataset/Square Cut/vid119_19.avi,Square Cut,Square Cut
data/raw/CricShoot10kShootDataset/Cover Drive/vid207_45.avi,Cover Drive,Cover Drive
data/raw/CricShoot10kShootDataset/Lofted Legside/vid33_25.avi,Lofted Legside,Lofted Legside
data/raw/CricShoot10kShootDataset/Lofted Offside/vid517_40.avi,Lofted Offside,Lofted Offside
data/raw/CricShoot10kShootDataset/Flick/vid511_39.avi,Flick,Flick
data/raw/CricShoot10kShootDataset/Flick/vid210_48.avi,Flick,Flick
data/raw/CricShoot10kShootDataset/Cover Drive/vid178_6.avi,Cover Drive,Cover Drive
data/raw/CricShoot10kShootDataset/Hook/vid102_21.avi,Hook,Hook
data/raw/CricShoot10kShootDataset/Lofted Legside/vid386_19.avi,Lofted Legside,Lofted Legside
data/raw/CricShoot10kShootDataset/Square Cut/vid133_6.avi,Square Cut,Square Cut
data/raw/CricShoot10kShootDataset/Flick/vid367_17.avi,Flick,Flick
data/raw/CricShoot10kShootDataset/Lofted Offside/vid438_2.avi,Lofted Offside,Lofted Offside
data/raw/CricShoot10kShootDataset/Lofted Legside/vid112_8.avi,Lofted Legside,Lofted Legside
data/raw/CricShoot10kShootDataset/Cover Drive/vid100_60.avi,Cover Drive,Cover Drive
data/raw/CricShoot10kShootDataset/Pull/vid100_39.avi,Pull,Pull
data/raw/CricShoot10kShootDataset/Defensive/vid98_33.avi,Defensive,Defensive
data/raw/CricShoot10kShootDataset/Upper Cut/vid130_30.avi,Upper Cut,Upper Cut
data/raw/CricShoot10kShootDataset/Late Cut/vid390_8.avi,Late Cut,Late Cut
data/raw/CricShoot10kShootDataset/Defensive/vid170_47.avi,Defensive,Defensive
data/raw/CricShoot10kShootDataset/Square Cut/vid148_27.avi,Square Cut,Square Cut
data/raw/CricShoot10kShootDataset/Lofted Legside/vid192_2.avi,Lofted Legside,Lofted Legside
data/raw/CricShoot10kShootDataset/Hook/vid385_43.avi,Hook,Hook
data/raw/CricShoot10kShootDataset/Flick/vid101_11.avi,Flick,Flick
data/raw/CricShoot10kShootDataset/Square Cut/vid97_45.avi,Square Cut,Square Cut
data/raw/CricShoot10kShootDataset/Cover Drive/vid26_12.avi,Cover Drive,Cover Drive
data/raw/CricShoot10kShootDataset/Defensive/vid300_1.avi,Defensive,Defensive
data/raw/CricShoot10kShootDataset/Lofted Legside/vid515_75.avi,Lofted Legside,Lofted Legside
data/raw/CricShoot10kShootDataset/Square Cut/vid34_19.avi,Square Cut,Square Cut
data/raw/CricShoot10kShootDataset/Flick/vid432_32.avi,Flick,Flick
data/raw/CricShoot10kShootDataset/Sweep/vid499_6.avi,Sweep,Sweep
data/raw/CricShoot10kShootDataset/Down The Wicket/vid9_27.avi,Down The Wicket,Down The Wicket
data/raw/CricShoot10kShootDataset/Cover Drive/vid235_18.avi,Cover Drive,Cover Drive
data/raw/CricShoot10kShootDataset/Pull/vid482_10.avi,Pull,Pull
data/raw/CricShoot10kShootDataset/Lofted Legside/vid57_46.avi,Lofted Legside,Lofted Legside
data/raw/CricShoot10kShootDataset/Square Cut/vid232_14.avi,Square Cut,Square Cut
data/raw/CricShoot10kShootDataset/Sweep/vid511_67.avi,Sweep,Sweep
data/raw/CricShoot10kShootDataset/Flick/vid3_22.avi,Flick,Flick
data/raw/CricShoot10kShootDataset/Cover Drive/vid338_10.avi,Cover Drive,Cover Drive
data/raw/CricShoot10kShootDataset/Lofted Offside/vid357_34.avi,Lofted Offside,Lofted Offside
data/raw/CricShoot10kShootDataset/Lofted Offside/vid490_39.avi,Lofted Offside,Lofted Offside
data/raw/CricShoot10kShootDataset/Square Cut/vid428_9.avi,Square Cut,Square Cut
data/raw/CricShoot10kShootDataset/Lofted Offside/vid304_21.avi,Lofted Offside,Lofted Offside
data/raw/CricShoot10kShootDataset/Cover Drive/vid455_47.avi,Cover Drive,Cover Drive
data/raw/CricShoot10kShootDataset/Defensive/vid169_27.avi,Defensive,Defensive
data/raw/CricShoot10kShootDataset/Upper Cut/vid533_62.avi,Upper Cut,Upper Cut
data/raw/CricShoot10kShootDataset/Sweep/vid433_26.avi,Sweep,Sweep
data/raw/CricShoot10kShootDataset/Square Cut/vid519_43.avi,Square Cut,Square Cut
data/raw/CricShoot10kShootDataset/Sweep/vid527_29.avi,Sweep,Sweep
data/raw/CricShoot10kShootDataset/Cover Drive/vid9_26.avi,Cover Drive,Cover Drive
data/raw/CricShoot10kShootDataset/Flick/vid240_40.avi,Flick,Flick
data/raw/CricShoot10kShootDataset/Flick/vid317_10.avi,Flick,Flick
data/raw/CricShoot10kShootDataset/Lofted Offside/vid390_35.avi,Lofted Offside,Lofted Offside
data/raw/CricShoot10kShootDataset/Lofted Legside/vid465_24.avi,Lofted Legside,Lofted Legside
data/raw/CricShoot10kShootDataset/Hook/vid108_28.avi,Hook,Hook
data/raw/CricShoot10kShootDataset/Lofted Legside/vid410_7.avi,Lofted Legside,Lofted Legside
data/raw/CricShoot10kShootDataset/Defensive/vid100_77.avi,Defensive,Defensive
data/raw/CricShoot10kShootDataset/Lofted Legside/vid216_36.avi,Lofted Legside,Lofted Legside
data/raw/CricShoot10kShootDataset/Pull/vid355_10.avi,Pull,Pull
data/raw/CricShoot10kShootDataset/Lofted Offside/vid369_52.avi,Lofted Offside,Lofted Offside
data/raw/CricShoot10kShootDataset/Defensive/vid237_33.avi,Defensive,Defensive
data/raw/CricShoot10kShootDataset/Sweep/vid487_14.avi,Sweep,Sweep
data/raw/CricShoot10kShootDataset/Pull/vid265_6.avi,Pull,Pull
data/raw/CricShoot10kShootDataset/Lofted Legside/vid94_12.avi,Lofted Legside,Lofted Legside
data/raw/CricShoot10kShootDataset/Down The Wicket/vid210_43.avi,Down The Wicket,Down The Wicket
data/raw/CricShoot10kShootDataset/Defensive/vid170_29.avi,Defensive,Defensive
data/raw/CricShoot10kShootDataset/Cover Drive/vid98_5.avi,Cover Drive,Cover Drive
data/raw/CricShoot10kShootDataset/Lofted Legside/vid481_43.avi,Lofted Legside,Lofted Legside
data/raw/CricShoot10kShootDataset/Lofted Offside/vid136_21.avi,Lofted Offside,Lofted Offside
data/raw/CricShoot10kShootDataset/Upper Cut/vid232_4.avi,Upper Cut,Upper Cut
data/raw/CricShoot10kShootDataset/Scoop/vid94_45.avi,Scoop,Scoop
data/raw/CricShoot10kShootDataset/Flick/vid117_11.avi,Flick,Flick
data/raw/CricShoot10kShootDataset/Lofted Legside/vid83_30.avi,Lofted Legside,Lofted Legside
data/raw/CricShoot10kShootDataset/Sweep/vid51_73.avi,Sweep,Sweep
data/raw/CricShoot10kShootDataset/Flick/vid251_52.avi,Flick,Flick
data/raw/CricShoot10kShootDataset/Defensive/vid306_12.avi,Defensive,Defensive
data/raw/CricShoot10kShootDataset/Defensive/vid306_21.avi,Defensive,Defensive
data/raw/CricShoot10kShootDataset/Square Cut/vid520_21.avi,Square Cut,Square Cut
data/raw/CricShoot10kShootDataset/Flick/vid304_0.avi,Flick,Flick
data/raw/CricShoot10kShootDataset/Flick/vid382_13.avi,Flick,Flick
data/raw/CricShoot10kShootDataset/Lofted Legside/vid418_6.avi,Lofted Legside,Lofted Legside
data/raw/CricShoot10kShootDataset/Lofted Legside/vid79_17.avi,Lofted Legside,Lofted Legside
data/raw/CricShoot10kShootDataset/Defensive/vid91_3.avi,Defensive,Defensive
data/raw/CricShoot10kShootDataset/Lofted Offside/vid388_9.avi,Lofted Offside,Lofted Offside
data/raw/CricShoot10kShootDataset/Sweep/vid438_42.avi,Sweep,Sweep
data/raw/CricShoot10kShootDataset/Sweep/vid436_38.avi,Sweep,Sweep
data/raw/CricShoot10kShootDataset/Lofted Offside/vid497_16.avi,Lofted Offside,Lofted Offside
data/raw/CricShoot10kShootDataset/Lofted Offside/vid431_38.avi,Lofted Offside,Lofted Offside
data/raw/CricShoot10kShootDataset/Sweep/vid147_12.avi,Sweep,Sweep
data/raw/CricShoot10kShootDataset/Lofted Offside/vid475_18.avi,Lofted Offside,Lofted Offside
data/raw/CricShoot10kShootDataset/Down The Wicket/vid13_46.avi,Down The Wicket,Down The Wicket
data/raw/CricShoot10kShootDataset/Square Cut/vid246_0.avi,Square Cut,Square Cut
data/raw/CricShoot10kShootDataset/Lofted Legside/vid498_20.avi,Lofted Legside,Lofted Legside
data/raw/CricShoot10kShootDataset/Upper Cut/vid530_45.avi,Upper Cut,Upper Cut
data/raw/CricShoot10kShootDataset/Lofted Offside/vid28_50.avi,Lofted Offside,Lofted Offside
data/raw/CricShoot10kShootDataset/Straight Drive/vid125_11.avi,Straight Drive,Straight Drive
data/raw/CricShoot10kShootDataset/Lofted Legside/vid358_5.avi,Lofted Legside,Lofted Legside
data/raw/CricShoot10kShootDataset/Lofted Legside/vid380_44.avi,Lofted Legside,Lofted Legside
data/raw/CricShoot10kShootDataset/Scoop/vid385_40.avi,Scoop,Scoop
data/raw/CricShoot10kShootDataset/Lofted Legside/vid392_35.avi,Lofted Legside,Lofted Legside
data/raw/CricShoot10kShootDataset/Square Cut/vid45_10.avi,Square Cut,Square Cut
data/raw/CricShoot10kShootDataset/Down The Wicket/vid24_31.avi,Down The Wicket,Down The Wicket
data/raw/CricShoot10kShootDataset/Square Cut/vid76_24.avi,Square Cut,Square Cut
data/raw/CricShoot10kShootDataset/Lofted Legside/vid109_35.avi,Lofted Legside,Lofted Legside
data/raw/CricShoot10kShootDataset/Defensive/vid458_14.avi,Defensive,Defensive
data/raw/CricShoot10kShootDataset/Upper Cut/vid350_11.avi,Upper Cut,Upper Cut
data/raw/CricShoot10kShootDataset/Straight Drive/vid456_7.avi,Straight Drive,Straight Drive
data/raw/CricShoot10kShootDataset/Cover Drive/vid90_3.avi,Cover Drive,Cover Drive
data/raw/CricShoot10kShootDataset/Sweep/vid415_32.avi,Sweep,Sweep
data/raw/CricShoot10kShootDataset/Pull/vid94_14.avi,Pull,Pull
data/raw/CricShoot10kShootDataset/Down The Wicket/vid524_16.avi,Down The Wicket,Down The Wicket
data/raw/CricShoot10kShootDataset/Lofted Legside/vid532_72.avi,Lofted Legside,Lofted Legside
data/raw/CricShoot10kShootDataset/Lofted Legside/vid83_29.avi,Lofted Legside,Lofted Legside
data/raw/CricShoot10kShootDataset/Pull/vid453_21.avi,Pull,Pull
data/raw/CricShoot10kShootDataset/Hook/vid482_22.avi,Hook,Hook
data/raw/CricShoot10kShootDataset/Lofted Legside/vid302_2.avi,Lofted Legside,Lofted Legside
data/raw/CricShoot10kShootDataset/Lofted Offside/vid406_42.avi,Lofted Offside,Lofted Offside
data/raw/CricShoot10kShootDataset/Sweep/vid502_5.avi,Sweep,Sweep
data/raw/CricShoot10kShootDataset/Defensive/vid513_27.avi,Defensive,Defensive
data/raw/CricShoot10kShootDataset/Cover Drive/vid11_18.avi,Cover Drive,Cover Drive
data/raw/CricShoot10kShootDataset/Straight Drive/vid312_24.avi,Straight Drive,Straight Drive
data/raw/CricShoot10kShootDataset/Hook/vid482_24.avi,Hook,Hook
data/raw/CricShoot10kShootDataset/Hook/vid367_1.avi,Hook,Hook
data/raw/CricShoot10kShootDataset/Scoop/vid343_35.avi,Scoop,Scoop
data/raw/CricShoot10kShootDataset/Defensive/vid295_18.avi,Defensive,Defensive
data/raw/CricShoot10kShootDataset/Lofted Offside/vid24_18.avi,Lofted Offside,Lofted Offside
data/raw/CricShoot10kShootDataset/Pull/vid76_27.avi,Pull,Pull
data/raw/CricShoot10kShootDataset/Cover Drive/vid345_8.avi,Cover Drive,Cover Drive
data/raw/CricShoot10kShootDataset/Defensive/vid236_42.avi,Defensive,Defensive
data/raw/CricShoot10kShootDataset/Sweep/vid424_4.avi,Sweep,Sweep
data/raw/CricShoot10kShootDataset/Hook/vid240_36.avi,Hook,Hook
data/raw/CricShoot10kShootDataset/Square Cut/vid447_15.avi,Square Cut,Square Cut
data/raw/CricShoot10kShootDataset/Straight Drive/vid317_6.avi,Straight Drive,Straight Drive
data/raw/CricShoot10kShootDataset/Cover Drive/vid116_30.avi,Cover Drive,Cover Drive
data/raw/CricShoot10kShootDataset/Late Cut/vid446_34.avi,Late Cut,Late Cut
data/raw/CricShoot10kShootDataset/Defensive/vid454_1.avi,Defensive,Defensive
data/raw/CricShoot10kShootDataset/Defensive/vid528_40.avi,Defensive,Defensive
data/raw/CricShoot10kShootDataset/Down The Wicket/vid200_15.avi,Down The Wicket,Down The Wicket
data/raw/CricShoot10kShootDataset/Square Cut/vid393_12.avi,Square Cut,Square Cut
data/raw/CricShoot10kShootDataset/Down The Wicket/vid436_60.avi,Down The Wicket,Down The Wicket
data/raw/CricShoot10kShootDataset/Pull/vid40_3.avi,Pull,Pull
data/raw/CricShoot10kShootDataset/Straight Drive/vid411_22.avi,Straight Drive,Straight Drive
data/raw/CricShoot10kShootDataset/Cover Drive/vid33_17.avi,Cover Drive,Cover Drive
data/raw/CricShoot10kShootDataset/Scoop/vid429_42.avi,Scoop,Scoop
data/raw/CricShoot10kShootDataset/Flick/vid452_45.avi,Flick,Flick
data/raw/CricShoot10kShootDataset/Down The Wicket/vid430_15.avi,Down The Wicket,Down The Wicket
data/raw/CricShoot10kShootDataset/Hook/vid307_2.avi,Hook,Hook
data/raw/CricShoot10kShootDataset/Defensive/vid159_9.avi,Defensive,Defensive
data/raw/CricShoot10kShootDataset/Down The Wicket/vid518_19.avi,Down The Wicket,Down The Wicket
data/raw/CricShoot10kShootDataset/Lofted Offside/vid369_67.avi,Lofted Offside,Lofted Offside
data/raw/CricShoot10kShootDataset/Scoop/vid430_42.avi,Scoop,Scoop
data/raw/CricShoot10kShootDataset/Down The Wicket/vid432_21.avi,Down The Wicket,Down The Wicket
data/raw/CricShoot10kShootDataset/Pull/vid457_40.avi,Pull,Pull
data/raw/CricShoot10kShootDataset/Lofted Legside/vid521_18.avi,Lofted Legside,Lofted Legside
data/raw/CricShoot10kShootDataset/Hook/vid488_31.avi,Hook,Hook
data/raw/CricShoot10kShootDataset/Down The Wicket/vid165_12.avi,Down The Wicket,Down The Wicket
data/raw/CricShoot10kShootDataset/Pull/vid520_64.avi,Pull,Pull
data/raw/CricShoot10kShootDataset/Pull/vid385_35.avi,Pull,Pull
data/raw/CricShoot10kShootDataset/Square Cut/vid156_9.avi,Square Cut,Square Cut
data/raw/CricShoot10kShootDataset/Straight Drive/vid424_19.avi,Straight Drive,Straight Drive
data/raw/CricShoot10kShootDataset/Flick/vid447_11.avi,Flick,Flick
data/raw/CricShoot10kShootDataset/Square Cut/vid379_30.avi,Square Cut,Square Cut
data/raw/CricShoot10kShootDataset/Flick/vid193_0.avi,Flick,Flick
data/raw/CricShoot10kShootDataset/Sweep/vid433_54.avi,Sweep,Sweep
data/raw/CricShoot10kShootDataset/Flick/vid383_20.avi,Flick,Flick
data/raw/CricShoot10kShootDataset/Cover Drive/vid357_31.avi,Cover Drive,Cover Drive
data/raw/CricShoot10kShootDataset/Down The Wicket/vid89_24.avi,Down The Wicket,Down The Wicket
data/raw/CricShoot10kShootDataset/Flick/vid3_0.avi,Flick,Flick
data/raw/CricShoot10kShootDataset/Defensive/vid16_36.avi,Defensive,Defensive
data/raw/CricShoot10kShootDataset/Lofted Legside/vid460_15.avi,Lofted Legside,Lofted Legside
data/raw/CricShoot10kShootDataset/Hook/vid355_22.avi,Hook,Hook
data/raw/CricShoot10kShootDataset/Flick/vid485_2.avi,Flick,Flick
data/raw/CricShoot10kShootDataset/Lofted Offside/vid406_27.avi,Lofted Offside,Lofted Offside
data/raw/CricShoot10kShootDataset/Straight Drive/vid511_47.avi,Straight Drive,Straight Drive
data/raw/CricShoot10kShootDataset/Lofted Offside/vid216_44.avi,Lofted Offside,Lofted Offside
data/raw/CricShoot10kShootDataset/Lofted Legside/vid517_69.avi,Lofted Legside,Lofted Legside
data/raw/CricShoot10kShootDataset/Late Cut/vid38_61.avi,Late Cut,Late Cut
data/raw/CricShoot10kShootDataset/Pull/vid374_44.avi,Pull,Pull
data/raw/CricShoot10kShootDataset/Scoop/vid511_57.avi,Scoop,Scoop
data/raw/CricShoot10kShootDataset/Sweep/vid364_15.avi,Sweep,Sweep
data/raw/CricShoot10kShootDataset/Sweep/vid368_51.avi,Sweep,Sweep
data/raw/CricShoot10kShootDataset/Defensive/vid135_51.avi,Defensive,Defensive
data/raw/CricShoot10kShootDataset/Pull/vid65_3.avi,Pull,Pull
data/raw/CricShoot10kShootDataset/Hook/vid426_20.avi,Hook,Hook
data/raw/CricShoot10kShootDataset/Lofted Offside/vid216_19.avi,Lofted Offside,Lofted Offside
data/raw/CricShoot10kShootDataset/Lofted Offside/vid53_52.avi,Lofted Offside,Lofted Offside
data/raw/CricShoot10kShootDataset/Square Cut/vid526_45.avi,Square Cut,Square Cut
data/raw/CricShoot10kShootDataset/Square Cut/vid155_3.avi,Square Cut,Square Cut
data/raw/CricShoot10kShootDataset/Flick/vid215_3.avi,Flick,Flick
data/raw/CricShoot10kShootDataset/Hook/vid80_28.avi,Hook,Hook
data/raw/CricShoot10kShootDataset/Sweep/vid50_24.avi,Sweep,Sweep
data/raw/CricShoot10kShootDataset/Flick/vid209_8.avi,Flick,Flick
data/raw/CricShoot10kShootDataset/Flick/vid498_1.avi,Flick,Flick
data/raw/CricShoot10kShootDataset/Lofted Legside/vid420_2.avi,Lofted Legside,Lofted Legside
data/raw/CricShoot10kShootDataset/Hook/vid315_7.avi,Hook,Hook
data/raw/CricShoot10kShootDataset/Lofted Offside/vid82_11.avi,Lofted Offside,Lofted Offside
data/raw/CricShoot10kShootDataset/Down The Wicket/vid442_20.avi,Down The Wicket,Down The Wicket
data/raw/CricShoot10kShootDataset/Sweep/vid358_52.avi,Sweep,Sweep
data/raw/CricShoot10kShootDataset/Sweep/vid210_36.avi,Sweep,Sweep
data/raw/CricShoot10kShootDataset/Lofted Offside/vid378_45.avi,Lofted Offside,Lofted Offside
data/raw/CricShoot10kShootDataset/Square Cut/vid186_0.avi,Square Cut,Square Cut
data/raw/CricShoot10kShootDataset/Flick/vid107_7.avi,Flick,Flick
data/raw/CricShoot10kShootDataset/Sweep/vid148_42.avi,Sweep,Sweep
data/raw/CricShoot10kShootDataset/Flick/vid509_13.avi,Flick,Flick
data/raw/CricShoot10kShootDataset/Hook/vid34_35.avi,Hook,Hook
data/raw/CricShoot10kShootDataset/Cover Drive/vid384_56.avi,Cover Drive,Cover Drive
data/raw/CricShoot10kShootDataset/Sweep/vid253_40.avi,Sweep,Sweep
data/raw/CricShoot10kShootDataset/Lofted Legside/vid363_42.avi,Lofted Legside,Lofted Legside
data/raw/CricShoot10kShootDataset/Square Cut/vid128_0.avi,Square Cut,Square Cut
data/raw/CricShoot10kShootDataset/Sweep/vid86_17.avi,Sweep,Sweep
data/raw/CricShoot10kShootDataset/Sweep/vid95_42.avi,Sweep,Sweep
data/raw/CricShoot10kShootDataset/Lofted Offside/vid434_6.avi,Lofted Offside,Lofted Offside
data/raw/CricShoot10kShootDataset/Defensive/vid310_14.avi,Defensive,Defensive
data/raw/CricShoot10kShootDataset/Lofted Legside/vid330_13.avi,Lofted Legside,Lofted Legside
data/raw/CricShoot10kShootDataset/Flick/vid212_19.avi,Flick,Flick
data/raw/CricShoot10kShootDataset/Lofted Legside/vid482_46.avi,Lofted Legside,Lofted Legside
data/raw/CricShoot10kShootDataset/Cover Drive/vid127_18.avi,Cover Drive,Cover Drive
data/raw/CricShoot10kShootDataset/Pull/vid387_19.avi,Pull,Pull
data/raw/CricShoot10kShootDataset/Defensive/vid523_12.avi,Defensive,Defensive
data/raw/CricShoot10kShootDataset/Square Cut/vid162_44.avi,Square Cut,Square Cut
data/raw/CricShoot10kShootDataset/Lofted Offside/vid391_46.avi,Lofted Offside,Lofted Offside
data/raw/CricShoot10kShootDataset/Lofted Offside/vid480_27.avi,Lofted Offside,Lofted Offside
data/raw/CricShoot10kShootDataset/Down The Wicket/vid12_28.avi,Down The Wicket,Down The Wicket
data/raw/CricShoot10kShootDataset/Down The Wicket/vid135_22.avi,Down The Wicket,Down The Wicket
data/raw/CricShoot10kShootDataset/Square Cut/vid84_9.avi,Square Cut,Square Cut
data/raw/CricShoot10kShootDataset/Down The Wicket/vid509_26.avi,Down The Wicket,Down The Wicket
data/raw/CricShoot10kShootDataset/Down The Wicket/vid97_21.avi,Down The Wicket,Down The Wicket
data/raw/CricShoot10kShootDataset/Lofted Offside/vid480_34.avi,Lofted Offside,Lofted Offside
data/raw/CricShoot10kShootDataset/Square Cut/vid426_41.avi,Square Cut,Square Cut
data/raw/CricShoot10kShootDataset/Lofted Offside/vid529_28.avi,Lofted Offside,Lofted Offside
data/raw/CricShoot10kShootDataset/Down The Wicket/vid466_3.avi,Down The Wicket,Down The Wicket
data/raw/CricShoot10kShootDataset/Sweep/vid451_51.avi,Sweep,Sweep
data/raw/CricShoot10kShootDataset/Sweep/vid503_38.avi,Sweep,Sweep
data/raw/CricShoot10kShootDataset/Down The Wicket/vid13_43.avi,Down The Wicket,Down The Wicket
data/raw/CricShoot10kShootDataset/Late Cut/vid273_9.avi,Late Cut,Late Cut
data/raw/CricShoot10kShootDataset/Scoop/vid355_19.avi,Scoop,Scoop
data/raw/CricShoot10kShootDataset/Flick/vid137_29.avi,Flick,Flick
data/raw/CricShoot10kShootDataset/Down The Wicket/vid443_32.avi,Down The Wicket,Down The Wicket
data/raw/CricShoot10kShootDataset/Lofted Offside/vid138_3.avi,Lofted Offside,Lofted Offside
data/raw/CricShoot10kShootDataset/Down The Wicket/vid472_54.avi,Down The Wicket,Down The Wicket
data/raw/CricShoot10kShootDataset/Flick/vid359_13.avi,Flick,Flick
data/raw/CricShoot10kShootDataset/Pull/vid455_51.avi,Pull,Pull
data/raw/CricShoot10kShootDataset/Straight Drive/vid139_11.avi,Straight Drive,Straight Drive
data/raw/CricShoot10kShootDataset/Lofted Legside/vid381_22.avi,Lofted Legside,Lofted Legside
data/raw/CricShoot10kShootDataset/Flick/vid419_8.avi,Flick,Flick
data/raw/CricShoot10kShootDataset/Defensive/vid46_4.avi,Defensive,Defensive
data/raw/CricShoot10kShootDataset/Reverse Sweep/vid261_15.avi,Reverse Sweep,Reverse Sweep
data/raw/CricShoot10kShootDataset/Lofted Offside/vid443_54.avi,Lofted Offside,Lofted Offside
data/raw/CricShoot10kShootDataset/Lofted Offside/vid51_49.avi,Lofted Offside,Lofted Offside
data/raw/CricShoot10kShootDataset/Cover Drive/vid100_8.avi,Cover Drive,Cover Drive
data/raw/CricShoot10kShootDataset/Flick/vid472_26.avi,Flick,Flick
data/raw/CricShoot10kShootDataset/Defensive/vid378_48.avi,Defensive,Defensive
data/raw/CricShoot10kShootDataset/Late Cut/vid435_46.avi,Late Cut,Late Cut
data/raw/CricShoot10kShootDataset/Hook/vid395_9.avi,Hook,Hook
data/raw/CricShoot10kShootDataset/Flick/vid354_24.avi,Flick,Flick
data/raw/CricShoot10kShootDataset/Flick/vid110_18.avi,Flick,Flick
data/raw/CricShoot10kShootDataset/Flick/vid354_15.avi,Flick,Flick
data/raw/CricShoot10kShootDataset/Scoop/vid504_15.avi,Scoop,Scoop
data/raw/CricShoot10kShootDataset/Sweep/vid470_16.avi,Sweep,Sweep
data/raw/CricShoot10kShootDataset/Late Cut/vid435_42.avi,Late Cut,Late Cut
data/raw/CricShoot10kShootDataset/Defensive/vid246_17.avi,Defensive,Defensive
data/raw/CricShoot10kShootDataset/Cover Drive/vid146_35.avi,Cover Drive,Cover Drive
data/raw/CricShoot10kShootDataset/Flick/vid246_31.avi,Flick,Flick
data/raw/CricShoot10kShootDataset/Lofted Offside/vid34_14.avi,Lofted Offside,Lofted Offside
data/raw/CricShoot10kShootDataset/Hook/vid516_68.avi,Hook,Hook
data/raw/CricShoot10kShootDataset/Late Cut/vid51_67.avi,Late Cut,Late Cut
data/raw/CricShoot10kShootDataset/Defensive/vid9_3.avi,Defensive,Defensive
data/raw/CricShoot10kShootDataset/Square Cut/vid532_17.avi,Square Cut,Square Cut
data/raw/CricShoot10kShootDataset/Defensive/vid316_32.avi,Defensive,Defensive
data/raw/CricShoot10kShootDataset/Lofted Offside/vid90_40.avi,Lofted Offside,Lofted Offside
data/raw/CricShoot10kShootDataset/Lofted Legside/vid485_49.avi,Lofted Legside,Lofted Legside
data/raw/CricShoot10kShootDataset/Down The Wicket/vid480_19.avi,Down The Wicket,Down The Wicket
data/raw/CricShoot10kShootDataset/Lofted Legside/vid54_38.avi,Lofted Legside,Lofted Legside
data/raw/CricShoot10kShootDataset/Defensive/vid451_0.avi,Defensive,Defensive
data/raw/CricShoot10kShootDataset/Reverse Sweep/vid217_35.avi,Reverse Sweep,Reverse Sweep
data/raw/CricShoot10kShootDataset/Flick/vid313_27.avi,Flick,Flick
data/raw/CricShoot10kShootDataset/Scoop/vid9_0.avi,Scoop,Scoop
data/raw/CricShoot10kShootDataset/Cover Drive/vid106_14.avi,Cover Drive,Cover Drive
data/raw/CricShoot10kShootDataset/Lofted Legside/vid488_10.avi,Lofted Legside,Lofted Legside
data/raw/CricShoot10kShootDataset/Down The Wicket/vid53_30.avi,Down The Wicket,Down The Wicket
data/raw/CricShoot10kShootDataset/Defensive/vid314_1.avi,Defensive,Defensive
data/raw/CricShoot10kShootDataset/Square Cut/vid503_0.avi,Square Cut,Square Cut
data/raw/CricShoot10kShootDataset/Square Cut/vid517_4.avi,Square Cut,Square Cut
data/raw/CricShoot10kShootDataset/Lofted Offside/vid443_33.avi,Lofted Offside,Lofted Offside
data/raw/CricShoot10kShootDataset/Flick/vid472_0.avi,Flick,Flick
data/raw/CricShoot10kShootDataset/Straight Drive/vid167_5.avi,Straight Drive,Straight Drive
data/raw/CricShoot10kShootDataset/Upper Cut/vid434_11.avi,Upper Cut,Upper Cut
data/raw/CricShoot10kShootDataset/Hook/vid100_49.avi,Hook,Hook
data/raw/CricShoot10kShootDataset/Down The Wicket/vid124_26.avi,Down The Wicket,Down The Wicket
data/raw/CricShoot10kShootDataset/Pull/vid366_65.avi,Pull,Pull
data/raw/CricShoot10kShootDataset/Late Cut/vid134_14.avi,Late Cut,Late Cut
data/raw/CricShoot10kShootDataset/Defensive/vid239_17.avi,Defensive,Defensive
data/raw/CricShoot10kShootDataset/Cover Drive/vid485_0.avi,Cover Drive,Cover Drive
data/raw/CricShoot10kShootDataset/Pull/vid162_24.avi,Pull,Pull
data/raw/CricShoot10kShootDataset/Cover Drive/vid228_26.avi,Cover Drive,Cover Drive
data/raw/CricShoot10kShootDataset/Flick/vid420_8.avi,Flick,Flick
data/raw/CricShoot10kShootDataset/Straight Drive/vid126_18.avi,Straight Drive,Straight Drive
data/raw/CricShoot10kShootDataset/Down The Wicket/vid355_48.avi,Down The Wicket,Down The Wicket
data/raw/CricShoot10kShootDataset/Lofted Legside/vid516_13.avi,Lofted Legside,Lofted Legside
data/raw/CricShoot10kShootDataset/Flick/vid437_42.avi,Flick,Flick
data/raw/CricShoot10kShootDataset/Lofted Offside/vid260_36.avi,Lofted Offside,Lofted Offside
data/raw/CricShoot10kShootDataset/Late Cut/vid113_8.avi,Late Cut,Late Cut
data/raw/CricShoot10kShootDataset/Pull/vid363_2.avi,Pull,Pull
data/raw/CricShoot10kShootDataset/Pull/vid246_26.avi,Pull,Pull
data/raw/CricShoot10kShootDataset/Sweep/vid487_11.avi,Sweep,Sweep
data/raw/CricShoot10kShootDataset/Square Cut/vid262_13.avi,Square Cut,Square Cut
data/raw/CricShoot10kShootDataset/Pull/vid132_0.avi,Pull,Pull
data/raw/CricShoot10kShootDataset/Hook/vid365_77.avi,Hook,Hook
data/raw/CricShoot10kShootDataset/Down The Wicket/vid436_20.avi,Down The Wicket,Down The Wicket
data/raw/CricShoot10kShootDataset/Flick/vid241_25.avi,Flick,Flick
data/raw/CricShoot10kShootDataset/Lofted Legside/vid518_26.avi,Lofted Legside,Lofted Legside
data/raw/CricShoot10kShootDataset/Cover Drive/vid327_5.avi,Cover Drive,Cover Drive
data/raw/CricShoot10kShootDataset/Pull/vid63_19.avi,Pull,Pull
data/raw/CricShoot10kShootDataset/Upper Cut/vid521_34.avi,Upper Cut,Upper Cut
data/raw/CricShoot10kShootDataset/Cover Drive/vid305_16.avi,Cover Drive,Cover Drive
data/raw/CricShoot10kShootDataset/Sweep/vid92_41.avi,Sweep,Sweep
data/raw/CricShoot10kShootDataset/Pull/vid401_19.avi,Pull,Pull
data/raw/CricShoot10kShootDataset/Flick/vid420_23.avi,Flick,Flick
data/raw/CricShoot10kShootDataset/Sweep/vid40_60.avi,Sweep,Sweep
data/raw/CricShoot10kShootDataset/Square Cut/vid380_33.avi,Square Cut,Square Cut
data/raw/CricShoot10kShootDataset/Defensive/vid315_0.avi,Defensive,Defensive
data/raw/CricShoot10kShootDataset/Lofted Offside/vid325_8.avi,Lofted Offside,Lofted Offside
data/raw/CricShoot10kShootDataset/Upper Cut/vid482_7.avi,Upper Cut,Upper Cut
data/raw/CricShoot10kShootDataset/Square Cut/vid482_47.avi,Square Cut,Square Cut
data/raw/CricShoot10kShootDataset/Flick/vid248_7.avi,Flick,Flick
data/raw/CricShoot10kShootDataset/Straight Drive/vid231_0.avi,Straight Drive,Straight Drive
data/raw/CricShoot10kShootDataset/Pull/vid114_23.avi,Pull,Pull
data/raw/CricShoot10kShootDataset/Hook/vid392_7.avi,Hook,Hook
data/raw/CricShoot10kShootDataset/Defensive/vid120_0.avi,Defensive,Defensive
data/raw/CricShoot10kShootDataset/Lofted Legside/vid420_22.avi,Lofted Legside,Lofted Legside
data/raw/CricShoot10kShootDataset/Defensive/vid251_53.avi,Defensive,Defensive
data/raw/CricShoot10kShootDataset/Cover Drive/vid368_9.avi,Cover Drive,Cover Drive
data/raw/CricShoot10kShootDataset/Lofted Legside/vid519_66.avi,Lofted Legside,Lofted Legside
data/raw/CricShoot10kShootDataset/Down The Wicket/vid312_31.avi,Down The Wicket,Down The Wicket
data/raw/CricShoot10kShootDataset/Upper Cut/vid303_2.avi,Upper Cut,Upper Cut
data/raw/CricShoot10kShootDataset/Lofted Offside/vid46_79.avi,Lofted Offside,Lofted Offside
data/raw/CricShoot10kShootDataset/Late Cut/vid478_12.avi,Late Cut,Late Cut
data/raw/CricShoot10kShootDataset/Defensive/vid533_79.avi,Defensive,Defensive
data/raw/CricShoot10kShootDataset/Lofted Legside/vid73_23.avi,Lofted Legside,Lofted Legside
data/raw/CricShoot10kShootDataset/Lofted Offside/vid388_27.avi,Lofted Offside,Lofted Offside
data/raw/CricShoot10kShootDataset/Cover Drive/vid12_0.avi,Cover Drive,Cover Drive
data/raw/CricShoot10kShootDataset/Pull/vid320_52.avi,Pull,Pull
data/raw/CricShoot10kShootDataset/Lofted Offside/vid534_47.avi,Lofted Offside,Lofted Offside
data/raw/CricShoot10kShootDataset/Lofted Legside/vid278_15.avi,Lofted Legside,Lofted Legside
data/raw/CricShoot10kShootDataset/Square Cut/vid156_6.avi,Square Cut,Square Cut
data/raw/CricShoot10kShootDataset/Upper Cut/vid54_6.avi,Upper Cut,Upper Cut
data/raw/CricShoot10kShootDataset/Square Cut/vid121_10.avi,Square Cut,Square Cut
data/raw/CricShoot10kShootDataset/Late Cut/vid240_57.avi,Late Cut,Late Cut
data/raw/CricShoot10kShootDataset/Lofted Legside/vid410_10.avi,Lofted Legside,Lofted Legside
data/raw/CricShoot10kShootDataset/Down The Wicket/vid370_43.avi,Down The Wicket,Down The Wicket
data/raw/CricShoot10kShootDataset/Sweep/vid348_7.avi,Sweep,Sweep
data/raw/CricShoot10kShootDataset/Defensive/vid207_40.avi,Defensive,Defensive
data/raw/CricShoot10kShootDataset/Upper Cut/vid226_42.avi,Upper Cut,Upper Cut
data/raw/CricShoot10kShootDataset/Down The Wicket/vid53_54.avi,Down The Wicket,Down The Wicket
data/raw/CricShoot10kShootDataset/Pull/vid368_18.avi,Pull,Pull
data/raw/CricShoot10kShootDataset/Lofted Legside/vid33_30.avi,Lofted Legside,Lofted Legside
data/raw/CricShoot10kShootDataset/Defensive/vid97_55.avi,Defensive,Defensive
data/raw/CricShoot10kShootDataset/Hook/vid363_16.avi,Hook,Hook
data/raw/CricShoot10kShootDataset/Scoop/vid430_16.avi,Scoop,Scoop
data/raw/CricShoot10kShootDataset/Sweep/vid310_9.avi,Sweep,Sweep
data/raw/CricShoot10kShootDataset/Square Cut/vid472_25.avi,Square Cut,Square Cut
data/raw/CricShoot10kShootDataset/Pull/vid8_46.avi,Pull,Pull
data/raw/CricShoot10kShootDataset/Defensive/vid319_1.avi,Defensive,Defensive
data/raw/CricShoot10kShootDataset/Down The Wicket/vid75_0.avi,Down The Wicket,Down The Wicket
data/raw/CricShoot10kShootDataset/Lofted Legside/vid183_4.avi,Lofted Legside,Lofted Legside
data/raw/CricShoot10kShootDataset/Lofted Offside/vid514_63.avi,Lofted Offside,Lofted Offside
data/raw/CricShoot10kShootDataset/Defensive/vid216_6.avi,Defensive,Defensive
data/raw/CricShoot10kShootDataset/Pull/vid23_15.avi,Pull,Pull
data/raw/CricShoot10kShootDataset/Lofted Offside/vid353_26.avi,Lofted Offside,Lofted Offside
data/raw/CricShoot10kShootDataset/Cover Drive/vid453_4.avi,Cover Drive,Cover Drive
data/raw/CricShoot10kShootDataset/Pull/vid112_12.avi,Pull,Pull
data/raw/CricShoot10kShootDataset/Upper Cut/vid112_2.avi,Upper Cut,Upper Cut
data/raw/CricShoot10kShootDataset/Lofted Offside/vid39_30.avi,Lofted Offside,Lofted Offside
data/raw/CricShoot10kShootDataset/Cover Drive/vid457_45.avi,Cover Drive,Cover Drive
data/raw/CricShoot10kShootDataset/Pull/vid71_10.avi,Pull,Pull
data/raw/CricShoot10kShootDataset/Scoop/vid495_50.avi,Scoop,Scoop
data/raw/CricShoot10kShootDataset/Square Cut/vid460_32.avi,Square Cut,Square Cut
data/raw/CricShoot10kShootDataset/Lofted Legside/vid473_17.avi,Lofted Legside,Lofted Legside
data/raw/CricShoot10kShootDataset/Cover Drive/vid137_6.avi,Cover Drive,Cover Drive
data/raw/CricShoot10kShootDataset/Sweep/vid534_12.avi,Sweep,Sweep
data/raw/CricShoot10kShootDataset/Upper Cut/vid320_32.avi,Upper Cut,Upper Cut
data/raw/CricShoot10kShootDataset/Lofted Offside/vid100_62.avi,Lofted Offside,Lofted Offside
data/raw/CricShoot10kShootDataset/Lofted Offside/vid206_28.avi,Lofted Offside,Lofted Offside
data/raw/CricShoot10kShootDataset/Sweep/vid386_8.avi,Sweep,Sweep
data/raw/CricShoot10kShootDataset/Square Cut/vid116_29.avi,Square Cut,Square Cut
data/raw/CricShoot10kShootDataset/Square Cut/vid187_3.avi,Square Cut,Square Cut
data/raw/CricShoot10kShootDataset/Sweep/vid94_15.avi,Sweep,Sweep
data/raw/CricShoot10kShootDataset/Hook/vid364_25.avi,Hook,Hook
data/raw/CricShoot10kShootDataset/Flick/vid238_1.avi,Flick,Flick
data/raw/CricShoot10kShootDataset/Sweep/vid72_19.avi,Sweep,Sweep
data/raw/CricShoot10kShootDataset/Sweep/vid533_54.avi,Sweep,Sweep
data/raw/CricShoot10kShootDataset/Lofted Offside/vid442_8.avi,Lofted Offside,Lofted Offside
data/raw/CricShoot10kShootDataset/Cover Drive/vid405_17.avi,Cover Drive,Cover Drive
data/raw/CricShoot10kShootDataset/Cover Drive/vid273_15.avi,Cover Drive,Cover Drive
data/raw/CricShoot10kShootDataset/Lofted Offside/vid111_9.avi,Lofted Offside,Lofted Offside
data/raw/CricShoot10kShootDataset/Down The Wicket/vid463_18.avi,Down The Wicket,Down The Wicket
data/raw/CricShoot10kShootDataset/Sweep/vid384_60.avi,Sweep,Sweep
data/raw/CricShoot10kShootDataset/Lofted Offside/vid367_60.avi,Lofted Offside,Lofted Offside
data/raw/CricShoot10kShootDataset/Lofted Offside/vid100_30.avi,Lofted Offside,Lofted Offside
data/raw/CricShoot10kShootDataset/Cover Drive/vid38_60.avi,Cover Drive,Cover Drive
data/raw/CricShoot10kShootDataset/Straight Drive/vid194_12.avi,Straight Drive,Straight Drive
data/raw/CricShoot10kShootDataset/Lofted Legside/vid317_32.avi,Lofted Legside,Lofted Legside
data/raw/CricShoot10kShootDataset/Sweep/vid521_24.avi,Sweep,Sweep
data/raw/CricShoot10kShootDataset/Lofted Legside/vid365_80.avi,Lofted Legside,Lofted Legside
data/raw/CricShoot10kShootDataset/Sweep/vid76_21.avi,Sweep,Sweep
data/raw/CricShoot10kShootDataset/Hook/vid179_14.avi,Hook,Hook
data/raw/CricShoot10kShootDataset/Lofted Offside/vid503_41.avi,Lofted Offside,Lofted Offside
data/raw/CricShoot10kShootDataset/Lofted Legside/vid530_44.avi,Lofted Legside,Lofted Legside
data/raw/CricShoot10kShootDataset/Down The Wicket/vid528_52.avi,Down The Wicket,Down The Wicket
data/raw/CricShoot10kShootDataset/Cover Drive/vid236_13.avi,Cover Drive,Cover Drive
data/raw/CricShoot10kShootDataset/Lofted Offside/vid505_36.avi,Lofted Offside,Lofted Offside
data/raw/CricShoot10kShootDataset/Straight Drive/vid114_7.avi,Straight Drive,Straight Drive
data/raw/CricShoot10kShootDataset/Lofted Legside/vid58_26.avi,Lofted Legside,Lofted Legside
data/raw/CricShoot10kShootDataset/Lofted Offside/vid514_31.avi,Lofted Offside,Lofted Offside
data/raw/CricShoot10kShootDataset/Scoop/vid532_44.avi,Scoop,Scoop
data/raw/CricShoot10kShootDataset/Square Cut/vid503_4.avi,Square Cut,Square Cut
data/raw/CricShoot10kShootDataset/Square Cut/vid528_49.avi,Square Cut,Square Cut
data/raw/CricShoot10kShootDataset/Down The Wicket/vid100_73.avi,Down The Wicket,Down The Wicket
data/raw/CricShoot10kShootDataset/Cover Drive/vid148_36.avi,Cover Drive,Cover Drive
data/raw/CricShoot10kShootDataset/Down The Wicket/vid429_56.avi,Down The Wicket,Down The Wicket
data/raw/CricShoot10kShootDataset/Scoop/vid496_11.avi,Scoop,Scoop
data/raw/CricShoot10kShootDataset/Straight Drive/vid100_45.avi,Straight Drive,Straight Drive
data/raw/CricShoot10kShootDataset/Flick/vid478_18.avi,Flick,Flick
data/raw/CricShoot10kShootDataset/Down The Wicket/vid75_26.avi,Down The Wicket,Down The Wicket
data/raw/CricShoot10kShootDataset/Cover Drive/vid230_32.avi,Cover Drive,Cover Drive
data/raw/CricShoot10kShootDataset/Cover Drive/vid529_3.avi,Cover Drive,Cover Drive
data/raw/CricShoot10kShootDataset/Pull/vid321_20.avi,Pull,Pull
data/raw/CricShoot10kShootDataset/Lofted Offside/vid377_15.avi,Lofted Offside,Lofted Offside
data/raw/CricShoot10kShootDataset/Flick/vid240_39.avi,Flick,Flick
data/raw/CricShoot10kShootDataset/Defensive/vid25_2.avi,Defensive,Defensive
data/raw/CricShoot10kShootDataset/Flick/vid244_24.avi,Flick,Flick
data/raw/CricShoot10kShootDataset/Square Cut/vid84_27.avi,Square Cut,Square Cut
data/raw/CricShoot10kShootDataset/Pull/vid369_29.avi,Pull,Pull
data/raw/CricShoot10kShootDataset/Reverse Sweep/vid172_11.avi,Reverse Sweep,Reverse Sweep
data/raw/CricShoot10kShootDataset/Late Cut/vid369_37.avi,Late Cut,Late Cut
data/raw/CricShoot10kShootDataset/Square Cut/vid460_41.avi,Square Cut,Square Cut
data/raw/CricShoot10kShootDataset/Lofted Offside/vid502_28.avi,Lofted Offside,Lofted Offside
data/raw/CricShoot10kShootDataset/Down The Wicket/vid460_33.avi,Down The Wicket,Down The Wicket
data/raw/CricShoot10kShootDataset/Sweep/vid174_25.avi,Sweep,Sweep
data/raw/CricShoot10kShootDataset/Lofted Legside/vid118_23.avi,Lofted Legside,Lofted Legside
data/raw/CricShoot10kShootDataset/Cover Drive/vid238_9.avi,Cover Drive,Cover Drive
data/raw/CricShoot10kShootDataset/Down The Wicket/vid323_33.avi,Down The Wicket,Down The Wicket
data/raw/CricShoot10kShootDataset/Flick/vid441_14.avi,Flick,Flick
data/raw/CricShoot10kShootDataset/Sweep/vid492_33.avi,Sweep,Sweep
data/raw/CricShoot10kShootDataset/Straight Drive/vid116_2.avi,Straight Drive,Straight Drive
data/raw/CricShoot10kShootDataset/Cover Drive/vid228_7.avi,Cover Drive,Cover Drive
data/raw/CricShoot10kShootDataset/Lofted Offside/vid476_22.avi,Lofted Offside,Lofted Offside
data/raw/CricShoot10kShootDataset/Reverse Sweep/vid327_40.avi,Reverse Sweep,Reverse Sweep
data/raw/CricShoot10kShootDataset/Sweep/vid440_27.avi,Sweep,Sweep
data/raw/CricShoot10kShootDataset/Lofted Legside/vid473_7.avi,Lofted Legside,Lofted Legside
data/raw/CricShoot10kShootDataset/Pull/vid59_34.avi,Pull,Pull
data/raw/CricShoot10kShootDataset/Lofted Legside/vid127_24.avi,Lofted Legside,Lofted Legside
data/raw/CricShoot10kShootDataset/Lofted Offside/vid279_9.avi,Lofted Offside,Lofted Offside
data/raw/CricShoot10kShootDataset/Down The Wicket/vid478_3.avi,Down The Wicket,Down The Wicket
data/raw/CricShoot10kShootDataset/Sweep/vid486_41.avi,Sweep,Sweep
data/raw/CricShoot10kShootDataset/Square Cut/vid55_49.avi,Square Cut,Square Cut
data/raw/CricShoot10kShootDataset/Lofted Legside/vid90_50.avi,Lofted Legside,Lofted Legside
data/raw/CricShoot10kShootDataset/Sweep/vid273_0.avi,Sweep,Sweep
data/raw/CricShoot10kShootDataset/Pull/vid65_45.avi,Pull,Pull
data/raw/CricShoot10kShootDataset/Lofted Legside/vid333_21.avi,Lofted Legside,Lofted Legside
data/raw/CricShoot10kShootDataset/Lofted Legside/vid25_20.avi,Lofted Legside,Lofted Legside
data/raw/CricShoot10kShootDataset/Straight Drive/vid458_0.avi,Straight Drive,Straight Drive
data/raw/CricShoot10kShootDataset/Flick/vid210_29.avi,Flick,Flick
data/raw/CricShoot10kShootDataset/Lofted Legside/vid220_3.avi,Lofted Legside,Lofted Legside
data/raw/CricShoot10kShootDataset/Cover Drive/vid512_46.avi,Cover Drive,Cover Drive
data/raw/CricShoot10kShootDataset/Defensive/vid204_26.avi,Defensive,Defensive
data/raw/CricShoot10kShootDataset/Lofted Offside/vid525_19.avi,Lofted Offside,Lofted Offside
data/raw/CricShoot10kShootDataset/Pull/vid92_31.avi,Pull,Pull
data/raw/CricShoot10kShootDataset/Straight Drive/vid222_34.avi,Straight Drive,Straight Drive
data/raw/CricShoot10kShootDataset/Flick/vid449_41.avi,Flick,Flick
data/raw/CricShoot10kShootDataset/Lofted Offside/vid439_6.avi,Lofted Offside,Lofted Offside
data/raw/CricShoot10kShootDataset/Square Cut/vid486_31.avi,Square Cut,Square Cut
data/raw/CricShoot10kShootDataset/Flick/vid124_2.avi,Flick,Flick
data/raw/CricShoot10kShootDataset/Pull/vid459_26.avi,Pull,Pull
data/raw/CricShoot10kShootDataset/Square Cut/vid331_20.avi,Square Cut,Square Cut
data/raw/CricShoot10kShootDataset/Straight Drive/vid515_23.avi,Straight Drive,Straight Drive
data/raw/CricShoot10kShootDataset/Cover Drive/vid130_37.avi,Cover Drive,Cover Drive
data/raw/CricShoot10kShootDataset/Square Cut/vid306_14.avi,Square Cut,Square Cut
data/raw/CricShoot10kShootDataset/Flick/vid459_20.avi,Flick,Flick
data/raw/CricShoot10kShootDataset/Lofted Offside/vid378_12.avi,Lofted Offside,Lofted Offside
data/raw/CricShoot10kShootDataset/Flick/vid51_8.avi,Flick,Flick
data/raw/CricShoot10kShootDataset/Cover Drive/vid164_4.avi,Cover Drive,Cover Drive
data/raw/CricShoot10kShootDataset/Square Cut/vid436_25.avi,Square Cut,Square Cut
data/raw/CricShoot10kShootDataset/Upper Cut/vid344_22.avi,Upper Cut,Upper Cut
data/raw/CricShoot10kShootDataset/Late Cut/vid209_45.avi,Late Cut,Late Cut
data/raw/CricShoot10kShootDataset/Lofted Legside/vid387_3.avi,Lofted Legside,Lofted Legside
data/raw/CricShoot10kShootDataset/Flick/vid44_35.avi,Flick,Flick
data/raw/CricShoot10kShootDataset/Cover Drive/vid49_0.avi,Cover Drive,Cover Drive
data/raw/CricShoot10kShootDataset/Flick/vid437_65.avi,Flick,Flick
data/raw/CricShoot10kShootDataset/Hook/vid505_30.avi,Hook,Hook
data/raw/CricShoot10kShootDataset/Down The Wicket/vid444_52.avi,Down The Wicket,Down The Wicket
data/raw/CricShoot10kShootDataset/Lofted Legside/vid489_29.avi,Lofted Legside,Lofted Legside
data/raw/CricShoot10kShootDataset/Down The Wicket/vid446_30.avi,Down The Wicket,Down The Wicket
data/raw/CricShoot10kShootDataset/Cover Drive/vid296_33.avi,Cover Drive,Cover Drive
data/raw/CricShoot10kShootDataset/Square Cut/vid91_37.avi,Square Cut,Square Cut
data/raw/CricShoot10kShootDataset/Hook/vid78_24.avi,Hook,Hook
data/raw/CricShoot10kShootDataset/Pull/vid434_65.avi,Pull,Pull
data/raw/CricShoot10kShootDataset/Hook/vid530_22.avi,Hook,Hook
data/raw/CricShoot10kShootDataset/Lofted Legside/vid439_59.avi,Lofted Legside,Lofted Legside
data/raw/CricShoot10kShootDataset/Lofted Legside/vid388_52.avi,Lofted Legside,Lofted Legside
data/raw/CricShoot10kShootDataset/Lofted Offside/vid387_20.avi,Lofted Offside,Lofted Offside
data/raw/CricShoot10kShootDataset/Late Cut/vid473_39.avi,Late Cut,Late Cut
data/raw/CricShoot10kShootDataset/Pull/vid93_3.avi,Pull,Pull
data/raw/CricShoot10kShootDataset/Lofted Offside/vid512_56.avi,Lofted Offside,Lofted Offside
data/raw/CricShoot10kShootDataset/Flick/vid46_73.avi,Flick,Flick
data/raw/CricShoot10kShootDataset/Late Cut/vid266_3.avi,Late Cut,Late Cut
data/raw/CricShoot10kShootDataset/Late Cut/vid461_19.avi,Late Cut,Late Cut
data/raw/CricShoot10kShootDataset/Pull/vid464_31.avi,Pull,Pull
data/raw/CricShoot10kShootDataset/Square Cut/vid23_36.avi,Square Cut,Square Cut
data/raw/CricShoot10kShootDataset/Down The Wicket/vid478_9.avi,Down The Wicket,Down The Wicket
data/raw/CricShoot10kShootDataset/Sweep/vid462_33.avi,Sweep,Sweep
data/raw/CricShoot10kShootDataset/Sweep/vid327_6.avi,Sweep,Sweep
data/raw/CricShoot10kShootDataset/Square Cut/vid445_55.avi,Square Cut,Square Cut
data/raw/CricShoot10kShootDataset/Sweep/vid68_9.avi,Sweep,Sweep
data/raw/CricShoot10kShootDataset/Scoop/vid124_14.avi,Scoop,Scoop
data/raw/CricShoot10kShootDataset/Down The Wicket/vid440_28.avi,Down The Wicket,Down The Wicket
data/raw/CricShoot10kShootDataset/Sweep/vid195_11.avi,Sweep,Sweep
data/raw/CricShoot10kShootDataset/Upper Cut/vid178_4.avi,Upper Cut,Upper Cut
data/raw/CricShoot10kShootDataset/Down The Wicket/vid93_1.avi,Down The Wicket,Down The Wicket
data/raw/CricShoot10kShootDataset/Sweep/vid324_18.avi,Sweep,Sweep
data/raw/CricShoot10kShootDataset/Lofted Legside/vid389_42.avi,Lofted Legside,Lofted Legside
data/raw/CricShoot10kShootDataset/Pull/vid394_10.avi,Pull,Pull
data/raw/CricShoot10kShootDataset/Pull/vid67_44.avi,Pull,Pull
data/raw/CricShoot10kShootDataset/Sweep/vid461_47.avi,Sweep,Sweep
data/raw/CricShoot10kShootDataset/Reverse Sweep/vid127_9.avi,Reverse Sweep,Reverse Sweep
data/raw/CricShoot10kShootDataset/Lofted Legside/vid75_5.avi,Lofted Legside,Lofted Legside
data/raw/CricShoot10kShootDataset/Flick/vid355_5.avi,Flick,Flick
data/raw/CricShoot10kShootDataset/Cover Drive/vid83_22.avi,Cover Drive,Cover Drive
data/raw/CricShoot10kShootDataset/Lofted Offside/vid496_22.avi,Lofted Offside,Lofted Offside
data/raw/CricShoot10kShootDataset/Down The Wicket/vid450_53.avi,Down The Wicket,Down The Wicket
data/raw/CricShoot10kShootDataset/Defensive/vid523_21.avi,Defensive,Defensive
data/raw/CricShoot10kShootDataset/Lofted Legside/vid498_12.avi,Lofted Legside,Lofted Legside
data/raw/CricShoot10kShootDataset/Lofted Offside/vid155_17.avi,Lofted Offside,Lofted Offside
data/raw/CricShoot10kShootDataset/Lofted Offside/vid519_26.avi,Lofted Offside,Lofted Offside
data/raw/CricShoot10kShootDataset/Lofted Legside/vid380_45.avi,Lofted Legside,Lofted Legside
data/raw/CricShoot10kShootDataset/Flick/vid55_31.avi,Flick,Flick
data/raw/CricShoot10kShootDataset/Defensive/vid2_20.avi,Defensive,Defensive
data/raw/CricShoot10kShootDataset/Pull/vid234_12.avi,Pull,Pull
data/raw/CricShoot10kShootDataset/Down The Wicket/vid106_23.avi,Down The Wicket,Down The Wicket
data/raw/CricShoot10kShootDataset/Defensive/vid316_3.avi,Defensive,Defensive
data/raw/CricShoot10kShootDataset/Scoop/vid131_16.avi,Scoop,Scoop
data/raw/CricShoot10kShootDataset/Lofted Offside/vid534_44.avi,Lofted Offside,Lofted Offside
data/raw/CricShoot10kShootDataset/Cover Drive/vid235_17.avi,Cover Drive,Cover Drive
data/raw/CricShoot10kShootDataset/Square Cut/vid433_41.avi,Square Cut,Square Cut
data/raw/CricShoot10kShootDataset/Pull/vid387_14.avi,Pull,Pull
data/raw/CricShoot10kShootDataset/Lofted Offside/vid398_17.avi,Lofted Offside,Lofted Offside
data/raw/CricShoot10kShootDataset/Hook/vid502_18.avi,Hook,Hook
data/raw/CricShoot10kShootDataset/Sweep/vid51_24.avi,Sweep,Sweep
data/raw/CricShoot10kShootDataset/Down The Wicket/vid451_33.avi,Down The Wicket,Down The Wicket
data/raw/CricShoot10kShootDataset/Square Cut/vid116_24.avi,Square Cut,Square Cut
data/raw/CricShoot10kShootDataset/Sweep/vid66_2.avi,Sweep,Sweep
data/raw/CricShoot10kShootDataset/Square Cut/vid234_1.avi,Square Cut,Square Cut
data/raw/CricShoot10kShootDataset/Square Cut/vid91_45.avi,Square Cut,Square Cut
data/raw/CricShoot10kShootDataset/Sweep/vid434_17.avi,Sweep,Sweep
data/raw/CricShoot10kShootDataset/Lofted Legside/vid442_6.avi,Lofted Legside,Lofted Legside
data/raw/CricShoot10kShootDataset/Lofted Legside/vid449_52.avi,Lofted Legside,Lofted Legside
data/raw/CricShoot10kShootDataset/Cover Drive/vid38_58.avi,Cover Drive,Cover Drive
data/raw/CricShoot10kShootDataset/Hook/vid45_6.avi,Hook,Hook
data/raw/CricShoot10kShootDataset/Sweep/vid457_12.avi,Sweep,Sweep
data/raw/CricShoot10kShootDataset/Pull/vid1_32.avi,Pull,Pull
data/raw/CricShoot10kShootDataset/Defensive/vid325_11.avi,Defensive,Defensive
data/raw/CricShoot10kShootDataset/Lofted Legside/vid352_6.avi,Lofted Legside,Lofted Legside
data/raw/CricShoot10kShootDataset/Lofted Legside/vid500_11.avi,Lofted Legside,Lofted Legside
data/raw/CricShoot10kShootDataset/Square Cut/vid164_20.avi,Square Cut,Square Cut
data/raw/CricShoot10kShootDataset/Straight Drive/vid518_50.avi,Straight Drive,Straight Drive
data/raw/CricShoot10kShootDataset/Cover Drive/vid147_1.avi,Cover Drive,Cover Drive
data/raw/CricShoot10kShootDataset/Lofted Offside/vid443_15.avi,Lofted Offside,Lofted Offside
data/raw/CricShoot10kShootDataset/Lofted Legside/vid496_24.avi,Lofted Legside,Lofted Legside
data/raw/CricShoot10kShootDataset/Flick/vid33_18.avi,Flick,Flick
data/raw/CricShoot10kShootDataset/Down The Wicket/vid62_8.avi,Down The Wicket,Down The Wicket
data/raw/CricShoot10kShootDataset/Reverse Sweep/vid254_5.avi,Reverse Sweep,Reverse Sweep
data/raw/CricShoot10kShootDataset/Reverse Sweep/vid359_24.avi,Reverse Sweep,Reverse Sweep
data/raw/CricShoot10kShootDataset/Lofted Offside/vid486_35.avi,Lofted Offside,Lofted Offside
data/raw/CricShoot10kShootDataset/Lofted Legside/vid461_23.avi,Lofted Legside,Lofted Legside
data/raw/CricShoot10kShootDataset/Reverse Sweep/vid400_24.avi,Reverse Sweep,Reverse Sweep
data/raw/CricShoot10kShootDataset/Down The Wicket/vid107_28.avi,Down The Wicket,Down The Wicket
data/raw/CricShoot10kShootDataset/Lofted Legside/vid440_37.avi,Lofted Legside,Lofted Legside
data/raw/CricShoot10kShootDataset/Flick/vid508_28.avi,Flick,Flick
data/raw/CricShoot10kShootDataset/Sweep/vid86_25.avi,Sweep,Sweep
data/raw/CricShoot10kShootDataset/Scoop/vid429_35.avi,Scoop,Scoop
data/raw/CricShoot10kShootDataset/Straight Drive/vid218_14.avi,Straight Drive,Straight Drive
data/raw/CricShoot10kShootDataset/Lofted Legside/vid344_7.avi,Lofted Legside,Lofted Legside
data/raw/CricShoot10kShootDataset/Square Cut/vid320_15.avi,Square Cut,Square Cut
data/raw/CricShoot10kShootDataset/Defensive/vid296_20.avi,Defensive,Defensive
data/raw/CricShoot10kShootDataset/Sweep/vid466_16.avi,Sweep,Sweep
data/raw/CricShoot10kShootDataset/Lofted Legside/vid515_43.avi,Lofted Legside,Lofted Legside
data/raw/CricShoot10kShootDataset/Cover Drive/vid348_10.avi,Cover Drive,Cover Drive
data/raw/CricShoot10kShootDataset/Upper Cut/vid37_20.avi,Upper Cut,Upper Cut
data/raw/CricShoot10kShootDataset/Pull/vid377_36.avi,Pull,Pull
data/raw/CricShoot10kShootDataset/Sweep/vid171_12.avi,Sweep,Sweep
data/raw/CricShoot10kShootDataset/Hook/vid218_16.avi,Hook,Hook
data/raw/CricShoot10kShootDataset/Late Cut/vid387_48.avi,Late Cut,Late Cut
data/raw/CricShoot10kShootDataset/Flick/vid451_26.avi,Flick,Flick
data/raw/CricShoot10kShootDataset/Lofted Legside/vid482_59.avi,Lofted Legside,Lofted Legside
data/raw/CricShoot10kShootDataset/Defensive/vid241_4.avi,Defensive,Defensive
data/raw/CricShoot10kShootDataset/Down The Wicket/vid114_26.avi,Down The Wicket,Down The Wicket
data/raw/CricShoot10kShootDataset/Straight Drive/vid486_37.avi,Straight Drive,Straight Drive
data/raw/CricShoot10kShootDataset/Hook/vid10_41.avi,Hook,Hook
data/raw/CricShoot10kShootDataset/Down The Wicket/vid141_12.avi,Down The Wicket,Down The Wicket
data/raw/CricShoot10kShootDataset/Lofted Legside/vid3_18.avi,Lofted Legside,Lofted Legside
data/raw/CricShoot10kShootDataset/Flick/vid23_5.avi,Flick,Flick
data/raw/CricShoot10kShootDataset/Square Cut/vid517_36.avi,Square Cut,Square Cut
data/raw/CricShoot10kShootDataset/Pull/vid226_25.avi,Pull,Pull
data/raw/CricShoot10kShootDataset/Square Cut/vid316_13.avi,Square Cut,Square Cut
data/raw/CricShoot10kShootDataset/Flick/vid220_25.avi,Flick,Flick
data/raw/CricShoot10kShootDataset/Square Cut/vid101_10.avi,Square Cut,Square Cut
data/raw/CricShoot10kShootDataset/Cover Drive/vid406_31.avi,Cover Drive,Cover Drive
data/raw/CricShoot10kShootDataset/Lofted Offside/vid160_29.avi,Lofted Offside,Lofted Offside
data/raw/CricShoot10kShootDataset/Lofted Offside/vid519_34.avi,Lofted Offside,Lofted Offside
data/raw/CricShoot10kShootDataset/Defensive/vid237_0.avi,Defensive,Defensive
data/raw/CricShoot10kShootDataset/Lofted Legside/vid489_4.avi,Lofted Legside,Lofted Legside
data/raw/CricShoot10kShootDataset/Square Cut/vid111_1.avi,Square Cut,Square Cut
data/raw/CricShoot10kShootDataset/Reverse Sweep/vid454_35.avi,Reverse Sweep,Reverse Sweep
data/raw/CricShoot10kShootDataset/Down The Wicket/vid125_20.avi,Down The Wicket,Down The Wicket
data/raw/CricShoot10kShootDataset/Sweep/vid482_61.avi,Sweep,Sweep
data/raw/CricShoot10kShootDataset/Sweep/vid323_34.avi,Sweep,Sweep
data/raw/CricShoot10kShootDataset/Flick/vid67_31.avi,Flick,Flick
data/raw/CricShoot10kShootDataset/Late Cut/vid377_9.avi,Late Cut,Late Cut
data/raw/CricShoot10kShootDataset/Pull/vid516_44.avi,Pull,Pull
data/raw/CricShoot10kShootDataset/Scoop/vid43_19.avi,Scoop,Scoop
data/raw/CricShoot10kShootDataset/Sweep/vid110_28.avi,Sweep,Sweep
data/raw/CricShoot10kShootDataset/Sweep/vid384_68.avi,Sweep,Sweep
data/raw/CricShoot10kShootDataset/Square Cut/vid153_24.avi,Square Cut,Square Cut
data/raw/CricShoot10kShootDataset/Lofted Legside/vid61_17.avi,Lofted Legside,Lofted Legside
data/raw/CricShoot10kShootDataset/Pull/vid6_13.avi,Pull,Pull
data/raw/CricShoot10kShootDataset/Square Cut/vid164_30.avi,Square Cut,Square Cut
data/raw/CricShoot10kShootDataset/Flick/vid386_28.avi,Flick,Flick
data/raw/CricShoot10kShootDataset/Lofted Offside/vid476_10.avi,Lofted Offside,Lofted Offside
data/raw/CricShoot10kShootDataset/Pull/vid519_16.avi,Pull,Pull
data/raw/CricShoot10kShootDataset/Square Cut/vid516_41.avi,Square Cut,Square Cut
data/raw/CricShoot10kShootDataset/Square Cut/vid164_21.avi,Square Cut,Square Cut
data/raw/CricShoot10kShootDataset/Straight Drive/vid4_29.avi,Straight Drive,Straight Drive
data/raw/CricShoot10kShootDataset/Reverse Sweep/vid51_27.avi,Reverse Sweep,Reverse Sweep
data/raw/CricShoot10kShootDataset/Sweep/vid49_9.avi,Sweep,Sweep
data/raw/CricShoot10kShootDataset/Scoop/vid313_12.avi,Scoop,Scoop
data/raw/CricShoot10kShootDataset/Lofted Legside/vid81_17.avi,Lofted Legside,Lofted Legside
data/raw/CricShoot10kShootDataset/Sweep/vid369_58.avi,Sweep,Sweep
data/raw/CricShoot10kShootDataset/Upper Cut/vid520_36.avi,Upper Cut,Upper Cut
data/raw/CricShoot10kShootDataset/Sweep/vid175_7.avi,Sweep,Sweep
data/raw/CricShoot10kShootDataset/Cover Drive/vid451_3.avi,Cover Drive,Cover Drive
data/raw/CricShoot10kShootDataset/Sweep/vid13_6.avi,Sweep,Sweep
data/raw/CricShoot10kShootDataset/Sweep/vid374_25.avi,Sweep,Sweep
data/raw/CricShoot10kShootDataset/Defensive/vid108_29.avi,Defensive,Defensive
data/raw/CricShoot10kShootDataset/Sweep/vid444_16.avi,Sweep,Sweep
data/raw/CricShoot10kShootDataset/Scoop/vid28_59.avi,Scoop,Scoop
data/raw/CricShoot10kShootDataset/Lofted Offside/vid509_46.avi,Lofted Offside,Lofted Offside
data/raw/CricShoot10kShootDataset/Lofted Legside/vid517_68.avi,Lofted Legside,Lofted Legside
data/raw/CricShoot10kShootDataset/Cover Drive/vid24_38.avi,Cover Drive,Cover Drive
data/raw/CricShoot10kShootDataset/Down The Wicket/vid459_8.avi,Down The Wicket,Down The Wicket
data/raw/CricShoot10kShootDataset/Lofted Legside/vid516_61.avi,Lofted Legside,Lofted Legside
data/raw/CricShoot10kShootDataset/Late Cut/vid364_29.avi,Late Cut,Late Cut
data/raw/CricShoot10kShootDataset/Scoop/vid282_6.avi,Scoop,Scoop
data/raw/CricShoot10kShootDataset/Pull/vid452_30.avi,Pull,Pull
data/raw/CricShoot10kShootDataset/Lofted Offside/vid424_18.avi,Lofted Offside,Lofted Offside
data/raw/CricShoot10kShootDataset/Flick/vid303_22.avi,Flick,Flick
data/raw/CricShoot10kShootDataset/Sweep/vid210_37.avi,Sweep,Sweep
data/raw/CricShoot10kShootDataset/Lofted Legside/vid136_20.avi,Lofted Legside,Lofted Legside
data/raw/CricShoot10kShootDataset/Lofted Legside/vid335_29.avi,Lofted Legside,Lofted Legside
data/raw/CricShoot10kShootDataset/Down The Wicket/vid385_33.avi,Down The Wicket,Down The Wicket
data/raw/CricShoot10kShootDataset/Flick/vid142_2.avi,Flick,Flick
data/raw/CricShoot10kShootDataset/Lofted Legside/vid488_14.avi,Lofted Legside,Lofted Legside
data/raw/CricShoot10kShootDataset/Lofted Legside/vid505_37.avi,Lofted Legside,Lofted Legside
data/raw/CricShoot10kShootDataset/Sweep/vid349_14.avi,Sweep,Sweep
data/raw/CricShoot10kShootDataset/Lofted Legside/vid122_16.avi,Lofted Legside,Lofted Legside
data/raw/CricShoot10kShootDataset/Flick/vid246_10.avi,Flick,Flick
data/raw/CricShoot10kShootDataset/Square Cut/vid357_7.avi,Square Cut,Square Cut
data/raw/CricShoot10kShootDataset/Lofted Offside/vid320_22.avi,Lofted Offside,Lofted Offside
data/raw/CricShoot10kShootDataset/Lofted Legside/vid475_38.avi,Lofted Legside,Lofted Legside
data/raw/CricShoot10kShootDataset/Lofted Legside/vid474_4.avi,Lofted Legside,Lofted Legside
data/raw/CricShoot10kShootDataset/Lofted Legside/vid527_37.avi,Lofted Legside,Lofted Legside
data/raw/CricShoot10kShootDataset/Upper Cut/vid483_9.avi,Upper Cut,Upper Cut
data/raw/CricShoot10kShootDataset/Scoop/vid460_22.avi,Scoop,Scoop
data/raw/CricShoot10kShootDataset/Lofted Legside/vid494_32.avi,Lofted Legside,Lofted Legside
data/raw/CricShoot10kShootDataset/Defensive/vid183_25.avi,Defensive,Defensive
data/raw/CricShoot10kShootDataset/Lofted Legside/vid344_27.avi,Lofted Legside,Lofted Legside
data/raw/CricShoot10kShootDataset/Straight Drive/vid465_27.avi,Straight Drive,Straight Drive
data/raw/CricShoot10kShootDataset/Cover Drive/vid218_27.avi,Cover Drive,Cover Drive
data/raw/CricShoot10kShootDataset/Lofted Offside/vid361_29.avi,Lofted Offside,Lofted Offside
data/raw/CricShoot10kShootDataset/Lofted Legside/vid192_10.avi,Lofted Legside,Lofted Legside
data/raw/CricShoot10kShootDataset/Square Cut/vid25_9.avi,Square Cut,Square Cut
data/raw/CricShoot10kShootDataset/Pull/vid295_30.avi,Pull,Pull
data/raw/CricShoot10kShootDataset/Lofted Legside/vid522_37.avi,Lofted Legside,Lofted Legside
data/raw/CricShoot10kShootDataset/Late Cut/vid420_18.avi,Late Cut,Late Cut
data/raw/CricShoot10kShootDataset/Defensive/vid319_2.avi,Defensive,Defensive
data/raw/CricShoot10kShootDataset/Flick/vid137_20.avi,Flick,Flick
data/raw/CricShoot10kShootDataset/Down The Wicket/vid135_30.avi,Down The Wicket,Down The Wicket
data/raw/CricShoot10kShootDataset/Lofted Legside/vid43_31.avi,Lofted Legside,Lofted Legside
data/raw/CricShoot10kShootDataset/Upper Cut/vid501_21.avi,Upper Cut,Upper Cut
data/raw/CricShoot10kShootDataset/Flick/vid52_4.avi,Flick,Flick
data/raw/CricShoot10kShootDataset/Sweep/vid409_25.avi,Sweep,Sweep
data/raw/CricShoot10kShootDataset/Hook/vid382_10.avi,Hook,Hook
data/raw/CricShoot10kShootDataset/Cover Drive/vid433_24.avi,Cover Drive,Cover Drive
data/raw/CricShoot10kShootDataset/Hook/vid237_5.avi,Hook,Hook
data/raw/CricShoot10kShootDataset/Cover Drive/vid40_17.avi,Cover Drive,Cover Drive
data/raw/CricShoot10kShootDataset/Defensive/vid315_10.avi,Defensive,Defensive
data/raw/CricShoot10kShootDataset/Pull/vid71_22.avi,Pull,Pull
data/raw/CricShoot10kShootDataset/Lofted Legside/vid394_1.avi,Lofted Legside,Lofted Legside
data/raw/CricShoot10kShootDataset/Square Cut/vid74_28.avi,Square Cut,Square Cut
data/raw/CricShoot10kShootDataset/Sweep/vid533_3.avi,Sweep,Sweep
data/raw/CricShoot10kShootDataset/Lofted Legside/vid453_6.avi,Lofted Legside,Lofted Legside
data/raw/CricShoot10kShootDataset/Lofted Offside/vid468_20.avi,Lofted Offside,Lofted Offside
data/raw/CricShoot10kShootDataset/Sweep/vid527_69.avi,Sweep,Sweep
data/raw/CricShoot10kShootDataset/Flick/vid476_2.avi,Flick,Flick
data/raw/CricShoot10kShootDataset/Flick/vid294_3.avi,Flick,Flick
data/raw/CricShoot10kShootDataset/Defensive/vid307_4.avi,Defensive,Defensive
data/raw/CricShoot10kShootDataset/Upper Cut/vid389_22.avi,Upper Cut,Upper Cut
data/raw/CricShoot10kShootDataset/Late Cut/vid250_31.avi,Late Cut,Late Cut
data/raw/CricShoot10kShootDataset/Cover Drive/vid183_0.avi,Cover Drive,Cover Drive
data/raw/CricShoot10kShootDataset/Lofted Offside/vid514_27.avi,Lofted Offside,Lofted Offside
data/raw/CricShoot10kShootDataset/Lofted Offside/vid259_28.avi,Lofted Offside,Lofted Offside
data/raw/CricShoot10kShootDataset/Lofted Legside/vid144_16.avi,Lofted Legside,Lofted Legside
data/raw/CricShoot10kShootDataset/Hook/vid28_22.avi,Hook,Hook
data/raw/CricShoot10kShootDataset/Square Cut/vid5_19.avi,Square Cut,Square Cut
data/raw/CricShoot10kShootDataset/Sweep/vid151_19.avi,Sweep,Sweep
data/raw/CricShoot10kShootDataset/Lofted Legside/vid415_20.avi,Lofted Legside,Lofted Legside
data/raw/CricShoot10kShootDataset/Upper Cut/vid84_17.avi,Upper Cut,Upper Cut
data/raw/CricShoot10kShootDataset/Lofted Legside/vid114_5.avi,Lofted Legside,Lofted Legside
data/raw/CricShoot10kShootDataset/Sweep/vid429_57.avi,Sweep,Sweep
data/raw/CricShoot10kShootDataset/Lofted Legside/vid170_18.avi,Lofted Legside,Lofted Legside
data/raw/CricShoot10kShootDataset/Flick/vid312_29.avi,Flick,Flick
data/raw/CricShoot10kShootDataset/Square Cut/vid507_30.avi,Square Cut,Square Cut
data/raw/CricShoot10kShootDataset/Pull/vid434_43.avi,Pull,Pull
data/raw/CricShoot10kShootDataset/Flick/vid304_27.avi,Flick,Flick
data/raw/CricShoot10kShootDataset/Late Cut/vid175_30.avi,Late Cut,Late Cut
data/raw/CricShoot10kShootDataset/Hook/vid102_28.avi,Hook,Hook
data/raw/CricShoot10kShootDataset/Square Cut/vid229_16.avi,Square Cut,Square Cut
data/raw/CricShoot10kShootDataset/Hook/vid225_6.avi,Hook,Hook
data/raw/CricShoot10kShootDataset/Down The Wicket/vid114_2.avi,Down The Wicket,Down The Wicket
data/raw/CricShoot10kShootDataset/Lofted Legside/vid34_34.avi,Lofted Legside,Lofted Legside
data/raw/CricShoot10kShootDataset/Down The Wicket/vid28_17.avi,Down The Wicket,Down The Wicket
data/raw/CricShoot10kShootDataset/Hook/vid75_6.avi,Hook,Hook
data/raw/CricShoot10kShootDataset/Flick/vid77_3.avi,Flick,Flick
data/raw/CricShoot10kShootDataset/Cover Drive/vid470_7.avi,Cover Drive,Cover Drive
data/raw/CricShoot10kShootDataset/Defensive/vid534_13.avi,Defensive,Defensive
data/raw/CricShoot10kShootDataset/Down The Wicket/vid434_36.avi,Down The Wicket,Down The Wicket
data/raw/CricShoot10kShootDataset/Cover Drive/vid526_33.avi,Cover Drive,Cover Drive
data/raw/CricShoot10kShootDataset/Flick/vid426_0.avi,Flick,Flick
data/raw/CricShoot10kShootDataset/Sweep/vid406_11.avi,Sweep,Sweep
data/raw/CricShoot10kShootDataset/Square Cut/vid526_24.avi,Square Cut,Square Cut
data/raw/CricShoot10kShootDataset/Square Cut/vid505_0.avi,Square Cut,Square Cut
data/raw/CricShoot10kShootDataset/Square Cut/vid387_42.avi,Square Cut,Square Cut
data/raw/CricShoot10kShootDataset/Down The Wicket/vid384_43.avi,Down The Wicket,Down The Wicket
data/raw/CricShoot10kShootDataset/Late Cut/vid118_8.avi,Late Cut,Late Cut
data/raw/CricShoot10kShootDataset/Square Cut/vid514_48.avi,Square Cut,Square Cut
data/raw/CricShoot10kShootDataset/Sweep/vid62_9.avi,Sweep,Sweep
data/raw/CricShoot10kShootDataset/Flick/vid37_31.avi,Flick,Flick
data/raw/CricShoot10kShootDataset/Lofted Legside/vid363_22.avi,Lofted Legside,Lofted Legside
data/raw/CricShoot10kShootDataset/Lofted Offside/vid419_19.avi,Lofted Offside,Lofted Offside
data/raw/CricShoot10kShootDataset/Flick/vid505_32.avi,Flick,Flick
data/raw/CricShoot10kShootDataset/Lofted Offside/vid141_17.avi,Lofted Offside,Lofted Offside
data/raw/CricShoot10kShootDataset/Reverse Sweep/vid387_33.avi,Reverse Sweep,Reverse Sweep
data/raw/CricShoot10kShootDataset/Flick/vid38_10.avi,Flick,Flick
data/raw/CricShoot10kShootDataset/Lofted Offside/vid434_10.avi,Lofted Offside,Lofted Offside
data/raw/CricShoot10kShootDataset/Upper Cut/vid210_18.avi,Upper Cut,Upper Cut
data/raw/CricShoot10kShootDataset/Lofted Legside/vid344_15.avi,Lofted Legside,Lofted Legside
data/raw/CricShoot10kShootDataset/Down The Wicket/vid432_22.avi,Down The Wicket,Down The Wicket
data/raw/CricShoot10kShootDataset/Flick/vid535_36.avi,Flick,Flick
data/raw/CricShoot10kShootDataset/Late Cut/vid377_2.avi,Late Cut,Late Cut
data/raw/CricShoot10kShootDataset/Down The Wicket/vid148_9.avi,Down The Wicket,Down The Wicket
data/raw/CricShoot10kShootDataset/Flick/vid533_60.avi,Flick,Flick
data/raw/CricShoot10kShootDataset/Pull/vid454_27.avi,Pull,Pull
data/raw/CricShoot10kShootDataset/Scoop/vid506_39.avi,Scoop,Scoop
data/raw/CricShoot10kShootDataset/Lofted Offside/vid262_42.avi,Lofted Offside,Lofted Offside
data/raw/CricShoot10kShootDataset/Lofted Legside/vid78_38.avi,Lofted Legside,Lofted Legside
data/raw/CricShoot10kShootDataset/Pull/vid485_40.avi,Pull,Pull
data/raw/CricShoot10kShootDataset/Down The Wicket/vid454_30.avi,Down The Wicket,Down The Wicket
data/raw/CricShoot10kShootDataset/Flick/vid312_1.avi,Flick,Flick
data/raw/CricShoot10kShootDataset/Hook/vid234_38.avi,Hook,Hook
data/raw/CricShoot10kShootDataset/Hook/vid385_50.avi,Hook,Hook
data/raw/CricShoot10kShootDataset/Flick/vid489_34.avi,Flick,Flick
data/raw/CricShoot10kShootDataset/Down The Wicket/vid221_29.avi,Down The Wicket,Down The Wicket
data/raw/CricShoot10kShootDataset/Square Cut/vid93_42.avi,Square Cut,Square Cut
data/raw/CricShoot10kShootDataset/Upper Cut/vid476_28.avi,Upper Cut,Upper Cut
data/raw/CricShoot10kShootDataset/Lofted Offside/vid514_32.avi,Lofted Offside,Lofted Offside
data/raw/CricShoot10kShootDataset/Late Cut/vid109_5.avi,Late Cut,Late Cut
data/raw/CricShoot10kShootDataset/Cover Drive/vid167_3.avi,Cover Drive,Cover Drive
data/raw/CricShoot10kShootDataset/Lofted Legside/vid153_18.avi,Lofted Legside,Lofted Legside
data/raw/CricShoot10kShootDataset/Pull/vid83_32.avi,Pull,Pull
data/raw/CricShoot10kShootDataset/Down The Wicket/vid451_9.avi,Down The Wicket,Down The Wicket
data/raw/CricShoot10kShootDataset/Straight Drive/vid495_0.avi,Straight Drive,Straight Drive
data/raw/CricShoot10kShootDataset/Defensive/vid42_15.avi,Defensive,Defensive
data/raw/CricShoot10kShootDataset/Lofted Offside/vid350_21.avi,Lofted Offside,Lofted Offside
data/raw/CricShoot10kShootDataset/Square Cut/vid298_23.avi,Square Cut,Square Cut
data/raw/CricShoot10kShootDataset/Sweep/vid527_2.avi,Sweep,Sweep
data/raw/CricShoot10kShootDataset/Lofted Legside/vid258_22.avi,Lofted Legside,Lofted Legside
data/raw/CricShoot10kShootDataset/Lofted Legside/vid482_66.avi,Lofted Legside,Lofted Legside
data/raw/CricShoot10kShootDataset/Square Cut/vid245_49.avi,Square Cut,Square Cut
data/raw/CricShoot10kShootDataset/Hook/vid519_24.avi,Hook,Hook
data/raw/CricShoot10kShootDataset/Upper Cut/vid165_9.avi,Upper Cut,Upper Cut
data/raw/CricShoot10kShootDataset/Late Cut/vid144_7.avi,Late Cut,Late Cut
data/raw/CricShoot10kShootDataset/Square Cut/vid140_20.avi,Square Cut,Square Cut
data/raw/CricShoot10kShootDataset/Lofted Legside/vid522_30.avi,Lofted Legside,Lofted Legside
data/raw/CricShoot10kShootDataset/Cover Drive/vid448_18.avi,Cover Drive,Cover Drive
data/raw/CricShoot10kShootDataset/Flick/vid34_4.avi,Flick,Flick
data/raw/CricShoot10kShootDataset/Pull/vid236_18.avi,Pull,Pull
data/raw/CricShoot10kShootDataset/Straight Drive/vid392_31.avi,Straight Drive,Straight Drive
data/raw/CricShoot10kShootDataset/Straight Drive/vid502_0.avi,Straight Drive,Straight Drive
data/raw/CricShoot10kShootDataset/Lofted Offside/vid433_17.avi,Lofted Offside,Lofted Offside
data/raw/CricShoot10kShootDataset/Flick/vid116_35.avi,Flick,Flick
data/raw/CricShoot10kShootDataset/Down The Wicket/vid282_7.avi,Down The Wicket,Down The Wicket
data/raw/CricShoot10kShootDataset/Lofted Offside/vid138_10.avi,Lofted Offside,Lofted Offside
data/raw/CricShoot10kShootDataset/Lofted Legside/vid511_32.avi,Lofted Legside,Lofted Legside
data/raw/CricShoot10kShootDataset/Sweep/vid9_28.avi,Sweep,Sweep
data/raw/CricShoot10kShootDataset/Lofted Legside/vid237_26.avi,Lofted Legside,Lofted Legside
data/raw/CricShoot10kShootDataset/Flick/vid389_64.avi,Flick,Flick
data/raw/CricShoot10kShootDataset/Upper Cut/vid42_7.avi,Upper Cut,Upper Cut
data/raw/CricShoot10kShootDataset/Straight Drive/vid456_28.avi,Straight Drive,Straight Drive
data/raw/CricShoot10kShootDataset/Hook/vid298_26.avi,Hook,Hook
data/raw/CricShoot10kShootDataset/Sweep/vid387_11.avi,Sweep,Sweep
data/raw/CricShoot10kShootDataset/Down The Wicket/vid463_19.avi,Down The Wicket,Down The Wicket
data/raw/CricShoot10kShootDataset/Cover Drive/vid388_19.avi,Cover Drive,Cover Drive
data/raw/CricShoot10kShootDataset/Flick/vid122_15.avi,Flick,Flick
data/raw/CricShoot10kShootDataset/Lofted Offside/vid17_5.avi,Lofted Offside,Lofted Offside
data/raw/CricShoot10kShootDataset/Sweep/vid386_10.avi,Sweep,Sweep
data/raw/CricShoot10kShootDataset/Flick/vid444_10.avi,Flick,Flick
data/raw/CricShoot10kShootDataset/Flick/vid8_25.avi,Flick,Flick
data/raw/CricShoot10kShootDataset/Flick/vid161_32.avi,Flick,Flick
data/raw/CricShoot10kShootDataset/Cover Drive/vid31_6.avi,Cover Drive,Cover Drive
data/raw/CricShoot10kShootDataset/Sweep/vid129_12.avi,Sweep,Sweep
data/raw/CricShoot10kShootDataset/Flick/vid42_28.avi,Flick,Flick
data/raw/CricShoot10kShootDataset/Pull/vid55_79.avi,Pull,Pull
data/raw/CricShoot10kShootDataset/Defensive/vid4_30.avi,Defensive,Defensive
data/raw/CricShoot10kShootDataset/Lofted Offside/vid248_28.avi,Lofted Offside,Lofted Offside
data/raw/CricShoot10kShootDataset/Flick/vid417_22.avi,Flick,Flick
data/raw/CricShoot10kShootDataset/Lofted Offside/vid516_62.avi,Lofted Offside,Lofted Offside
data/raw/CricShoot10kShootDataset/Flick/vid355_3.avi,Flick,Flick
data/raw/CricShoot10kShootDataset/Flick/vid277_15.avi,Flick,Flick
data/raw/CricShoot10kShootDataset/Flick/vid100_64.avi,Flick,Flick
data/raw/CricShoot10kShootDataset/Pull/vid213_13.avi,Pull,Pull
data/raw/CricShoot10kShootDataset/Pull/vid513_9.avi,Pull,Pull
data/raw/CricShoot10kShootDataset/Straight Drive/vid529_60.avi,Straight Drive,Straight Drive
data/raw/CricShoot10kShootDataset/Pull/vid44_42.avi,Pull,Pull
data/raw/CricShoot10kShootDataset/Lofted Offside/vid508_36.avi,Lofted Offside,Lofted Offside
data/raw/CricShoot10kShootDataset/Pull/vid439_41.avi,Pull,Pull
data/raw/CricShoot10kShootDataset/Cover Drive/vid295_0.avi,Cover Drive,Cover Drive
data/raw/CricShoot10kShootDataset/Defensive/vid242_18.avi,Defensive,Defensive
data/raw/CricShoot10kShootDataset/Sweep/vid442_24.avi,Sweep,Sweep
data/raw/CricShoot10kShootDataset/Down The Wicket/vid330_10.avi,Down The Wicket,Down The Wicket
data/raw/CricShoot10kShootDataset/Square Cut/vid361_46.avi,Square Cut,Square Cut
data/raw/CricShoot10kShootDataset/Square Cut/vid514_40.avi,Square Cut,Square Cut
data/raw/CricShoot10kShootDataset/Square Cut/vid380_26.avi,Square Cut,Square Cut
data/raw/CricShoot10kShootDataset/Sweep/vid504_27.avi,Sweep,Sweep
data/raw/CricShoot10kShootDataset/Late Cut/vid464_14.avi,Late Cut,Late Cut
data/raw/CricShoot10kShootDataset/Defensive/vid373_25.avi,Defensive,Defensive
data/raw/CricShoot10kShootDataset/Lofted Offside/vid56_12.avi,Lofted Offside,Lofted Offside
data/raw/CricShoot10kShootDataset/Square Cut/vid384_54.avi,Square Cut,Square Cut
data/raw/CricShoot10kShootDataset/Scoop/vid342_7.avi,Scoop,Scoop
data/raw/CricShoot10kShootDataset/Hook/vid516_33.avi,Hook,Hook
data/raw/CricShoot10kShootDataset/Square Cut/vid499_3.avi,Square Cut,Square Cut
data/raw/CricShoot10kShootDataset/Lofted Legside/vid182_20.avi,Lofted Legside,Lofted Legside
data/raw/CricShoot10kShootDataset/Cover Drive/vid213_31.avi,Cover Drive,Cover Drive
data/raw/CricShoot10kShootDataset/Defensive/vid225_2.avi,Defensive,Defensive
data/raw/CricShoot10kShootDataset/Cover Drive/vid101_24.avi,Cover Drive,Cover Drive
data/raw/CricShoot10kShootDataset/Lofted Offside/vid494_15.avi,Lofted Offside,Lofted Offside
data/raw/CricShoot10kShootDataset/Square Cut/vid86_5.avi,Square Cut,Square Cut
data/raw/CricShoot10kShootDataset/Cover Drive/vid524_28.avi,Cover Drive,Cover Drive
data/raw/CricShoot10kShootDataset/Cover Drive/vid103_15.avi,Cover Drive,Cover Drive
data/raw/CricShoot10kShootDataset/Square Cut/vid213_46.avi,Square Cut,Square Cut
data/raw/CricShoot10kShootDataset/Defensive/vid533_34.avi,Defensive,Defensive
data/raw/CricShoot10kShootDataset/Hook/vid75_13.avi,Hook,Hook
data/raw/CricShoot10kShootDataset/Lofted Offside/vid93_38.avi,Lofted Offside,Lofted Offside
data/raw/CricShoot10kShootDataset/Down The Wicket/vid219_7.avi,Down The Wicket,Down The Wicket
data/raw/CricShoot10kShootDataset/Hook/vid74_2.avi,Hook,Hook
data/raw/CricShoot10kShootDataset/Cover Drive/vid303_20.avi,Cover Drive,Cover Drive
data/raw/CricShoot10kShootDataset/Straight Drive/vid467_22.avi,Straight Drive,Straight Drive
data/raw/CricShoot10kShootDataset/Down The Wicket/vid353_30.avi,Down The Wicket,Down The Wicket
data/raw/CricShoot10kShootDataset/Lofted Legside/vid135_20.avi,Lofted Legside,Lofted Legside
data/raw/CricShoot10kShootDataset/Lofted Offside/vid213_27.avi,Lofted Offside,Lofted Offside
data/raw/CricShoot10kShootDataset/Sweep/vid487_19.avi,Sweep,Sweep
data/raw/CricShoot10kShootDataset/Hook/vid34_36.avi,Hook,Hook
data/raw/CricShoot10kShootDataset/Lofted Legside/vid518_8.avi,Lofted Legside,Lofted Legside
data/raw/CricShoot10kShootDataset/Lofted Legside/vid488_48.avi,Lofted Legside,Lofted Legside
data/raw/CricShoot10kShootDataset/Hook/vid520_39.avi,Hook,Hook
data/raw/CricShoot10kShootDataset/Square Cut/vid435_33.avi,Square Cut,Square Cut
data/raw/CricShoot10kShootDataset/Flick/vid116_8.avi,Flick,Flick
data/raw/CricShoot10kShootDataset/Sweep/vid66_6.avi,Sweep,Sweep
data/raw/CricShoot10kShootDataset/Hook/vid209_44.avi,Hook,Hook
data/raw/CricShoot10kShootDataset/Late Cut/vid368_16.avi,Late Cut,Late Cut
data/raw/CricShoot10kShootDataset/Sweep/vid261_30.avi,Sweep,Sweep
data/raw/CricShoot10kShootDataset/Down The Wicket/vid451_34.avi,Down The Wicket,Down The Wicket
data/raw/CricShoot10kShootDataset/Lofted Legside/vid491_19.avi,Lofted Legside,Lofted Legside
data/raw/CricShoot10kShootDataset/Lofted Offside/vid327_23.avi,Lofted Offside,Lofted Offside
data/raw/CricShoot10kShootDataset/Sweep/vid437_49.avi,Sweep,Sweep
data/raw/CricShoot10kShootDataset/Hook/vid25_15.avi,Hook,Hook
data/raw/CricShoot10kShootDataset/Flick/vid380_55.avi,Flick,Flick
data/raw/CricShoot10kShootDataset/Lofted Legside/vid518_39.avi,Lofted Legside,Lofted Legside
data/raw/CricShoot10kShootDataset/Flick/vid240_0.avi,Flick,Flick
data/raw/CricShoot10kShootDataset/Square Cut/vid240_53.avi,Square Cut,Square Cut
data/raw/CricShoot10kShootDataset/Late Cut/vid436_37.avi,Late Cut,Late Cut
data/raw/CricShoot10kShootDataset/Square Cut/vid438_23.avi,Square Cut,Square Cut
data/raw/CricShoot10kShootDataset/Sweep/vid441_22.avi,Sweep,Sweep
data/raw/CricShoot10kShootDataset/Hook/vid42_3.avi,Hook,Hook
data/raw/CricShoot10kShootDataset/Lofted Offside/vid40_90.avi,Lofted Offside,Lofted Offside
data/raw/CricShoot10kShootDataset/Pull/vid488_35.avi,Pull,Pull
data/raw/CricShoot10kShootDataset/Down The Wicket/vid67_20.avi,Down The Wicket,Down The Wicket
data/raw/CricShoot10kShootDataset/Lofted Offside/vid505_8.avi,Lofted Offside,Lofted Offside
data/raw/CricShoot10kShootDataset/Flick/vid508_2.avi,Flick,Flick
data/raw/CricShoot10kShootDataset/Down The Wicket/vid356_19.avi,Down The Wicket,Down The Wicket
data/raw/CricShoot10kShootDataset/Sweep/vid31_34.avi,Sweep,Sweep
data/raw/CricShoot10kShootDataset/Cover Drive/vid296_18.avi,Cover Drive,Cover Drive
data/raw/CricShoot10kShootDataset/Cover Drive/vid15_27.avi,Cover Drive,Cover Drive
data/raw/CricShoot10kShootDataset/Flick/vid116_14.avi,Flick,Flick
data/raw/CricShoot10kShootDataset/Lofted Legside/vid43_56.avi,Lofted Legside,Lofted Legside
data/raw/CricShoot10kShootDataset/Lofted Legside/vid77_37.avi,Lofted Legside,Lofted Legside
data/raw/CricShoot10kShootDataset/Pull/vid440_55.avi,Pull,Pull
data/raw/CricShoot10kShootDataset/Cover Drive/vid218_2.avi,Cover Drive,Cover Drive
data/raw/CricShoot10kShootDataset/Square Cut/vid222_36.avi,Square Cut,Square Cut
data/raw/CricShoot10kShootDataset/Down The Wicket/vid443_68.avi,Down The Wicket,Down The Wicket
data/raw/CricShoot10kShootDataset/Flick/vid381_17.avi,Flick,Flick
data/raw/CricShoot10kShootDataset/Sweep/vid320_9.avi,Sweep,Sweep
data/raw/CricShoot10kShootDataset/Sweep/vid224_9.avi,Sweep,Sweep
data/raw/CricShoot10kShootDataset/Flick/vid44_2.avi,Flick,Flick
data/raw/CricShoot10kShootDataset/Pull/vid40_61.avi,Pull,Pull
data/raw/CricShoot10kShootDataset/Square Cut/vid506_31.avi,Square Cut,Square Cut
data/raw/CricShoot10kShootDataset/Sweep/vid485_38.avi,Sweep,Sweep
data/raw/CricShoot10kShootDataset/Lofted Legside/vid355_43.avi,Lofted Legside,Lofted Legside
data/raw/CricShoot10kShootDataset/Straight Drive/vid446_38.avi,Straight Drive,Straight Drive
data/raw/CricShoot10kShootDataset/Lofted Legside/vid465_26.avi,Lofted Legside,Lofted Legside
data/raw/CricShoot10kShootDataset/Sweep/vid204_45.avi,Sweep,Sweep
data/raw/CricShoot10kShootDataset/Square Cut/vid93_44.avi,Square Cut,Square Cut
data/raw/CricShoot10kShootDataset/Late Cut/vid518_29.avi,Late Cut,Late Cut
data/raw/CricShoot10kShootDataset/Defensive/vid531_11.avi,Defensive,Defensive
data/raw/CricShoot10kShootDataset/Flick/vid142_3.avi,Flick,Flick
data/raw/CricShoot10kShootDataset/Scoop/vid483_33.avi,Scoop,Scoop
data/raw/CricShoot10kShootDataset/Scoop/vid488_19.avi,Scoop,Scoop
data/raw/CricShoot10kShootDataset/Reverse Sweep/vid532_65.avi,Reverse Sweep,Reverse Sweep
data/raw/CricShoot10kShootDataset/Square Cut/vid254_8.avi,Square Cut,Square Cut
data/raw/CricShoot10kShootDataset/Pull/vid437_2.avi,Pull,Pull
data/raw/CricShoot10kShootDataset/Cover Drive/vid437_10.avi,Cover Drive,Cover Drive
data/raw/CricShoot10kShootDataset/Lofted Legside/vid43_70.avi,Lofted Legside,Lofted Legside
data/raw/CricShoot10kShootDataset/Flick/vid482_56.avi,Flick,Flick
data/raw/CricShoot10kShootDataset/Lofted Offside/vid476_19.avi,Lofted Offside,Lofted Offside
data/raw/CricShoot10kShootDataset/Pull/vid395_3.avi,Pull,Pull
data/raw/CricShoot10kShootDataset/Defensive/vid100_48.avi,Defensive,Defensive
data/raw/CricShoot10kShootDataset/Pull/vid8_18.avi,Pull,Pull
data/raw/CricShoot10kShootDataset/Cover Drive/vid147_19.avi,Cover Drive,Cover Drive
data/raw/CricShoot10kShootDataset/Defensive/vid220_17.avi,Defensive,Defensive
data/raw/CricShoot10kShootDataset/Cover Drive/vid363_11.avi,Cover Drive,Cover Drive
data/raw/CricShoot10kShootDataset/Late Cut/vid469_5.avi,Late Cut,Late Cut
data/raw/CricShoot10kShootDataset/Square Cut/vid536_34.avi,Square Cut,Square Cut
data/raw/CricShoot10kShootDataset/Down The Wicket/vid437_64.avi,Down The Wicket,Down The Wicket
data/raw/CricShoot10kShootDataset/Sweep/vid454_29.avi,Sweep,Sweep
data/raw/CricShoot10kShootDataset/Pull/vid489_32.avi,Pull,Pull
data/raw/CricShoot10kShootDataset/Flick/vid439_32.avi,Flick,Flick
data/raw/CricShoot10kShootDataset/Square Cut/vid231_18.avi,Square Cut,Square Cut
data/raw/CricShoot10kShootDataset/Scoop/vid508_17.avi,Scoop,Scoop
data/raw/CricShoot10kShootDataset/Pull/vid240_52.avi,Pull,Pull
data/raw/CricShoot10kShootDataset/Lofted Offside/vid101_28.avi,Lofted Offside,Lofted Offside
data/raw/CricShoot10kShootDataset/Lofted Offside/vid485_30.avi,Lofted Offside,Lofted Offside
data/raw/CricShoot10kShootDataset/Lofted Legside/vid138_27.avi,Lofted Legside,Lofted Legside
data/raw/CricShoot10kShootDataset/Lofted Offside/vid505_31.avi,Lofted Offside,Lofted Offside
data/raw/CricShoot10kShootDataset/Scoop/vid80_3.avi,Scoop,Scoop
data/raw/CricShoot10kShootDataset/Hook/vid124_31.avi,Hook,Hook
data/raw/CricShoot10kShootDataset/Hook/vid10_33.avi,Hook,Hook
data/raw/CricShoot10kShootDataset/Square Cut/vid129_5.avi,Square Cut,Square Cut
data/raw/CricShoot10kShootDataset/Hook/vid143_2.avi,Hook,Hook
data/raw/CricShoot10kShootDataset/Straight Drive/vid163_17.avi,Straight Drive,Straight Drive
data/raw/CricShoot10kShootDataset/Flick/vid238_29.avi,Flick,Flick
data/raw/CricShoot10kShootDataset/Square Cut/vid109_26.avi,Square Cut,Square Cut
data/raw/CricShoot10kShootDataset/Flick/vid374_37.avi,Flick,Flick
data/raw/CricShoot10kShootDataset/Straight Drive/vid450_9.avi,Straight Drive,Straight Drive
data/raw/CricShoot10kShootDataset/Lofted Legside/vid366_16.avi,Lofted Legside,Lofted Legside
data/raw/CricShoot10kShootDataset/Hook/vid34_21.avi,Hook,Hook
data/raw/CricShoot10kShootDataset/Defensive/vid100_3.avi,Defensive,Defensive
data/raw/CricShoot10kShootDataset/Square Cut/vid357_51.avi,Square Cut,Square Cut
data/raw/CricShoot10kShootDataset/Lofted Offside/vid369_59.avi,Lofted Offside,Lofted Offside
data/raw/CricShoot10kShootDataset/Sweep/vid441_45.avi,Sweep,Sweep
data/raw/CricShoot10kShootDataset/Pull/vid477_4.avi,Pull,Pull
data/raw/CricShoot10kShootDataset/Square Cut/vid400_27.avi,Square Cut,Square Cut
data/raw/CricShoot10kShootDataset/Sweep/vid11_22.avi,Sweep,Sweep
data/raw/CricShoot10kShootDataset/Lofted Legside/vid366_57.avi,Lofted Legside,Lofted Legside
data/raw/CricShoot10kShootDataset/Lofted Offside/vid488_42.avi,Lofted Offside,Lofted Offside
data/raw/CricShoot10kShootDataset/Flick/vid374_5.avi,Flick,Flick
data/raw/CricShoot10kShootDataset/Defensive/vid235_25.avi,Defensive,Defensive
data/raw/CricShoot10kShootDataset/Lofted Offside/vid500_3.avi,Lofted Offside,Lofted Offside
data/raw/CricShoot10kShootDataset/Defensive/vid233_14.avi,Defensive,Defensive
data/raw/CricShoot10kShootDataset/Straight Drive/vid415_24.avi,Straight Drive,Straight Drive
data/raw/CricShoot10kShootDataset/Flick/vid329_20.avi,Flick,Flick
data/raw/CricShoot10kShootDataset/Lofted Legside/vid436_22.avi,Lofted Legside,Lofted Legside
data/raw/CricShoot10kShootDataset/Cover Drive/vid342_15.avi,Cover Drive,Cover Drive
data/raw/CricShoot10kShootDataset/Flick/vid216_4.avi,Flick,Flick
data/raw/CricShoot10kShootDataset/Lofted Legside/vid216_42.avi,Lofted Legside,Lofted Legside
data/raw/CricShoot10kShootDataset/Pull/vid312_18.avi,Pull,Pull
data/raw/CricShoot10kShootDataset/Defensive/vid488_34.avi,Defensive,Defensive
data/raw/CricShoot10kShootDataset/Straight Drive/vid310_3.avi,Straight Drive,Straight Drive
data/raw/CricShoot10kShootDataset/Sweep/vid90_22.avi,Sweep,Sweep
data/raw/CricShoot10kShootDataset/Straight Drive/vid41_5.avi,Straight Drive,Straight Drive
data/raw/CricShoot10kShootDataset/Defensive/vid294_19.avi,Defensive,Defensive
data/raw/CricShoot10kShootDataset/Flick/vid346_12.avi,Flick,Flick
data/raw/CricShoot10kShootDataset/Lofted Offside/vid437_40.avi,Lofted Offside,Lofted Offside
data/raw/CricShoot10kShootDataset/Lofted Offside/vid335_12.avi,Lofted Offside,Lofted Offside
data/raw/CricShoot10kShootDataset/Lofted Offside/vid483_46.avi,Lofted Offside,Lofted Offside
data/raw/CricShoot10kShootDataset/Lofted Offside/vid330_12.avi,Lofted Offside,Lofted Offside
data/raw/CricShoot10kShootDataset/Lofted Offside/vid68_26.avi,Lofted Offside,Lofted Offside
data/raw/CricShoot10kShootDataset/Square Cut/vid389_15.avi,Square Cut,Square Cut
data/raw/CricShoot10kShootDataset/Hook/vid74_4.avi,Hook,Hook
data/raw/CricShoot10kShootDataset/Lofted Offside/vid48_15.avi,Lofted Offside,Lofted Offside
data/raw/CricShoot10kShootDataset/Lofted Legside/vid335_8.avi,Lofted Legside,Lofted Legside
data/raw/CricShoot10kShootDataset/Straight Drive/vid230_22.avi,Straight Drive,Straight Drive
data/raw/CricShoot10kShootDataset/Lofted Legside/vid65_48.avi,Lofted Legside,Lofted Legside
data/raw/CricShoot10kShootDataset/Lofted Legside/vid102_22.avi,Lofted Legside,Lofted Legside
data/raw/CricShoot10kShootDataset/Square Cut/vid274_3.avi,Square Cut,Square Cut
data/raw/CricShoot10kShootDataset/Lofted Legside/vid504_36.avi,Lofted Legside,Lofted Legside
data/raw/CricShoot10kShootDataset/Cover Drive/vid225_3.avi,Cover Drive,Cover Drive
data/raw/CricShoot10kShootDataset/Reverse Sweep/vid340_2.avi,Reverse Sweep,Reverse Sweep
data/raw/CricShoot10kShootDataset/Flick/vid521_52.avi,Flick,Flick
data/raw/CricShoot10kShootDataset/Flick/vid483_6.avi,Flick,Flick
data/raw/CricShoot10kShootDataset/Lofted Legside/vid387_0.avi,Lofted Legside,Lofted Legside
data/raw/CricShoot10kShootDataset/Reverse Sweep/vid180_25.avi,Reverse Sweep,Reverse Sweep
data/raw/CricShoot10kShootDataset/Pull/vid443_31.avi,Pull,Pull
data/raw/CricShoot10kShootDataset/Scoop/vid468_21.avi,Scoop,Scoop
data/raw/CricShoot10kShootDataset/Straight Drive/vid488_1.avi,Straight Drive,Straight Drive
data/raw/CricShoot10kShootDataset/Lofted Offside/vid524_12.avi,Lofted Offside,Lofted Offside
data/raw/CricShoot10kShootDataset/Pull/vid110_12.avi,Pull,Pull
data/raw/CricShoot10kShootDataset/Down The Wicket/vid459_7.avi,Down The Wicket,Down The Wicket
data/raw/CricShoot10kShootDataset/Flick/vid403_21.avi,Flick,Flick
data/raw/CricShoot10kShootDataset/Pull/vid384_81.avi,Pull,Pull
data/raw/CricShoot10kShootDataset/Hook/vid446_17.avi,Hook,Hook
data/raw/CricShoot10kShootDataset/Down The Wicket/vid467_10.avi,Down The Wicket,Down The Wicket
data/raw/CricShoot10kShootDataset/Down The Wicket/vid459_3.avi,Down The Wicket,Down The Wicket
data/raw/CricShoot10kShootDataset/Upper Cut/vid320_25.avi,Upper Cut,Upper Cut
data/raw/CricShoot10kShootDataset/Flick/vid505_23.avi,Flick,Flick
data/raw/CricShoot10kShootDataset/Pull/vid380_50.avi,Pull,Pull
data/raw/CricShoot10kShootDataset/Flick/vid482_0.avi,Flick,Flick
data/raw/CricShoot10kShootDataset/Pull/vid455_13.avi,Pull,Pull
data/raw/CricShoot10kShootDataset/Lofted Offside/vid398_14.avi,Lofted Offside,Lofted Offside
data/raw/CricShoot10kShootDataset/Down The Wicket/vid434_33.avi,Down The Wicket,Down The Wicket
data/raw/CricShoot10kShootDataset/Lofted Legside/vid439_4.avi,Lofted Legside,Lofted Legside
data/raw/CricShoot10kShootDataset/Lofted Legside/vid476_9.avi,Lofted Legside,Lofted Legside
data/raw/CricShoot10kShootDataset/Late Cut/vid55_0.avi,Late Cut,Late Cut
data/raw/CricShoot10kShootDataset/Pull/vid488_37.avi,Pull,Pull
data/raw/CricShoot10kShootDataset/Flick/vid2_29.avi,Flick,Flick
data/raw/CricShoot10kShootDataset/Reverse Sweep/vid203_24.avi,Reverse Sweep,Reverse Sweep
data/raw/CricShoot10kShootDataset/Lofted Legside/vid337_39.avi,Lofted Legside,Lofted Legside
data/raw/CricShoot10kShootDataset/Cover Drive/vid452_24.avi,Cover Drive,Cover Drive
data/raw/CricShoot10kShootDataset/Cover Drive/vid296_25.avi,Cover Drive,Cover Drive
data/raw/CricShoot10kShootDataset/Down The Wicket/vid229_9.avi,Down The Wicket,Down The Wicket
data/raw/CricShoot10kShootDataset/Flick/vid382_38.avi,Flick,Flick
data/raw/CricShoot10kShootDataset/Pull/vid133_5.avi,Pull,Pull
data/raw/CricShoot10kShootDataset/Lofted Offside/vid388_56.avi,Lofted Offside,Lofted Offside
data/raw/CricShoot10kShootDataset/Defensive/vid299_0.avi,Defensive,Defensive
data/raw/CricShoot10kShootDataset/Flick/vid50_25.avi,Flick,Flick
data/raw/CricShoot10kShootDataset/Pull/vid382_30.avi,Pull,Pull
data/raw/CricShoot10kShootDataset/Defensive/vid235_37.avi,Defensive,Defensive
data/raw/CricShoot10kShootDataset/Cover Drive/vid310_1.avi,Cover Drive,Cover Drive
data/raw/CricShoot10kShootDataset/Flick/vid100_67.avi,Flick,Flick
data/raw/CricShoot10kShootDataset/Lofted Legside/vid488_18.avi,Lofted Legside,Lofted Legside
data/raw/CricShoot10kShootDataset/Flick/vid451_52.avi,Flick,Flick
data/raw/CricShoot10kShootDataset/Flick/vid252_9.avi,Flick,Flick
data/raw/CricShoot10kShootDataset/Sweep/vid427_27.avi,Sweep,Sweep
data/raw/CricShoot10kShootDataset/Sweep/vid527_17.avi,Sweep,Sweep
data/raw/CricShoot10kShootDataset/Pull/vid385_41.avi,Pull,Pull
data/raw/CricShoot10kShootDataset/Square Cut/vid386_34.avi,Square Cut,Square Cut
data/raw/CricShoot10kShootDataset/Defensive/vid240_47.avi,Defensive,Defensive
data/raw/CricShoot10kShootDataset/Sweep/vid188_2.avi,Sweep,Sweep
data/raw/CricShoot10kShootDataset/Sweep/vid445_23.avi,Sweep,Sweep
data/raw/CricShoot10kShootDataset/Flick/vid436_4.avi,Flick,Flick
data/raw/CricShoot10kShootDataset/Straight Drive/vid248_10.avi,Straight Drive,Straight Drive
data/raw/CricShoot10kShootDataset/Square Cut/vid145_19.avi,Square Cut,Square Cut
data/raw/CricShoot10kShootDataset/Lofted Offside/vid496_8.avi,Lofted Offside,Lofted Offside
data/raw/CricShoot10kShootDataset/Pull/vid76_18.avi,Pull,Pull
data/raw/CricShoot10kShootDataset/Late Cut/vid3_24.avi,Late Cut,Late Cut
data/raw/CricShoot10kShootDataset/Sweep/vid323_28.avi,Sweep,Sweep
data/raw/CricShoot10kShootDataset/Down The Wicket/vid530_60.avi,Down The Wicket,Down The Wicket
data/raw/CricShoot10kShootDataset/Straight Drive/vid241_5.avi,Straight Drive,Straight Drive
data/raw/CricShoot10kShootDataset/Flick/vid158_13.avi,Flick,Flick
data/raw/CricShoot10kShootDataset/Late Cut/vid451_46.avi,Late Cut,Late Cut
data/raw/CricShoot10kShootDataset/Flick/vid38_39.avi,Flick,Flick
data/raw/CricShoot10kShootDataset/Pull/vid39_41.avi,Pull,Pull
data/raw/CricShoot10kShootDataset/Pull/vid434_44.avi,Pull,Pull
data/raw/CricShoot10kShootDataset/Cover Drive/vid459_38.avi,Cover Drive,Cover Drive
data/raw/CricShoot10kShootDataset/Cover Drive/vid450_6.avi,Cover Drive,Cover Drive
data/raw/CricShoot10kShootDataset/Upper Cut/vid483_29.avi,Upper Cut,Upper Cut
data/raw/CricShoot10kShootDataset/Flick/vid505_38.avi,Flick,Flick
data/raw/CricShoot10kShootDataset/Flick/vid132_2.avi,Flick,Flick
data/raw/CricShoot10kShootDataset/Sweep/vid389_36.avi,Sweep,Sweep
data/raw/CricShoot10kShootDataset/Square Cut/vid397_7.avi,Square Cut,Square Cut
data/raw/CricShoot10kShootDataset/Pull/vid532_71.avi,Pull,Pull
data/raw/CricShoot10kShootDataset/Lofted Offside/vid378_16.avi,Lofted Offside,Lofted Offside
data/raw/CricShoot10kShootDataset/Square Cut/vid208_16.avi,Square Cut,Square Cut
data/raw/CricShoot10kShootDataset/Lofted Offside/vid488_52.avi,Lofted Offside,Lofted Offside
data/raw/CricShoot10kShootDataset/Reverse Sweep/vid460_12.avi,Reverse Sweep,Reverse Sweep
data/raw/CricShoot10kShootDataset/Straight Drive/vid123_23.avi,Straight Drive,Straight Drive
data/raw/CricShoot10kShootDataset/Square Cut/vid225_13.avi,Square Cut,Square Cut
data/raw/CricShoot10kShootDataset/Cover Drive/vid294_28.avi,Cover Drive,Cover Drive
data/raw/CricShoot10kShootDataset/Flick/vid535_52.avi,Flick,Flick
data/raw/CricShoot10kShootDataset/Lofted Legside/vid376_17.avi,Lofted Legside,Lofted Legside
data/raw/CricShoot10kShootDataset/Pull/vid342_34.avi,Pull,Pull
data/raw/CricShoot10kShootDataset/Flick/vid253_9.avi,Flick,Flick
data/raw/CricShoot10kShootDataset/Sweep/vid400_17.avi,Sweep,Sweep
data/raw/CricShoot10kShootDataset/Scoop/vid484_16.avi,Scoop,Scoop
data/raw/CricShoot10kShootDataset/Reverse Sweep/vid51_35.avi,Reverse Sweep,Reverse Sweep
data/raw/CricShoot10kShootDataset/Defensive/vid312_19.avi,Defensive,Defensive
data/raw/CricShoot10kShootDataset/Lofted Legside/vid135_38.avi,Lofted Legside,Lofted Legside
data/raw/CricShoot10kShootDataset/Cover Drive/vid106_1.avi,Cover Drive,Cover Drive
data/raw/CricShoot10kShootDataset/Flick/vid366_1.avi,Flick,Flick
data/raw/CricShoot10kShootDataset/Flick/vid295_25.avi,Flick,Flick
data/raw/CricShoot10kShootDataset/Pull/vid68_41.avi,Pull,Pull
data/raw/CricShoot10kShootDataset/Cover Drive/vid319_14.avi,Cover Drive,Cover Drive
data/raw/CricShoot10kShootDataset/Square Cut/vid485_35.avi,Square Cut,Square Cut
data/raw/CricShoot10kShootDataset/Pull/vid364_20.avi,Pull,Pull
data/raw/CricShoot10kShootDataset/Sweep/vid289_15.avi,Sweep,Sweep
data/raw/CricShoot10kShootDataset/Flick/vid102_12.avi,Flick,Flick
data/raw/CricShoot10kShootDataset/Lofted Legside/vid228_29.avi,Lofted Legside,Lofted Legside
data/raw/CricShoot10kShootDataset/Defensive/vid536_29.avi,Defensive,Defensive
data/raw/CricShoot10kShootDataset/Sweep/vid147_35.avi,Sweep,Sweep
data/raw/CricShoot10kShootDataset/Hook/vid482_32.avi,Hook,Hook
data/raw/CricShoot10kShootDataset/Straight Drive/vid492_11.avi,Straight Drive,Straight Drive
data/raw/CricShoot10kShootDataset/Scoop/vid245_44.avi,Scoop,Scoop
data/raw/CricShoot10kShootDataset/Square Cut/vid18_9.avi,Square Cut,Square Cut
data/raw/CricShoot10kShootDataset/Straight Drive/vid318_2.avi,Straight Drive,Straight Drive
data/raw/CricShoot10kShootDataset/Lofted Offside/vid276_0.avi,Lofted Offside,Lofted Offside
data/raw/CricShoot10kShootDataset/Pull/vid94_28.avi,Pull,Pull
data/raw/CricShoot10kShootDataset/Lofted Offside/vid480_44.avi,Lofted Offside,Lofted Offside
data/raw/CricShoot10kShootDataset/Reverse Sweep/vid49_59.avi,Reverse Sweep,Reverse Sweep
data/raw/CricShoot10kShootDataset/Late Cut/vid486_62.avi,Late Cut,Late Cut
data/raw/CricShoot10kShootDataset/Defensive/vid113_0.avi,Defensive,Defensive
data/raw/CricShoot10kShootDataset/Late Cut/vid443_48.avi,Late Cut,Late Cut
data/raw/CricShoot10kShootDataset/Sweep/vid260_30.avi,Sweep,Sweep
data/raw/CricShoot10kShootDataset/Sweep/vid374_8.avi,Sweep,Sweep
data/raw/CricShoot10kShootDataset/Square Cut/vid298_18.avi,Square Cut,Square Cut
data/raw/CricShoot10kShootDataset/Down The Wicket/vid331_19.avi,Down The Wicket,Down The Wicket
data/raw/CricShoot10kShootDataset/Scoop/vid488_38.avi,Scoop,Scoop
data/raw/CricShoot10kShootDataset/Pull/vid338_27.avi,Pull,Pull
data/raw/CricShoot10kShootDataset/Defensive/vid233_34.avi,Defensive,Defensive
data/raw/CricShoot10kShootDataset/Lofted Legside/vid327_9.avi,Lofted Legside,Lofted Legside
data/raw/CricShoot10kShootDataset/Cover Drive/vid42_41.avi,Cover Drive,Cover Drive
data/raw/CricShoot10kShootDataset/Scoop/vid381_0.avi,Scoop,Scoop
data/raw/CricShoot10kShootDataset/Lofted Legside/vid102_19.avi,Lofted Legside,Lofted Legside
data/raw/CricShoot10kShootDataset/Late Cut/vid491_2.avi,Late Cut,Late Cut
data/raw/CricShoot10kShootDataset/Down The Wicket/vid466_12.avi,Down The Wicket,Down The Wicket
data/raw/CricShoot10kShootDataset/Scoop/vid491_3.avi,Scoop,Scoop
data/raw/CricShoot10kShootDataset/Cover Drive/vid524_34.avi,Cover Drive,Cover Drive
data/raw/CricShoot10kShootDataset/Late Cut/vid358_30.avi,Late Cut,Late Cut
data/raw/CricShoot10kShootDataset/Lofted Legside/vid460_16.avi,Lofted Legside,Lofted Legside
data/raw/CricShoot10kShootDataset/Lofted Legside/vid95_26.avi,Lofted Legside,Lofted Legside
data/raw/CricShoot10kShootDataset/Down The Wicket/vid485_23.avi,Down The Wicket,Down The Wicket
data/raw/CricShoot10kShootDataset/Lofted Legside/vid72_26.avi,Lofted Legside,Lofted Legside
data/raw/CricShoot10kShootDataset/Sweep/vid24_26.avi,Sweep,Sweep
data/raw/CricShoot10kShootDataset/Square Cut/vid144_2.avi,Square Cut,Square Cut
data/raw/CricShoot10kShootDataset/Square Cut/vid441_11.avi,Square Cut,Square Cut
data/raw/CricShoot10kShootDataset/Lofted Legside/vid481_13.avi,Lofted Legside,Lofted Legside
data/raw/CricShoot10kShootDataset/Down The Wicket/vid434_51.avi,Down The Wicket,Down The Wicket
data/raw/CricShoot10kShootDataset/Sweep/vid110_29.avi,Sweep,Sweep
data/raw/CricShoot10kShootDataset/Lofted Legside/vid518_3.avi,Lofted Legside,Lofted Legside
data/raw/CricShoot10kShootDataset/Square Cut/vid445_44.avi,Square Cut,Square Cut
data/raw/CricShoot10kShootDataset/Square Cut/vid519_33.avi,Square Cut,Square Cut
data/raw/CricShoot10kShootDataset/Down The Wicket/vid432_8.avi,Down The Wicket,Down The Wicket
data/raw/CricShoot10kShootDataset/Square Cut/vid529_23.avi,Square Cut,Square Cut
data/raw/CricShoot10kShootDataset/Square Cut/vid21_1.avi,Square Cut,Square Cut
data/raw/CricShoot10kShootDataset/Sweep/vid53_38.avi,Sweep,Sweep
data/raw/CricShoot10kShootDataset/Lofted Offside/vid66_15.avi,Lofted Offside,Lofted Offside
data/raw/CricShoot10kShootDataset/Lofted Legside/vid43_57.avi,Lofted Legside,Lofted Legside
data/raw/CricShoot10kShootDataset/Lofted Legside/vid18_28.avi,Lofted Legside,Lofted Legside
data/raw/CricShoot10kShootDataset/Lofted Offside/vid495_30.avi,Lofted Offside,Lofted Offside
data/raw/CricShoot10kShootDataset/Square Cut/vid146_32.avi,Square Cut,Square Cut
data/raw/CricShoot10kShootDataset/Reverse Sweep/vid384_2.avi,Reverse Sweep,Reverse Sweep
data/raw/CricShoot10kShootDataset/Flick/vid302_4.avi,Flick,Flick
data/raw/CricShoot10kShootDataset/Sweep/vid450_15.avi,Sweep,Sweep
data/raw/CricShoot10kShootDataset/Upper Cut/vid101_29.avi,Upper Cut,Upper Cut
data/raw/CricShoot10kShootDataset/Flick/vid469_30.avi,Flick,Flick
data/raw/CricShoot10kShootDataset/Cover Drive/vid223_17.avi,Cover Drive,Cover Drive
data/raw/CricShoot10kShootDataset/Square Cut/vid129_18.avi,Square Cut,Square Cut
data/raw/CricShoot10kShootDataset/Scoop/vid278_10.avi,Scoop,Scoop
data/raw/CricShoot10kShootDataset/Defensive/vid63_12.avi,Defensive,Defensive
data/raw/CricShoot10kShootDataset/Defensive/vid316_30.avi,Defensive,Defensive
data/raw/CricShoot10kShootDataset/Sweep/vid354_13.avi,Sweep,Sweep
data/raw/CricShoot10kShootDataset/Down The Wicket/vid78_28.avi,Down The Wicket,Down The Wicket
data/raw/CricShoot10kShootDataset/Down The Wicket/vid392_13.avi,Down The Wicket,Down The Wicket
data/raw/CricShoot10kShootDataset/Cover Drive/vid66_16.avi,Cover Drive,Cover Drive
data/raw/CricShoot10kShootDataset/Lofted Offside/vid53_50.avi,Lofted Offside,Lofted Offside
data/raw/CricShoot10kShootDataset/Flick/vid38_1.avi,Flick,Flick
data/raw/CricShoot10kShootDataset/Lofted Legside/vid34_43.avi,Lofted Legside,Lofted Legside
data/raw/CricShoot10kShootDataset/Flick/vid368_27.avi,Flick,Flick
data/raw/CricShoot10kShootDataset/Down The Wicket/vid476_36.avi,Down The Wicket,Down The Wicket
data/raw/CricShoot10kShootDataset/Defensive/vid471_14.avi,Defensive,Defensive
data/raw/CricShoot10kShootDataset/Reverse Sweep/vid397_9.avi,Reverse Sweep,Reverse Sweep
data/raw/CricShoot10kShootDataset/Cover Drive/vid512_57.avi,Cover Drive,Cover Drive
data/raw/CricShoot10kShootDataset/Square Cut/vid519_40.avi,Square Cut,Square Cut
data/raw/CricShoot10kShootDataset/Sweep/vid42_14.avi,Sweep,Sweep
data/raw/CricShoot10kShootDataset/Lofted Offside/vid178_19.avi,Lofted Offside,Lofted Offside
data/raw/CricShoot10kShootDataset/Sweep/vid415_25.avi,Sweep,Sweep
data/raw/CricShoot10kShootDataset/Reverse Sweep/vid157_26.avi,Reverse Sweep,Reverse Sweep
data/raw/CricShoot10kShootDataset/Pull/vid513_32.avi,Pull,Pull
data/raw/CricShoot10kShootDataset/Lofted Offside/vid529_64.avi,Lofted Offside,Lofted Offside
data/raw/CricShoot10kShootDataset/Lofted Legside/vid51_2.avi,Lofted Legside,Lofted Legside
data/raw/CricShoot10kShootDataset/Lofted Offside/vid480_29.avi,Lofted Offside,Lofted Offside
data/raw/CricShoot10kShootDataset/Lofted Legside/vid81_33.avi,Lofted Legside,Lofted Legside
data/raw/CricShoot10kShootDataset/Upper Cut/vid137_31.avi,Upper Cut,Upper Cut
data/raw/CricShoot10kShootDataset/Defensive/vid240_37.avi,Defensive,Defensive
data/raw/CricShoot10kShootDataset/Lofted Offside/vid4_34.avi,Lofted Offside,Lofted Offside
data/raw/CricShoot10kShootDataset/Flick/vid85_2.avi,Flick,Flick
data/raw/CricShoot10kShootDataset/Square Cut/vid166_24.avi,Square Cut,Square Cut
data/raw/CricShoot10kShootDataset/Lofted Legside/vid17_15.avi,Lofted Legside,Lofted Legside
data/raw/CricShoot10kShootDataset/Flick/vid252_0.avi,Flick,Flick
data/raw/CricShoot10kShootDataset/Lofted Legside/vid510_24.avi,Lofted Legside,Lofted Legside
data/raw/CricShoot10kShootDataset/Lofted Legside/vid379_2.avi,Lofted Legside,Lofted Legside
data/raw/CricShoot10kShootDataset/Flick/vid277_13.avi,Flick,Flick
data/raw/CricShoot10kShootDataset/Down The Wicket/vid344_23.avi,Down The Wicket,Down The Wicket
data/raw/CricShoot10kShootDataset/Down The Wicket/vid455_55.avi,Down The Wicket,Down The Wicket
data/raw/CricShoot10kShootDataset/Lofted Offside/vid84_15.avi,Lofted Offside,Lofted Offside
data/raw/CricShoot10kShootDataset/Cover Drive/vid76_20.avi,Cover Drive,Cover Drive
data/raw/CricShoot10kShootDataset/Flick/vid170_31.avi,Flick,Flick
data/raw/CricShoot10kShootDataset/Cover Drive/vid56_70.avi,Cover Drive,Cover Drive
data/raw/CricShoot10kShootDataset/Sweep/vid344_42.avi,Sweep,Sweep
data/raw/CricShoot10kShootDataset/Flick/vid304_13.avi,Flick,Flick
data/raw/CricShoot10kShootDataset/Down The Wicket/vid480_17.avi,Down The Wicket,Down The Wicket
data/raw/CricShoot10kShootDataset/Square Cut/vid433_13.avi,Square Cut,Square Cut
data/raw/CricShoot10kShootDataset/Lofted Offside/vid189_1.avi,Lofted Offside,Lofted Offside
data/raw/CricShoot10kShootDataset/Hook/vid324_20.avi,Hook,Hook
data/raw/CricShoot10kShootDataset/Square Cut/vid368_50.avi,Square Cut,Square Cut
data/raw/CricShoot10kShootDataset/Lofted Legside/vid419_23.avi,Lofted Legside,Lofted Legside
data/raw/CricShoot10kShootDataset/Straight Drive/vid53_15.avi,Straight Drive,Straight Drive
data/raw/CricShoot10kShootDataset/Down The Wicket/vid85_16.avi,Down The Wicket,Down The Wicket
data/raw/CricShoot10kShootDataset/Down The Wicket/vid39_37.avi,Down The Wicket,Down The Wicket
data/raw/CricShoot10kShootDataset/Late Cut/vid272_9.avi,Late Cut,Late Cut
data/raw/CricShoot10kShootDataset/Lofted Legside/vid300_15.avi,Lofted Legside,Lofted Legside
data/raw/CricShoot10kShootDataset/Square Cut/vid346_15.avi,Square Cut,Square Cut
data/raw/CricShoot10kShootDataset/Sweep/vid256_8.avi,Sweep,Sweep
data/raw/CricShoot10kShootDataset/Down The Wicket/vid378_46.avi,Down The Wicket,Down The Wicket
data/raw/CricShoot10kShootDataset/Square Cut/vid517_35.avi,Square Cut,Square Cut
data/raw/CricShoot10kShootDataset/Square Cut/vid15_29.avi,Square Cut,Square Cut
data/raw/CricShoot10kShootDataset/Down The Wicket/vid87_11.avi,Down The Wicket,Down The Wicket
data/raw/CricShoot10kShootDataset/Lofted Legside/vid442_7.avi,Lofted Legside,Lofted Legside
data/raw/CricShoot10kShootDataset/Lofted Legside/vid453_51.avi,Lofted Legside,Lofted Legside
data/raw/CricShoot10kShootDataset/Hook/vid505_13.avi,Hook,Hook
data/raw/CricShoot10kShootDataset/Down The Wicket/vid114_4.avi,Down The Wicket,Down The Wicket
data/raw/CricShoot10kShootDataset/Reverse Sweep/vid13_9.avi,Reverse Sweep,Reverse Sweep
data/raw/CricShoot10kShootDataset/Lofted Offside/vid9_15.avi,Lofted Offside,Lofted Offside
data/raw/CricShoot10kShootDataset/Defensive/vid250_37.avi,Defensive,Defensive
data/raw/CricShoot10kShootDataset/Upper Cut/vid80_9.avi,Upper Cut,Upper Cut
data/raw/CricShoot10kShootDataset/Down The Wicket/vid344_48.avi,Down The Wicket,Down The Wicket
data/raw/CricShoot10kShootDataset/Sweep/vid42_10.avi,Sweep,Sweep
data/raw/CricShoot10kShootDataset/Lofted Legside/vid440_61.avi,Lofted Legside,Lofted Legside
data/raw/CricShoot10kShootDataset/Lofted Legside/vid271_6.avi,Lofted Legside,Lofted Legside
data/raw/CricShoot10kShootDataset/Square Cut/vid170_8.avi,Square Cut,Square Cut
data/raw/CricShoot10kShootDataset/Scoop/vid535_38.avi,Scoop,Scoop
data/raw/CricShoot10kShootDataset/Flick/vid508_0.avi,Flick,Flick
data/raw/CricShoot10kShootDataset/Down The Wicket/vid217_8.avi,Down The Wicket,Down The Wicket
data/raw/CricShoot10kShootDataset/Hook/vid9_46.avi,Hook,Hook
data/raw/CricShoot10kShootDataset/Down The Wicket/vid356_10.avi,Down The Wicket,Down The Wicket
data/raw/CricShoot10kShootDataset/Lofted Legside/vid40_87.avi,Lofted Legside,Lofted Legside
data/raw/CricShoot10kShootDataset/Lofted Legside/vid95_25.avi,Lofted Legside,Lofted Legside
data/raw/CricShoot10kShootDataset/Square Cut/vid409_19.avi,Square Cut,Square Cut
data/raw/CricShoot10kShootDataset/Lofted Legside/vid1_2.avi,Lofted Legside,Lofted Legside
data/raw/CricShoot10kShootDataset/Pull/vid366_29.avi,Pull,Pull
data/raw/CricShoot10kShootDataset/Lofted Legside/vid378_6.avi,Lofted Legside,Lofted Legside
data/raw/CricShoot10kShootDataset/Reverse Sweep/vid57_22.avi,Reverse Sweep,Reverse Sweep
data/raw/CricShoot10kShootDataset/Cover Drive/vid227_27.avi,Cover Drive,Cover Drive
data/raw/CricShoot10kShootDataset/Upper Cut/vid411_12.avi,Upper Cut,Upper Cut
data/raw/CricShoot10kShootDataset/Lofted Legside/vid65_27.avi,Lofted Legside,Lofted Legside
data/raw/CricShoot10kShootDataset/Reverse Sweep/vid459_16.avi,Reverse Sweep,Reverse Sweep
data/raw/CricShoot10kShootDataset/Late Cut/vid48_19.avi,Late Cut,Late Cut
data/raw/CricShoot10kShootDataset/Defensive/vid240_49.avi,Defensive,Defensive
data/raw/CricShoot10kShootDataset/Flick/vid252_48.avi,Flick,Flick
data/raw/CricShoot10kShootDataset/Hook/vid480_38.avi,Hook,Hook
data/raw/CricShoot10kShootDataset/Pull/vid131_0.avi,Pull,Pull
data/raw/CricShoot10kShootDataset/Lofted Offside/vid494_18.avi,Lofted Offside,Lofted Offside
data/raw/CricShoot10kShootDataset/Cover Drive/vid456_21.avi,Cover Drive,Cover Drive
data/raw/CricShoot10kShootDataset/Square Cut/vid502_10.avi,Square Cut,Square Cut
data/raw/CricShoot10kShootDataset/Sweep/vid261_14.avi,Sweep,Sweep
data/raw/CricShoot10kShootDataset/Sweep/vid72_17.avi,Sweep,Sweep
data/raw/CricShoot10kShootDataset/Pull/vid366_4.avi,Pull,Pull
data/raw/CricShoot10kShootDataset/Down The Wicket/vid468_5.avi,Down The Wicket,Down The Wicket
data/raw/CricShoot10kShootDataset/Sweep/vid366_25.avi,Sweep,Sweep
data/raw/CricShoot10kShootDataset/Straight Drive/vid248_3.avi,Straight Drive,Straight Drive
data/raw/CricShoot10kShootDataset/Defensive/vid172_3.avi,Defensive,Defensive
data/raw/CricShoot10kShootDataset/Sweep/vid129_30.avi,Sweep,Sweep
data/raw/CricShoot10kShootDataset/Lofted Offside/vid386_30.avi,Lofted Offside,Lofted Offside
data/raw/CricShoot10kShootDataset/Square Cut/vid238_28.avi,Square Cut,Square Cut
data/raw/CricShoot10kShootDataset/Straight Drive/vid139_13.avi,Straight Drive,Straight Drive
data/raw/CricShoot10kShootDataset/Reverse Sweep/vid512_44.avi,Reverse Sweep,Reverse Sweep
data/raw/CricShoot10kShootDataset/Lofted Legside/vid172_13.avi,Lofted Legside,Lofted Legside
data/raw/CricShoot10kShootDataset/Upper Cut/vid320_26.avi,Upper Cut,Upper Cut
data/raw/CricShoot10kShootDataset/Hook/vid210_3.avi,Hook,Hook
data/raw/CricShoot10kShootDataset/Square Cut/vid440_17.avi,Square Cut,Square Cut
data/raw/CricShoot10kShootDataset/Lofted Offside/vid264_9.avi,Lofted Offside,Lofted Offside
data/raw/CricShoot10kShootDataset/Lofted Legside/vid490_32.avi,Lofted Legside,Lofted Legside
data/raw/CricShoot10kShootDataset/Lofted Offside/vid351_6.avi,Lofted Offside,Lofted Offside
data/raw/CricShoot10kShootDataset/Lofted Offside/vid480_15.avi,Lofted Offside,Lofted Offside
data/raw/CricShoot10kShootDataset/Sweep/vid391_14.avi,Sweep,Sweep
data/raw/CricShoot10kShootDataset/Flick/vid500_27.avi,Flick,Flick
data/raw/CricShoot10kShootDataset/Sweep/vid411_28.avi,Sweep,Sweep
data/raw/CricShoot10kShootDataset/Scoop/vid389_27.avi,Scoop,Scoop
data/raw/CricShoot10kShootDataset/Flick/vid100_54.avi,Flick,Flick
data/raw/CricShoot10kShootDataset/Lofted Offside/vid447_47.avi,Lofted Offside,Lofted Offside
data/raw/CricShoot10kShootDataset/Down The Wicket/vid292_13.avi,Down The Wicket,Down The Wicket
data/raw/CricShoot10kShootDataset/Late Cut/vid510_7.avi,Late Cut,Late Cut
data/raw/CricShoot10kShootDataset/Sweep/vid28_49.avi,Sweep,Sweep
data/raw/CricShoot10kShootDataset/Lofted Legside/vid25_18.avi,Lofted Legside,Lofted Legside
data/raw/CricShoot10kShootDataset/Hook/vid481_44.avi,Hook,Hook
data/raw/CricShoot10kShootDataset/Straight Drive/vid241_41.avi,Straight Drive,Straight Drive
data/raw/CricShoot10kShootDataset/Lofted Legside/vid501_29.avi,Lofted Legside,Lofted Legside
data/raw/CricShoot10kShootDataset/Defensive/vid235_42.avi,Defensive,Defensive
data/raw/CricShoot10kShootDataset/Late Cut/vid531_42.avi,Late Cut,Late Cut
data/raw/CricShoot10kShootDataset/Lofted Legside/vid467_25.avi,Lofted Legside,Lofted Legside
data/raw/CricShoot10kShootDataset/Defensive/vid249_0.avi,Defensive,Defensive
data/raw/CricShoot10kShootDataset/Cover Drive/vid466_28.avi,Cover Drive,Cover Drive
data/raw/CricShoot10kShootDataset/Lofted Legside/vid37_27.avi,Lofted Legside,Lofted Legside
data/raw/CricShoot10kShootDataset/Down The Wicket/vid73_2.avi,Down The Wicket,Down The Wicket
data/raw/CricShoot10kShootDataset/Square Cut/vid505_39.avi,Square Cut,Square Cut
data/raw/CricShoot10kShootDataset/Defensive/vid316_4.avi,Defensive,Defensive
data/raw/CricShoot10kShootDataset/Lofted Legside/vid436_46.avi,Lofted Legside,Lofted Legside
data/raw/CricShoot10kShootDataset/Lofted Offside/vid391_54.avi,Lofted Offside,Lofted Offside
data/raw/CricShoot10kShootDataset/Defensive/vid209_0.avi,Defensive,Defensive
data/raw/CricShoot10kShootDataset/Cover Drive/vid210_16.avi,Cover Drive,Cover Drive
data/raw/CricShoot10kShootDataset/Cover Drive/vid46_54.avi,Cover Drive,Cover Drive
data/raw/CricShoot10kShootDataset/Lofted Legside/vid34_37.avi,Lofted Legside,Lofted Legside
data/raw/CricShoot10kShootDataset/Flick/vid129_10.avi,Flick,Flick
data/raw/CricShoot10kShootDataset/Upper Cut/vid397_24.avi,Upper Cut,Upper Cut
data/raw/CricShoot10kShootDataset/Lofted Offside/vid4_14.avi,Lofted Offside,Lofted Offside
data/raw/CricShoot10kShootDataset/Lofted Legside/vid152_33.avi,Lofted Legside,Lofted Legside
data/raw/CricShoot10kShootDataset/Sweep/vid445_58.avi,Sweep,Sweep
data/raw/CricShoot10kShootDataset/Flick/vid452_21.avi,Flick,Flick
data/raw/CricShoot10kShootDataset/Defensive/vid274_7.avi,Defensive,Defensive
data/raw/CricShoot10kShootDataset/Hook/vid509_7.avi,Hook,Hook
data/raw/CricShoot10kShootDataset/Lofted Offside/vid391_25.avi,Lofted Offside,Lofted Offside
data/raw/CricShoot10kShootDataset/Lofted Legside/vid476_32.avi,Lofted Legside,Lofted Legside
data/raw/CricShoot10kShootDataset/Square Cut/vid49_28.avi,Square Cut,Square Cut
data/raw/CricShoot10kShootDataset/Lofted Offside/vid468_9.avi,Lofted Offside,Lofted Offside
data/raw/CricShoot10kShootDataset/Hook/vid384_41.avi,Hook,Hook
data/raw/CricShoot10kShootDataset/Pull/vid151_16.avi,Pull,Pull
data/raw/CricShoot10kShootDataset/Down The Wicket/vid222_4.avi,Down The Wicket,Down The Wicket
data/raw/CricShoot10kShootDataset/Lofted Offside/vid375_50.avi,Lofted Offside,Lofted Offside
data/raw/CricShoot10kShootDataset/Square Cut/vid154_8.avi,Square Cut,Square Cut
data/raw/CricShoot10kShootDataset/Square Cut/vid366_26.avi,Square Cut,Square Cut
data/raw/CricShoot10kShootDataset/Square Cut/vid237_24.avi,Square Cut,Square Cut
data/raw/CricShoot10kShootDataset/Square Cut/vid502_12.avi,Square Cut,Square Cut
data/raw/CricShoot10kShootDataset/Lofted Legside/vid515_83.avi,Lofted Legside,Lofted Legside
data/raw/CricShoot10kShootDataset/Late Cut/vid435_53.avi,Late Cut,Late Cut
data/raw/CricShoot10kShootDataset/Scoop/vid363_27.avi,Scoop,Scoop
data/raw/CricShoot10kShootDataset/Lofted Offside/vid406_49.avi,Lofted Offside,Lofted Offside
data/raw/CricShoot10kShootDataset/Down The Wicket/vid9_30.avi,Down The Wicket,Down The Wicket
data/raw/CricShoot10kShootDataset/Hook/vid366_49.avi,Hook,Hook
data/raw/CricShoot10kShootDataset/Lofted Offside/vid249_31.avi,Lofted Offside,Lofted Offside
data/raw/CricShoot10kShootDataset/Sweep/vid430_27.avi,Sweep,Sweep
data/raw/CricShoot10kShootDataset/Flick/vid177_27.avi,Flick,Flick
data/raw/CricShoot10kShootDataset/Defensive/vid379_9.avi,Defensive,Defensive
data/raw/CricShoot10kShootDataset/Lofted Legside/vid530_23.avi,Lofted Legside,Lofted Legside
data/raw/CricShoot10kShootDataset/Sweep/vid245_16.avi,Sweep,Sweep
data/raw/CricShoot10kShootDataset/Defensive/vid471_20.avi,Defensive,Defensive
data/raw/CricShoot10kShootDataset/Pull/vid429_9.avi,Pull,Pull
data/raw/CricShoot10kShootDataset/Sweep/vid358_7.avi,Sweep,Sweep
data/raw/CricShoot10kShootDataset/Straight Drive/vid100_55.avi,Straight Drive,Straight Drive
data/raw/CricShoot10kShootDataset/Cover Drive/vid401_20.avi,Cover Drive,Cover Drive
data/raw/CricShoot10kShootDataset/Lofted Legside/vid107_10.avi,Lofted Legside,Lofted Legside
data/raw/CricShoot10kShootDataset/Lofted Legside/vid357_26.avi,Lofted Legside,Lofted Legside
data/raw/CricShoot10kShootDataset/Pull/vid434_40.avi,Pull,Pull
data/raw/CricShoot10kShootDataset/Down The Wicket/vid465_10.avi,Down The Wicket,Down The Wicket
data/raw/CricShoot10kShootDataset/Down The Wicket/vid175_5.avi,Down The Wicket,Down The Wicket
data/raw/CricShoot10kShootDataset/Late Cut/vid60_100.avi,Late Cut,Late Cut
data/raw/CricShoot10kShootDataset/Flick/vid131_2.avi,Flick,Flick
data/raw/CricShoot10kShootDataset/Hook/vid459_46.avi,Hook,Hook
data/raw/CricShoot10kShootDataset/Lofted Offside/vid210_46.avi,Lofted Offside,Lofted Offside
data/raw/CricShoot10kShootDataset/Lofted Legside/vid427_30.avi,Lofted Legside,Lofted Legside
data/raw/CricShoot10kShootDataset/Sweep/vid429_59.avi,Sweep,Sweep
data/raw/CricShoot10kShootDataset/Straight Drive/vid100_53.avi,Straight Drive,Straight Drive
data/raw/CricShoot10kShootDataset/Straight Drive/vid104_3.avi,Straight Drive,Straight Drive
data/raw/CricShoot10kShootDataset/Flick/vid449_0.avi,Flick,Flick
data/raw/CricShoot10kShootDataset/Pull/vid2_1.avi,Pull,Pull
data/raw/CricShoot10kShootDataset/Upper Cut/vid129_20.avi,Upper Cut,Upper Cut
data/raw/CricShoot10kShootDataset/Square Cut/vid244_33.avi,Square Cut,Square Cut
data/raw/CricShoot10kShootDataset/Flick/vid133_17.avi,Flick,Flick
data/raw/CricShoot10kShootDataset/Pull/vid445_7.avi,Pull,Pull
data/raw/CricShoot10kShootDataset/Hook/vid438_44.avi,Hook,Hook
data/raw/CricShoot10kShootDataset/Hook/vid112_13.avi,Hook,Hook
data/raw/CricShoot10kShootDataset/Lofted Legside/vid23_33.avi,Lofted Legside,Lofted Legside
data/raw/CricShoot10kShootDataset/Square Cut/vid198_4.avi,Square Cut,Square Cut
data/raw/CricShoot10kShootDataset/Sweep/vid486_6.avi,Sweep,Sweep
data/raw/CricShoot10kShootDataset/Lofted Legside/vid345_21.avi,Lofted Legside,Lofted Legside
data/raw/CricShoot10kShootDataset/Scoop/vid363_29.avi,Scoop,Scoop
data/raw/CricShoot10kShootDataset/Square Cut/vid93_43.avi,Square Cut,Square Cut
data/raw/CricShoot10kShootDataset/Flick/vid499_28.avi,Flick,Flick
data/raw/CricShoot10kShootDataset/Scoop/vid444_58.avi,Scoop,Scoop
data/raw/CricShoot10kShootDataset/Lofted Legside/vid366_28.avi,Lofted Legside,Lofted Legside
data/raw/CricShoot10kShootDataset/Square Cut/vid105_23.avi,Square Cut,Square Cut
data/raw/CricShoot10kShootDataset/Sweep/vid482_50.avi,Sweep,Sweep
data/raw/CricShoot10kShootDataset/Lofted Offside/vid438_24.avi,Lofted Offside,Lofted Offside
data/raw/CricShoot10kShootDataset/Lofted Legside/vid472_39.avi,Lofted Legside,Lofted Legside
data/raw/CricShoot10kShootDataset/Late Cut/vid443_13.avi,Late Cut,Late Cut
data/raw/CricShoot10kShootDataset/Scoop/vid431_15.avi,Scoop,Scoop
data/raw/CricShoot10kShootDataset/Lofted Legside/vid517_38.avi,Lofted Legside,Lofted Legside
data/raw/CricShoot10kShootDataset/Flick/vid170_21.avi,Flick,Flick
data/raw/CricShoot10kShootDataset/Lofted Offside/vid519_64.avi,Lofted Offside,Lofted Offside
data/raw/CricShoot10kShootDataset/Lofted Legside/vid37_34.avi,Lofted Legside,Lofted Legside
data/raw/CricShoot10kShootDataset/Hook/vid138_0.avi,Hook,Hook
data/raw/CricShoot10kShootDataset/Defensive/vid162_8.avi,Defensive,Defensive
data/raw/CricShoot10kShootDataset/Down The Wicket/vid55_8.avi,Down The Wicket,Down The Wicket
data/raw/CricShoot10kShootDataset/Pull/vid67_10.avi,Pull,Pull
data/raw/CricShoot10kShootDataset/Lofted Offside/vid443_55.avi,Lofted Offside,Lofted Offside
data/raw/CricShoot10kShootDataset/Square Cut/vid178_28.avi,Square Cut,Square Cut
data/raw/CricShoot10kShootDataset/Lofted Legside/vid465_16.avi,Lofted Legside,Lofted Legside
data/raw/CricShoot10kShootDataset/Reverse Sweep/vid90_49.avi,Reverse Sweep,Reverse Sweep
data/raw/CricShoot10kShootDataset/Pull/vid413_11.avi,Pull,Pull
data/raw/CricShoot10kShootDataset/Lofted Offside/vid121_7.avi,Lofted Offside,Lofted Offside
data/raw/CricShoot10kShootDataset/Defensive/vid144_4.avi,Defensive,Defensive
data/raw/CricShoot10kShootDataset/Square Cut/vid129_22.avi,Square Cut,Square Cut
data/raw/CricShoot10kShootDataset/Square Cut/vid119_20.avi,Square Cut,Square Cut
data/raw/CricShoot10kShootDataset/Lofted Legside/vid113_23.avi,Lofted Legside,Lofted Legside
data/raw/CricShoot10kShootDataset/Cover Drive/vid78_25.avi,Cover Drive,Cover Drive
data/raw/CricShoot10kShootDataset/Pull/vid499_11.avi,Pull,Pull
data/raw/CricShoot10kShootDataset/Down The Wicket/vid232_28.avi,Down The Wicket,Down The Wicket
data/raw/CricShoot10kShootDataset/Flick/vid157_1.avi,Flick,Flick
data/raw/CricShoot10kShootDataset/Down The Wicket/vid169_18.avi,Down The Wicket,Down The Wicket
data/raw/CricShoot10kShootDataset/Flick/vid358_44.avi,Flick,Flick
data/raw/CricShoot10kShootDataset/Down The Wicket/vid342_14.avi,Down The Wicket,Down The Wicket
data/raw/CricShoot10kShootDataset/Lofted Legside/vid106_12.avi,Lofted Legside,Lofted Legside
data/raw/CricShoot10kShootDataset/Straight Drive/vid1_5.avi,Straight Drive,Straight Drive
data/raw/CricShoot10kShootDataset/Cover Drive/vid213_18.avi,Cover Drive,Cover Drive
data/raw/CricShoot10kShootDataset/Defensive/vid252_16.avi,Defensive,Defensive
data/raw/CricShoot10kShootDataset/Sweep/vid536_23.avi,Sweep,Sweep
data/raw/CricShoot10kShootDataset/Straight Drive/vid369_45.avi,Straight Drive,Straight Drive
data/raw/CricShoot10kShootDataset/Scoop/vid90_8.avi,Scoop,Scoop
data/raw/CricShoot10kShootDataset/Lofted Offside/vid133_0.avi,Lofted Offside,Lofted Offside
data/raw/CricShoot10kShootDataset/Straight Drive/vid126_4.avi,Straight Drive,Straight Drive
data/raw/CricShoot10kShootDataset/Defensive/vid320_57.avi,Defensive,Defensive
data/raw/CricShoot10kShootDataset/Cover Drive/vid215_1.avi,Cover Drive,Cover Drive
data/raw/CricShoot10kShootDataset/Pull/vid515_5.avi,Pull,Pull
data/raw/CricShoot10kShootDataset/Sweep/vid51_9.avi,Sweep,Sweep
data/raw/CricShoot10kShootDataset/Sweep/vid49_23.avi,Sweep,Sweep
data/raw/CricShoot10kShootDataset/Upper Cut/vid382_8.avi,Upper Cut,Upper Cut
data/raw/CricShoot10kShootDataset/Defensive/vid219_6.avi,Defensive,Defensive
data/raw/CricShoot10kShootDataset/Pull/vid335_32.avi,Pull,Pull
data/raw/CricShoot10kShootDataset/Pull/vid133_9.avi,Pull,Pull
data/raw/CricShoot10kShootDataset/Lofted Offside/vid485_21.avi,Lofted Offside,Lofted Offside
data/raw/CricShoot10kShootDataset/Down The Wicket/vid146_22.avi,Down The Wicket,Down The Wicket
data/raw/CricShoot10kShootDataset/Defensive/vid435_56.avi,Defensive,Defensive
data/raw/CricShoot10kShootDataset/Reverse Sweep/vid233_35.avi,Reverse Sweep,Reverse Sweep
data/raw/CricShoot10kShootDataset/Square Cut/vid182_2.avi,Square Cut,Square Cut
data/raw/CricShoot10kShootDataset/Square Cut/vid123_0.avi,Square Cut,Square Cut
data/raw/CricShoot10kShootDataset/Cover Drive/vid101_39.avi,Cover Drive,Cover Drive
data/raw/CricShoot10kShootDataset/Lofted Legside/vid342_21.avi,Lofted Legside,Lofted Legside
data/raw/CricShoot10kShootDataset/Square Cut/vid467_27.avi,Square Cut,Square Cut
data/raw/CricShoot10kShootDataset/Lofted Legside/vid366_62.avi,Lofted Legside,Lofted Legside
data/raw/CricShoot10kShootDataset/Sweep/vid368_12.avi,Sweep,Sweep
data/raw/CricShoot10kShootDataset/Late Cut/vid215_15.avi,Late Cut,Late Cut
data/raw/CricShoot10kShootDataset/Hook/vid462_21.avi,Hook,Hook
data/raw/CricShoot10kShootDataset/Scoop/vid77_44.avi,Scoop,Scoop
data/raw/CricShoot10kShootDataset/Lofted Offside/vid353_27.avi,Lofted Offside,Lofted Offside
data/raw/CricShoot10kShootDataset/Reverse Sweep/vid430_12.avi,Reverse Sweep,Reverse Sweep
data/raw/CricShoot10kShootDataset/Pull/vid529_63.avi,Pull,Pull
data/raw/CricShoot10kShootDataset/Flick/vid214_6.avi,Flick,Flick
data/raw/CricShoot10kShootDataset/Sweep/vid391_44.avi,Sweep,Sweep
data/raw/CricShoot10kShootDataset/Sweep/vid39_38.avi,Sweep,Sweep
data/raw/CricShoot10kShootDataset/Sweep/vid216_39.avi,Sweep,Sweep
data/raw/CricShoot10kShootDataset/Down The Wicket/vid341_16.avi,Down The Wicket,Down The Wicket
data/raw/CricShoot10kShootDataset/Lofted Legside/vid434_21.avi,Lofted Legside,Lofted Legside
data/raw/CricShoot10kShootDataset/Defensive/vid160_30.avi,Defensive,Defensive
data/raw/CricShoot10kShootDataset/Lofted Offside/vid271_1.avi,Lofted Offside,Lofted Offside
data/raw/CricShoot10kShootDataset/Lofted Offside/vid214_28.avi,Lofted Offside,Lofted Offside
data/raw/CricShoot10kShootDataset/Lofted Offside/vid485_52.avi,Lofted Offside,Lofted Offside
data/raw/CricShoot10kShootDataset/Defensive/vid388_12.avi,Defensive,Defensive
data/raw/CricShoot10kShootDataset/Flick/vid382_17.avi,Flick,Flick
data/raw/CricShoot10kShootDataset/Late Cut/vid480_37.avi,Late Cut,Late Cut
data/raw/CricShoot10kShootDataset/Straight Drive/vid13_5.avi,Straight Drive,Straight Drive
data/raw/CricShoot10kShootDataset/Reverse Sweep/vid40_74.avi,Reverse Sweep,Reverse Sweep
data/raw/CricShoot10kShootDataset/Square Cut/vid118_9.avi,Square Cut,Square Cut
data/raw/CricShoot10kShootDataset/Down The Wicket/vid355_49.avi,Down The Wicket,Down The Wicket
data/raw/CricShoot10kShootDataset/Straight Drive/vid249_7.avi,Straight Drive,Straight Drive
data/raw/CricShoot10kShootDataset/Down The Wicket/vid127_4.avi,Down The Wicket,Down The Wicket
data/raw/CricShoot10kShootDataset/Late Cut/vid356_55.avi,Late Cut,Late Cut
data/raw/CricShoot10kShootDataset/Pull/vid367_50.avi,Pull,Pull
data/raw/CricShoot10kShootDataset/Lofted Offside/vid34_26.avi,Lofted Offside,Lofted Offside
data/raw/CricShoot10kShootDataset/Hook/vid267_8.avi,Hook,Hook
data/raw/CricShoot10kShootDataset/Lofted Offside/vid475_1.avi,Lofted Offside,Lofted Offside
data/raw/CricShoot10kShootDataset/Pull/vid530_55.avi,Pull,Pull
data/raw/CricShoot10kShootDataset/Lofted Offside/vid47_7.avi,Lofted Offside,Lofted Offside
data/raw/CricShoot10kShootDataset/Lofted Legside/vid21_23.avi,Lofted Legside,Lofted Legside
data/raw/CricShoot10kShootDataset/Square Cut/vid435_44.avi,Square Cut,Square Cut
data/raw/CricShoot10kShootDataset/Defensive/vid100_46.avi,Defensive,Defensive
data/raw/CricShoot10kShootDataset/Hook/vid38_24.avi,Hook,Hook
data/raw/CricShoot10kShootDataset/Scoop/vid1_13.avi,Scoop,Scoop
data/raw/CricShoot10kShootDataset/Flick/vid296_17.avi,Flick,Flick
data/raw/CricShoot10kShootDataset/Straight Drive/vid238_55.avi,Straight Drive,Straight Drive
data/raw/CricShoot10kShootDataset/Defensive/vid108_6.avi,Defensive,Defensive
data/raw/CricShoot10kShootDataset/Late Cut/vid530_34.avi,Late Cut,Late Cut
data/raw/CricShoot10kShootDataset/Square Cut/vid532_54.avi,Square Cut,Square Cut
data/raw/CricShoot10kShootDataset/Square Cut/vid411_21.avi,Square Cut,Square Cut
data/raw/CricShoot10kShootDataset/Pull/vid107_22.avi,Pull,Pull
data/raw/CricShoot10kShootDataset/Lofted Legside/vid386_20.avi,Lofted Legside,Lofted Legside
data/raw/CricShoot10kShootDataset/Defensive/vid302_22.avi,Defensive,Defensive
data/raw/CricShoot10kShootDataset/Lofted Offside/vid43_58.avi,Lofted Offside,Lofted Offside
data/raw/CricShoot10kShootDataset/Down The Wicket/vid496_9.avi,Down The Wicket,Down The Wicket
data/raw/CricShoot10kShootDataset/Hook/vid502_11.avi,Hook,Hook
data/raw/CricShoot10kShootDataset/Cover Drive/vid230_4.avi,Cover Drive,Cover Drive
data/raw/CricShoot10kShootDataset/Lofted Legside/vid320_23.avi,Lofted Legside,Lofted Legside
data/raw/CricShoot10kShootDataset/Flick/vid177_26.avi,Flick,Flick
data/raw/CricShoot10kShootDataset/Lofted Legside/vid156_18.avi,Lofted Legside,Lofted Legside
data/raw/CricShoot10kShootDataset/Upper Cut/vid390_51.avi,Upper Cut,Upper Cut
data/raw/CricShoot10kShootDataset/Pull/vid489_56.avi,Pull,Pull
data/raw/CricShoot10kShootDataset/Lofted Offside/vid357_83.avi,Lofted Offside,Lofted Offside
data/raw/CricShoot10kShootDataset/Late Cut/vid432_39.avi,Late Cut,Late Cut
data/raw/CricShoot10kShootDataset/Flick/vid335_34.avi,Flick,Flick
data/raw/CricShoot10kShootDataset/Square Cut/vid25_43.avi,Square Cut,Square Cut
data/raw/CricShoot10kShootDataset/Defensive/vid158_0.avi,Defensive,Defensive
data/raw/CricShoot10kShootDataset/Square Cut/vid89_0.avi,Square Cut,Square Cut
data/raw/CricShoot10kShootDataset/Flick/vid252_38.avi,Flick,Flick
data/raw/CricShoot10kShootDataset/Flick/vid447_32.avi,Flick,Flick
data/raw/CricShoot10kShootDataset/Cover Drive/vid218_32.avi,Cover Drive,Cover Drive
data/raw/CricShoot10kShootDataset/Lofted Legside/vid483_42.avi,Lofted Legside,Lofted Legside
data/raw/CricShoot10kShootDataset/Lofted Legside/vid457_9.avi,Lofted Legside,Lofted Legside
data/raw/CricShoot10kShootDataset/Upper Cut/vid530_33.avi,Upper Cut,Upper Cut
data/raw/CricShoot10kShootDataset/Straight Drive/vid44_32.avi,Straight Drive,Straight Drive
data/raw/CricShoot10kShootDataset/Lofted Legside/vid263_21.avi,Lofted Legside,Lofted Legside
data/raw/CricShoot10kShootDataset/Down The Wicket/vid132_4.avi,Down The Wicket,Down The Wicket
data/raw/CricShoot10kShootDataset/Hook/vid146_10.avi,Hook,Hook
data/raw/CricShoot10kShootDataset/Cover Drive/vid239_30.avi,Cover Drive,Cover Drive
data/raw/CricShoot10kShootDataset/Down The Wicket/vid324_33.avi,Down The Wicket,Down The Wicket
data/raw/CricShoot10kShootDataset/Scoop/vid430_41.avi,Scoop,Scoop
data/raw/CricShoot10kShootDataset/Defensive/vid238_4.avi,Defensive,Defensive
data/raw/CricShoot10kShootDataset/Sweep/vid520_16.avi,Sweep,Sweep
data/raw/CricShoot10kShootDataset/Defensive/vid199_18.avi,Defensive,Defensive
data/raw/CricShoot10kShootDataset/Lofted Offside/vid534_36.avi,Lofted Offside,Lofted Offside
data/raw/CricShoot10kShootDataset/Cover Drive/vid361_69.avi,Cover Drive,Cover Drive
data/raw/CricShoot10kShootDataset/Lofted Legside/vid488_26.avi,Lofted Legside,Lofted Legside
data/raw/CricShoot10kShootDataset/Sweep/vid63_6.avi,Sweep,Sweep
data/raw/CricShoot10kShootDataset/Down The Wicket/vid217_34.avi,Down The Wicket,Down The Wicket
data/raw/CricShoot10kShootDataset/Sweep/vid94_62.avi,Sweep,Sweep
data/raw/CricShoot10kShootDataset/Upper Cut/vid175_34.avi,Upper Cut,Upper Cut
data/raw/CricShoot10kShootDataset/Hook/vid521_47.avi,Hook,Hook
data/raw/CricShoot10kShootDataset/Upper Cut/vid60_33.avi,Upper Cut,Upper Cut
data/raw/CricShoot10kShootDataset/Down The Wicket/vid226_43.avi,Down The Wicket,Down The Wicket
data/raw/CricShoot10kShootDataset/Hook/vid495_36.avi,Hook,Hook
data/raw/CricShoot10kShootDataset/Flick/vid78_37.avi,Flick,Flick
data/raw/CricShoot10kShootDataset/Down The Wicket/vid42_46.avi,Down The Wicket,Down The Wicket
data/raw/CricShoot10kShootDataset/Cover Drive/vid110_1.avi,Cover Drive,Cover Drive
data/raw/CricShoot10kShootDataset/Lofted Legside/vid366_51.avi,Lofted Legside,Lofted Legside
data/raw/CricShoot10kShootDataset/Upper Cut/vid532_62.avi,Upper Cut,Upper Cut
data/raw/CricShoot10kShootDataset/Pull/vid444_39.avi,Pull,Pull
data/raw/CricShoot10kShootDataset/Pull/vid515_68.avi,Pull,Pull
data/raw/CricShoot10kShootDataset/Defensive/vid315_28.avi,Defensive,Defensive
data/raw/CricShoot10kShootDataset/Lofted Legside/vid34_31.avi,Lofted Legside,Lofted Legside
data/raw/CricShoot10kShootDataset/Sweep/vid521_36.avi,Sweep,Sweep
data/raw/CricShoot10kShootDataset/Square Cut/vid41_12.avi,Square Cut,Square Cut
data/raw/CricShoot10kShootDataset/Down The Wicket/vid119_35.avi,Down The Wicket,Down The Wicket
data/raw/CricShoot10kShootDataset/Sweep/vid383_22.avi,Sweep,Sweep
data/raw/CricShoot10kShootDataset/Reverse Sweep/vid349_8.avi,Reverse Sweep,Reverse Sweep
data/raw/CricShoot10kShootDataset/Cover Drive/vid295_10.avi,Cover Drive,Cover Drive
data/raw/CricShoot10kShootDataset/Straight Drive/vid533_48.avi,Straight Drive,Straight Drive
data/raw/CricShoot10kShootDataset/Lofted Legside/vid471_23.avi,Lofted Legside,Lofted Legside
data/raw/CricShoot10kShootDataset/Straight Drive/vid123_18.avi,Straight Drive,Straight Drive
data/raw/CricShoot10kShootDataset/Hook/vid455_21.avi,Hook,Hook
data/raw/CricShoot10kShootDataset/Defensive/vid145_22.avi,Defensive,Defensive
data/raw/CricShoot10kShootDataset/Lofted Legside/vid48_30.avi,Lofted Legside,Lofted Legside
data/raw/CricShoot10kShootDataset/Sweep/vid344_45.avi,Sweep,Sweep
data/raw/CricShoot10kShootDataset/Straight Drive/vid9_37.avi,Straight Drive,Straight Drive
data/raw/CricShoot10kShootDataset/Flick/vid205_32.avi,Flick,Flick
data/raw/CricShoot10kShootDataset/Down The Wicket/vid203_32.avi,Down The Wicket,Down The Wicket
data/raw/CricShoot10kShootDataset/Lofted Legside/vid491_17.avi,Lofted Legside,Lofted Legside
data/raw/CricShoot10kShootDataset/Pull/vid393_45.avi,Pull,Pull
data/raw/CricShoot10kShootDataset/Down The Wicket/vid115_27.avi,Down The Wicket,Down The Wicket
data/raw/CricShoot10kShootDataset/Upper Cut/vid527_4.avi,Upper Cut,Upper Cut
data/raw/CricShoot10kShootDataset/Late Cut/vid433_52.avi,Late Cut,Late Cut
data/raw/CricShoot10kShootDataset/Upper Cut/vid213_14.avi,Upper Cut,Upper Cut
data/raw/CricShoot10kShootDataset/Pull/vid503_22.avi,Pull,Pull
data/raw/CricShoot10kShootDataset/Sweep/vid65_19.avi,Sweep,Sweep
data/raw/CricShoot10kShootDataset/Down The Wicket/vid39_42.avi,Down The Wicket,Down The Wicket
data/raw/CricShoot10kShootDataset/Square Cut/vid13_32.avi,Square Cut,Square Cut
data/raw/CricShoot10kShootDataset/Square Cut/vid343_27.avi,Square Cut,Square Cut
data/raw/CricShoot10kShootDataset/Sweep/vid511_7.avi,Sweep,Sweep
data/raw/CricShoot10kShootDataset/Down The Wicket/vid76_39.avi,Down The Wicket,Down The Wicket
data/raw/CricShoot10kShootDataset/Lofted Offside/vid398_29.avi,Lofted Offside,Lofted Offside
data/raw/CricShoot10kShootDataset/Upper Cut/vid354_31.avi,Upper Cut,Upper Cut
data/raw/CricShoot10kShootDataset/Down The Wicket/vid444_28.avi,Down The Wicket,Down The Wicket
data/raw/CricShoot10kShootDataset/Upper Cut/vid149_14.avi,Upper Cut,Upper Cut
data/raw/CricShoot10kShootDataset/Square Cut/vid474_29.avi,Square Cut,Square Cut
data/raw/CricShoot10kShootDataset/Cover Drive/vid233_45.avi,Cover Drive,Cover Drive
data/raw/CricShoot10kShootDataset/Lofted Offside/vid443_29.avi,Lofted Offside,Lofted Offside
data/raw/CricShoot10kShootDataset/Square Cut/vid532_46.avi,Square Cut,Square Cut
data/raw/CricShoot10kShootDataset/Down The Wicket/vid115_7.avi,Down The Wicket,Down The Wicket
data/raw/CricShoot10kShootDataset/Lofted Offside/vid306_4.avi,Lofted Offside,Lofted Offside
data/raw/CricShoot10kShootDataset/Lofted Legside/vid419_10.avi,Lofted Legside,Lofted Legside
data/raw/CricShoot10kShootDataset/Lofted Legside/vid132_8.avi,Lofted Legside,Lofted Legside
data/raw/CricShoot10kShootDataset/Lofted Offside/vid28_15.avi,Lofted Offside,Lofted Offside
data/raw/CricShoot10kShootDataset/Pull/vid240_6.avi,Pull,Pull
data/raw/CricShoot10kShootDataset/Reverse Sweep/vid520_11.avi,Reverse Sweep,Reverse Sweep
data/raw/CricShoot10kShootDataset/Straight Drive/vid286_1.avi,Straight Drive,Straight Drive
data/raw/CricShoot10kShootDataset/Lofted Legside/vid243_16.avi,Lofted Legside,Lofted Legside
data/raw/CricShoot10kShootDataset/Straight Drive/vid235_23.avi,Straight Drive,Straight Drive
data/raw/CricShoot10kShootDataset/Flick/vid55_78.avi,Flick,Flick
data/raw/CricShoot10kShootDataset/Cover Drive/vid1_4.avi,Cover Drive,Cover Drive
data/raw/CricShoot10kShootDataset/Sweep/vid98_42.avi,Sweep,Sweep
data/raw/CricShoot10kShootDataset/Hook/vid517_63.avi,Hook,Hook
data/raw/CricShoot10kShootDataset/Lofted Legside/vid387_55.avi,Lofted Legside,Lofted Legside
data/raw/CricShoot10kShootDataset/Cover Drive/vid316_28.avi,Cover Drive,Cover Drive
data/raw/CricShoot10kShootDataset/Lofted Offside/vid377_7.avi,Lofted Offside,Lofted Offside
data/raw/CricShoot10kShootDataset/Lofted Offside/vid505_12.avi,Lofted Offside,Lofted Offside
data/raw/CricShoot10kShootDataset/Down The Wicket/vid51_75.avi,Down The Wicket,Down The Wicket
data/raw/CricShoot10kShootDataset/Square Cut/vid368_19.avi,Square Cut,Square Cut
data/raw/CricShoot10kShootDataset/Flick/vid143_37.avi,Flick,Flick
data/raw/CricShoot10kShootDataset/Pull/vid458_29.avi,Pull,Pull
data/raw/CricShoot10kShootDataset/Pull/vid490_4.avi,Pull,Pull
data/raw/CricShoot10kShootDataset/Lofted Offside/vid400_14.avi,Lofted Offside,Lofted Offside
data/raw/CricShoot10kShootDataset/Flick/vid206_38.avi,Flick,Flick
data/raw/CricShoot10kShootDataset/Lofted Legside/vid389_67.avi,Lofted Legside,Lofted Legside
data/raw/CricShoot10kShootDataset/Sweep/vid119_17.avi,Sweep,Sweep
data/raw/CricShoot10kShootDataset/Sweep/vid221_25.avi,Sweep,Sweep
data/raw/CricShoot10kShootDataset/Pull/vid368_52.avi,Pull,Pull
data/raw/CricShoot10kShootDataset/Down The Wicket/vid343_8.avi,Down The Wicket,Down The Wicket
data/raw/CricShoot10kShootDataset/Hook/vid109_15.avi,Hook,Hook
data/raw/CricShoot10kShootDataset/Flick/vid171_27.avi,Flick,Flick
data/raw/CricShoot10kShootDataset/Lofted Legside/vid384_76.avi,Lofted Legside,Lofted Legside
data/raw/CricShoot10kShootDataset/Flick/vid439_38.avi,Flick,Flick
data/raw/CricShoot10kShootDataset/Lofted Offside/vid457_18.avi,Lofted Offside,Lofted Offside
data/raw/CricShoot10kShootDataset/Upper Cut/vid119_16.avi,Upper Cut,Upper Cut
data/raw/CricShoot10kShootDataset/Lofted Legside/vid362_37.avi,Lofted Legside,Lofted Legside
data/raw/CricShoot10kShootDataset/Pull/vid387_17.avi,Pull,Pull
data/raw/CricShoot10kShootDataset/Lofted Offside/vid1_1.avi,Lofted Offside,Lofted Offside
data/raw/CricShoot10kShootDataset/Sweep/vid358_18.avi,Sweep,Sweep
data/raw/CricShoot10kShootDataset/Square Cut/vid249_24.avi,Square Cut,Square Cut
data/raw/CricShoot10kShootDataset/Flick/vid436_56.avi,Flick,Flick
data/raw/CricShoot10kShootDataset/Reverse Sweep/vid532_47.avi,Reverse Sweep,Reverse Sweep
data/raw/CricShoot10kShootDataset/Lofted Offside/vid100_71.avi,Lofted Offside,Lofted Offside
data/raw/CricShoot10kShootDataset/Upper Cut/vid341_30.avi,Upper Cut,Upper Cut
data/raw/CricShoot10kShootDataset/Defensive/vid215_19.avi,Defensive,Defensive
data/raw/CricShoot10kShootDataset/Sweep/vid416_34.avi,Sweep,Sweep
data/raw/CricShoot10kShootDataset/Sweep/vid62_37.avi,Sweep,Sweep
data/raw/CricShoot10kShootDataset/Straight Drive/vid106_2.avi,Straight Drive,Straight Drive
data/raw/CricShoot10kShootDataset/Cover Drive/vid320_34.avi,Cover Drive,Cover Drive
data/raw/CricShoot10kShootDataset/Square Cut/vid501_30.avi,Square Cut,Square Cut
data/raw/CricShoot10kShootDataset/Lofted Legside/vid475_7.avi,Lofted Legside,Lofted Legside
data/raw/CricShoot10kShootDataset/Lofted Offside/vid442_58.avi,Lofted Offside,Lofted Offside
data/raw/CricShoot10kShootDataset/Square Cut/vid366_0.avi,Square Cut,Square Cut
data/raw/CricShoot10kShootDataset/Sweep/vid216_40.avi,Sweep,Sweep
data/raw/CricShoot10kShootDataset/Straight Drive/vid359_3.avi,Straight Drive,Straight Drive
data/raw/CricShoot10kShootDataset/Sweep/vid46_42.avi,Sweep,Sweep
data/raw/CricShoot10kShootDataset/Flick/vid248_48.avi,Flick,Flick
data/raw/CricShoot10kShootDataset/Pull/vid503_31.avi,Pull,Pull
data/raw/CricShoot10kShootDataset/Upper Cut/vid57_28.avi,Upper Cut,Upper Cut
data/raw/CricShoot10kShootDataset/Hook/vid317_33.avi,Hook,Hook
data/raw/CricShoot10kShootDataset/Sweep/vid517_18.avi,Sweep,Sweep
data/raw/CricShoot10kShootDataset/Square Cut/vid510_11.avi,Square Cut,Square Cut
data/raw/CricShoot10kShootDataset/Flick/vid368_3.avi,Flick,Flick
data/raw/CricShoot10kShootDataset/Lofted Legside/vid264_16.avi,Lofted Legside,Lofted Legside
data/raw/CricShoot10kShootDataset/Cover Drive/vid531_67.avi,Cover Drive,Cover Drive
data/raw/CricShoot10kShootDataset/Flick/vid296_23.avi,Flick,Flick
data/raw/CricShoot10kShootDataset/Flick/vid229_46.avi,Flick,Flick
data/raw/CricShoot10kShootDataset/Lofted Legside/vid168_17.avi,Lofted Legside,Lofted Legside
data/raw/CricShoot10kShootDataset/Lofted Legside/vid40_48.avi,Lofted Legside,Lofted Legside
data/raw/CricShoot10kShootDataset/Cover Drive/vid228_35.avi,Cover Drive,Cover Drive
data/raw/CricShoot10kShootDataset/Square Cut/vid437_3.avi,Square Cut,Square Cut
data/raw/CricShoot10kShootDataset/Flick/vid383_29.avi,Flick,Flick
data/raw/CricShoot10kShootDataset/Down The Wicket/vid469_23.avi,Down The Wicket,Down The Wicket
data/raw/CricShoot10kShootDataset/Sweep/vid441_24.avi,Sweep,Sweep
data/raw/CricShoot10kShootDataset/Straight Drive/vid322_18.avi,Straight Drive,Straight Drive
data/raw/CricShoot10kShootDataset/Late Cut/vid533_59.avi,Late Cut,Late Cut
data/raw/CricShoot10kShootDataset/Defensive/vid229_36.avi,Defensive,Defensive
data/raw/CricShoot10kShootDataset/Flick/vid246_20.avi,Flick,Flick
data/raw/CricShoot10kShootDataset/Hook/vid486_25.avi,Hook,Hook
data/raw/CricShoot10kShootDataset/Lofted Legside/vid484_23.avi,Lofted Legside,Lofted Legside
data/raw/CricShoot10kShootDataset/Lofted Offside/vid535_6.avi,Lofted Offside,Lofted Offside
data/raw/CricShoot10kShootDataset/Down The Wicket/vid340_23.avi,Down The Wicket,Down The Wicket
data/raw/CricShoot10kShootDataset/Lofted Legside/vid437_8.avi,Lofted Legside,Lofted Legside
data/raw/CricShoot10kShootDataset/Defensive/vid204_19.avi,Defensive,Defensive
data/raw/CricShoot10kShootDataset/Sweep/vid212_6.avi,Sweep,Sweep
data/raw/CricShoot10kShootDataset/Lofted Legside/vid69_3.avi,Lofted Legside,Lofted Legside
data/raw/CricShoot10kShootDataset/Flick/vid358_29.avi,Flick,Flick
data/raw/CricShoot10kShootDataset/Cover Drive/vid249_16.avi,Cover Drive,Cover Drive
data/raw/CricShoot10kShootDataset/Lofted Legside/vid183_7.avi,Lofted Legside,Lofted Legside
data/raw/CricShoot10kShootDataset/Hook/vid210_6.avi,Hook,Hook
data/raw/CricShoot10kShootDataset/Pull/vid163_10.avi,Pull,Pull
data/raw/CricShoot10kShootDataset/Defensive/vid296_11.avi,Defensive,Defensive
data/raw/CricShoot10kShootDataset/Pull/vid367_56.avi,Pull,Pull
data/raw/CricShoot10kShootDataset/Lofted Offside/vid511_48.avi,Lofted Offside,Lofted Offside
data/raw/CricShoot10kShootDataset/Lofted Legside/vid42_31.avi,Lofted Legside,Lofted Legside
data/raw/CricShoot10kShootDataset/Cover Drive/vid251_15.avi,Cover Drive,Cover Drive
data/raw/CricShoot10kShootDataset/Lofted Legside/vid518_24.avi,Lofted Legside,Lofted Legside
data/raw/CricShoot10kShootDataset/Reverse Sweep/vid417_4.avi,Reverse Sweep,Reverse Sweep
data/raw/CricShoot10kShootDataset/Sweep/vid355_8.avi,Sweep,Sweep
data/raw/CricShoot10kShootDataset/Square Cut/vid366_2.avi,Square Cut,Square Cut
data/raw/CricShoot10kShootDataset/Flick/vid227_30.avi,Flick,Flick
data/raw/CricShoot10kShootDataset/Square Cut/vid526_9.avi,Square Cut,Square Cut
data/raw/CricShoot10kShootDataset/Late Cut/vid481_47.avi,Late Cut,Late Cut
data/raw/CricShoot10kShootDataset/Flick/vid210_2.avi,Flick,Flick
data/raw/CricShoot10kShootDataset/Scoop/vid76_36.avi,Scoop,Scoop
data/raw/CricShoot10kShootDataset/Square Cut/vid137_33.avi,Square Cut,Square Cut
data/raw/CricShoot10kShootDataset/Square Cut/vid508_50.avi,Square Cut,Square Cut
data/raw/CricShoot10kShootDataset/Lofted Legside/vid504_56.avi,Lofted Legside,Lofted Legside
data/raw/CricShoot10kShootDataset/Sweep/vid436_51.avi,Sweep,Sweep
data/raw/CricShoot10kShootDataset/Square Cut/vid8_17.avi,Square Cut,Square Cut
data/raw/CricShoot10kShootDataset/Defensive/vid390_39.avi,Defensive,Defensive
data/raw/CricShoot10kShootDataset/Square Cut/vid462_27.avi,Square Cut,Square Cut
data/raw/CricShoot10kShootDataset/Sweep/vid335_18.avi,Sweep,Sweep
data/raw/CricShoot10kShootDataset/Pull/vid503_9.avi,Pull,Pull
data/raw/CricShoot10kShootDataset/Lofted Offside/vid462_24.avi,Lofted Offside,Lofted Offside
data/raw/CricShoot10kShootDataset/Flick/vid508_25.avi,Flick,Flick
data/raw/CricShoot10kShootDataset/Defensive/vid238_37.avi,Defensive,Defensive
data/raw/CricShoot10kShootDataset/Upper Cut/vid38_16.avi,Upper Cut,Upper Cut
data/raw/CricShoot10kShootDataset/Lofted Legside/vid312_39.avi,Lofted Legside,Lofted Legside
data/raw/CricShoot10kShootDataset/Lofted Offside/vid155_23.avi,Lofted Offside,Lofted Offside
data/raw/CricShoot10kShootDataset/Flick/vid133_2.avi,Flick,Flick
data/raw/CricShoot10kShootDataset/Lofted Legside/vid49_31.avi,Lofted Legside,Lofted Legside
data/raw/CricShoot10kShootDataset/Lofted Legside/vid68_2.avi,Lofted Legside,Lofted Legside
data/raw/CricShoot10kShootDataset/Down The Wicket/vid443_44.avi,Down The Wicket,Down The Wicket
data/raw/CricShoot10kShootDataset/Pull/vid451_50.avi,Pull,Pull
data/raw/CricShoot10kShootDataset/Sweep/vid457_14.avi,Sweep,Sweep
data/raw/CricShoot10kShootDataset/Square Cut/vid433_18.avi,Square Cut,Square Cut
data/raw/CricShoot10kShootDataset/Flick/vid302_7.avi,Flick,Flick
data/raw/CricShoot10kShootDataset/Square Cut/vid127_13.avi,Square Cut,Square Cut
data/raw/CricShoot10kShootDataset/Lofted Offside/vid262_47.avi,Lofted Offside,Lofted Offside
data/raw/CricShoot10kShootDataset/Lofted Legside/vid446_22.avi,Lofted Legside,Lofted Legside
data/raw/CricShoot10kShootDataset/Upper Cut/vid250_19.avi,Upper Cut,Upper Cut
data/raw/CricShoot10kShootDataset/Square Cut/vid49_34.avi,Square Cut,Square Cut
data/raw/CricShoot10kShootDataset/Lofted Offside/vid240_14.avi,Lofted Offside,Lofted Offside
data/raw/CricShoot10kShootDataset/Lofted Legside/vid490_9.avi,Lofted Legside,Lofted Legside
data/raw/CricShoot10kShootDataset/Flick/vid38_3.avi,Flick,Flick
data/raw/CricShoot10kShootDataset/Defensive/vid231_23.avi,Defensive,Defensive
data/raw/CricShoot10kShootDataset/Pull/vid530_52.avi,Pull,Pull
data/raw/CricShoot10kShootDataset/Square Cut/vid223_21.avi,Square Cut,Square Cut
data/raw/CricShoot10kShootDataset/Lofted Offside/vid24_19.avi,Lofted Offside,Lofted Offside
data/raw/CricShoot10kShootDataset/Pull/vid208_25.avi,Pull,Pull
data/raw/CricShoot10kShootDataset/Pull/vid506_8.avi,Pull,Pull
data/raw/CricShoot10kShootDataset/Square Cut/vid361_59.avi,Square Cut,Square Cut
data/raw/CricShoot10kShootDataset/Square Cut/vid392_4.avi,Square Cut,Square Cut
data/raw/CricShoot10kShootDataset/Defensive/vid239_9.avi,Defensive,Defensive
data/raw/CricShoot10kShootDataset/Down The Wicket/vid440_44.avi,Down The Wicket,Down The Wicket
data/raw/CricShoot10kShootDataset/Square Cut/vid92_2.avi,Square Cut,Square Cut
data/raw/CricShoot10kShootDataset/Scoop/vid385_16.avi,Scoop,Scoop
data/raw/CricShoot10kShootDataset/Late Cut/vid261_46.avi,Late Cut,Late Cut
data/raw/CricShoot10kShootDataset/Sweep/vid66_14.avi,Sweep,Sweep
data/raw/CricShoot10kShootDataset/Lofted Offside/vid433_31.avi,Lofted Offside,Lofted Offside
data/raw/CricShoot10kShootDataset/Down The Wicket/vid450_26.avi,Down The Wicket,Down The Wicket
data/raw/CricShoot10kShootDataset/Square Cut/vid32_17.avi,Square Cut,Square Cut
data/raw/CricShoot10kShootDataset/Square Cut/vid340_17.avi,Square Cut,Square Cut
data/raw/CricShoot10kShootDataset/Hook/vid100_69.avi,Hook,Hook
data/raw/CricShoot10kShootDataset/Lofted Legside/vid444_53.avi,Lofted Legside,Lofted Legside
data/raw/CricShoot10kShootDataset/Square Cut/vid40_37.avi,Square Cut,Square Cut
data/raw/CricShoot10kShootDataset/Flick/vid42_22.avi,Flick,Flick
data/raw/CricShoot10kShootDataset/Down The Wicket/vid78_14.avi,Down The Wicket,Down The Wicket
data/raw/CricShoot10kShootDataset/Flick/vid156_32.avi,Flick,Flick
data/raw/CricShoot10kShootDataset/Square Cut/vid277_0.avi,Square Cut,Square Cut
data/raw/CricShoot10kShootDataset/Upper Cut/vid364_1.avi,Upper Cut,Upper Cut
data/raw/CricShoot10kShootDataset/Upper Cut/vid42_37.avi,Upper Cut,Upper Cut
data/raw/CricShoot10kShootDataset/Lofted Legside/vid8_45.avi,Lofted Legside,Lofted Legside
data/raw/CricShoot10kShootDataset/Square Cut/vid504_12.avi,Square Cut,Square Cut
data/raw/CricShoot10kShootDataset/Scoop/vid508_61.avi,Scoop,Scoop
data/raw/CricShoot10kShootDataset/Reverse Sweep/vid337_29.avi,Reverse Sweep,Reverse Sweep
data/raw/CricShoot10kShootDataset/Late Cut/vid317_8.avi,Late Cut,Late Cut
data/raw/CricShoot10kShootDataset/Lofted Legside/vid346_10.avi,Lofted Legside,Lofted Legside
data/raw/CricShoot10kShootDataset/Flick/vid110_22.avi,Flick,Flick
data/raw/CricShoot10kShootDataset/Sweep/vid51_12.avi,Sweep,Sweep
data/raw/CricShoot10kShootDataset/Late Cut/vid41_8.avi,Late Cut,Late Cut
data/raw/CricShoot10kShootDataset/Late Cut/vid116_25.avi,Late Cut,Late Cut
data/raw/CricShoot10kShootDataset/Straight Drive/vid139_0.avi,Straight Drive,Straight Drive
data/raw/CricShoot10kShootDataset/Lofted Legside/vid380_54.avi,Lofted Legside,Lofted Legside
data/raw/CricShoot10kShootDataset/Lofted Legside/vid451_30.avi,Lofted Legside,Lofted Legside
data/raw/CricShoot10kShootDataset/Flick/vid218_25.avi,Flick,Flick
data/raw/CricShoot10kShootDataset/Square Cut/vid152_21.avi,Square Cut,Square Cut
data/raw/CricShoot10kShootDataset/Sweep/vid504_43.avi,Sweep,Sweep
data/raw/CricShoot10kShootDataset/Down The Wicket/vid217_11.avi,Down The Wicket,Down The Wicket
data/raw/CricShoot10kShootDataset/Pull/vid443_23.avi,Pull,Pull
data/raw/CricShoot10kShootDataset/Lofted Legside/vid420_29.avi,Lofted Legside,Lofted Legside
data/raw/CricShoot10kShootDataset/Flick/vid168_35.avi,Flick,Flick
data/raw/CricShoot10kShootDataset/Sweep/vid344_49.avi,Sweep,Sweep
data/raw/CricShoot10kShootDataset/Sweep/vid474_7.avi,Sweep,Sweep
data/raw/CricShoot10kShootDataset/Flick/vid238_59.avi,Flick,Flick
data/raw/CricShoot10kShootDataset/Straight Drive/vid299_1.avi,Straight Drive,Straight Drive
data/raw/CricShoot10kShootDataset/Lofted Offside/vid500_9.avi,Lofted Offside,Lofted Offside
data/raw/CricShoot10kShootDataset/Scoop/vid46_70.avi,Scoop,Scoop
data/raw/CricShoot10kShootDataset/Defensive/vid149_1.avi,Defensive,Defensive
data/raw/CricShoot10kShootDataset/Late Cut/vid515_86.avi,Late Cut,Late Cut
data/raw/CricShoot10kShootDataset/Defensive/vid418_41.avi,Defensive,Defensive
data/raw/CricShoot10kShootDataset/Down The Wicket/vid64_37.avi,Down The Wicket,Down The Wicket
data/raw/CricShoot10kShootDataset/Straight Drive/vid232_13.avi,Straight Drive,Straight Drive
data/raw/CricShoot10kShootDataset/Scoop/vid495_18.avi,Scoop,Scoop
data/raw/CricShoot10kShootDataset/Cover Drive/vid253_1.avi,Cover Drive,Cover Drive
data/raw/CricShoot10kShootDataset/Pull/vid364_63.avi,Pull,Pull
data/raw/CricShoot10kShootDataset/Defensive/vid428_4.avi,Defensive,Defensive
data/raw/CricShoot10kShootDataset/Pull/vid366_46.avi,Pull,Pull
data/raw/CricShoot10kShootDataset/Cover Drive/vid63_34.avi,Cover Drive,Cover Drive
data/raw/CricShoot10kShootDataset/Down The Wicket/vid188_20.avi,Down The Wicket,Down The Wicket
data/raw/CricShoot10kShootDataset/Lofted Offside/vid345_11.avi,Lofted Offside,Lofted Offside
data/raw/CricShoot10kShootDataset/Late Cut/vid315_23.avi,Late Cut,Late Cut
data/raw/CricShoot10kShootDataset/Square Cut/vid39_48.avi,Square Cut,Square Cut
data/raw/CricShoot10kShootDataset/Sweep/vid53_77.avi,Sweep,Sweep
data/raw/CricShoot10kShootDataset/Scoop/vid373_19.avi,Scoop,Scoop
data/raw/CricShoot10kShootDataset/Flick/vid100_51.avi,Flick,Flick
data/raw/CricShoot10kShootDataset/Late Cut/vid480_2.avi,Late Cut,Late Cut
data/raw/CricShoot10kShootDataset/Straight Drive/vid245_33.avi,Straight Drive,Straight Drive
data/raw/CricShoot10kShootDataset/Late Cut/vid428_18.avi,Late Cut,Late Cut
data/raw/CricShoot10kShootDataset/Sweep/vid166_2.avi,Sweep,Sweep
data/raw/CricShoot10kShootDataset/Defensive/vid313_2.avi,Defensive,Defensive
data/raw/CricShoot10kShootDataset/Square Cut/vid84_8.avi,Square Cut,Square Cut
data/raw/CricShoot10kShootDataset/Lofted Offside/vid101_3.avi,Lofted Offside,Lofted Offside
data/raw/CricShoot10kShootDataset/Hook/vid38_23.avi,Hook,Hook
data/raw/CricShoot10kShootDataset/Pull/vid430_34.avi,Pull,Pull
data/raw/CricShoot10kShootDataset/Lofted Legside/vid361_71.avi,Lofted Legside,Lofted Legside
data/raw/CricShoot10kShootDataset/Reverse Sweep/vid259_35.avi,Reverse Sweep,Reverse Sweep
data/raw/CricShoot10kShootDataset/Straight Drive/vid222_16.avi,Straight Drive,Straight Drive
data/raw/CricShoot10kShootDataset/Cover Drive/vid24_37.avi,Cover Drive,Cover Drive
data/raw/CricShoot10kShootDataset/Sweep/vid205_75.avi,Sweep,Sweep
data/raw/CricShoot10kShootDataset/Lofted Legside/vid360_42.avi,Lofted Legside,Lofted Legside
data/raw/CricShoot10kShootDataset/Sweep/vid108_36.avi,Sweep,Sweep
data/raw/CricShoot10kShootDataset/Hook/vid123_13.avi,Hook,Hook
data/raw/CricShoot10kShootDataset/Lofted Legside/vid53_60.avi,Lofted Legside,Lofted Legside
data/raw/CricShoot10kShootDataset/Straight Drive/vid117_5.avi,Straight Drive,Straight Drive
data/raw/CricShoot10kShootDataset/Pull/vid355_6.avi,Pull,Pull
data/raw/CricShoot10kShootDataset/Sweep/vid384_79.avi,Sweep,Sweep
data/raw/CricShoot10kShootDataset/Pull/vid373_39.avi,Pull,Pull
data/raw/CricShoot10kShootDataset/Square Cut/vid528_50.avi,Square Cut,Square Cut
data/raw/CricShoot10kShootDataset/Cover Drive/vid454_10.avi,Cover Drive,Cover Drive
data/raw/CricShoot10kShootDataset/Sweep/vid533_15.avi,Sweep,Sweep
data/raw/CricShoot10kShootDataset/Square Cut/vid433_40.avi,Square Cut,Square Cut
data/raw/CricShoot10kShootDataset/Square Cut/vid140_27.avi,Square Cut,Square Cut
data/raw/CricShoot10kShootDataset/Down The Wicket/vid67_24.avi,Down The Wicket,Down The Wicket
data/raw/CricShoot10kShootDataset/Late Cut/vid323_37.avi,Late Cut,Late Cut
data/raw/CricShoot10kShootDataset/Flick/vid417_3.avi,Flick,Flick
data/raw/CricShoot10kShootDataset/Square Cut/vid135_5.avi,Square Cut,Square Cut
data/raw/CricShoot10kShootDataset/Square Cut/vid296_30.avi,Square Cut,Square Cut
data/raw/CricShoot10kShootDataset/Hook/vid522_12.avi,Hook,Hook
data/raw/CricShoot10kShootDataset/Cover Drive/vid156_5.avi,Cover Drive,Cover Drive
data/raw/CricShoot10kShootDataset/Lofted Offside/vid364_47.avi,Lofted Offside,Lofted Offside
data/raw/CricShoot10kShootDataset/Flick/vid446_8.avi,Flick,Flick
data/raw/CricShoot10kShootDataset/Square Cut/vid14_47.avi,Square Cut,Square Cut
data/raw/CricShoot10kShootDataset/Cover Drive/vid533_47.avi,Cover Drive,Cover Drive
data/raw/CricShoot10kShootDataset/Cover Drive/vid449_33.avi,Cover Drive,Cover Drive
data/raw/CricShoot10kShootDataset/Sweep/vid286_0.avi,Sweep,Sweep
data/raw/CricShoot10kShootDataset/Reverse Sweep/vid203_47.avi,Reverse Sweep,Reverse Sweep
data/raw/CricShoot10kShootDataset/Sweep/vid331_17.avi,Sweep,Sweep
data/raw/CricShoot10kShootDataset/Lofted Offside/vid401_16.avi,Lofted Offside,Lofted Offside
data/raw/CricShoot10kShootDataset/Reverse Sweep/vid301_5.avi,Reverse Sweep,Reverse Sweep
data/raw/CricShoot10kShootDataset/Down The Wicket/vid229_7.avi,Down The Wicket,Down The Wicket
data/raw/CricShoot10kShootDataset/Defensive/vid439_15.avi,Defensive,Defensive
data/raw/CricShoot10kShootDataset/Cover Drive/vid404_10.avi,Cover Drive,Cover Drive
data/raw/CricShoot10kShootDataset/Upper Cut/vid129_13.avi,Upper Cut,Upper Cut
data/raw/CricShoot10kShootDataset/Sweep/vid389_14.avi,Sweep,Sweep
data/raw/CricShoot10kShootDataset/Down The Wicket/vid178_13.avi,Down The Wicket,Down The Wicket
data/raw/CricShoot10kShootDataset/Down The Wicket/vid437_61.avi,Down The Wicket,Down The Wicket
data/raw/CricShoot10kShootDataset/Lofted Offside/vid320_28.avi,Lofted Offside,Lofted Offside
data/raw/CricShoot10kShootDataset/Pull/vid387_30.avi,Pull,Pull
data/raw/CricShoot10kShootDataset/Lofted Legside/vid465_13.avi,Lofted Legside,Lofted Legside
data/raw/CricShoot10kShootDataset/Reverse Sweep/vid384_32.avi,Reverse Sweep,Reverse Sweep
data/raw/CricShoot10kShootDataset/Sweep/vid369_32.avi,Sweep,Sweep
data/raw/CricShoot10kShootDataset/Down The Wicket/vid14_9.avi,Down The Wicket,Down The Wicket
data/raw/CricShoot10kShootDataset/Flick/vid382_14.avi,Flick,Flick
data/raw/CricShoot10kShootDataset/Lofted Offside/vid66_1.avi,Lofted Offside,Lofted Offside
data/raw/CricShoot10kShootDataset/Cover Drive/vid233_5.avi,Cover Drive,Cover Drive
data/raw/CricShoot10kShootDataset/Square Cut/vid45_3.avi,Square Cut,Square Cut
data/raw/CricShoot10kShootDataset/Upper Cut/vid141_10.avi,Upper Cut,Upper Cut
data/raw/CricShoot10kShootDataset/Sweep/vid441_23.avi,Sweep,Sweep
data/raw/CricShoot10kShootDataset/Pull/vid66_17.avi,Pull,Pull
data/raw/CricShoot10kShootDataset/Down The Wicket/vid67_8.avi,Down The Wicket,Down The Wicket
data/raw/CricShoot10kShootDataset/Lofted Offside/vid348_3.avi,Lofted Offside,Lofted Offside
data/raw/CricShoot10kShootDataset/Square Cut/vid124_17.avi,Square Cut,Square Cut
data/raw/CricShoot10kShootDataset/Hook/vid9_20.avi,Hook,Hook
data/raw/CricShoot10kShootDataset/Lofted Legside/vid4_8.avi,Lofted Legside,Lofted Legside
data/raw/CricShoot10kShootDataset/Down The Wicket/vid181_3.avi,Down The Wicket,Down The Wicket
data/raw/CricShoot10kShootDataset/Lofted Legside/vid34_46.avi,Lofted Legside,Lofted Legside
data/raw/CricShoot10kShootDataset/Lofted Offside/vid380_48.avi,Lofted Offside,Lofted Offside
data/raw/CricShoot10kShootDataset/Flick/vid105_2.avi,Flick,Flick
data/raw/CricShoot10kShootDataset/Flick/vid368_14.avi,Flick,Flick
data/raw/CricShoot10kShootDataset/Lofted Legside/vid380_2.avi,Lofted Legside,Lofted Legside
data/raw/CricShoot10kShootDataset/Sweep/vid321_5.avi,Sweep,Sweep
data/raw/CricShoot10kShootDataset/Cover Drive/vid126_31.avi,Cover Drive,Cover Drive
data/raw/CricShoot10kShootDataset/Lofted Offside/vid413_27.avi,Lofted Offside,Lofted Offside
data/raw/CricShoot10kShootDataset/Defensive/vid2_23.avi,Defensive,Defensive
data/raw/CricShoot10kShootDataset/Hook/vid517_61.avi,Hook,Hook
data/raw/CricShoot10kShootDataset/Down The Wicket/vid61_5.avi,Down The Wicket,Down The Wicket
data/raw/CricShoot10kShootDataset/Square Cut/vid318_7.avi,Square Cut,Square Cut
data/raw/CricShoot10kShootDataset/Sweep/vid157_6.avi,Sweep,Sweep
data/raw/CricShoot10kShootDataset/Down The Wicket/vid467_35.avi,Down The Wicket,Down The Wicket
data/raw/CricShoot10kShootDataset/Hook/vid95_7.avi,Hook,Hook
data/raw/CricShoot10kShootDataset/Late Cut/vid86_56.avi,Late Cut,Late Cut
data/raw/CricShoot10kShootDataset/Flick/vid42_36.avi,Flick,Flick
data/raw/CricShoot10kShootDataset/Cover Drive/vid303_13.avi,Cover Drive,Cover Drive
data/raw/CricShoot10kShootDataset/Flick/vid444_57.avi,Flick,Flick
data/raw/CricShoot10kShootDataset/Hook/vid261_10.avi,Hook,Hook
data/raw/CricShoot10kShootDataset/Defensive/vid177_31.avi,Defensive,Defensive
data/raw/CricShoot10kShootDataset/Hook/vid368_31.avi,Hook,Hook
data/raw/CricShoot10kShootDataset/Square Cut/vid238_39.avi,Square Cut,Square Cut
data/raw/CricShoot10kShootDataset/Sweep/vid253_6.avi,Sweep,Sweep
data/raw/CricShoot10kShootDataset/Lofted Legside/vid141_23.avi,Lofted Legside,Lofted Legside
data/raw/CricShoot10kShootDataset/Straight Drive/vid529_43.avi,Straight Drive,Straight Drive
data/raw/CricShoot10kShootDataset/Defensive/vid225_24.avi,Defensive,Defensive
data/raw/CricShoot10kShootDataset/Lofted Offside/vid366_54.avi,Lofted Offside,Lofted Offside
data/raw/CricShoot10kShootDataset/Lofted Legside/vid536_14.avi,Lofted Legside,Lofted Legside
data/raw/CricShoot10kShootDataset/Lofted Legside/vid392_38.avi,Lofted Legside,Lofted Legside
data/raw/CricShoot10kShootDataset/Down The Wicket/vid78_13.avi,Down The Wicket,Down The Wicket
data/raw/CricShoot10kShootDataset/Upper Cut/vid474_10.avi,Upper Cut,Upper Cut
data/raw/CricShoot10kShootDataset/Down The Wicket/vid437_13.avi,Down The Wicket,Down The Wicket
data/raw/CricShoot10kShootDataset/Flick/vid33_0.avi,Flick,Flick
data/raw/CricShoot10kShootDataset/Pull/vid451_43.avi,Pull,Pull
data/raw/CricShoot10kShootDataset/Lofted Legside/vid319_8.avi,Lofted Legside,Lofted Legside
data/raw/CricShoot10kShootDataset/Late Cut/vid432_4.avi,Late Cut,Late Cut
data/raw/CricShoot10kShootDataset/Cover Drive/vid239_29.avi,Cover Drive,Cover Drive
data/raw/CricShoot10kShootDataset/Flick/vid24_45.avi,Flick,Flick
data/raw/CricShoot10kShootDataset/Down The Wicket/vid12_29.avi,Down The Wicket,Down The Wicket
data/raw/CricShoot10kShootDataset/Late Cut/vid444_30.avi,Late Cut,Late Cut
data/raw/CricShoot10kShootDataset/Flick/vid436_23.avi,Flick,Flick
data/raw/CricShoot10kShootDataset/Hook/vid518_25.avi,Hook,Hook
data/raw/CricShoot10kShootDataset/Down The Wicket/vid233_13.avi,Down The Wicket,Down The Wicket
data/raw/CricShoot10kShootDataset/Cover Drive/vid525_34.avi,Cover Drive,Cover Drive
data/raw/CricShoot10kShootDataset/Lofted Legside/vid158_28.avi,Lofted Legside,Lofted Legside
data/raw/CricShoot10kShootDataset/Reverse Sweep/vid137_22.avi,Reverse Sweep,Reverse Sweep
data/raw/CricShoot10kShootDataset/Sweep/vid358_12.avi,Sweep,Sweep
data/raw/CricShoot10kShootDataset/Lofted Offside/vid475_19.avi,Lofted Offside,Lofted Offside
data/raw/CricShoot10kShootDataset/Lofted Legside/vid482_30.avi,Lofted Legside,Lofted Legside
data/raw/CricShoot10kShootDataset/Pull/vid387_47.avi,Pull,Pull
data/raw/CricShoot10kShootDataset/Down The Wicket/vid370_49.avi,Down The Wicket,Down The Wicket
data/raw/CricShoot10kShootDataset/Sweep/vid376_23.avi,Sweep,Sweep
data/raw/CricShoot10kShootDataset/Scoop/vid359_28.avi,Scoop,Scoop
data/raw/CricShoot10kShootDataset/Square Cut/vid178_9.avi,Square Cut,Square Cut
data/raw/CricShoot10kShootDataset/Hook/vid368_20.avi,Hook,Hook
data/raw/CricShoot10kShootDataset/Upper Cut/vid37_10.avi,Upper Cut,Upper Cut
data/raw/CricShoot10kShootDataset/Square Cut/vid430_11.avi,Square Cut,Square Cut
data/raw/CricShoot10kShootDataset/Hook/vid345_17.avi,Hook,Hook
data/raw/CricShoot10kShootDataset/Defensive/vid296_31.avi,Defensive,Defensive
data/raw/CricShoot10kShootDataset/Flick/vid175_1.avi,Flick,Flick
data/raw/CricShoot10kShootDataset/Cover Drive/vid21_5.avi,Cover Drive,Cover Drive
data/raw/CricShoot10kShootDataset/Lofted Legside/vid174_29.avi,Lofted Legside,Lofted Legside
data/raw/CricShoot10kShootDataset/Lofted Legside/vid384_78.avi,Lofted Legside,Lofted Legside
data/raw/CricShoot10kShootDataset/Lofted Legside/vid490_8.avi,Lofted Legside,Lofted Legside
data/raw/CricShoot10kShootDataset/Sweep/vid156_12.avi,Sweep,Sweep
data/raw/CricShoot10kShootDataset/Square Cut/vid393_35.avi,Square Cut,Square Cut
data/raw/CricShoot10kShootDataset/Pull/vid234_18.avi,Pull,Pull
data/raw/CricShoot10kShootDataset/Square Cut/vid204_28.avi,Square Cut,Square Cut
data/raw/CricShoot10kShootDataset/Cover Drive/vid523_24.avi,Cover Drive,Cover Drive
data/raw/CricShoot10kShootDataset/Sweep/vid187_33.avi,Sweep,Sweep
data/raw/CricShoot10kShootDataset/Square Cut/vid503_3.avi,Square Cut,Square Cut
data/raw/CricShoot10kShootDataset/Lofted Legside/vid358_49.avi,Lofted Legside,Lofted Legside
data/raw/CricShoot10kShootDataset/Lofted Offside/vid272_3.avi,Lofted Offside,Lofted Offside
data/raw/CricShoot10kShootDataset/Square Cut/vid106_0.avi,Square Cut,Square Cut
data/raw/CricShoot10kShootDataset/Square Cut/vid124_20.avi,Square Cut,Square Cut
data/raw/CricShoot10kShootDataset/Square Cut/vid238_22.avi,Square Cut,Square Cut
data/raw/CricShoot10kShootDataset/Defensive/vid400_5.avi,Defensive,Defensive
