clip,class,label,match
Cover Drive/vid100_41.avi,Cover Drive,0,vid100
Cover Drive/vid100_60.avi,Cover Drive,0,vid100
Cover Drive/vid100_8.avi,Cover Drive,0,vid100
Cover Drive/vid103_15.avi,Cover Drive,0,vid103
Cover Drive/vid103_6.avi,Cover Drive,0,vid103
Cover Drive/vid104_26.avi,Cover Drive,0,vid104
Cover Drive/vid106_1.avi,Cover Drive,0,vid106
Cover Drive/vid106_14.avi,Cover Drive,0,vid106
Cover Drive/vid106_30.avi,Cover Drive,0,vid106
Cover Drive/vid108_2.avi,Cover Drive,0,vid108
Cover Drive/vid108_21.avi,Cover Drive,0,vid108
Cover Drive/vid111_4.avi,Cover Drive,0,vid111
Cover Drive/vid112_1.avi,Cover Drive,0,vid112
Cover Drive/vid113_10.avi,Cover Drive,0,vid113
Cover Drive/vid113_22.avi,Cover Drive,0,vid113
Cover Drive/vid113_7.avi,Cover Drive,0,vid113
Cover Drive/vid116_30.avi,Cover Drive,0,vid116
Cover Drive/vid116_37.avi,Cover Drive,0,vid116
Cover Drive/vid118_10.avi,Cover Drive,0,vid118
Cover Drive/vid118_22.avi,Cover Drive,0,vid118
Cover Drive/vid118_7.avi,Cover Drive,0,vid118
Cover Drive/vid11_18.avi,Cover Drive,0,vid11
Cover Drive/vid120_2.avi,Cover Drive,0,vid120
Cover Drive/vid121_13.avi,Cover Drive,0,vid121
Cover Drive/vid121_15.avi,Cover Drive,0,vid121
Cover Drive/vid121_17.avi,Cover Drive,0,vid121
Cover Drive/vid128_1.avi,Cover Drive,0,vid128
Cover Drive/vid129_0.avi,Cover Drive,0,vid129
Cover Drive/vid129_31.avi,Cover Drive,0,vid129
Cover Drive/vid129_6.avi,Cover Drive,0,vid129
Cover Drive/vid129_8.avi,Cover Drive,0,vid129
Cover Drive/vid12_0.avi,Cover Drive,0,vid12
Cover Drive/vid12_26.avi,Cover Drive,0,vid12
Cover Drive/vid130_37.avi,Cover Drive,0,vid130
Cover Drive/vid130_40.avi,Cover Drive,0,vid130
Cover Drive/vid132_15.avi,Cover Drive,0,vid132
Cover Drive/vid134_2.avi,Cover Drive,0,vid134
Cover Drive/vid135_0.avi,Cover Drive,0,vid135
Cover Drive/vid136_8.avi,Cover Drive,0,vid136
Cover Drive/vid137_0.avi,Cover Drive,0,vid137
Cover Drive/vid137_6.avi,Cover Drive,0,vid137
Cover Drive/vid142_4.avi,Cover Drive,0,vid142
Cover Drive/vid144_23.avi,Cover Drive,0,vid144
Cover Drive/vid146_28.avi,Cover Drive,0,vid146
Cover Drive/vid146_29.avi,Cover Drive,0,vid146
Cover Drive/vid146_35.avi,Cover Drive,0,vid146
Cover Drive/vid150_21.avi,Cover Drive,0,vid150
Cover Drive/vid151_11.avi,Cover Drive,0,vid151
Cover Drive/vid151_25.avi,Cover Drive,0,vid151
Cover Drive/vid153_0.avi,Cover Drive,0,vid153
Cover Drive/vid154_1.avi,Cover Drive,0,vid154
Cover Drive/vid156_22.avi,Cover Drive,0,vid156
Cover Drive/vid156_5.avi,Cover Drive,0,vid156
Cover Drive/vid162_15.avi,Cover Drive,0,vid162
Cover Drive/vid162_3.avi,Cover Drive,0,vid162
Cover Drive/vid162_41.avi,Cover Drive,0,vid162
Cover Drive/vid162_48.avi,Cover Drive,0,vid162
Cover Drive/vid168_10.avi,Cover Drive,0,vid168
Cover Drive/vid168_25.avi,Cover Drive,0,vid168
Cover Drive/vid168_28.avi,Cover Drive,0,vid168
Cover Drive/vid168_5.avi,Cover Drive,0,vid168
Cover Drive/vid170_5.avi,Cover Drive,0,vid170
Cover Drive/vid170_58.avi,Cover Drive,0,vid170
Cover Drive/vid175_0.avi,Cover Drive,0,vid175
Cover Drive/vid175_15.avi,Cover Drive,0,vid175
Cover Drive/vid175_37.avi,Cover Drive,0,vid175
Cover Drive/vid175_6.avi,Cover Drive,0,vid175
Cover Drive/vid178_0.avi,Cover Drive,0,vid178
Cover Drive/vid178_2.avi,Cover Drive,0,vid178
Cover Drive/vid178_6.avi,Cover Drive,0,vid178
Cover Drive/vid178_7.avi,Cover Drive,0,vid178
Cover Drive/vid180_0.avi,Cover Drive,0,vid180
Cover Drive/vid180_9.avi,Cover Drive,0,vid180
Cover Drive/vid182_18.avi,Cover Drive,0,vid182
Cover Drive/vid185_2.avi,Cover Drive,0,vid185
Cover Drive/vid187_21.avi,Cover Drive,0,vid187
Cover Drive/vid187_25.avi,Cover Drive,0,vid187
Cover Drive/vid207_45.avi,Cover Drive,0,vid207
Cover Drive/vid207_46.avi,Cover Drive,0,vid207
Cover Drive/vid207_5.avi,Cover Drive,0,vid207
Cover Drive/vid208_32.avi,Cover Drive,0,vid208
Cover Drive/vid208_5.avi,Cover Drive,0,vid208
Cover Drive/vid209_3.avi,Cover Drive,0,vid209
Cover Drive/vid209_30.avi,Cover Drive,0,vid209
Cover Drive/vid209_31.avi,Cover Drive,0,vid209
Cover Drive/vid209_6.avi,Cover Drive,0,vid209
Cover Drive/vid210_16.avi,Cover Drive,0,vid210
Cover Drive/vid211_18.avi,Cover Drive,0,vid211
Cover Drive/vid213_1.avi,Cover Drive,0,vid213
Cover Drive/vid213_18.avi,Cover Drive,0,vid213
Cover Drive/vid213_31.avi,Cover Drive,0,vid213
Cover Drive/vid213_61.avi,Cover Drive,0,vid213
Cover Drive/vid215_1.avi,Cover Drive,0,vid215
Cover Drive/vid215_36.avi,Cover Drive,0,vid215
Cover Drive/vid216_28.avi,Cover Drive,0,vid216
Cover Drive/vid216_5.avi,Cover Drive,0,vid216
Cover Drive/vid217_27.avi,Cover Drive,0,vid217
Cover Drive/vid217_6.avi,Cover Drive,0,vid217
Cover Drive/vid218_10.avi,Cover Drive,0,vid218
Cover Drive/vid218_18.avi,Cover Drive,0,vid218
Cover Drive/vid218_2.avi,Cover Drive,0,vid218
Cover Drive/vid218_27.avi,Cover Drive,0,vid218
Cover Drive/vid218_32.avi,Cover Drive,0,vid218
Cover Drive/vid219_4.avi,Cover Drive,0,vid219
Cover Drive/vid221_10.avi,Cover Drive,0,vid221
Cover Drive/vid221_18.avi,Cover Drive,0,vid221
Cover Drive/vid221_23.avi,Cover Drive,0,vid221
Cover Drive/vid222_0.avi,Cover Drive,0,vid222
Cover Drive/vid222_2.avi,Cover Drive,0,vid222
Cover Drive/vid223_17.avi,Cover Drive,0,vid223
Cover Drive/vid223_19.avi,Cover Drive,0,vid223
Cover Drive/vid223_8.avi,Cover Drive,0,vid223
Cover Drive/vid224_12.avi,Cover Drive,0,vid224
Cover Drive/vid225_3.avi,Cover Drive,0,vid225
Cover Drive/vid226_0.avi,Cover Drive,0,vid226
Cover Drive/vid226_47.avi,Cover Drive,0,vid226
Cover Drive/vid226_8.avi,Cover Drive,0,vid226
Cover Drive/vid227_0.avi,Cover Drive,0,vid227
Cover Drive/vid227_26.avi,Cover Drive,0,vid227
Cover Drive/vid227_27.avi,Cover Drive,0,vid227
Cover Drive/vid228_10.avi,Cover Drive,0,vid228
Cover Drive/vid228_26.avi,Cover Drive,0,vid228
Cover Drive/vid228_35.avi,Cover Drive,0,vid228
Cover Drive/vid228_36.avi,Cover Drive,0,vid228
Cover Drive/vid228_7.avi,Cover Drive,0,vid228
Cover Drive/vid229_42.avi,Cover Drive,0,vid229
Cover Drive/vid230_14.avi,Cover Drive,0,vid230
Cover Drive/vid230_18.avi,Cover Drive,0,vid230
Cover Drive/vid230_21.avi,Cover Drive,0,vid230
Cover Drive/vid230_32.avi,Cover Drive,0,vid230
Cover Drive/vid230_4.avi,Cover Drive,0,vid230
Cover Drive/vid230_7.avi,Cover Drive,0,vid230
Cover Drive/vid230_8.avi,Cover Drive,0,vid230
Cover Drive/vid231_15.avi,Cover Drive,0,vid231
Cover Drive/vid231_20.avi,Cover Drive,0,vid231
Cover Drive/vid231_6.avi,Cover Drive,0,vid231
Cover Drive/vid233_1.avi,Cover Drive,0,vid233
Cover Drive/vid233_45.avi,Cover Drive,0,vid233
Cover Drive/vid233_5.avi,Cover Drive,0,vid233
Cover Drive/vid234_2.avi,Cover Drive,0,vid234
Cover Drive/vid234_32.avi,Cover Drive,0,vid234
Cover Drive/vid239_19.avi,Cover Drive,0,vid239
Cover Drive/vid239_28.avi,Cover Drive,0,vid239
Cover Drive/vid239_29.avi,Cover Drive,0,vid239
Cover Drive/vid239_30.avi,Cover Drive,0,vid239
Cover Drive/vid239_39.avi,Cover Drive,0,vid239
Cover Drive/vid240_59.avi,Cover Drive,0,vid240
Cover Drive/vid241_1.avi,Cover Drive,0,vid241
Cover Drive/vid241_19.avi,Cover Drive,0,vid241
Cover Drive/vid241_21.avi,Cover Drive,0,vid241
Cover Drive/vid242_15.avi,Cover Drive,0,vid242
Cover Drive/vid242_17.avi,Cover Drive,0,vid242
Cover Drive/vid242_2.avi,Cover Drive,0,vid242
Cover Drive/vid242_34.avi,Cover Drive,0,vid242
Cover Drive/vid242_43.avi,Cover Drive,0,vid242
Cover Drive/vid243_37.avi,Cover Drive,0,vid243
Cover Drive/vid244_1.avi,Cover Drive,0,vid244
Cover Drive/vid244_23.avi,Cover Drive,0,vid244
Cover Drive/vid244_25.avi,Cover Drive,0,vid244
Cover Drive/vid244_3.avi,Cover Drive,0,vid244
Cover Drive/vid244_9.avi,Cover Drive,0,vid244
Cover Drive/vid245_17.avi,Cover Drive,0,vid245
Cover Drive/vid245_28.avi,Cover Drive,0,vid245
Cover Drive/vid245_3.avi,Cover Drive,0,vid245
Cover Drive/vid245_34.avi,Cover Drive,0,vid245
Cover Drive/vid245_42.avi,Cover Drive,0,vid245
Cover Drive/vid245_48.avi,Cover Drive,0,vid245
Cover Drive/vid245_6.avi,Cover Drive,0,vid245
Cover Drive/vid246_14.avi,Cover Drive,0,vid246
Cover Drive/vid246_5.avi,Cover Drive,0,vid246
Cover Drive/vid249_15.avi,Cover Drive,0,vid249
Cover Drive/vid249_16.avi,Cover Drive,0,vid249
Cover Drive/vid249_30.avi,Cover Drive,0,vid249
Cover Drive/vid249_48.avi,Cover Drive,0,vid249
Cover Drive/vid24_37.avi,Cover Drive,0,vid24
Cover Drive/vid24_38.avi,Cover Drive,0,vid24
Cover Drive/vid250_3.avi,Cover Drive,0,vid250
Cover Drive/vid250_40.avi,Cover Drive,0,vid250
Cover Drive/vid250_7.avi,Cover Drive,0,vid250
Cover Drive/vid252_13.avi,Cover Drive,0,vid252
Cover Drive/vid252_23.avi,Cover Drive,0,vid252
Cover Drive/vid252_27.avi,Cover Drive,0,vid252
Cover Drive/vid252_33.avi,Cover Drive,0,vid252
Cover Drive/vid252_40.avi,Cover Drive,0,vid252
Cover Drive/vid252_44.avi,Cover Drive,0,vid252
Cover Drive/vid255_12.avi,Cover Drive,0,vid255
Cover Drive/vid255_33.avi,Cover Drive,0,vid255
Cover Drive/vid26_12.avi,Cover Drive,0,vid26
Cover Drive/vid26_19.avi,Cover Drive,0,vid26
Cover Drive/vid273_15.avi,Cover Drive,0,vid273
Cover Drive/vid27_25.avi,Cover Drive,0,vid27
Cover Drive/vid287_13.avi,Cover Drive,0,vid287
Cover Drive/vid288_0.avi,Cover Drive,0,vid288
Cover Drive/vid295_0.avi,Cover Drive,0,vid295
Cover Drive/vid295_10.avi,Cover Drive,0,vid295
Cover Drive/vid295_17.avi,Cover Drive,0,vid295
Cover Drive/vid295_23.avi,Cover Drive,0,vid295
Cover Drive/vid295_3.avi,Cover Drive,0,vid295
Cover Drive/vid295_34.avi,Cover Drive,0,vid295
Cover Drive/vid295_39.avi,Cover Drive,0,vid295
Cover Drive/vid295_9.avi,Cover Drive,0,vid295
Cover Drive/vid296_18.avi,Cover Drive,0,vid296
Cover Drive/vid296_2.avi,Cover Drive,0,vid296
Cover Drive/vid296_24.avi,Cover Drive,0,vid296
Cover Drive/vid296_25.avi,Cover Drive,0,vid296
Cover Drive/vid296_33.avi,Cover Drive,0,vid296
Cover Drive/vid296_7.avi,Cover Drive,0,vid296
Cover Drive/vid298_19.avi,Cover Drive,0,vid298
Cover Drive/vid298_29.avi,Cover Drive,0,vid298
Cover Drive/vid298_30.avi,Cover Drive,0,vid298
Cover Drive/vid298_5.avi,Cover Drive,0,vid298
Cover Drive/vid299_21.avi,Cover Drive,0,vid299
Cover Drive/vid299_24.avi,Cover Drive,0,vid299
Cover Drive/vid299_28.avi,Cover Drive,0,vid299
Cover Drive/vid299_3.avi,Cover Drive,0,vid299
Cover Drive/vid299_33.avi,Cover Drive,0,vid299
Cover Drive/vid299_7.avi,Cover Drive,0,vid299
Cover Drive/vid299_8.avi,Cover Drive,0,vid299
Cover Drive/vid2_0.avi,Cover Drive,0,vid2
Cover Drive/vid2_21.avi,Cover Drive,0,vid2
Cover Drive/vid302_14.avi,Cover Drive,0,vid302
Cover Drive/vid302_23.avi,Cover Drive,0,vid302
Cover Drive/vid303_11.avi,Cover Drive,0,vid303
Cover Drive/vid303_13.avi,Cover Drive,0,vid303
Cover Drive/vid303_20.avi,Cover Drive,0,vid303
Cover Drive/vid304_11.avi,Cover Drive,0,vid304
Cover Drive/vid304_19.avi,Cover Drive,0,vid304
Cover Drive/vid304_2.avi,Cover Drive,0,vid304
Cover Drive/vid304_29.avi,Cover Drive,0,vid304
Cover Drive/vid304_3.avi,Cover Drive,0,vid304
Cover Drive/vid304_8.avi,Cover Drive,0,vid304
Cover Drive/vid304_9.avi,Cover Drive,0,vid304
Cover Drive/vid306_19.avi,Cover Drive,0,vid306
Cover Drive/vid306_2.avi,Cover Drive,0,vid306
Cover Drive/vid306_5.avi,Cover Drive,0,vid306
Cover Drive/vid308_1.avi,Cover Drive,0,vid308
Cover Drive/vid308_9.avi,Cover Drive,0,vid308
Cover Drive/vid310_1.avi,Cover Drive,0,vid310
Cover Drive/vid310_12.avi,Cover Drive,0,vid310
Cover Drive/vid312_35.avi,Cover Drive,0,vid312
Cover Drive/vid314_11.avi,Cover Drive,0,vid314
Cover Drive/vid314_14.avi,Cover Drive,0,vid314
Cover Drive/vid314_21.avi,Cover Drive,0,vid314
Cover Drive/vid314_8.avi,Cover Drive,0,vid314
Cover Drive/vid315_14.avi,Cover Drive,0,vid315
Cover Drive/vid315_27.avi,Cover Drive,0,vid315
Cover Drive/vid316_25.avi,Cover Drive,0,vid316
Cover Drive/vid316_28.avi,Cover Drive,0,vid316
Cover Drive/vid318_12.avi,Cover Drive,0,vid318
Cover Drive/vid319_14.avi,Cover Drive,0,vid319
Cover Drive/vid319_15.avi,Cover Drive,0,vid319
Cover Drive/vid320_33.avi,Cover Drive,0,vid320
Cover Drive/vid320_34.avi,Cover Drive,0,vid320
Cover Drive/vid320_35.avi,Cover Drive,0,vid320
Cover Drive/vid321_15.avi,Cover Drive,0,vid321
Cover Drive/vid321_16.avi,Cover Drive,0,vid321
Cover Drive/vid323_17.avi,Cover Drive,0,vid323
Cover Drive/vid325_1.avi,Cover Drive,0,vid325
Cover Drive/vid327_24.avi,Cover Drive,0,vid327
Cover Drive/vid327_5.avi,Cover Drive,0,vid327
Cover Drive/vid329_11.avi,Cover Drive,0,vid329
Cover Drive/vid329_15.avi,Cover Drive,0,vid329
Cover Drive/vid339_0.avi,Cover Drive,0,vid339
Cover Drive/vid33_1.avi,Cover Drive,0,vid33
Cover Drive/vid33_17.avi,Cover Drive,0,vid33
Cover Drive/vid33_27.avi,Cover Drive,0,vid33
Cover Drive/vid340_1.avi,Cover Drive,0,vid340
Cover Drive/vid340_22.avi,Cover Drive,0,vid340
Cover Drive/vid340_5.avi,Cover Drive,0,vid340
Cover Drive/vid341_0.avi,Cover Drive,0,vid341
Cover Drive/vid343_31.avi,Cover Drive,0,vid343
Cover Drive/vid349_6.avi,Cover Drive,0,vid349
Cover Drive/vid350_1.avi,Cover Drive,0,vid350
Cover Drive/vid353_5.avi,Cover Drive,0,vid353
Cover Drive/vid355_13.avi,Cover Drive,0,vid355
Cover Drive/vid356_21.avi,Cover Drive,0,vid356
Cover Drive/vid356_3.avi,Cover Drive,0,vid356
Cover Drive/vid356_33.avi,Cover Drive,0,vid356
Cover Drive/vid356_37.avi,Cover Drive,0,vid356
Cover Drive/vid356_6.avi,Cover Drive,0,vid356
Cover Drive/vid358_22.avi,Cover Drive,0,vid358
Cover Drive/vid358_27.avi,Cover Drive,0,vid358
Cover Drive/vid358_41.avi,Cover Drive,0,vid358
Cover Drive/vid359_39.avi,Cover Drive,0,vid359
Cover Drive/vid360_0.avi,Cover Drive,0,vid360
Cover Drive/vid360_26.avi,Cover Drive,0,vid360
Cover Drive/vid360_57.avi,Cover Drive,0,vid360
Cover Drive/vid360_64.avi,Cover Drive,0,vid360
Cover Drive/vid362_22.avi,Cover Drive,0,vid362
Cover Drive/vid362_31.avi,Cover Drive,0,vid362
Cover Drive/vid362_44.avi,Cover Drive,0,vid362
Cover Drive/vid366_23.avi,Cover Drive,0,vid366
Cover Drive/vid366_60.avi,Cover Drive,0,vid366
Cover Drive/vid366_61.avi,Cover Drive,0,vid366
Cover Drive/vid368_10.avi,Cover Drive,0,vid368
Cover Drive/vid368_30.avi,Cover Drive,0,vid368
Cover Drive/vid368_34.avi,Cover Drive,0,vid368
Cover Drive/vid368_40.avi,Cover Drive,0,vid368
Cover Drive/vid368_9.avi,Cover Drive,0,vid368
Cover Drive/vid369_39.avi,Cover Drive,0,vid369
Cover Drive/vid369_44.avi,Cover Drive,0,vid369
Cover Drive/vid374_11.avi,Cover Drive,0,vid374
Cover Drive/vid374_18.avi,Cover Drive,0,vid374
Cover Drive/vid374_40.avi,Cover Drive,0,vid374
Cover Drive/vid375_53.avi,Cover Drive,0,vid375
Cover Drive/vid375_57.avi,Cover Drive,0,vid375
Cover Drive/vid378_8.avi,Cover Drive,0,vid378
Cover Drive/vid380_43.avi,Cover Drive,0,vid380
Cover Drive/vid380_9.avi,Cover Drive,0,vid380
Cover Drive/vid384_56.avi,Cover Drive,0,vid384
Cover Drive/vid385_34.avi,Cover Drive,0,vid385
Cover Drive/vid385_7.avi,Cover Drive,0,vid385
Cover Drive/vid388_19.avi,Cover Drive,0,vid388
Cover Drive/vid388_33.avi,Cover Drive,0,vid388
Cover Drive/vid388_50.avi,Cover Drive,0,vid388
Cover Drive/vid390_28.avi,Cover Drive,0,vid390
Cover Drive/vid390_45.avi,Cover Drive,0,vid390
Cover Drive/vid392_2.avi,Cover Drive,0,vid392
Cover Drive/vid393_4.avi,Cover Drive,0,vid393
Cover Drive/vid400_8.avi,Cover Drive,0,vid400
Cover Drive/vid401_20.avi,Cover Drive,0,vid401
Cover Drive/vid401_6.avi,Cover Drive,0,vid401
Cover Drive/vid405_17.avi,Cover Drive,0,vid405
Cover Drive/vid405_4.avi,Cover Drive,0,vid405
Cover Drive/vid406_30.avi,Cover Drive,0,vid406
Cover Drive/vid406_31.avi,Cover Drive,0,vid406
Cover Drive/vid406_6.avi,Cover Drive,0,vid406
Cover Drive/vid406_8.avi,Cover Drive,0,vid406
Cover Drive/vid411_14.avi,Cover Drive,0,vid411
Cover Drive/vid411_20.avi,Cover Drive,0,vid411
Cover Drive/vid412_0.avi,Cover Drive,0,vid412
Cover Drive/vid413_22.avi,Cover Drive,0,vid413
Cover Drive/vid415_4.avi,Cover Drive,0,vid415
Cover Drive/vid41_15.avi,Cover Drive,0,vid41
Cover Drive/vid42_1.avi,Cover Drive,0,vid42
Cover Drive/vid42_12.avi,Cover Drive,0,vid42
Cover Drive/vid42_41.avi,Cover Drive,0,vid42
Cover Drive/vid432_1.avi,Cover Drive,0,vid432
Cover Drive/vid432_7.avi,Cover Drive,0,vid432
Cover Drive/vid436_19.avi,Cover Drive,0,vid436
Cover Drive/vid437_10.avi,Cover Drive,0,vid437
Cover Drive/vid438_28.avi,Cover Drive,0,vid438
Cover Drive/vid438_31.avi,Cover Drive,0,vid438
Cover Drive/vid439_1.avi,Cover Drive,0,vid439
Cover Drive/vid439_31.avi,Cover Drive,0,vid439
Cover Drive/vid43_4.avi,Cover Drive,0,vid43
Cover Drive/vid440_2.avi,Cover Drive,0,vid440
Cover Drive/vid441_32.avi,Cover Drive,0,vid441
Cover Drive/vid443_14.avi,Cover Drive,0,vid443
Cover Drive/vid443_40.avi,Cover Drive,0,vid443
Cover Drive/vid443_5.avi,Cover Drive,0,vid443
Cover Drive/vid443_59.avi,Cover Drive,0,vid443
Cover Drive/vid443_66.avi,Cover Drive,0,vid443
Cover Drive/vid444_4.avi,Cover Drive,0,vid444
Cover Drive/vid448_18.avi,Cover Drive,0,vid448
Cover Drive/vid448_37.avi,Cover Drive,0,vid448
Cover Drive/vid448_4.avi,Cover Drive,0,vid448
Cover Drive/vid449_1.avi,Cover Drive,0,vid449
Cover Drive/vid449_33.avi,Cover Drive,0,vid449
Cover Drive/vid453_13.avi,Cover Drive,0,vid453
Cover Drive/vid453_4.avi,Cover Drive,0,vid453
Cover Drive/vid454_10.avi,Cover Drive,0,vid454
Cover Drive/vid455_31.avi,Cover Drive,0,vid455
Cover Drive/vid455_43.avi,Cover Drive,0,vid455
Cover Drive/vid455_47.avi,Cover Drive,0,vid455
Cover Drive/vid456_21.avi,Cover Drive,0,vid456
Cover Drive/vid457_0.avi,Cover Drive,0,vid457
Cover Drive/vid457_27.avi,Cover Drive,0,vid457
Cover Drive/vid457_3.avi,Cover Drive,0,vid457
Cover Drive/vid457_30.avi,Cover Drive,0,vid457
Cover Drive/vid457_45.avi,Cover Drive,0,vid457
Cover Drive/vid458_25.avi,Cover Drive,0,vid458
Cover Drive/vid458_28.avi,Cover Drive,0,vid458
Cover Drive/vid460_39.avi,Cover Drive,0,vid460
Cover Drive/vid460_5.avi,Cover Drive,0,vid460
Cover Drive/vid461_17.avi,Cover Drive,0,vid461
Cover Drive/vid461_35.avi,Cover Drive,0,vid461
Cover Drive/vid461_53.avi,Cover Drive,0,vid461
Cover Drive/vid466_28.avi,Cover Drive,0,vid466
Cover Drive/vid466_5.avi,Cover Drive,0,vid466
Cover Drive/vid468_14.avi,Cover Drive,0,vid468
Cover Drive/vid468_29.avi,Cover Drive,0,vid468
Cover Drive/vid46_52.avi,Cover Drive,0,vid46
Cover Drive/vid46_54.avi,Cover Drive,0,vid46
Cover Drive/vid46_6.avi,Cover Drive,0,vid46
Cover Drive/vid470_7.avi,Cover Drive,0,vid470
Cover Drive/vid471_28.avi,Cover Drive,0,vid471
Cover Drive/vid471_7.avi,Cover Drive,0,vid471
Cover Drive/vid471_8.avi,Cover Drive,0,vid471
Cover Drive/vid472_5.avi,Cover Drive,0,vid472
Cover Drive/vid473_30.avi,Cover Drive,0,vid473
Cover Drive/vid481_29.avi,Cover Drive,0,vid481
Cover Drive/vid483_1.avi,Cover Drive,0,vid483
Cover Drive/vid483_12.avi,Cover Drive,0,vid483
Cover Drive/vid486_3.avi,Cover Drive,0,vid486
Cover Drive/vid487_38.avi,Cover Drive,0,vid487
Cover Drive/vid487_39.avi,Cover Drive,0,vid487
Cover Drive/vid488_50.avi,Cover Drive,0,vid488
Cover Drive/vid490_0.avi,Cover Drive,0,vid490
Cover Drive/vid492_17.avi,Cover Drive,0,vid492
Cover Drive/vid492_2.avi,Cover Drive,0,vid492
Cover Drive/vid492_9.avi,Cover Drive,0,vid492
Cover Drive/vid495_33.avi,Cover Drive,0,vid495
Cover Drive/vid498_0.avi,Cover Drive,0,vid498
Cover Drive/vid49_0.avi,Cover Drive,0,vid49
Cover Drive/vid4_10.avi,Cover Drive,0,vid4
Cover Drive/vid4_23.avi,Cover Drive,0,vid4
Cover Drive/vid503_26.avi,Cover Drive,0,vid503
Cover Drive/vid504_1.avi,Cover Drive,0,vid504
Cover Drive/vid504_34.avi,Cover Drive,0,vid504
Cover Drive/vid504_8.avi,Cover Drive,0,vid504
Cover Drive/vid505_2.avi,Cover Drive,0,vid505
Cover Drive/vid506_13.avi,Cover Drive,0,vid506
Cover Drive/vid507_37.avi,Cover Drive,0,vid507
Cover Drive/vid509_29.avi,Cover Drive,0,vid509
Cover Drive/vid50_2.avi,Cover Drive,0,vid50
Cover Drive/vid50_41.avi,Cover Drive,0,vid50
Cover Drive/vid50_52.avi,Cover Drive,0,vid50
Cover Drive/vid50_57.avi,Cover Drive,0,vid50
Cover Drive/vid511_1.avi,Cover Drive,0,vid511
Cover Drive/vid511_19.avi,Cover Drive,0,vid511
Cover Drive/vid511_65.avi,Cover Drive,0,vid511
Cover Drive/vid512_46.avi,Cover Drive,0,vid512
Cover Drive/vid512_57.avi,Cover Drive,0,vid512
Cover Drive/vid514_18.avi,Cover Drive,0,vid514
Cover Drive/vid514_3.avi,Cover Drive,0,vid514
Cover Drive/vid514_9.avi,Cover Drive,0,vid514
Cover Drive/vid516_25.avi,Cover Drive,0,vid516
Cover Drive/vid518_12.avi,Cover Drive,0,vid518
Cover Drive/vid518_34.avi,Cover Drive,0,vid518
Cover Drive/vid519_22.avi,Cover Drive,0,vid519
Cover Drive/vid519_50.avi,Cover Drive,0,vid519
Cover Drive/vid519_56.avi,Cover Drive,0,vid519
Cover Drive/vid520_3.avi,Cover Drive,0,vid520
Cover Drive/vid523_23.avi,Cover Drive,0,vid523
Cover Drive/vid523_24.avi,Cover Drive,0,vid523
Cover Drive/vid525_21.avi,Cover Drive,0,vid525
Cover Drive/vid525_27.avi,Cover Drive,0,vid525
Cover Drive/vid525_33.avi,Cover Drive,0,vid525
Cover Drive/vid525_34.avi,Cover Drive,0,vid525
Cover Drive/vid525_4.avi,Cover Drive,0,vid525
Cover Drive/vid525_9.avi,Cover Drive,0,vid525
Cover Drive/vid528_15.avi,Cover Drive,0,vid528
Cover Drive/vid528_4.avi,Cover Drive,0,vid528
Cover Drive/vid528_42.avi,Cover Drive,0,vid528
Cover Drive/vid528_43.avi,Cover Drive,0,vid528
Cover Drive/vid528_48.avi,Cover Drive,0,vid528
Cover Drive/vid529_15.avi,Cover Drive,0,vid529
Cover Drive/vid529_16.avi,Cover Drive,0,vid529
Cover Drive/vid529_24.avi,Cover Drive,0,vid529
Cover Drive/vid529_3.avi,Cover Drive,0,vid529
Cover Drive/vid529_57.avi,Cover Drive,0,vid529
Cover Drive/vid531_0.avi,Cover Drive,0,vid531
Cover Drive/vid531_28.avi,Cover Drive,0,vid531
Cover Drive/vid531_39.avi,Cover Drive,0,vid531
Cover Drive/vid531_57.avi,Cover Drive,0,vid531
Cover Drive/vid531_62.avi,Cover Drive,0,vid531
Cover Drive/vid531_67.avi,Cover Drive,0,vid531
Cover Drive/vid532_59.avi,Cover Drive,0,vid532
Cover Drive/vid534_46.avi,Cover Drive,0,vid534
Cover Drive/vid535_15.avi,Cover Drive,0,vid535
Cover Drive/vid536_42.avi,Cover Drive,0,vid536
Cover Drive/vid536_43.avi,Cover Drive,0,vid536
Cover Drive/vid536_44.avi,Cover Drive,0,vid536
Cover Drive/vid55_47.avi,Cover Drive,0,vid55
Cover Drive/vid56_70.avi,Cover Drive,0,vid56
Cover Drive/vid56_72.avi,Cover Drive,0,vid56
Cover Drive/vid57_0.avi,Cover Drive,0,vid57
Cover Drive/vid57_7.avi,Cover Drive,0,vid57
Cover Drive/vid58_15.avi,Cover Drive,0,vid58
Cover Drive/vid58_3.avi,Cover Drive,0,vid58
Cover Drive/vid59_11.avi,Cover Drive,0,vid59
Cover Drive/vid63_34.avi,Cover Drive,0,vid63
Cover Drive/vid64_28.avi,Cover Drive,0,vid64
Cover Drive/vid6_18.avi,Cover Drive,0,vid6
Cover Drive/vid6_2.avi,Cover Drive,0,vid6
Cover Drive/vid70_24.avi,Cover Drive,0,vid70
Cover Drive/vid70_31.avi,Cover Drive,0,vid70
Cover Drive/vid70_32.avi,Cover Drive,0,vid70
Cover Drive/vid71_1.avi,Cover Drive,0,vid71
Cover Drive/vid71_17.avi,Cover Drive,0,vid71
Cover Drive/vid74_20.avi,Cover Drive,0,vid74
Cover Drive/vid74_5.avi,Cover Drive,0,vid74
Cover Drive/vid75_2.avi,Cover Drive,0,vid75
Cover Drive/vid76_20.avi,Cover Drive,0,vid76
Cover Drive/vid77_9.avi,Cover Drive,0,vid77
Cover Drive/vid78_10.avi,Cover Drive,0,vid78
Cover Drive/vid78_25.avi,Cover Drive,0,vid78
Cover Drive/vid81_1.avi,Cover Drive,0,vid81
Cover Drive/vid86_1.avi,Cover Drive,0,vid86
Cover Drive/vid88_26.avi,Cover Drive,0,vid88
Cover Drive/vid8_27.avi,Cover Drive,0,vid8
Cover Drive/vid8_37.avi,Cover Drive,0,vid8
Cover Drive/vid92_20.avi,Cover Drive,0,vid92
Cover Drive/vid96_40.avi,Cover Drive,0,vid96
Cover Drive/vid97_10.avi,Cover Drive,0,vid97
Defensive/vid100_0.avi,Defensive,1,vid100
Defensive/vid100_14.avi,Defensive,1,vid100
Defensive/vid100_3.avi,Defensive,1,vid100
Defensive/vid100_46.avi,Defensive,1,vid100
Defensive/vid100_48.avi,Defensive,1,vid100
Defensive/vid100_77.avi,Defensive,1,vid100
Defensive/vid103_1.avi,Defensive,1,vid103
Defensive/vid103_5.avi,Defensive,1,vid103
Defensive/vid104_0.avi,Defensive,1,vid104
Defensive/vid104_11.avi,Defensive,1,vid104
Defensive/vid104_27.avi,Defensive,1,vid104
Defensive/vid104_4.avi,Defensive,1,vid104
Defensive/vid107_2.avi,Defensive,1,vid107
Defensive/vid108_24.avi,Defensive,1,vid108
Defensive/vid108_29.avi,Defensive,1,vid108
Defensive/vid108_6.avi,Defensive,1,vid108
Defensive/vid113_0.avi,Defensive,1,vid113
Defensive/vid113_26.avi,Defensive,1,vid113
Defensive/vid116_18.avi,Defensive,1,vid116
Defensive/vid116_20.avi,Defensive,1,vid116
Defensive/vid117_4.avi,Defensive,1,vid117
Defensive/vid118_26.avi,Defensive,1,vid118
Defensive/vid120_0.avi,Defensive,1,vid120
Defensive/vid123_29.avi,Defensive,1,vid123
Defensive/vid128_29.avi,Defensive,1,vid128
Defensive/vid129_16.avi,Defensive,1,vid129
Defensive/vid129_40.avi,Defensive,1,vid129
Defensive/vid130_38.avi,Defensive,1,vid130
Defensive/vid133_7.avi,Defensive,1,vid133
Defensive/vid134_10.avi,Defensive,1,vid134
Defensive/vid134_28.avi,Defensive,1,vid134
Defensive/vid134_9.avi,Defensive,1,vid134
Defensive/vid135_51.avi,Defensive,1,vid135
Defensive/vid136_11.avi,Defensive,1,vid136
Defensive/vid136_24.avi,Defensive,1,vid136
Defensive/vid136_25.avi,Defensive,1,vid136
Defensive/vid142_18.avi,Defensive,1,vid142
Defensive/vid142_20.avi,Defensive,1,vid142
Defensive/vid142_23.avi,Defensive,1,vid142
Defensive/vid142_9.avi,Defensive,1,vid142
Defensive/vid144_29.avi,Defensive,1,vid144
Defensive/vid144_4.avi,Defensive,1,vid144
Defensive/vid146_37.avi,Defensive,1,vid146
Defensive/vid146_7.avi,Defensive,1,vid146
Defensive/vid146_8.avi,Defensive,1,vid146
Defensive/vid150_10.avi,Defensive,1,vid150
Defensive/vid150_28.avi,Defensive,1,vid150
Defensive/vid150_29.avi,Defensive,1,vid150
Defensive/vid153_14.avi,Defensive,1,vid153
Defensive/vid153_16.avi,Defensive,1,vid153
Defensive/vid154_6.avi,Defensive,1,vid154
Defensive/vid156_0.avi,Defensive,1,vid156
Defensive/vid156_26.avi,Defensive,1,vid156
Defensive/vid157_14.avi,Defensive,1,vid157
Defensive/vid157_17.avi,Defensive,1,vid157
Defensive/vid157_23.avi,Defensive,1,vid157
Defensive/vid158_0.avi,Defensive,1,vid158
Defensive/vid161_0.avi,Defensive,1,vid161
Defensive/vid161_2.avi,Defensive,1,vid161
Defensive/vid162_30.avi,Defensive,1,vid162
Defensive/vid162_57.avi,Defensive,1,vid162
Defensive/vid162_8.avi,Defensive,1,vid162
Defensive/vid166_19.avi,Defensive,1,vid166
Defensive/vid166_23.avi,Defensive,1,vid166
Defensive/vid170_12.avi,Defensive,1,vid170
Defensive/vid170_29.avi,Defensive,1,vid170
Defensive/vid170_47.avi,Defensive,1,vid170
Defensive/vid170_51.avi,Defensive,1,vid170
Defensive/vid171_0.avi,Defensive,1,vid171
Defensive/vid171_7.avi,Defensive,1,vid171
Defensive/vid172_3.avi,Defensive,1,vid172
Defensive/vid172_4.avi,Defensive,1,vid172
Defensive/vid172_7.avi,Defensive,1,vid172
Defensive/vid174_12.avi,Defensive,1,vid174
Defensive/vid175_4.avi,Defensive,1,vid175
Defensive/vid177_31.avi,Defensive,1,vid177
Defensive/vid177_34.avi,Defensive,1,vid177
Defensive/vid184_5.avi,Defensive,1,vid184
Defensive/vid199_18.avi,Defensive,1,vid199
Defensive/vid19_11.avi,Defensive,1,vid19
Defensive/vid19_9.avi,Defensive,1,vid19
Defensive/vid207_0.avi,Defensive,1,vid207
Defensive/vid207_2.avi,Defensive,1,vid207
Defensive/vid207_28.avi,Defensive,1,vid207
Defensive/vid207_40.avi,Defensive,1,vid207
Defensive/vid207_48.avi,Defensive,1,vid207
Defensive/vid208_3.avi,Defensive,1,vid208
Defensive/vid209_0.avi,Defensive,1,vid209
Defensive/vid209_35.avi,Defensive,1,vid209
Defensive/vid209_37.avi,Defensive,1,vid209
Defensive/vid209_5.avi,Defensive,1,vid209
Defensive/vid212_26.avi,Defensive,1,vid212
Defensive/vid212_27.avi,Defensive,1,vid212
Defensive/vid213_0.avi,Defensive,1,vid213
Defensive/vid213_4.avi,Defensive,1,vid213
Defensive/vid213_8.avi,Defensive,1,vid213
Defensive/vid215_11.avi,Defensive,1,vid215
Defensive/vid215_19.avi,Defensive,1,vid215
Defensive/vid215_21.avi,Defensive,1,vid215
Defensive/vid215_26.avi,Defensive,1,vid215
Defensive/vid215_51.avi,Defensive,1,vid215
Defensive/vid216_0.avi,Defensive,1,vid216
Defensive/vid216_6.avi,Defensive,1,vid216
Defensive/vid217_1.avi,Defensive,1,vid217
Defensive/vid218_0.avi,Defensive,1,vid218
Defensive/vid218_13.avi,Defensive,1,vid218
Defensive/vid218_22.avi,Defensive,1,vid218
Defensive/vid219_1.avi,Defensive,1,vid219
Defensive/vid219_19.avi,Defensive,1,vid219
Defensive/vid219_6.avi,Defensive,1,vid219
Defensive/vid221_13.avi,Defensive,1,vid221
Defensive/vid221_16.avi,Defensive,1,vid221
Defensive/vid221_3.avi,Defensive,1,vid221
Defensive/vid221_4.avi,Defensive,1,vid221
Defensive/vid222_1.avi,Defensive,1,vid222
Defensive/vid223_0.avi,Defensive,1,vid223
Defensive/vid223_1.avi,Defensive,1,vid223
Defensive/vid223_24.avi,Defensive,1,vid223
Defensive/vid223_6.avi,Defensive,1,vid223
Defensive/vid223_7.avi,Defensive,1,vid223
Defensive/vid223_9.avi,Defensive,1,vid223
Defensive/vid224_0.avi,Defensive,1,vid224
Defensive/vid224_26.avi,Defensive,1,vid224
Defensive/vid224_50.avi,Defensive,1,vid224
Defensive/vid225_2.avi,Defensive,1,vid225
Defensive/vid225_24.avi,Defensive,1,vid225
Defensive/vid226_13.avi,Defensive,1,vid226
Defensive/vid226_52.avi,Defensive,1,vid226
Defensive/vid227_2.avi,Defensive,1,vid227
Defensive/vid227_25.avi,Defensive,1,vid227
Defensive/vid228_20.avi,Defensive,1,vid228
Defensive/vid228_38.avi,Defensive,1,vid228
Defensive/vid228_9.avi,Defensive,1,vid228
Defensive/vid229_0.avi,Defensive,1,vid229
Defensive/vid229_1.avi,Defensive,1,vid229
Defensive/vid229_2.avi,Defensive,1,vid229
Defensive/vid229_34.avi,Defensive,1,vid229
Defensive/vid229_35.avi,Defensive,1,vid229
Defensive/vid229_36.avi,Defensive,1,vid229
Defensive/vid229_5.avi,Defensive,1,vid229
Defensive/vid22_2.avi,Defensive,1,vid22
Defensive/vid230_0.avi,Defensive,1,vid230
Defensive/vid231_23.avi,Defensive,1,vid231
Defensive/vid231_9.avi,Defensive,1,vid231
Defensive/vid233_14.avi,Defensive,1,vid233
Defensive/vid233_34.avi,Defensive,1,vid233
Defensive/vid234_0.avi,Defensive,1,vid234
Defensive/vid234_30.avi,Defensive,1,vid234
Defensive/vid237_0.avi,Defensive,1,vid237
Defensive/vid237_14.avi,Defensive,1,vid237
Defensive/vid237_19.avi,Defensive,1,vid237
Defensive/vid237_20.avi,Defensive,1,vid237
Defensive/vid237_33.avi,Defensive,1,vid237
Defensive/vid237_39.avi,Defensive,1,vid237
Defensive/vid237_42.avi,Defensive,1,vid237
Defensive/vid237_43.avi,Defensive,1,vid237
Defensive/vid239_17.avi,Defensive,1,vid239
Defensive/vid239_20.avi,Defensive,1,vid239
Defensive/vid239_37.avi,Defensive,1,vid239
Defensive/vid239_41.avi,Defensive,1,vid239
Defensive/vid239_7.avi,Defensive,1,vid239
Defensive/vid239_9.avi,Defensive,1,vid239
Defensive/vid240_13.avi,Defensive,1,vid240
Defensive/vid240_15.avi,Defensive,1,vid240
Defensive/vid240_3.avi,Defensive,1,vid240
Defensive/vid240_37.avi,Defensive,1,vid240
Defensive/vid240_42.avi,Defensive,1,vid240
Defensive/vid240_43.avi,Defensive,1,vid240
Defensive/vid240_47.avi,Defensive,1,vid240
Defensive/vid240_49.avi,Defensive,1,vid240
Defensive/vid240_62.avi,Defensive,1,vid240
Defensive/vid241_11.avi,Defensive,1,vid241
Defensive/vid241_30.avi,Defensive,1,vid241
Defensive/vid241_34.avi,Defensive,1,vid241
Defensive/vid241_4.avi,Defensive,1,vid241
Defensive/vid242_18.avi,Defensive,1,vid242
Defensive/vid243_0.avi,Defensive,1,vid243
Defensive/vid243_21.avi,Defensive,1,vid243
Defensive/vid243_23.avi,Defensive,1,vid243
Defensive/vid243_3.avi,Defensive,1,vid243
Defensive/vid243_31.avi,Defensive,1,vid243
Defensive/vid243_34.avi,Defensive,1,vid243
Defensive/vid243_38.avi,Defensive,1,vid243
Defensive/vid243_39.avi,Defensive,1,vid243
Defensive/vid243_46.avi,Defensive,1,vid243
Defensive/vid244_34.avi,Defensive,1,vid244
Defensive/vid244_8.avi,Defensive,1,vid244
Defensive/vid245_23.avi,Defensive,1,vid245
Defensive/vid245_7.avi,Defensive,1,vid245
Defensive/vid246_17.avi,Defensive,1,vid246
Defensive/vid246_9.avi,Defensive,1,vid246
Defensive/vid247_10.avi,Defensive,1,vid247
Defensive/vid247_14.avi,Defensive,1,vid247
Defensive/vid247_15.avi,Defensive,1,vid247
Defensive/vid247_18.avi,Defensive,1,vid247
Defensive/vid247_29.avi,Defensive,1,vid247
Defensive/vid247_3.avi,Defensive,1,vid247
Defensive/vid247_31.avi,Defensive,1,vid247
Defensive/vid247_37.avi,Defensive,1,vid247
Defensive/vid247_6.avi,Defensive,1,vid247
Defensive/vid249_0.avi,Defensive,1,vid249
Defensive/vid249_10.avi,Defensive,1,vid249
Defensive/vid249_49.avi,Defensive,1,vid249
Defensive/vid250_21.avi,Defensive,1,vid250
Defensive/vid250_37.avi,Defensive,1,vid250
Defensive/vid250_6.avi,Defensive,1,vid250
Defensive/vid252_14.avi,Defensive,1,vid252
Defensive/vid252_16.avi,Defensive,1,vid252
Defensive/vid252_22.avi,Defensive,1,vid252
Defensive/vid252_25.avi,Defensive,1,vid252
Defensive/vid252_30.avi,Defensive,1,vid252
Defensive/vid252_32.avi,Defensive,1,vid252
Defensive/vid252_39.avi,Defensive,1,vid252
Defensive/vid252_4.avi,Defensive,1,vid252
Defensive/vid256_23.avi,Defensive,1,vid256
Defensive/vid256_38.avi,Defensive,1,vid256
Defensive/vid295_18.avi,Defensive,1,vid295
Defensive/vid295_20.avi,Defensive,1,vid295
Defensive/vid295_28.avi,Defensive,1,vid295
Defensive/vid295_32.avi,Defensive,1,vid295
Defensive/vid296_11.avi,Defensive,1,vid296
Defensive/vid296_12.avi,Defensive,1,vid296
Defensive/vid296_20.avi,Defensive,1,vid296
Defensive/vid296_31.avi,Defensive,1,vid296
Defensive/vid298_2.avi,Defensive,1,vid298
Defensive/vid299_0.avi,Defensive,1,vid299
Defensive/vid299_20.avi,Defensive,1,vid299
Defensive/vid299_26.avi,Defensive,1,vid299
Defensive/vid299_5.avi,Defensive,1,vid299
Defensive/vid2_20.avi,Defensive,1,vid2
Defensive/vid2_23.avi,Defensive,1,vid2
Defensive/vid2_27.avi,Defensive,1,vid2
Defensive/vid2_33.avi,Defensive,1,vid2
Defensive/vid302_15.avi,Defensive,1,vid302
Defensive/vid302_22.avi,Defensive,1,vid302
Defensive/vid303_26.avi,Defensive,1,vid303
Defensive/vid303_3.avi,Defensive,1,vid303
Defensive/vid303_8.avi,Defensive,1,vid303
Defensive/vid304_16.avi,Defensive,1,vid304
Defensive/vid304_23.avi,Defensive,1,vid304
Defensive/vid304_25.avi,Defensive,1,vid304
Defensive/vid304_6.avi,Defensive,1,vid304
Defensive/vid306_0.avi,Defensive,1,vid306
Defensive/vid306_12.avi,Defensive,1,vid306
Defensive/vid306_21.avi,Defensive,1,vid306
Defensive/vid308_0.avi,Defensive,1,vid308
Defensive/vid308_10.avi,Defensive,1,vid308
Defensive/vid308_2.avi,Defensive,1,vid308
Defensive/vid310_14.avi,Defensive,1,vid310
Defensive/vid311_1.avi,Defensive,1,vid311
Defensive/vid312_16.avi,Defensive,1,vid312
Defensive/vid312_19.avi,Defensive,1,vid312
Defensive/vid312_27.avi,Defensive,1,vid312
Defensive/vid312_38.avi,Defensive,1,vid312
Defensive/vid312_40.avi,Defensive,1,vid312
Defensive/vid314_1.avi,Defensive,1,vid314
Defensive/vid314_23.avi,Defensive,1,vid314
Defensive/vid314_24.avi,Defensive,1,vid314
Defensive/vid314_25.avi,Defensive,1,vid314
Defensive/vid314_27.avi,Defensive,1,vid314
Defensive/vid314_28.avi,Defensive,1,vid314
Defensive/vid314_3.avi,Defensive,1,vid314
Defensive/vid315_0.avi,Defensive,1,vid315
Defensive/vid315_10.avi,Defensive,1,vid315
Defensive/vid315_28.avi,Defensive,1,vid315
Defensive/vid315_29.avi,Defensive,1,vid315
Defensive/vid315_3.avi,Defensive,1,vid315
Defensive/vid315_8.avi,Defensive,1,vid315
Defensive/vid316_10.avi,Defensive,1,vid316
Defensive/vid316_22.avi,Defensive,1,vid316
Defensive/vid316_24.avi,Defensive,1,vid316
Defensive/vid316_3.avi,Defensive,1,vid316
Defensive/vid316_30.avi,Defensive,1,vid316
Defensive/vid316_32.avi,Defensive,1,vid316
Defensive/vid316_4.avi,Defensive,1,vid316
Defensive/vid317_22.avi,Defensive,1,vid317
Defensive/vid317_35.avi,Defensive,1,vid317
Defensive/vid317_4.avi,Defensive,1,vid317
Defensive/vid317_5.avi,Defensive,1,vid317
Defensive/vid317_9.avi,Defensive,1,vid317
Defensive/vid319_1.avi,Defensive,1,vid319
Defensive/vid319_2.avi,Defensive,1,vid319
Defensive/vid319_4.avi,Defensive,1,vid319
Defensive/vid320_0.avi,Defensive,1,vid320
Defensive/vid320_57.avi,Defensive,1,vid320
Defensive/vid325_11.avi,Defensive,1,vid325
Defensive/vid327_13.avi,Defensive,1,vid327
Defensive/vid33_23.avi,Defensive,1,vid33
Defensive/vid355_44.avi,Defensive,1,vid355
Defensive/vid356_0.avi,Defensive,1,vid356
Defensive/vid356_35.avi,Defensive,1,vid356
Defensive/vid359_19.avi,Defensive,1,vid359
Defensive/vid360_30.avi,Defensive,1,vid360
Defensive/vid360_43.avi,Defensive,1,vid360
Defensive/vid368_38.avi,Defensive,1,vid368
Defensive/vid370_16.avi,Defensive,1,vid370
Defensive/vid371_2.avi,Defensive,1,vid371
Defensive/vid373_25.avi,Defensive,1,vid373
Defensive/vid378_0.avi,Defensive,1,vid378
Defensive/vid378_2.avi,Defensive,1,vid378
Defensive/vid378_48.avi,Defensive,1,vid378
Defensive/vid380_56.avi,Defensive,1,vid380
Defensive/vid381_1.avi,Defensive,1,vid381
Defensive/vid385_11.avi,Defensive,1,vid385
Defensive/vid385_28.avi,Defensive,1,vid385
Defensive/vid385_5.avi,Defensive,1,vid385
Defensive/vid388_12.avi,Defensive,1,vid388
Defensive/vid390_39.avi,Defensive,1,vid390
Defensive/vid392_32.avi,Defensive,1,vid392
Defensive/vid393_36.avi,Defensive,1,vid393
Defensive/vid393_42.avi,Defensive,1,vid393
Defensive/vid393_48.avi,Defensive,1,vid393
Defensive/vid396_11.avi,Defensive,1,vid396
Defensive/vid400_5.avi,Defensive,1,vid400
Defensive/vid409_12.avi,Defensive,1,vid409
Defensive/vid409_23.avi,Defensive,1,vid409
Defensive/vid410_4.avi,Defensive,1,vid410
Defensive/vid411_25.avi,Defensive,1,vid411
Defensive/vid418_41.avi,Defensive,1,vid418
Defensive/vid42_0.avi,Defensive,1,vid42
Defensive/vid42_15.avi,Defensive,1,vid42
Defensive/vid431_4.avi,Defensive,1,vid431
Defensive/vid432_0.avi,Defensive,1,vid432
Defensive/vid434_25.avi,Defensive,1,vid434
Defensive/vid435_56.avi,Defensive,1,vid435
Defensive/vid436_32.avi,Defensive,1,vid436
Defensive/vid439_15.avi,Defensive,1,vid439
Defensive/vid444_3.avi,Defensive,1,vid444
Defensive/vid449_13.avi,Defensive,1,vid449
Defensive/vid449_21.avi,Defensive,1,vid449
Defensive/vid454_1.avi,Defensive,1,vid454
Defensive/vid458_14.avi,Defensive,1,vid458
Defensive/vid45_1.avi,Defensive,1,vid45
Defensive/vid460_25.avi,Defensive,1,vid460
Defensive/vid461_0.avi,Defensive,1,vid461
Defensive/vid461_57.avi,Defensive,1,vid461
Defensive/vid46_4.avi,Defensive,1,vid46
Defensive/vid471_1.avi,Defensive,1,vid471
Defensive/vid471_14.avi,Defensive,1,vid471
Defensive/vid471_20.avi,Defensive,1,vid471
Defensive/vid471_5.avi,Defensive,1,vid471
Defensive/vid486_14.avi,Defensive,1,vid486
Defensive/vid488_34.avi,Defensive,1,vid488
Defensive/vid492_12.avi,Defensive,1,vid492
Defensive/vid495_25.avi,Defensive,1,vid495
Defensive/vid499_18.avi,Defensive,1,vid499
Defensive/vid4_30.avi,Defensive,1,vid4
Defensive/vid507_10.avi,Defensive,1,vid507
Defensive/vid512_26.avi,Defensive,1,vid512
Defensive/vid514_52.avi,Defensive,1,vid514
Defensive/vid516_0.avi,Defensive,1,vid516
Defensive/vid516_3.avi,Defensive,1,vid516
Defensive/vid518_20.avi,Defensive,1,vid518
Defensive/vid518_23.avi,Defensive,1,vid518
Defensive/vid518_36.avi,Defensive,1,vid518
Defensive/vid519_31.avi,Defensive,1,vid519
Defensive/vid520_18.avi,Defensive,1,vid520
Defensive/vid523_12.avi,Defensive,1,vid523
Defensive/vid523_21.avi,Defensive,1,vid523
Defensive/vid525_13.avi,Defensive,1,vid525
Defensive/vid528_36.avi,Defensive,1,vid528
Defensive/vid528_40.avi,Defensive,1,vid528
Defensive/vid531_11.avi,Defensive,1,vid531
Defensive/vid534_0.avi,Defensive,1,vid534
Defensive/vid534_13.avi,Defensive,1,vid534
Defensive/vid536_2.avi,Defensive,1,vid536
Defensive/vid536_29.avi,Defensive,1,vid536
Defensive/vid55_5.avi,Defensive,1,vid55
Defensive/vid56_17.avi,Defensive,1,vid56
Defensive/vid56_5.avi,Defensive,1,vid56
Defensive/vid56_6.avi,Defensive,1,vid56
Defensive/vid56_60.avi,Defensive,1,vid56
Defensive/vid59_3.avi,Defensive,1,vid59
Defensive/vid63_12.avi,Defensive,1,vid63
Defensive/vid64_26.avi,Defensive,1,vid64
Defensive/vid64_27.avi,Defensive,1,vid64
Defensive/vid65_28.avi,Defensive,1,vid65
Defensive/vid67_39.avi,Defensive,1,vid67
Defensive/vid6_19.avi,Defensive,1,vid6
Defensive/vid71_13.avi,Defensive,1,vid71
Defensive/vid74_32.avi,Defensive,1,vid74
Defensive/vid77_27.avi,Defensive,1,vid77
Defensive/vid86_29.avi,Defensive,1,vid86
Defensive/vid8_36.avi,Defensive,1,vid8
Defensive/vid8_6.avi,Defensive,1,vid8
Defensive/vid97_55.avi,Defensive,1,vid97
Down The Wicket/vid100_26.avi,Down The Wicket,2,vid100
Down The Wicket/vid100_73.avi,Down The Wicket,2,vid100
Down The Wicket/vid104_24.avi,Down The Wicket,2,vid104
Down The Wicket/vid106_21.avi,Down The Wicket,2,vid106
Down The Wicket/vid106_23.avi,Down The Wicket,2,vid106
Down The Wicket/vid106_4.avi,Down The Wicket,2,vid106
Down The Wicket/vid106_9.avi,Down The Wicket,2,vid106
Down The Wicket/vid107_28.avi,Down The Wicket,2,vid107
Down The Wicket/vid10_9.avi,Down The Wicket,2,vid10
Down The Wicket/vid116_22.avi,Down The Wicket,2,vid116
Down The Wicket/vid116_5.avi,Down The Wicket,2,vid116
Down The Wicket/vid117_22.avi,Down The Wicket,2,vid117
Down The Wicket/vid118_6.avi,Down The Wicket,2,vid118
Down The Wicket/vid120_15.avi,Down The Wicket,2,vid120
Down The Wicket/vid122_2.avi,Down The Wicket,2,vid122
Down The Wicket/vid123_24.avi,Down The Wicket,2,vid123
Down The Wicket/vid128_10.avi,Down The Wicket,2,vid128
Down The Wicket/vid128_24.avi,Down The Wicket,2,vid128
Down The Wicket/vid128_27.avi,Down The Wicket,2,vid128
Down The Wicket/vid128_28.avi,Down The Wicket,2,vid128
Down The Wicket/vid129_21.avi,Down The Wicket,2,vid129
Down The Wicket/vid129_35.avi,Down The Wicket,2,vid129
Down The Wicket/vid129_39.avi,Down The Wicket,2,vid129
Down The Wicket/vid12_15.avi,Down The Wicket,2,vid12
Down The Wicket/vid12_28.avi,Down The Wicket,2,vid12
Down The Wicket/vid12_29.avi,Down The Wicket,2,vid12
Down The Wicket/vid130_23.avi,Down The Wicket,2,vid130
Down The Wicket/vid130_25.avi,Down The Wicket,2,vid130
Down The Wicket/vid130_33.avi,Down The Wicket,2,vid130
Down The Wicket/vid131_1.avi,Down The Wicket,2,vid131
Down The Wicket/vid131_7.avi,Down The Wicket,2,vid131
Down The Wicket/vid132_3.avi,Down The Wicket,2,vid132
Down The Wicket/vid132_4.avi,Down The Wicket,2,vid132
Down The Wicket/vid132_5.avi,Down The Wicket,2,vid132
Down The Wicket/vid132_6.avi,Down The Wicket,2,vid132
Down The Wicket/vid133_23.avi,Down The Wicket,2,vid133
Down The Wicket/vid133_29.avi,Down The Wicket,2,vid133
Down The Wicket/vid134_26.avi,Down The Wicket,2,vid134
Down The Wicket/vid134_32.avi,Down The Wicket,2,vid134
Down The Wicket/vid134_33.avi,Down The Wicket,2,vid134
Down The Wicket/vid134_36.avi,Down The Wicket,2,vid134
Down The Wicket/vid134_4.avi,Down The Wicket,2,vid134
Down The Wicket/vid135_22.avi,Down The Wicket,2,vid135
Down The Wicket/vid135_30.avi,Down The Wicket,2,vid135
Down The Wicket/vid13_24.avi,Down The Wicket,2,vid13
Down The Wicket/vid13_36.avi,Down The Wicket,2,vid13
Down The Wicket/vid13_43.avi,Down The Wicket,2,vid13
Down The Wicket/vid13_46.avi,Down The Wicket,2,vid13
Down The Wicket/vid142_6.avi,Down The Wicket,2,vid142
Down The Wicket/vid146_22.avi,Down The Wicket,2,vid146
Down The Wicket/vid150_23.avi,Down The Wicket,2,vid150
Down The Wicket/vid153_21.avi,Down The Wicket,2,vid153
Down The Wicket/vid153_23.avi,Down The Wicket,2,vid153
Down The Wicket/vid157_12.avi,Down The Wicket,2,vid157
Down The Wicket/vid157_29.avi,Down The Wicket,2,vid157
Down The Wicket/vid161_28.avi,Down The Wicket,2,vid161
Down The Wicket/vid161_30.avi,Down The Wicket,2,vid161
Down The Wicket/vid161_34.avi,Down The Wicket,2,vid161
Down The Wicket/vid161_4.avi,Down The Wicket,2,vid161
Down The Wicket/vid168_16.avi,Down The Wicket,2,vid168
Down The Wicket/vid172_24.avi,Down The Wicket,2,vid172
Down The Wicket/vid175_5.avi,Down The Wicket,2,vid175
Down The Wicket/vid178_13.avi,Down The Wicket,2,vid178
Down The Wicket/vid178_33.avi,Down The Wicket,2,vid178
Down The Wicket/vid180_5.avi,Down The Wicket,2,vid180
Down The Wicket/vid181_0.avi,Down The Wicket,2,vid181
Down The Wicket/vid181_1.avi,Down The Wicket,2,vid181
Down The Wicket/vid181_3.avi,Down The Wicket,2,vid181
Down The Wicket/vid181_4.avi,Down The Wicket,2,vid181
Down The Wicket/vid182_12.avi,Down The Wicket,2,vid182
Down The Wicket/vid186_13.avi,Down The Wicket,2,vid186
Down The Wicket/vid186_8.avi,Down The Wicket,2,vid186
Down The Wicket/vid187_35.avi,Down The Wicket,2,vid187
Down The Wicket/vid188_14.avi,Down The Wicket,2,vid188
Down The Wicket/vid188_20.avi,Down The Wicket,2,vid188
Down The Wicket/vid190_4.avi,Down The Wicket,2,vid190
Down The Wicket/vid193_16.avi,Down The Wicket,2,vid193
Down The Wicket/vid193_2.avi,Down The Wicket,2,vid193
Down The Wicket/vid195_13.avi,Down The Wicket,2,vid195
Down The Wicket/vid195_17.avi,Down The Wicket,2,vid195
Down The Wicket/vid196_10.avi,Down The Wicket,2,vid196
Down The Wicket/vid196_9.avi,Down The Wicket,2,vid196
Down The Wicket/vid198_0.avi,Down The Wicket,2,vid198
Down The Wicket/vid198_13.avi,Down The Wicket,2,vid198
Down The Wicket/vid198_5.avi,Down The Wicket,2,vid198
Down The Wicket/vid199_4.avi,Down The Wicket,2,vid199
Down The Wicket/vid200_1.avi,Down The Wicket,2,vid200
Down The Wicket/vid200_15.avi,Down The Wicket,2,vid200
Down The Wicket/vid200_8.avi,Down The Wicket,2,vid200
Down The Wicket/vid201_1.avi,Down The Wicket,2,vid201
Down The Wicket/vid202_10.avi,Down The Wicket,2,vid202
Down The Wicket/vid202_12.avi,Down The Wicket,2,vid202
Down The Wicket/vid207_55.avi,Down The Wicket,2,vid207
Down The Wicket/vid207_6.avi,Down The Wicket,2,vid207
Down The Wicket/vid208_14.avi,Down The Wicket,2,vid208
Down The Wicket/vid209_7.avi,Down The Wicket,2,vid209
Down The Wicket/vid210_12.avi,Down The Wicket,2,vid210
Down The Wicket/vid210_38.avi,Down The Wicket,2,vid210
Down The Wicket/vid210_43.avi,Down The Wicket,2,vid210
Down The Wicket/vid211_33.avi,Down The Wicket,2,vid211
Down The Wicket/vid212_12.avi,Down The Wicket,2,vid212
Down The Wicket/vid212_31.avi,Down The Wicket,2,vid212
Down The Wicket/vid212_42.avi,Down The Wicket,2,vid212
Down The Wicket/vid213_15.avi,Down The Wicket,2,vid213
Down The Wicket/vid215_17.avi,Down The Wicket,2,vid215
Down The Wicket/vid215_30.avi,Down The Wicket,2,vid215
Down The Wicket/vid215_45.avi,Down The Wicket,2,vid215
Down The Wicket/vid216_13.avi,Down The Wicket,2,vid216
Down The Wicket/vid216_3.avi,Down The Wicket,2,vid216
Down The Wicket/vid216_30.avi,Down The Wicket,2,vid216
Down The Wicket/vid216_37.avi,Down The Wicket,2,vid216
Down The Wicket/vid216_7.avi,Down The Wicket,2,vid216
Down The Wicket/vid217_11.avi,Down The Wicket,2,vid217
Down The Wicket/vid217_34.avi,Down The Wicket,2,vid217
Down The Wicket/vid217_41.avi,Down The Wicket,2,vid217
Down The Wicket/vid217_8.avi,Down The Wicket,2,vid217
Down The Wicket/vid219_7.avi,Down The Wicket,2,vid219
Down The Wicket/vid221_26.avi,Down The Wicket,2,vid221
Down The Wicket/vid221_29.avi,Down The Wicket,2,vid221
Down The Wicket/vid222_4.avi,Down The Wicket,2,vid222
Down The Wicket/vid225_34.avi,Down The Wicket,2,vid225
Down The Wicket/vid226_11.avi,Down The Wicket,2,vid226
Down The Wicket/vid226_43.avi,Down The Wicket,2,vid226
Down The Wicket/vid227_41.avi,Down The Wicket,2,vid227
Down The Wicket/vid228_40.avi,Down The Wicket,2,vid228
Down The Wicket/vid229_11.avi,Down The Wicket,2,vid229
Down The Wicket/vid229_13.avi,Down The Wicket,2,vid229
Down The Wicket/vid229_32.avi,Down The Wicket,2,vid229
Down The Wicket/vid229_39.avi,Down The Wicket,2,vid229
Down The Wicket/vid229_6.avi,Down The Wicket,2,vid229
Down The Wicket/vid229_7.avi,Down The Wicket,2,vid229
Down The Wicket/vid229_9.avi,Down The Wicket,2,vid229
Down The Wicket/vid230_28.avi,Down The Wicket,2,vid230
Down The Wicket/vid231_28.avi,Down The Wicket,2,vid231
Down The Wicket/vid233_13.avi,Down The Wicket,2,vid233
Down The Wicket/vid234_24.avi,Down The Wicket,2,vid234
Down The Wicket/vid234_28.avi,Down The Wicket,2,vid234
Down The Wicket/vid237_2.avi,Down The Wicket,2,vid237
Down The Wicket/vid239_15.avi,Down The Wicket,2,vid239
Down The Wicket/vid240_10.avi,Down The Wicket,2,vid240
Down The Wicket/vid240_4.avi,Down The Wicket,2,vid240
Down The Wicket/vid243_1.avi,Down The Wicket,2,vid243
Down The Wicket/vid247_30.avi,Down The Wicket,2,vid247
Down The Wicket/vid24_14.avi,Down The Wicket,2,vid24
Down The Wicket/vid24_31.avi,Down The Wicket,2,vid24
Down The Wicket/vid24_40.avi,Down The Wicket,2,vid24
Down The Wicket/vid250_29.avi,Down The Wicket,2,vid250
Down The Wicket/vid256_29.avi,Down The Wicket,2,vid256
Down The Wicket/vid256_5.avi,Down The Wicket,2,vid256
Down The Wicket/vid257_25.avi,Down The Wicket,2,vid257
Down The Wicket/vid261_2.avi,Down The Wicket,2,vid261
Down The Wicket/vid263_13.avi,Down The Wicket,2,vid263
Down The Wicket/vid263_9.avi,Down The Wicket,2,vid263
Down The Wicket/vid266_1.avi,Down The Wicket,2,vid266
Down The Wicket/vid267_1.avi,Down The Wicket,2,vid267
Down The Wicket/vid267_11.avi,Down The Wicket,2,vid267
Down The Wicket/vid270_0.avi,Down The Wicket,2,vid270
Down The Wicket/vid270_15.avi,Down The Wicket,2,vid270
Down The Wicket/vid270_3.avi,Down The Wicket,2,vid270
Down The Wicket/vid270_4.avi,Down The Wicket,2,vid270
Down The Wicket/vid270_5.avi,Down The Wicket,2,vid270
Down The Wicket/vid271_14.avi,Down The Wicket,2,vid271
Down The Wicket/vid271_5.avi,Down The Wicket,2,vid271
Down The Wicket/vid272_1.avi,Down The Wicket,2,vid272
Down The Wicket/vid272_14.avi,Down The Wicket,2,vid272
Down The Wicket/vid273_13.avi,Down The Wicket,2,vid273
Down The Wicket/vid273_2.avi,Down The Wicket,2,vid273
Down The Wicket/vid277_19.avi,Down The Wicket,2,vid277
Down The Wicket/vid278_5.avi,Down The Wicket,2,vid278
Down The Wicket/vid27_3.avi,Down The Wicket,2,vid27
Down The Wicket/vid286_14.avi,Down The Wicket,2,vid286
Down The Wicket/vid287_14.avi,Down The Wicket,2,vid287
Down The Wicket/vid287_15.avi,Down The Wicket,2,vid287
Down The Wicket/vid292_13.avi,Down The Wicket,2,vid292
Down The Wicket/vid292_17.avi,Down The Wicket,2,vid292
Down The Wicket/vid2_4.avi,Down The Wicket,2,vid2
Down The Wicket/vid2_5.avi,Down The Wicket,2,vid2
Down The Wicket/vid2_7.avi,Down The Wicket,2,vid2
Down The Wicket/vid303_15.avi,Down The Wicket,2,vid303
Down The Wicket/vid30_11.avi,Down The Wicket,2,vid30
Down The Wicket/vid30_14.avi,Down The Wicket,2,vid30
Down The Wicket/vid30_29.avi,Down The Wicket,2,vid30
Down The Wicket/vid30_33.avi,Down The Wicket,2,vid30
Down The Wicket/vid30_40.avi,Down The Wicket,2,vid30
Down The Wicket/vid312_25.avi,Down The Wicket,2,vid312
Down The Wicket/vid312_31.avi,Down The Wicket,2,vid312
Down The Wicket/vid312_33.avi,Down The Wicket,2,vid312
Down The Wicket/vid320_3.avi,Down The Wicket,2,vid320
Down The Wicket/vid320_41.avi,Down The Wicket,2,vid320
Down The Wicket/vid320_6.avi,Down The Wicket,2,vid320
Down The Wicket/vid321_10.avi,Down The Wicket,2,vid321
Down The Wicket/vid321_12.avi,Down The Wicket,2,vid321
Down The Wicket/vid321_25.avi,Down The Wicket,2,vid321
Down The Wicket/vid323_33.avi,Down The Wicket,2,vid323
Down The Wicket/vid327_42.avi,Down The Wicket,2,vid327
Down The Wicket/vid330_10.avi,Down The Wicket,2,vid330
Down The Wicket/vid330_21.avi,Down The Wicket,2,vid330
Down The Wicket/vid330_22.avi,Down The Wicket,2,vid330
Down The Wicket/vid333_33.avi,Down The Wicket,2,vid333
Down The Wicket/vid333_38.avi,Down The Wicket,2,vid333
Down The Wicket/vid340_23.avi,Down The Wicket,2,vid340
Down The Wicket/vid341_16.avi,Down The Wicket,2,vid341
Down The Wicket/vid343_4.avi,Down The Wicket,2,vid343
Down The Wicket/vid343_5.avi,Down The Wicket,2,vid343
Down The Wicket/vid343_8.avi,Down The Wicket,2,vid343
Down The Wicket/vid350_9.avi,Down The Wicket,2,vid350
Down The Wicket/vid353_16.avi,Down The Wicket,2,vid353
Down The Wicket/vid353_30.avi,Down The Wicket,2,vid353
Down The Wicket/vid353_34.avi,Down The Wicket,2,vid353
Down The Wicket/vid355_36.avi,Down The Wicket,2,vid355
Down The Wicket/vid355_37.avi,Down The Wicket,2,vid355
Down The Wicket/vid355_47.avi,Down The Wicket,2,vid355
Down The Wicket/vid355_48.avi,Down The Wicket,2,vid355
Down The Wicket/vid355_49.avi,Down The Wicket,2,vid355
Down The Wicket/vid356_10.avi,Down The Wicket,2,vid356
Down The Wicket/vid356_12.avi,Down The Wicket,2,vid356
Down The Wicket/vid356_19.avi,Down The Wicket,2,vid356
Down The Wicket/vid356_61.avi,Down The Wicket,2,vid356
Down The Wicket/vid356_7.avi,Down The Wicket,2,vid356
Down The Wicket/vid358_60.avi,Down The Wicket,2,vid358
Down The Wicket/vid360_37.avi,Down The Wicket,2,vid360
Down The Wicket/vid362_30.avi,Down The Wicket,2,vid362
Down The Wicket/vid362_6.avi,Down The Wicket,2,vid362
Down The Wicket/vid366_19.avi,Down The Wicket,2,vid366
Down The Wicket/vid368_29.avi,Down The Wicket,2,vid368
Down The Wicket/vid368_47.avi,Down The Wicket,2,vid368
Down The Wicket/vid368_57.avi,Down The Wicket,2,vid368
Down The Wicket/vid370_43.avi,Down The Wicket,2,vid370
Down The Wicket/vid370_48.avi,Down The Wicket,2,vid370
Down The Wicket/vid370_49.avi,Down The Wicket,2,vid370
Down The Wicket/vid373_17.avi,Down The Wicket,2,vid373
Down The Wicket/vid373_41.avi,Down The Wicket,2,vid373
Down The Wicket/vid373_5.avi,Down The Wicket,2,vid373
Down The Wicket/vid374_42.avi,Down The Wicket,2,vid374
Down The Wicket/vid375_45.avi,Down The Wicket,2,vid375
Down The Wicket/vid378_35.avi,Down The Wicket,2,vid378
Down The Wicket/vid378_46.avi,Down The Wicket,2,vid378
Down The Wicket/vid380_25.avi,Down The Wicket,2,vid380
Down The Wicket/vid380_37.avi,Down The Wicket,2,vid380
Down The Wicket/vid381_28.avi,Down The Wicket,2,vid381
Down The Wicket/vid381_34.avi,Down The Wicket,2,vid381
Down The Wicket/vid382_4.avi,Down The Wicket,2,vid382
Down The Wicket/vid383_1.avi,Down The Wicket,2,vid383
Down The Wicket/vid383_2.avi,Down The Wicket,2,vid383
Down The Wicket/vid383_4.avi,Down The Wicket,2,vid383
Down The Wicket/vid384_12.avi,Down The Wicket,2,vid384
Down The Wicket/vid384_43.avi,Down The Wicket,2,vid384
Down The Wicket/vid384_65.avi,Down The Wicket,2,vid384
Down The Wicket/vid385_20.avi,Down The Wicket,2,vid385
Down The Wicket/vid385_33.avi,Down The Wicket,2,vid385
Down The Wicket/vid389_28.avi,Down The Wicket,2,vid389
Down The Wicket/vid392_13.avi,Down The Wicket,2,vid392
Down The Wicket/vid396_18.avi,Down The Wicket,2,vid396
Down The Wicket/vid396_19.avi,Down The Wicket,2,vid396
Down The Wicket/vid399_11.avi,Down The Wicket,2,vid399
Down The Wicket/vid3_11.avi,Down The Wicket,2,vid3
Down The Wicket/vid3_7.avi,Down The Wicket,2,vid3
Down The Wicket/vid400_20.avi,Down The Wicket,2,vid400
Down The Wicket/vid407_13.avi,Down The Wicket,2,vid407
Down The Wicket/vid412_4.avi,Down The Wicket,2,vid412
Down The Wicket/vid413_19.avi,Down The Wicket,2,vid413
Down The Wicket/vid415_10.avi,Down The Wicket,2,vid415
Down The Wicket/vid415_9.avi,Down The Wicket,2,vid415
Down The Wicket/vid419_2.avi,Down The Wicket,2,vid419
Down The Wicket/vid41_16.avi,Down The Wicket,2,vid41
Down The Wicket/vid422_12.avi,Down The Wicket,2,vid422
Down The Wicket/vid422_39.avi,Down The Wicket,2,vid422
Down The Wicket/vid423_10.avi,Down The Wicket,2,vid423
Down The Wicket/vid425_13.avi,Down The Wicket,2,vid425
Down The Wicket/vid427_3.avi,Down The Wicket,2,vid427
Down The Wicket/vid427_6.avi,Down The Wicket,2,vid427
Down The Wicket/vid42_23.avi,Down The Wicket,2,vid42
Down The Wicket/vid42_25.avi,Down The Wicket,2,vid42
Down The Wicket/vid42_46.avi,Down The Wicket,2,vid42
Down The Wicket/vid431_10.avi,Down The Wicket,2,vid431
Down The Wicket/vid431_34.avi,Down The Wicket,2,vid431
Down The Wicket/vid431_35.avi,Down The Wicket,2,vid431
Down The Wicket/vid431_42.avi,Down The Wicket,2,vid431
Down The Wicket/vid431_46.avi,Down The Wicket,2,vid431
Down The Wicket/vid431_6.avi,Down The Wicket,2,vid431
Down The Wicket/vid431_8.avi,Down The Wicket,2,vid431
Down The Wicket/vid432_21.avi,Down The Wicket,2,vid432
Down The Wicket/vid432_22.avi,Down The Wicket,2,vid432
Down The Wicket/vid432_5.avi,Down The Wicket,2,vid432
Down The Wicket/vid432_8.avi,Down The Wicket,2,vid432
Down The Wicket/vid434_13.avi,Down The Wicket,2,vid434
Down The Wicket/vid434_33.avi,Down The Wicket,2,vid434
Down The Wicket/vid434_35.avi,Down The Wicket,2,vid434
Down The Wicket/vid434_36.avi,Down The Wicket,2,vid434
Down The Wicket/vid434_50.avi,Down The Wicket,2,vid434
Down The Wicket/vid434_51.avi,Down The Wicket,2,vid434
Down The Wicket/vid434_68.avi,Down The Wicket,2,vid434
Down The Wicket/vid434_69.avi,Down The Wicket,2,vid434
Down The Wicket/vid435_10.avi,Down The Wicket,2,vid435
Down The Wicket/vid435_9.avi,Down The Wicket,2,vid435
Down The Wicket/vid436_14.avi,Down The Wicket,2,vid436
Down The Wicket/vid436_20.avi,Down The Wicket,2,vid436
Down The Wicket/vid436_27.avi,Down The Wicket,2,vid436
Down The Wicket/vid436_58.avi,Down The Wicket,2,vid436
Down The Wicket/vid436_60.avi,Down The Wicket,2,vid436
Down The Wicket/vid436_7.avi,Down The Wicket,2,vid436
Down The Wicket/vid437_13.avi,Down The Wicket,2,vid437
Down The Wicket/vid437_17.avi,Down The Wicket,2,vid437
Down The Wicket/vid437_22.avi,Down The Wicket,2,vid437
Down The Wicket/vid437_30.avi,Down The Wicket,2,vid437
Down The Wicket/vid437_33.avi,Down The Wicket,2,vid437
Down The Wicket/vid437_35.avi,Down The Wicket,2,vid437
Down The Wicket/vid437_57.avi,Down The Wicket,2,vid437
Down The Wicket/vid437_6.avi,Down The Wicket,2,vid437
Down The Wicket/vid437_61.avi,Down The Wicket,2,vid437
Down The Wicket/vid437_64.avi,Down The Wicket,2,vid437
Down The Wicket/vid439_2.avi,Down The Wicket,2,vid439
Down The Wicket/vid439_44.avi,Down The Wicket,2,vid439
Down The Wicket/vid439_47.avi,Down The Wicket,2,vid439
Down The Wicket/vid439_51.avi,Down The Wicket,2,vid439
Down The Wicket/vid439_56.avi,Down The Wicket,2,vid439
Down The Wicket/vid439_57.avi,Down The Wicket,2,vid439
Down The Wicket/vid43_55.avi,Down The Wicket,2,vid43
Down The Wicket/vid440_19.avi,Down The Wicket,2,vid440
Down The Wicket/vid440_28.avi,Down The Wicket,2,vid440
Down The Wicket/vid440_31.avi,Down The Wicket,2,vid440
Down The Wicket/vid440_38.avi,Down The Wicket,2,vid440
Down The Wicket/vid440_44.avi,Down The Wicket,2,vid440
Down The Wicket/vid440_45.avi,Down The Wicket,2,vid440
Down The Wicket/vid441_21.avi,Down The Wicket,2,vid441
Down The Wicket/vid441_33.avi,Down The Wicket,2,vid441
Down The Wicket/vid443_3.avi,Down The Wicket,2,vid443
Down The Wicket/vid443_32.avi,Down The Wicket,2,vid443
Down The Wicket/vid443_44.avi,Down The Wicket,2,vid443
Down The Wicket/vid443_49.avi,Down The Wicket,2,vid443
Down The Wicket/vid443_57.avi,Down The Wicket,2,vid443
Down The Wicket/vid443_65.avi,Down The Wicket,2,vid443
Down The Wicket/vid443_67.avi,Down The Wicket,2,vid443
Down The Wicket/vid443_68.avi,Down The Wicket,2,vid443
Down The Wicket/vid443_7.avi,Down The Wicket,2,vid443
Down The Wicket/vid443_8.avi,Down The Wicket,2,vid443
Down The Wicket/vid444_11.avi,Down The Wicket,2,vid444
Down The Wicket/vid444_28.avi,Down The Wicket,2,vid444
Down The Wicket/vid444_52.avi,Down The Wicket,2,vid444
Down The Wicket/vid448_26.avi,Down The Wicket,2,vid448
Down The Wicket/vid448_36.avi,Down The Wicket,2,vid448
Down The Wicket/vid448_51.avi,Down The Wicket,2,vid448
Down The Wicket/vid448_52.avi,Down The Wicket,2,vid448
Down The Wicket/vid448_7.avi,Down The Wicket,2,vid448
Down The Wicket/vid449_18.avi,Down The Wicket,2,vid449
Down The Wicket/vid449_37.avi,Down The Wicket,2,vid449
Down The Wicket/vid453_10.avi,Down The Wicket,2,vid453
Down The Wicket/vid454_12.avi,Down The Wicket,2,vid454
Down The Wicket/vid454_15.avi,Down The Wicket,2,vid454
Down The Wicket/vid454_28.avi,Down The Wicket,2,vid454
Down The Wicket/vid454_30.avi,Down The Wicket,2,vid454
Down The Wicket/vid454_39.avi,Down The Wicket,2,vid454
Down The Wicket/vid455_12.avi,Down The Wicket,2,vid455
Down The Wicket/vid455_14.avi,Down The Wicket,2,vid455
Down The Wicket/vid455_32.avi,Down The Wicket,2,vid455
Down The Wicket/vid455_41.avi,Down The Wicket,2,vid455
Down The Wicket/vid455_55.avi,Down The Wicket,2,vid455
Down The Wicket/vid456_12.avi,Down The Wicket,2,vid456
Down The Wicket/vid456_13.avi,Down The Wicket,2,vid456
Down The Wicket/vid457_42.avi,Down The Wicket,2,vid457
Down The Wicket/vid457_47.avi,Down The Wicket,2,vid457
Down The Wicket/vid457_5.avi,Down The Wicket,2,vid457
Down The Wicket/vid457_6.avi,Down The Wicket,2,vid457
Down The Wicket/vid458_23.avi,Down The Wicket,2,vid458
Down The Wicket/vid458_24.avi,Down The Wicket,2,vid458
Down The Wicket/vid458_30.avi,Down The Wicket,2,vid458
Down The Wicket/vid458_31.avi,Down The Wicket,2,vid458
Down The Wicket/vid460_33.avi,Down The Wicket,2,vid460
Down The Wicket/vid460_6.avi,Down The Wicket,2,vid460
Down The Wicket/vid461_14.avi,Down The Wicket,2,vid461
Down The Wicket/vid461_46.avi,Down The Wicket,2,vid461
Down The Wicket/vid461_5.avi,Down The Wicket,2,vid461
Down The Wicket/vid461_51.avi,Down The Wicket,2,vid461
Down The Wicket/vid466_0.avi,Down The Wicket,2,vid466
Down The Wicket/vid466_1.avi,Down The Wicket,2,vid466
Down The Wicket/vid466_12.avi,Down The Wicket,2,vid466
Down The Wicket/vid466_23.avi,Down The Wicket,2,vid466
Down The Wicket/vid466_3.avi,Down The Wicket,2,vid466
Down The Wicket/vid466_8.avi,Down The Wicket,2,vid466
Down The Wicket/vid466_9.avi,Down The Wicket,2,vid466
Down The Wicket/vid468_30.avi,Down The Wicket,2,vid468
Down The Wicket/vid468_5.avi,Down The Wicket,2,vid468
Down The Wicket/vid46_10.avi,Down The Wicket,2,vid46
Down The Wicket/vid46_63.avi,Down The Wicket,2,vid46
Down The Wicket/vid470_15.avi,Down The Wicket,2,vid470
Down The Wicket/vid470_17.avi,Down The Wicket,2,vid470
Down The Wicket/vid470_2.avi,Down The Wicket,2,vid470
Down The Wicket/vid470_24.avi,Down The Wicket,2,vid470
Down The Wicket/vid470_29.avi,Down The Wicket,2,vid470
Down The Wicket/vid472_54.avi,Down The Wicket,2,vid472
Down The Wicket/vid473_31.avi,Down The Wicket,2,vid473
Down The Wicket/vid480_17.avi,Down The Wicket,2,vid480
Down The Wicket/vid480_19.avi,Down The Wicket,2,vid480
Down The Wicket/vid480_23.avi,Down The Wicket,2,vid480
Down The Wicket/vid480_24.avi,Down The Wicket,2,vid480
Down The Wicket/vid480_48.avi,Down The Wicket,2,vid480
Down The Wicket/vid480_8.avi,Down The Wicket,2,vid480
Down The Wicket/vid483_37.avi,Down The Wicket,2,vid483
Down The Wicket/vid486_4.avi,Down The Wicket,2,vid486
Down The Wicket/vid486_44.avi,Down The Wicket,2,vid486
Down The Wicket/vid486_45.avi,Down The Wicket,2,vid486
Down The Wicket/vid488_32.avi,Down The Wicket,2,vid488
Down The Wicket/vid488_36.avi,Down The Wicket,2,vid488
Down The Wicket/vid490_12.avi,Down The Wicket,2,vid490
Down The Wicket/vid492_31.avi,Down The Wicket,2,vid492
Down The Wicket/vid492_4.avi,Down The Wicket,2,vid492
Down The Wicket/vid492_8.avi,Down The Wicket,2,vid492
Down The Wicket/vid495_42.avi,Down The Wicket,2,vid495
Down The Wicket/vid495_43.avi,Down The Wicket,2,vid495
Down The Wicket/vid499_4.avi,Down The Wicket,2,vid499
Down The Wicket/vid49_10.avi,Down The Wicket,2,vid49
Down The Wicket/vid49_11.avi,Down The Wicket,2,vid49
Down The Wicket/vid49_13.avi,Down The Wicket,2,vid49
Down The Wicket/vid49_45.avi,Down The Wicket,2,vid49
Down The Wicket/vid49_52.avi,Down The Wicket,2,vid49
Down The Wicket/vid49_7.avi,Down The Wicket,2,vid49
Down The Wicket/vid4_4.avi,Down The Wicket,2,vid4
Down The Wicket/vid504_9.avi,Down The Wicket,2,vid504
Down The Wicket/vid505_35.avi,Down The Wicket,2,vid505
Down The Wicket/vid509_25.avi,Down The Wicket,2,vid509
Down The Wicket/vid509_26.avi,Down The Wicket,2,vid509
Down The Wicket/vid50_23.avi,Down The Wicket,2,vid50
Down The Wicket/vid50_55.avi,Down The Wicket,2,vid50
Down The Wicket/vid510_18.avi,Down The Wicket,2,vid510
Down The Wicket/vid510_25.avi,Down The Wicket,2,vid510
Down The Wicket/vid510_4.avi,Down The Wicket,2,vid510
Down The Wicket/vid511_24.avi,Down The Wicket,2,vid511
Down The Wicket/vid511_43.avi,Down The Wicket,2,vid511
Down The Wicket/vid511_64.avi,Down The Wicket,2,vid511
Down The Wicket/vid512_19.avi,Down The Wicket,2,vid512
Down The Wicket/vid512_2.avi,Down The Wicket,2,vid512
Down The Wicket/vid512_3.avi,Down The Wicket,2,vid512
Down The Wicket/vid512_43.avi,Down The Wicket,2,vid512
Down The Wicket/vid512_48.avi,Down The Wicket,2,vid512
Down The Wicket/vid514_13.avi,Down The Wicket,2,vid514
Down The Wicket/vid514_29.avi,Down The Wicket,2,vid514
Down The Wicket/vid514_61.avi,Down The Wicket,2,vid514
Down The Wicket/vid515_0.avi,Down The Wicket,2,vid515
Down The Wicket/vid515_17.avi,Down The Wicket,2,vid515
Down The Wicket/vid515_22.avi,Down The Wicket,2,vid515
Down The Wicket/vid515_49.avi,Down The Wicket,2,vid515
Down The Wicket/vid515_57.avi,Down The Wicket,2,vid515
Down The Wicket/vid518_19.avi,Down The Wicket,2,vid518
Down The Wicket/vid518_5.avi,Down The Wicket,2,vid518
Down The Wicket/vid519_11.avi,Down The Wicket,2,vid519
Down The Wicket/vid519_49.avi,Down The Wicket,2,vid519
Down The Wicket/vid520_41.avi,Down The Wicket,2,vid520
Down The Wicket/vid520_5.avi,Down The Wicket,2,vid520
Down The Wicket/vid525_11.avi,Down The Wicket,2,vid525
Down The Wicket/vid525_12.avi,Down The Wicket,2,vid525
Down The Wicket/vid525_25.avi,Down The Wicket,2,vid525
Down The Wicket/vid528_20.avi,Down The Wicket,2,vid528
Down The Wicket/vid528_21.avi,Down The Wicket,2,vid528
Down The Wicket/vid528_5.avi,Down The Wicket,2,vid528
Down The Wicket/vid528_52.avi,Down The Wicket,2,vid528
Down The Wicket/vid534_28.avi,Down The Wicket,2,vid534
Down The Wicket/vid534_30.avi,Down The Wicket,2,vid534
Down The Wicket/vid55_10.avi,Down The Wicket,2,vid55
Down The Wicket/vid55_4.avi,Down The Wicket,2,vid55
Down The Wicket/vid55_8.avi,Down The Wicket,2,vid55
Down The Wicket/vid56_19.avi,Down The Wicket,2,vid56
Down The Wicket/vid56_47.avi,Down The Wicket,2,vid56
Down The Wicket/vid56_55.avi,Down The Wicket,2,vid56
Down The Wicket/vid57_1.avi,Down The Wicket,2,vid57
Down The Wicket/vid57_10.avi,Down The Wicket,2,vid57
Down The Wicket/vid57_13.avi,Down The Wicket,2,vid57
Down The Wicket/vid57_35.avi,Down The Wicket,2,vid57
Down The Wicket/vid5_1.avi,Down The Wicket,2,vid5
Down The Wicket/vid5_24.avi,Down The Wicket,2,vid5
Down The Wicket/vid5_8.avi,Down The Wicket,2,vid5
Down The Wicket/vid61_0.avi,Down The Wicket,2,vid61
Down The Wicket/vid61_5.avi,Down The Wicket,2,vid61
Down The Wicket/vid61_6.avi,Down The Wicket,2,vid61
Down The Wicket/vid61_9.avi,Down The Wicket,2,vid61
Down The Wicket/vid62_8.avi,Down The Wicket,2,vid62
Down The Wicket/vid64_16.avi,Down The Wicket,2,vid64
Down The Wicket/vid64_34.avi,Down The Wicket,2,vid64
Down The Wicket/vid64_37.avi,Down The Wicket,2,vid64
Down The Wicket/vid64_39.avi,Down The Wicket,2,vid64
Down The Wicket/vid65_14.avi,Down The Wicket,2,vid65
Down The Wicket/vid65_18.avi,Down The Wicket,2,vid65
Down The Wicket/vid65_4.avi,Down The Wicket,2,vid65
Down The Wicket/vid65_46.avi,Down The Wicket,2,vid65
Down The Wicket/vid65_50.avi,Down The Wicket,2,vid65
Down The Wicket/vid67_2.avi,Down The Wicket,2,vid67
Down The Wicket/vid67_20.avi,Down The Wicket,2,vid67
Down The Wicket/vid67_23.avi,Down The Wicket,2,vid67
Down The Wicket/vid67_24.avi,Down The Wicket,2,vid67
Down The Wicket/vid67_25.avi,Down The Wicket,2,vid67
Down The Wicket/vid67_49.avi,Down The Wicket,2,vid67
Down The Wicket/vid67_5.avi,Down The Wicket,2,vid67
Down The Wicket/vid67_7.avi,Down The Wicket,2,vid67
Down The Wicket/vid67_8.avi,Down The Wicket,2,vid67
Down The Wicket/vid68_12.avi,Down The Wicket,2,vid68
Down The Wicket/vid68_3.avi,Down The Wicket,2,vid68
Down The Wicket/vid68_4.avi,Down The Wicket,2,vid68
Down The Wicket/vid68_45.avi,Down The Wicket,2,vid68
Down The Wicket/vid68_8.avi,Down The Wicket,2,vid68
Down The Wicket/vid6_23.avi,Down The Wicket,2,vid6
Down The Wicket/vid70_10.avi,Down The Wicket,2,vid70
Down The Wicket/vid70_13.avi,Down The Wicket,2,vid70
Down The Wicket/vid70_15.avi,Down The Wicket,2,vid70
Down The Wicket/vid70_21.avi,Down The Wicket,2,vid70
Down The Wicket/vid70_35.avi,Down The Wicket,2,vid70
Down The Wicket/vid70_38.avi,Down The Wicket,2,vid70
Down The Wicket/vid71_18.avi,Down The Wicket,2,vid71
Down The Wicket/vid71_19.avi,Down The Wicket,2,vid71
Down The Wicket/vid71_20.avi,Down The Wicket,2,vid71
Down The Wicket/vid71_24.avi,Down The Wicket,2,vid71
Down The Wicket/vid71_28.avi,Down The Wicket,2,vid71
Down The Wicket/vid71_34.avi,Down The Wicket,2,vid71
Down The Wicket/vid71_5.avi,Down The Wicket,2,vid71
Down The Wicket/vid71_8.avi,Down The Wicket,2,vid71
Down The Wicket/vid71_9.avi,Down The Wicket,2,vid71
Down The Wicket/vid73_0.avi,Down The Wicket,2,vid73
Down The Wicket/vid73_18.avi,Down The Wicket,2,vid73
Down The Wicket/vid73_2.avi,Down The Wicket,2,vid73
Down The Wicket/vid73_21.avi,Down The Wicket,2,vid73
Down The Wicket/vid73_30.avi,Down The Wicket,2,vid73
Down The Wicket/vid73_37.avi,Down The Wicket,2,vid73
Down The Wicket/vid73_39.avi,Down The Wicket,2,vid73
Down The Wicket/vid74_12.avi,Down The Wicket,2,vid74
Down The Wicket/vid74_27.avi,Down The Wicket,2,vid74
Down The Wicket/vid75_0.avi,Down The Wicket,2,vid75
Down The Wicket/vid75_15.avi,Down The Wicket,2,vid75
Down The Wicket/vid75_19.avi,Down The Wicket,2,vid75
Down The Wicket/vid75_26.avi,Down The Wicket,2,vid75
Down The Wicket/vid76_19.avi,Down The Wicket,2,vid76
Down The Wicket/vid76_22.avi,Down The Wicket,2,vid76
Down The Wicket/vid76_39.avi,Down The Wicket,2,vid76
Down The Wicket/vid77_12.avi,Down The Wicket,2,vid77
Down The Wicket/vid77_23.avi,Down The Wicket,2,vid77
Down The Wicket/vid77_35.avi,Down The Wicket,2,vid77
Down The Wicket/vid78_13.avi,Down The Wicket,2,vid78
Down The Wicket/vid78_14.avi,Down The Wicket,2,vid78
Down The Wicket/vid78_18.avi,Down The Wicket,2,vid78
Down The Wicket/vid78_28.avi,Down The Wicket,2,vid78
Down The Wicket/vid78_31.avi,Down The Wicket,2,vid78
Down The Wicket/vid79_24.avi,Down The Wicket,2,vid79
Down The Wicket/vid79_27.avi,Down The Wicket,2,vid79
Down The Wicket/vid79_30.avi,Down The Wicket,2,vid79
Down The Wicket/vid80_30.avi,Down The Wicket,2,vid80
Down The Wicket/vid81_3.avi,Down The Wicket,2,vid81
Down The Wicket/vid81_7.avi,Down The Wicket,2,vid81
Down The Wicket/vid84_12.avi,Down The Wicket,2,vid84
Down The Wicket/vid84_23.avi,Down The Wicket,2,vid84
Down The Wicket/vid84_25.avi,Down The Wicket,2,vid84
Down The Wicket/vid84_26.avi,Down The Wicket,2,vid84
Down The Wicket/vid84_28.avi,Down The Wicket,2,vid84
Down The Wicket/vid85_12.avi,Down The Wicket,2,vid85
Down The Wicket/vid85_16.avi,Down The Wicket,2,vid85
Down The Wicket/vid85_17.avi,Down The Wicket,2,vid85
Down The Wicket/vid8_1.avi,Down The Wicket,2,vid8
Down The Wicket/vid8_41.avi,Down The Wicket,2,vid8
Down The Wicket/vid92_10.avi,Down The Wicket,2,vid92
Down The Wicket/vid92_18.avi,Down The Wicket,2,vid92
Down The Wicket/vid92_42.avi,Down The Wicket,2,vid92
Down The Wicket/vid92_49.avi,Down The Wicket,2,vid92
Down The Wicket/vid93_1.avi,Down The Wicket,2,vid93
Down The Wicket/vid93_24.avi,Down The Wicket,2,vid93
Down The Wicket/vid93_51.avi,Down The Wicket,2,vid93
Down The Wicket/vid93_53.avi,Down The Wicket,2,vid93
Down The Wicket/vid95_3.avi,Down The Wicket,2,vid95
Down The Wicket/vid97_21.avi,Down The Wicket,2,vid97
Down The Wicket/vid99_3.avi,Down The Wicket,2,vid99
Down The Wicket/vid99_41.avi,Down The Wicket,2,vid99
Flick/vid100_38.avi,Flick,3,vid100
Flick/vid100_51.avi,Flick,3,vid100
Flick/vid100_54.avi,Flick,3,vid100
Flick/vid100_63.avi,Flick,3,vid100
Flick/vid100_64.avi,Flick,3,vid100
Flick/vid100_67.avi,Flick,3,vid100
Flick/vid100_7.avi,Flick,3,vid100
Flick/vid104_23.avi,Flick,3,vid104
Flick/vid106_13.avi,Flick,3,vid106
Flick/vid106_19.avi,Flick,3,vid106
Flick/vid106_33.avi,Flick,3,vid106
Flick/vid107_33.avi,Flick,3,vid107
Flick/vid107_7.avi,Flick,3,vid107
Flick/vid108_23.avi,Flick,3,vid108
Flick/vid108_5.avi,Flick,3,vid108
Flick/vid10_19.avi,Flick,3,vid10
Flick/vid111_0.avi,Flick,3,vid111
Flick/vid111_3.avi,Flick,3,vid111
Flick/vid113_14.avi,Flick,3,vid113
Flick/vid113_19.avi,Flick,3,vid113
Flick/vid113_29.avi,Flick,3,vid113
Flick/vid116_1.avi,Flick,3,vid116
Flick/vid116_14.avi,Flick,3,vid116
Flick/vid116_35.avi,Flick,3,vid116
Flick/vid116_8.avi,Flick,3,vid116
Flick/vid116_9.avi,Flick,3,vid116
Flick/vid117_11.avi,Flick,3,vid117
Flick/vid117_18.avi,Flick,3,vid117
Flick/vid117_23.avi,Flick,3,vid117
Flick/vid117_9.avi,Flick,3,vid117
Flick/vid118_14.avi,Flick,3,vid118
Flick/vid118_2.avi,Flick,3,vid118
Flick/vid118_29.avi,Flick,3,vid118
Flick/vid120_18.avi,Flick,3,vid120
Flick/vid120_19.avi,Flick,3,vid120
Flick/vid121_11.avi,Flick,3,vid121
Flick/vid121_40.avi,Flick,3,vid121
Flick/vid121_49.avi,Flick,3,vid121
Flick/vid122_0.avi,Flick,3,vid122
Flick/vid122_10.avi,Flick,3,vid122
Flick/vid122_15.avi,Flick,3,vid122
Flick/vid123_27.avi,Flick,3,vid123
Flick/vid123_34.avi,Flick,3,vid123
Flick/vid128_4.avi,Flick,3,vid128
Flick/vid129_10.avi,Flick,3,vid129
Flick/vid129_11.avi,Flick,3,vid129
Flick/vid129_23.avi,Flick,3,vid129
Flick/vid129_32.avi,Flick,3,vid129
Flick/vid12_3.avi,Flick,3,vid12
Flick/vid12_39.avi,Flick,3,vid12
Flick/vid130_0.avi,Flick,3,vid130
Flick/vid130_1.avi,Flick,3,vid130
Flick/vid131_2.avi,Flick,3,vid131
Flick/vid132_19.avi,Flick,3,vid132
Flick/vid132_2.avi,Flick,3,vid132
Flick/vid133_13.avi,Flick,3,vid133
Flick/vid133_17.avi,Flick,3,vid133
Flick/vid133_2.avi,Flick,3,vid133
Flick/vid133_21.avi,Flick,3,vid133
Flick/vid135_26.avi,Flick,3,vid135
Flick/vid136_12.avi,Flick,3,vid136
Flick/vid136_16.avi,Flick,3,vid136
Flick/vid136_22.avi,Flick,3,vid136
Flick/vid137_20.avi,Flick,3,vid137
Flick/vid137_29.avi,Flick,3,vid137
Flick/vid137_32.avi,Flick,3,vid137
Flick/vid138_14.avi,Flick,3,vid138
Flick/vid138_25.avi,Flick,3,vid138
Flick/vid13_0.avi,Flick,3,vid13
Flick/vid13_29.avi,Flick,3,vid13
Flick/vid142_2.avi,Flick,3,vid142
Flick/vid142_3.avi,Flick,3,vid142
Flick/vid144_30.avi,Flick,3,vid144
Flick/vid146_0.avi,Flick,3,vid146
Flick/vid150_20.avi,Flick,3,vid150
Flick/vid151_0.avi,Flick,3,vid151
Flick/vid154_0.avi,Flick,3,vid154
Flick/vid156_32.avi,Flick,3,vid156
Flick/vid157_1.avi,Flick,3,vid157
Flick/vid157_15.avi,Flick,3,vid157
Flick/vid157_20.avi,Flick,3,vid157
Flick/vid157_9.avi,Flick,3,vid157
Flick/vid158_13.avi,Flick,3,vid158
Flick/vid158_26.avi,Flick,3,vid158
Flick/vid161_22.avi,Flick,3,vid161
Flick/vid161_32.avi,Flick,3,vid161
Flick/vid162_0.avi,Flick,3,vid162
Flick/vid162_4.avi,Flick,3,vid162
Flick/vid168_35.avi,Flick,3,vid168
Flick/vid170_21.avi,Flick,3,vid170
Flick/vid170_31.avi,Flick,3,vid170
Flick/vid170_6.avi,Flick,3,vid170
Flick/vid171_27.avi,Flick,3,vid171
Flick/vid172_19.avi,Flick,3,vid172
Flick/vid174_8.avi,Flick,3,vid174
Flick/vid175_1.avi,Flick,3,vid175
Flick/vid177_26.avi,Flick,3,vid177
Flick/vid177_27.avi,Flick,3,vid177
Flick/vid178_1.avi,Flick,3,vid178
Flick/vid180_17.avi,Flick,3,vid180
Flick/vid185_1.avi,Flick,3,vid185
Flick/vid193_0.avi,Flick,3,vid193
Flick/vid195_3.avi,Flick,3,vid195
Flick/vid198_3.avi,Flick,3,vid198
Flick/vid198_8.avi,Flick,3,vid198
Flick/vid199_11.avi,Flick,3,vid199
Flick/vid19_0.avi,Flick,3,vid19
Flick/vid19_18.avi,Flick,3,vid19
Flick/vid19_2.avi,Flick,3,vid19
Flick/vid208_1.avi,Flick,3,vid208
Flick/vid208_2.avi,Flick,3,vid208
Flick/vid208_4.avi,Flick,3,vid208
Flick/vid208_8.avi,Flick,3,vid208
Flick/vid209_8.avi,Flick,3,vid209
Flick/vid210_1.avi,Flick,3,vid210
Flick/vid210_13.avi,Flick,3,vid210
Flick/vid210_2.avi,Flick,3,vid210
Flick/vid210_29.avi,Flick,3,vid210
Flick/vid210_48.avi,Flick,3,vid210
Flick/vid212_10.avi,Flick,3,vid212
Flick/vid212_19.avi,Flick,3,vid212
Flick/vid212_21.avi,Flick,3,vid212
Flick/vid213_2.avi,Flick,3,vid213
Flick/vid213_29.avi,Flick,3,vid213
Flick/vid213_32.avi,Flick,3,vid213
Flick/vid213_40.avi,Flick,3,vid213
Flick/vid215_3.avi,Flick,3,vid215
Flick/vid215_33.avi,Flick,3,vid215
Flick/vid216_22.avi,Flick,3,vid216
Flick/vid216_4.avi,Flick,3,vid216
Flick/vid216_51.avi,Flick,3,vid216
Flick/vid217_0.avi,Flick,3,vid217
Flick/vid217_26.avi,Flick,3,vid217
Flick/vid217_55.avi,Flick,3,vid217
Flick/vid218_15.avi,Flick,3,vid218
Flick/vid218_25.avi,Flick,3,vid218
Flick/vid218_31.avi,Flick,3,vid218
Flick/vid221_0.avi,Flick,3,vid221
Flick/vid221_12.avi,Flick,3,vid221
Flick/vid222_15.avi,Flick,3,vid222
Flick/vid222_26.avi,Flick,3,vid222
Flick/vid222_5.avi,Flick,3,vid222
Flick/vid223_10.avi,Flick,3,vid223
Flick/vid223_22.avi,Flick,3,vid223
Flick/vid224_1.avi,Flick,3,vid224
Flick/vid225_1.avi,Flick,3,vid225
Flick/vid225_27.avi,Flick,3,vid225
Flick/vid226_21.avi,Flick,3,vid226
Flick/vid226_24.avi,Flick,3,vid226
Flick/vid227_30.avi,Flick,3,vid227
Flick/vid229_46.avi,Flick,3,vid229
Flick/vid22_4.avi,Flick,3,vid22
Flick/vid230_2.avi,Flick,3,vid230
Flick/vid230_23.avi,Flick,3,vid230
Flick/vid231_5.avi,Flick,3,vid231
Flick/vid233_16.avi,Flick,3,vid233
Flick/vid233_33.avi,Flick,3,vid233
Flick/vid237_17.avi,Flick,3,vid237
Flick/vid237_38.avi,Flick,3,vid237
Flick/vid237_9.avi,Flick,3,vid237
Flick/vid239_1.avi,Flick,3,vid239
Flick/vid239_11.avi,Flick,3,vid239
Flick/vid239_5.avi,Flick,3,vid239
Flick/vid239_6.avi,Flick,3,vid239
Flick/vid240_0.avi,Flick,3,vid240
Flick/vid240_39.avi,Flick,3,vid240
Flick/vid240_40.avi,Flick,3,vid240
Flick/vid240_41.avi,Flick,3,vid240
Flick/vid240_45.avi,Flick,3,vid240
Flick/vid240_46.avi,Flick,3,vid240
Flick/vid240_7.avi,Flick,3,vid240
Flick/vid241_10.avi,Flick,3,vid241
Flick/vid241_15.avi,Flick,3,vid241
Flick/vid241_2.avi,Flick,3,vid241
Flick/vid241_25.avi,Flick,3,vid241
Flick/vid241_26.avi,Flick,3,vid241
Flick/vid241_35.avi,Flick,3,vid241
Flick/vid241_36.avi,Flick,3,vid241
Flick/vid241_9.avi,Flick,3,vid241
Flick/vid242_0.avi,Flick,3,vid242
Flick/vid242_1.avi,Flick,3,vid242
Flick/vid242_20.avi,Flick,3,vid242
Flick/vid242_25.avi,Flick,3,vid242
Flick/vid242_26.avi,Flick,3,vid242
Flick/vid242_36.avi,Flick,3,vid242
Flick/vid242_4.avi,Flick,3,vid242
Flick/vid242_5.avi,Flick,3,vid242
Flick/vid243_27.avi,Flick,3,vid243
Flick/vid243_29.avi,Flick,3,vid243
Flick/vid243_35.avi,Flick,3,vid243
Flick/vid244_21.avi,Flick,3,vid244
Flick/vid244_24.avi,Flick,3,vid244
Flick/vid244_40.avi,Flick,3,vid244
Flick/vid245_0.avi,Flick,3,vid245
Flick/vid245_1.avi,Flick,3,vid245
Flick/vid245_24.avi,Flick,3,vid245
Flick/vid245_26.avi,Flick,3,vid245
Flick/vid245_41.avi,Flick,3,vid245
Flick/vid246_10.avi,Flick,3,vid246
Flick/vid246_11.avi,Flick,3,vid246
Flick/vid246_20.avi,Flick,3,vid246
Flick/vid246_25.avi,Flick,3,vid246
Flick/vid246_31.avi,Flick,3,vid246
Flick/vid246_34.avi,Flick,3,vid246
Flick/vid246_8.avi,Flick,3,vid246
Flick/vid247_11.avi,Flick,3,vid247
Flick/vid249_2.avi,Flick,3,vid249
Flick/vid249_22.avi,Flick,3,vid249
Flick/vid24_42.avi,Flick,3,vid24
Flick/vid24_45.avi,Flick,3,vid24
Flick/vid250_20.avi,Flick,3,vid250
Flick/vid252_0.avi,Flick,3,vid252
Flick/vid252_12.avi,Flick,3,vid252
Flick/vid252_19.avi,Flick,3,vid252
Flick/vid252_20.avi,Flick,3,vid252
Flick/vid252_3.avi,Flick,3,vid252
Flick/vid252_37.avi,Flick,3,vid252
Flick/vid252_38.avi,Flick,3,vid252
Flick/vid252_43.avi,Flick,3,vid252
Flick/vid252_45.avi,Flick,3,vid252
Flick/vid252_48.avi,Flick,3,vid252
Flick/vid252_5.avi,Flick,3,vid252
Flick/vid252_6.avi,Flick,3,vid252
Flick/vid252_8.avi,Flick,3,vid252
Flick/vid252_9.avi,Flick,3,vid252
Flick/vid266_0.avi,Flick,3,vid266
Flick/vid26_1.avi,Flick,3,vid26
Flick/vid26_32.avi,Flick,3,vid26
Flick/vid277_13.avi,Flick,3,vid277
Flick/vid277_15.avi,Flick,3,vid277
Flick/vid27_22.avi,Flick,3,vid27
Flick/vid295_2.avi,Flick,3,vid295
Flick/vid295_24.avi,Flick,3,vid295
Flick/vid295_25.avi,Flick,3,vid295
Flick/vid295_35.avi,Flick,3,vid295
Flick/vid295_40.avi,Flick,3,vid295
Flick/vid296_17.avi,Flick,3,vid296
Flick/vid296_21.avi,Flick,3,vid296
Flick/vid296_23.avi,Flick,3,vid296
Flick/vid296_5.avi,Flick,3,vid296
Flick/vid298_4.avi,Flick,3,vid298
Flick/vid298_9.avi,Flick,3,vid298
Flick/vid299_23.avi,Flick,3,vid299
Flick/vid299_29.avi,Flick,3,vid299
Flick/vid2_17.avi,Flick,3,vid2
Flick/vid2_29.avi,Flick,3,vid2
Flick/vid302_3.avi,Flick,3,vid302
Flick/vid302_4.avi,Flick,3,vid302
Flick/vid302_7.avi,Flick,3,vid302
Flick/vid303_22.avi,Flick,3,vid303
Flick/vid304_0.avi,Flick,3,vid304
Flick/vid304_13.avi,Flick,3,vid304
Flick/vid304_27.avi,Flick,3,vid304
Flick/vid304_28.avi,Flick,3,vid304
Flick/vid306_1.avi,Flick,3,vid306
Flick/vid306_20.avi,Flick,3,vid306
Flick/vid306_3.avi,Flick,3,vid306
Flick/vid308_12.avi,Flick,3,vid308
Flick/vid310_8.avi,Flick,3,vid310
Flick/vid312_1.avi,Flick,3,vid312
Flick/vid312_26.avi,Flick,3,vid312
Flick/vid312_29.avi,Flick,3,vid312
Flick/vid312_3.avi,Flick,3,vid312
Flick/vid312_6.avi,Flick,3,vid312
Flick/vid314_4.avi,Flick,3,vid314
Flick/vid314_9.avi,Flick,3,vid314
Flick/vid315_26.avi,Flick,3,vid315
Flick/vid315_5.avi,Flick,3,vid315
Flick/vid316_11.avi,Flick,3,vid316
Flick/vid316_20.avi,Flick,3,vid316
Flick/vid316_6.avi,Flick,3,vid316
Flick/vid317_10.avi,Flick,3,vid317
Flick/vid317_23.avi,Flick,3,vid317
Flick/vid317_3.avi,Flick,3,vid317
Flick/vid318_5.avi,Flick,3,vid318
Flick/vid320_2.avi,Flick,3,vid320
Flick/vid320_44.avi,Flick,3,vid320
Flick/vid320_56.avi,Flick,3,vid320
Flick/vid321_24.avi,Flick,3,vid321
Flick/vid323_5.avi,Flick,3,vid323
Flick/vid327_0.avi,Flick,3,vid327
Flick/vid329_20.avi,Flick,3,vid329
Flick/vid32_9.avi,Flick,3,vid32
Flick/vid333_14.avi,Flick,3,vid333
Flick/vid333_22.avi,Flick,3,vid333
Flick/vid334_5.avi,Flick,3,vid334
Flick/vid335_1.avi,Flick,3,vid335
Flick/vid335_21.avi,Flick,3,vid335
Flick/vid335_34.avi,Flick,3,vid335
Flick/vid33_0.avi,Flick,3,vid33
Flick/vid33_16.avi,Flick,3,vid33
Flick/vid33_18.avi,Flick,3,vid33
Flick/vid341_12.avi,Flick,3,vid341
Flick/vid34_16.avi,Flick,3,vid34
Flick/vid34_4.avi,Flick,3,vid34
Flick/vid350_27.avi,Flick,3,vid350
Flick/vid350_31.avi,Flick,3,vid350
Flick/vid350_6.avi,Flick,3,vid350
Flick/vid355_0.avi,Flick,3,vid355
Flick/vid355_3.avi,Flick,3,vid355
Flick/vid355_34.avi,Flick,3,vid355
Flick/vid355_4.avi,Flick,3,vid355
Flick/vid355_5.avi,Flick,3,vid355
Flick/vid358_16.avi,Flick,3,vid358
Flick/vid358_24.avi,Flick,3,vid358
Flick/vid358_29.avi,Flick,3,vid358
Flick/vid358_44.avi,Flick,3,vid358
Flick/vid359_1.avi,Flick,3,vid359
Flick/vid359_13.avi,Flick,3,vid359
Flick/vid359_33.avi,Flick,3,vid359
Flick/vid360_51.avi,Flick,3,vid360
Flick/vid360_53.avi,Flick,3,vid360
Flick/vid360_55.avi,Flick,3,vid360
Flick/vid360_8.avi,Flick,3,vid360
Flick/vid366_1.avi,Flick,3,vid366
Flick/vid366_20.avi,Flick,3,vid366
Flick/vid366_3.avi,Flick,3,vid366
Flick/vid366_44.avi,Flick,3,vid366
Flick/vid368_14.avi,Flick,3,vid368
Flick/vid368_2.avi,Flick,3,vid368
Flick/vid368_21.avi,Flick,3,vid368
Flick/vid368_27.avi,Flick,3,vid368
Flick/vid368_3.avi,Flick,3,vid368
Flick/vid368_39.avi,Flick,3,vid368
Flick/vid368_56.avi,Flick,3,vid368
Flick/vid369_36.avi,Flick,3,vid369
Flick/vid369_49.avi,Flick,3,vid369
Flick/vid369_57.avi,Flick,3,vid369
Flick/vid373_22.avi,Flick,3,vid373
Flick/vid373_45.avi,Flick,3,vid373
Flick/vid373_6.avi,Flick,3,vid373
Flick/vid374_2.avi,Flick,3,vid374
Flick/vid374_36.avi,Flick,3,vid374
Flick/vid374_37.avi,Flick,3,vid374
Flick/vid374_5.avi,Flick,3,vid374
Flick/vid375_59.avi,Flick,3,vid375
Flick/vid378_3.avi,Flick,3,vid378
Flick/vid378_5.avi,Flick,3,vid378
Flick/vid380_14.avi,Flick,3,vid380
Flick/vid380_3.avi,Flick,3,vid380
Flick/vid380_38.avi,Flick,3,vid380
Flick/vid380_39.avi,Flick,3,vid380
Flick/vid380_55.avi,Flick,3,vid380
Flick/vid381_17.avi,Flick,3,vid381
Flick/vid381_23.avi,Flick,3,vid381
Flick/vid381_31.avi,Flick,3,vid381
Flick/vid381_33.avi,Flick,3,vid381
Flick/vid382_13.avi,Flick,3,vid382
Flick/vid382_14.avi,Flick,3,vid382
Flick/vid382_17.avi,Flick,3,vid382
Flick/vid382_18.avi,Flick,3,vid382
Flick/vid382_38.avi,Flick,3,vid382
Flick/vid383_20.avi,Flick,3,vid383
Flick/vid383_29.avi,Flick,3,vid383
Flick/vid383_35.avi,Flick,3,vid383
Flick/vid384_10.avi,Flick,3,vid384
Flick/vid384_14.avi,Flick,3,vid384
Flick/vid384_58.avi,Flick,3,vid384
Flick/vid384_85.avi,Flick,3,vid384
Flick/vid385_10.avi,Flick,3,vid385
Flick/vid385_42.avi,Flick,3,vid385
Flick/vid386_28.avi,Flick,3,vid386
Flick/vid388_11.avi,Flick,3,vid388
Flick/vid388_36.avi,Flick,3,vid388
Flick/vid388_38.avi,Flick,3,vid388
Flick/vid388_49.avi,Flick,3,vid388
Flick/vid389_29.avi,Flick,3,vid389
Flick/vid389_47.avi,Flick,3,vid389
Flick/vid389_64.avi,Flick,3,vid389
Flick/vid389_66.avi,Flick,3,vid389
Flick/vid390_13.avi,Flick,3,vid390
Flick/vid390_31.avi,Flick,3,vid390
Flick/vid390_36.avi,Flick,3,vid390
Flick/vid390_54.avi,Flick,3,vid390
Flick/vid392_28.avi,Flick,3,vid392
Flick/vid392_47.avi,Flick,3,vid392
Flick/vid392_53.avi,Flick,3,vid392
Flick/vid393_43.avi,Flick,3,vid393
Flick/vid393_58.avi,Flick,3,vid393
Flick/vid397_0.avi,Flick,3,vid397
Flick/vid397_15.avi,Flick,3,vid397
Flick/vid397_18.avi,Flick,3,vid397
Flick/vid399_8.avi,Flick,3,vid399
Flick/vid3_0.avi,Flick,3,vid3
Flick/vid3_22.avi,Flick,3,vid3
Flick/vid3_23.avi,Flick,3,vid3
Flick/vid400_12.avi,Flick,3,vid400
Flick/vid400_9.avi,Flick,3,vid400
Flick/vid401_14.avi,Flick,3,vid401
Flick/vid401_8.avi,Flick,3,vid401
Flick/vid405_10.avi,Flick,3,vid405
Flick/vid405_16.avi,Flick,3,vid405
Flick/vid406_2.avi,Flick,3,vid406
Flick/vid409_4.avi,Flick,3,vid409
Flick/vid413_1.avi,Flick,3,vid413
Flick/vid417_22.avi,Flick,3,vid417
Flick/vid417_3.avi,Flick,3,vid417
Flick/vid418_28.avi,Flick,3,vid418
Flick/vid419_0.avi,Flick,3,vid419
Flick/vid419_8.avi,Flick,3,vid419
Flick/vid41_1.avi,Flick,3,vid41
Flick/vid41_10.avi,Flick,3,vid41
Flick/vid41_13.avi,Flick,3,vid41
Flick/vid41_21.avi,Flick,3,vid41
Flick/vid41_4.avi,Flick,3,vid41
Flick/vid41_9.avi,Flick,3,vid41
Flick/vid422_15.avi,Flick,3,vid422
Flick/vid422_22.avi,Flick,3,vid422
Flick/vid42_21.avi,Flick,3,vid42
Flick/vid42_22.avi,Flick,3,vid42
Flick/vid42_28.avi,Flick,3,vid42
Flick/vid42_35.avi,Flick,3,vid42
Flick/vid42_36.avi,Flick,3,vid42
Flick/vid42_51.avi,Flick,3,vid42
Flick/vid431_30.avi,Flick,3,vid431
Flick/vid432_32.avi,Flick,3,vid432
Flick/vid434_0.avi,Flick,3,vid434
Flick/vid434_66.avi,Flick,3,vid434
Flick/vid435_0.avi,Flick,3,vid435
Flick/vid436_1.avi,Flick,3,vid436
Flick/vid436_16.avi,Flick,3,vid436
Flick/vid436_23.avi,Flick,3,vid436
Flick/vid436_4.avi,Flick,3,vid436
Flick/vid436_56.avi,Flick,3,vid436
Flick/vid437_42.avi,Flick,3,vid437
Flick/vid437_65.avi,Flick,3,vid437
Flick/vid437_66.avi,Flick,3,vid437
Flick/vid438_3.avi,Flick,3,vid438
Flick/vid438_37.avi,Flick,3,vid438
Flick/vid439_20.avi,Flick,3,vid439
Flick/vid439_28.avi,Flick,3,vid439
Flick/vid439_32.avi,Flick,3,vid439
Flick/vid439_38.avi,Flick,3,vid439
Flick/vid439_58.avi,Flick,3,vid439
Flick/vid43_14.avi,Flick,3,vid43
Flick/vid440_1.avi,Flick,3,vid440
Flick/vid440_35.avi,Flick,3,vid440
Flick/vid440_47.avi,Flick,3,vid440
Flick/vid440_48.avi,Flick,3,vid440
Flick/vid440_60.avi,Flick,3,vid440
Flick/vid441_14.avi,Flick,3,vid441
Flick/vid441_8.avi,Flick,3,vid441
Flick/vid443_21.avi,Flick,3,vid443
Flick/vid443_45.avi,Flick,3,vid443
Flick/vid443_58.avi,Flick,3,vid443
Flick/vid444_10.avi,Flick,3,vid444
Flick/vid444_57.avi,Flick,3,vid444
Flick/vid448_10.avi,Flick,3,vid448
Flick/vid448_30.avi,Flick,3,vid448
Flick/vid449_0.avi,Flick,3,vid449
Flick/vid449_16.avi,Flick,3,vid449
Flick/vid449_31.avi,Flick,3,vid449
Flick/vid449_32.avi,Flick,3,vid449
Flick/vid449_41.avi,Flick,3,vid449
Flick/vid453_30.avi,Flick,3,vid453
Flick/vid453_35.avi,Flick,3,vid453
Flick/vid454_3.avi,Flick,3,vid454
Flick/vid455_44.avi,Flick,3,vid455
Flick/vid456_17.avi,Flick,3,vid456
Flick/vid456_2.avi,Flick,3,vid456
Flick/vid458_6.avi,Flick,3,vid458
Flick/vid460_10.avi,Flick,3,vid460
Flick/vid460_26.avi,Flick,3,vid460
Flick/vid461_50.avi,Flick,3,vid461
Flick/vid466_19.avi,Flick,3,vid466
Flick/vid466_4.avi,Flick,3,vid466
Flick/vid468_7.avi,Flick,3,vid468
Flick/vid46_73.avi,Flick,3,vid46
Flick/vid470_6.avi,Flick,3,vid470
Flick/vid471_39.avi,Flick,3,vid471
Flick/vid472_0.avi,Flick,3,vid472
Flick/vid472_26.avi,Flick,3,vid472
Flick/vid472_42.avi,Flick,3,vid472
Flick/vid472_58.avi,Flick,3,vid472
Flick/vid473_26.avi,Flick,3,vid473
Flick/vid473_35.avi,Flick,3,vid473
Flick/vid473_38.avi,Flick,3,vid473
Flick/vid473_57.avi,Flick,3,vid473
Flick/vid474_15.avi,Flick,3,vid474
Flick/vid474_18.avi,Flick,3,vid474
Flick/vid474_23.avi,Flick,3,vid474
Flick/vid474_39.avi,Flick,3,vid474
Flick/vid475_23.avi,Flick,3,vid475
Flick/vid480_31.avi,Flick,3,vid480
Flick/vid480_4.avi,Flick,3,vid480
Flick/vid481_18.avi,Flick,3,vid481
Flick/vid481_36.avi,Flick,3,vid481
Flick/vid481_48.avi,Flick,3,vid481
Flick/vid483_20.avi,Flick,3,vid483
Flick/vid483_21.avi,Flick,3,vid483
Flick/vid483_6.avi,Flick,3,vid483
Flick/vid486_0.avi,Flick,3,vid486
Flick/vid486_19.avi,Flick,3,vid486
Flick/vid486_20.avi,Flick,3,vid486
Flick/vid486_29.avi,Flick,3,vid486
Flick/vid486_68.avi,Flick,3,vid486
Flick/vid487_0.avi,Flick,3,vid487
Flick/vid487_3.avi,Flick,3,vid487
Flick/vid487_48.avi,Flick,3,vid487
Flick/vid493_26.avi,Flick,3,vid493
Flick/vid498_1.avi,Flick,3,vid498
Flick/vid498_27.avi,Flick,3,vid498
Flick/vid499_28.avi,Flick,3,vid499
Flick/vid49_33.avi,Flick,3,vid49
Flick/vid504_0.avi,Flick,3,vid504
Flick/vid504_5.avi,Flick,3,vid504
Flick/vid504_6.avi,Flick,3,vid504
Flick/vid505_20.avi,Flick,3,vid505
Flick/vid505_23.avi,Flick,3,vid505
Flick/vid505_32.avi,Flick,3,vid505
Flick/vid505_38.avi,Flick,3,vid505
Flick/vid506_26.avi,Flick,3,vid506
Flick/vid506_43.avi,Flick,3,vid506
Flick/vid506_44.avi,Flick,3,vid506
Flick/vid507_18.avi,Flick,3,vid507
Flick/vid507_38.avi,Flick,3,vid507
Flick/vid507_42.avi,Flick,3,vid507
Flick/vid509_13.avi,Flick,3,vid509
Flick/vid509_30.avi,Flick,3,vid509
Flick/vid509_32.avi,Flick,3,vid509
Flick/vid50_25.avi,Flick,3,vid50
Flick/vid50_44.avi,Flick,3,vid50
Flick/vid510_20.avi,Flick,3,vid510
Flick/vid510_31.avi,Flick,3,vid510
Flick/vid511_39.avi,Flick,3,vid511
Flick/vid512_31.avi,Flick,3,vid512
Flick/vid514_0.avi,Flick,3,vid514
Flick/vid514_25.avi,Flick,3,vid514
Flick/vid514_46.avi,Flick,3,vid514
Flick/vid515_1.avi,Flick,3,vid515
Flick/vid515_47.avi,Flick,3,vid515
Flick/vid515_64.avi,Flick,3,vid515
Flick/vid516_12.avi,Flick,3,vid516
Flick/vid516_47.avi,Flick,3,vid516
Flick/vid516_71.avi,Flick,3,vid516
Flick/vid520_1.avi,Flick,3,vid520
Flick/vid520_12.avi,Flick,3,vid520
Flick/vid520_14.avi,Flick,3,vid520
Flick/vid523_35.avi,Flick,3,vid523
Flick/vid525_0.avi,Flick,3,vid525
Flick/vid525_26.avi,Flick,3,vid525
Flick/vid528_2.avi,Flick,3,vid528
Flick/vid528_6.avi,Flick,3,vid528
Flick/vid529_19.avi,Flick,3,vid529
Flick/vid529_25.avi,Flick,3,vid529
Flick/vid529_67.avi,Flick,3,vid529
Flick/vid529_72.avi,Flick,3,vid529
Flick/vid529_77.avi,Flick,3,vid529
Flick/vid531_17.avi,Flick,3,vid531
Flick/vid531_2.avi,Flick,3,vid531
Flick/vid532_32.avi,Flick,3,vid532
Flick/vid534_42.avi,Flick,3,vid534
Flick/vid534_53.avi,Flick,3,vid534
Flick/vid535_35.avi,Flick,3,vid535
Flick/vid535_36.avi,Flick,3,vid535
Flick/vid535_52.avi,Flick,3,vid535
Flick/vid536_35.avi,Flick,3,vid536
Flick/vid536_54.avi,Flick,3,vid536
Flick/vid55_30.avi,Flick,3,vid55
Flick/vid55_31.avi,Flick,3,vid55
Flick/vid55_51.avi,Flick,3,vid55
Flick/vid55_78.avi,Flick,3,vid55
Flick/vid56_10.avi,Flick,3,vid56
Flick/vid56_37.avi,Flick,3,vid56
Flick/vid56_48.avi,Flick,3,vid56
Flick/vid56_68.avi,Flick,3,vid56
Flick/vid56_8.avi,Flick,3,vid56
Flick/vid56_91.avi,Flick,3,vid56
Flick/vid56_95.avi,Flick,3,vid56
Flick/vid57_8.avi,Flick,3,vid57
Flick/vid58_1.avi,Flick,3,vid58
Flick/vid62_29.avi,Flick,3,vid62
Flick/vid67_31.avi,Flick,3,vid67
Flick/vid71_2.avi,Flick,3,vid71
Flick/vid74_45.avi,Flick,3,vid74
Flick/vid76_3.avi,Flick,3,vid76
Flick/vid76_6.avi,Flick,3,vid76
Flick/vid77_3.avi,Flick,3,vid77
Flick/vid78_37.avi,Flick,3,vid78
Flick/vid79_0.avi,Flick,3,vid79
Flick/vid81_0.avi,Flick,3,vid81
Flick/vid81_2.avi,Flick,3,vid81
Flick/vid84_30.avi,Flick,3,vid84
Flick/vid84_34.avi,Flick,3,vid84
Flick/vid84_4.avi,Flick,3,vid84
Flick/vid84_5.avi,Flick,3,vid84
Flick/vid85_2.avi,Flick,3,vid85
Flick/vid85_24.avi,Flick,3,vid85
Flick/vid85_5.avi,Flick,3,vid85
Flick/vid88_32.avi,Flick,3,vid88
Flick/vid8_2.avi,Flick,3,vid8
Flick/vid8_25.avi,Flick,3,vid8
Flick/vid8_3.avi,Flick,3,vid8
Flick/vid8_43.avi,Flick,3,vid8
Flick/vid92_30.avi,Flick,3,vid92
Flick/vid95_19.avi,Flick,3,vid95
Flick/vid95_6.avi,Flick,3,vid95
Flick/vid97_11.avi,Flick,3,vid97
Flick/vid97_35.avi,Flick,3,vid97
Flick/vid99_0.avi,Flick,3,vid99
Flick/vid99_1.avi,Flick,3,vid99
Flick/vid99_7.avi,Flick,3,vid99
Hook/vid100_13.avi,Hook,4,vid100
Hook/vid100_40.avi,Hook,4,vid100
Hook/vid100_49.avi,Hook,4,vid100
Hook/vid100_5.avi,Hook,4,vid100
Hook/vid100_6.avi,Hook,4,vid100
Hook/vid100_69.avi,Hook,4,vid100
Hook/vid100_74.avi,Hook,4,vid100
Hook/vid103_0.avi,Hook,4,vid103
Hook/vid103_10.avi,Hook,4,vid103
Hook/vid103_12.avi,Hook,4,vid103
Hook/vid103_16.avi,Hook,4,vid103
Hook/vid103_9.avi,Hook,4,vid103
Hook/vid104_28.avi,Hook,4,vid104
Hook/vid104_30.avi,Hook,4,vid104
Hook/vid104_31.avi,Hook,4,vid104
Hook/vid104_7.avi,Hook,4,vid104
Hook/vid107_3.avi,Hook,4,vid107
Hook/vid107_32.avi,Hook,4,vid107
Hook/vid107_35.avi,Hook,4,vid107
Hook/vid108_17.avi,Hook,4,vid108
Hook/vid108_22.avi,Hook,4,vid108
Hook/vid108_28.avi,Hook,4,vid108
Hook/vid108_31.avi,Hook,4,vid108
Hook/vid10_23.avi,Hook,4,vid10
Hook/vid10_27.avi,Hook,4,vid10
Hook/vid10_33.avi,Hook,4,vid10
Hook/vid10_41.avi,Hook,4,vid10
Hook/vid10_7.avi,Hook,4,vid10
Hook/vid111_12.avi,Hook,4,vid111
Hook/vid112_13.avi,Hook,4,vid112
Hook/vid112_14.avi,Hook,4,vid112
Hook/vid112_3.avi,Hook,4,vid112
Hook/vid113_1.avi,Hook,4,vid113
Hook/vid113_11.avi,Hook,4,vid113
Hook/vid113_17.avi,Hook,4,vid113
Hook/vid116_11.avi,Hook,4,vid116
Hook/vid118_1.avi,Hook,4,vid118
Hook/vid118_11.avi,Hook,4,vid118
Hook/vid118_17.avi,Hook,4,vid118
Hook/vid121_36.avi,Hook,4,vid121
Hook/vid121_47.avi,Hook,4,vid121
Hook/vid122_20.avi,Hook,4,vid122
Hook/vid122_24.avi,Hook,4,vid122
Hook/vid122_3.avi,Hook,4,vid122
Hook/vid123_13.avi,Hook,4,vid123
Hook/vid123_16.avi,Hook,4,vid123
Hook/vid123_2.avi,Hook,4,vid123
Hook/vid123_4.avi,Hook,4,vid123
Hook/vid133_16.avi,Hook,4,vid133
Hook/vid133_26.avi,Hook,4,vid133
Hook/vid134_22.avi,Hook,4,vid134
Hook/vid134_5.avi,Hook,4,vid134
Hook/vid136_19.avi,Hook,4,vid136
Hook/vid138_0.avi,Hook,4,vid138
Hook/vid13_15.avi,Hook,4,vid13
Hook/vid142_32.avi,Hook,4,vid142
Hook/vid144_1.avi,Hook,4,vid144
Hook/vid144_21.avi,Hook,4,vid144
Hook/vid144_3.avi,Hook,4,vid144
Hook/vid146_10.avi,Hook,4,vid146
Hook/vid150_24.avi,Hook,4,vid150
Hook/vid151_17.avi,Hook,4,vid151
Hook/vid151_2.avi,Hook,4,vid151
Hook/vid154_14.avi,Hook,4,vid154
Hook/vid154_35.avi,Hook,4,vid154
Hook/vid161_10.avi,Hook,4,vid161
Hook/vid162_42.avi,Hook,4,vid162
Hook/vid162_47.avi,Hook,4,vid162
Hook/vid166_20.avi,Hook,4,vid166
Hook/vid166_26.avi,Hook,4,vid166
Hook/vid166_28.avi,Hook,4,vid166
Hook/vid168_8.avi,Hook,4,vid168
Hook/vid170_4.avi,Hook,4,vid170
Hook/vid174_20.avi,Hook,4,vid174
Hook/vid178_18.avi,Hook,4,vid178
Hook/vid179_14.avi,Hook,4,vid179
Hook/vid17_18.avi,Hook,4,vid17
Hook/vid207_13.avi,Hook,4,vid207
Hook/vid207_27.avi,Hook,4,vid207
Hook/vid207_47.avi,Hook,4,vid207
Hook/vid209_33.avi,Hook,4,vid209
Hook/vid209_44.avi,Hook,4,vid209
Hook/vid210_24.avi,Hook,4,vid210
Hook/vid210_3.avi,Hook,4,vid210
Hook/vid210_6.avi,Hook,4,vid210
Hook/vid213_21.avi,Hook,4,vid213
Hook/vid215_37.avi,Hook,4,vid215
Hook/vid215_7.avi,Hook,4,vid215
Hook/vid216_9.avi,Hook,4,vid216
Hook/vid218_16.avi,Hook,4,vid218
Hook/vid219_13.avi,Hook,4,vid219
Hook/vid222_12.avi,Hook,4,vid222
Hook/vid225_12.avi,Hook,4,vid225
Hook/vid225_18.avi,Hook,4,vid225
Hook/vid225_4.avi,Hook,4,vid225
Hook/vid225_6.avi,Hook,4,vid225
Hook/vid226_41.avi,Hook,4,vid226
Hook/vid230_1.avi,Hook,4,vid230
Hook/vid231_12.avi,Hook,4,vid231
Hook/vid233_18.avi,Hook,4,vid233
Hook/vid233_36.avi,Hook,4,vid233
Hook/vid233_40.avi,Hook,4,vid233
Hook/vid234_38.avi,Hook,4,vid234
Hook/vid234_45.avi,Hook,4,vid234
Hook/vid237_34.avi,Hook,4,vid237
Hook/vid237_35.avi,Hook,4,vid237
Hook/vid237_5.avi,Hook,4,vid237
Hook/vid239_12.avi,Hook,4,vid239
Hook/vid239_27.avi,Hook,4,vid239
Hook/vid240_12.avi,Hook,4,vid240
Hook/vid240_36.avi,Hook,4,vid240
Hook/vid242_13.avi,Hook,4,vid242
Hook/vid242_14.avi,Hook,4,vid242
Hook/vid246_30.avi,Hook,4,vid246
Hook/vid246_37.avi,Hook,4,vid246
Hook/vid249_43.avi,Hook,4,vid249
Hook/vid249_6.avi,Hook,4,vid249
Hook/vid250_4.avi,Hook,4,vid250
Hook/vid255_35.avi,Hook,4,vid255
Hook/vid255_37.avi,Hook,4,vid255
Hook/vid255_9.avi,Hook,4,vid255
Hook/vid256_4.avi,Hook,4,vid256
Hook/vid257_8.avi,Hook,4,vid257
Hook/vid261_10.avi,Hook,4,vid261
Hook/vid266_10.avi,Hook,4,vid266
Hook/vid267_10.avi,Hook,4,vid267
Hook/vid267_8.avi,Hook,4,vid267
Hook/vid268_1.avi,Hook,4,vid268
Hook/vid283_0.avi,Hook,4,vid283
Hook/vid290_8.avi,Hook,4,vid290
Hook/vid298_26.avi,Hook,4,vid298
Hook/vid298_28.avi,Hook,4,vid298
Hook/vid2_14.avi,Hook,4,vid2
Hook/vid2_18.avi,Hook,4,vid2
Hook/vid302_11.avi,Hook,4,vid302
Hook/vid304_17.avi,Hook,4,vid304
Hook/vid304_26.avi,Hook,4,vid304
Hook/vid315_7.avi,Hook,4,vid315
Hook/vid315_9.avi,Hook,4,vid315
Hook/vid317_33.avi,Hook,4,vid317
Hook/vid320_29.avi,Hook,4,vid320
Hook/vid326_12.avi,Hook,4,vid326
Hook/vid335_23.avi,Hook,4,vid335
Hook/vid341_47.avi,Hook,4,vid341
Hook/vid34_21.avi,Hook,4,vid34
Hook/vid34_25.avi,Hook,4,vid34
Hook/vid34_30.avi,Hook,4,vid34
Hook/vid34_35.avi,Hook,4,vid34
Hook/vid34_36.avi,Hook,4,vid34
Hook/vid34_5.avi,Hook,4,vid34
Hook/vid34_6.avi,Hook,4,vid34
Hook/vid34_7.avi,Hook,4,vid34
Hook/vid350_13.avi,Hook,4,vid350
Hook/vid355_22.avi,Hook,4,vid355
Hook/vid356_4.avi,Hook,4,vid356
Hook/vid356_43.avi,Hook,4,vid356
Hook/vid356_62.avi,Hook,4,vid356
Hook/vid360_23.avi,Hook,4,vid360
Hook/vid360_41.avi,Hook,4,vid360
Hook/vid360_45.avi,Hook,4,vid360
Hook/vid360_62.avi,Hook,4,vid360
Hook/vid362_43.avi,Hook,4,vid362
Hook/vid362_5.avi,Hook,4,vid362
Hook/vid362_58.avi,Hook,4,vid362
Hook/vid366_27.avi,Hook,4,vid366
Hook/vid366_35.avi,Hook,4,vid366
Hook/vid366_49.avi,Hook,4,vid366
Hook/vid368_17.avi,Hook,4,vid368
Hook/vid368_20.avi,Hook,4,vid368
Hook/vid368_28.avi,Hook,4,vid368
Hook/vid368_31.avi,Hook,4,vid368
Hook/vid369_17.avi,Hook,4,vid369
Hook/vid374_9.avi,Hook,4,vid374
Hook/vid375_52.avi,Hook,4,vid375
Hook/vid378_39.avi,Hook,4,vid378
Hook/vid378_40.avi,Hook,4,vid378
Hook/vid380_30.avi,Hook,4,vid380
Hook/vid380_32.avi,Hook,4,vid380
Hook/vid380_35.avi,Hook,4,vid380
Hook/vid381_25.avi,Hook,4,vid381
Hook/vid382_10.avi,Hook,4,vid382
Hook/vid384_41.avi,Hook,4,vid384
Hook/vid384_42.avi,Hook,4,vid384
Hook/vid385_17.avi,Hook,4,vid385
Hook/vid385_39.avi,Hook,4,vid385
Hook/vid385_43.avi,Hook,4,vid385
Hook/vid385_50.avi,Hook,4,vid385
Hook/vid388_17.avi,Hook,4,vid388
Hook/vid389_1.avi,Hook,4,vid389
Hook/vid389_21.avi,Hook,4,vid389
Hook/vid390_16.avi,Hook,4,vid390
Hook/vid390_17.avi,Hook,4,vid390
Hook/vid390_7.avi,Hook,4,vid390
Hook/vid392_12.avi,Hook,4,vid392
Hook/vid392_54.avi,Hook,4,vid392
Hook/vid392_7.avi,Hook,4,vid392
Hook/vid393_1.avi,Hook,4,vid393
Hook/vid393_11.avi,Hook,4,vid393
Hook/vid393_24.avi,Hook,4,vid393
Hook/vid395_0.avi,Hook,4,vid395
Hook/vid395_9.avi,Hook,4,vid395
Hook/vid42_13.avi,Hook,4,vid42
Hook/vid42_3.avi,Hook,4,vid42
Hook/vid42_32.avi,Hook,4,vid42
Hook/vid42_42.avi,Hook,4,vid42
Hook/vid431_12.avi,Hook,4,vid431
Hook/vid432_14.avi,Hook,4,vid432
Hook/vid434_8.avi,Hook,4,vid434
Hook/vid437_52.avi,Hook,4,vid437
Hook/vid438_15.avi,Hook,4,vid438
Hook/vid438_4.avi,Hook,4,vid438
Hook/vid438_44.avi,Hook,4,vid438
Hook/vid43_53.avi,Hook,4,vid43
Hook/vid444_36.avi,Hook,4,vid444
Hook/vid444_56.avi,Hook,4,vid444
Hook/vid454_5.avi,Hook,4,vid454
Hook/vid455_18.avi,Hook,4,vid455
Hook/vid455_21.avi,Hook,4,vid455
Hook/vid455_34.avi,Hook,4,vid455
Hook/vid456_25.avi,Hook,4,vid456
Hook/vid456_34.avi,Hook,4,vid456
Hook/vid45_6.avi,Hook,4,vid45
Hook/vid466_22.avi,Hook,4,vid466
Hook/vid46_53.avi,Hook,4,vid46
Hook/vid46_65.avi,Hook,4,vid46
Hook/vid472_4.avi,Hook,4,vid472
Hook/vid474_27.avi,Hook,4,vid474
Hook/vid474_30.avi,Hook,4,vid474
Hook/vid474_32.avi,Hook,4,vid474
Hook/vid474_36.avi,Hook,4,vid474
Hook/vid474_37.avi,Hook,4,vid474
Hook/vid47_13.avi,Hook,4,vid47
Hook/vid480_36.avi,Hook,4,vid480
Hook/vid480_38.avi,Hook,4,vid480
Hook/vid481_42.avi,Hook,4,vid481
Hook/vid481_44.avi,Hook,4,vid481
Hook/vid481_6.avi,Hook,4,vid481
Hook/vid483_39.avi,Hook,4,vid483
Hook/vid483_7.avi,Hook,4,vid483
Hook/vid486_25.avi,Hook,4,vid486
Hook/vid487_16.avi,Hook,4,vid487
Hook/vid487_49.avi,Hook,4,vid487
Hook/vid487_8.avi,Hook,4,vid487
Hook/vid488_12.avi,Hook,4,vid488
Hook/vid488_30.avi,Hook,4,vid488
Hook/vid488_31.avi,Hook,4,vid488
Hook/vid488_33.avi,Hook,4,vid488
Hook/vid488_43.avi,Hook,4,vid488
Hook/vid495_10.avi,Hook,4,vid495
Hook/vid495_11.avi,Hook,4,vid495
Hook/vid495_34.avi,Hook,4,vid495
Hook/vid495_35.avi,Hook,4,vid495
Hook/vid495_36.avi,Hook,4,vid495
Hook/vid495_4.avi,Hook,4,vid495
Hook/vid495_46.avi,Hook,4,vid495
Hook/vid495_48.avi,Hook,4,vid495
Hook/vid495_49.avi,Hook,4,vid495
Hook/vid498_14.avi,Hook,4,vid498
Hook/vid498_25.avi,Hook,4,vid498
Hook/vid498_28.avi,Hook,4,vid498
Hook/vid498_29.avi,Hook,4,vid498
Hook/vid499_22.avi,Hook,4,vid499
Hook/vid49_20.avi,Hook,4,vid49
Hook/vid49_27.avi,Hook,4,vid49
Hook/vid49_35.avi,Hook,4,vid49
Hook/vid4_20.avi,Hook,4,vid4
Hook/vid4_7.avi,Hook,4,vid4
Hook/vid503_25.avi,Hook,4,vid503
Hook/vid503_39.avi,Hook,4,vid503
Hook/vid505_13.avi,Hook,4,vid505
Hook/vid505_26.avi,Hook,4,vid505
Hook/vid505_30.avi,Hook,4,vid505
Hook/vid505_42.avi,Hook,4,vid505
Hook/vid505_45.avi,Hook,4,vid505
Hook/vid506_2.avi,Hook,4,vid506
Hook/vid507_36.avi,Hook,4,vid507
Hook/vid509_36.avi,Hook,4,vid509
Hook/vid509_7.avi,Hook,4,vid509
Hook/vid511_49.avi,Hook,4,vid511
Hook/vid511_52.avi,Hook,4,vid511
Hook/vid512_20.avi,Hook,4,vid512
Hook/vid512_61.avi,Hook,4,vid512
Hook/vid514_4.avi,Hook,4,vid514
Hook/vid514_44.avi,Hook,4,vid514
Hook/vid515_21.avi,Hook,4,vid515
Hook/vid515_28.avi,Hook,4,vid515
Hook/vid516_33.avi,Hook,4,vid516
Hook/vid516_53.avi,Hook,4,vid516
Hook/vid516_68.avi,Hook,4,vid516
Hook/vid518_25.avi,Hook,4,vid518
Hook/vid518_41.avi,Hook,4,vid518
Hook/vid519_24.avi,Hook,4,vid519
Hook/vid519_68.avi,Hook,4,vid519
Hook/vid520_25.avi,Hook,4,vid520
Hook/vid520_39.avi,Hook,4,vid520
Hook/vid520_53.avi,Hook,4,vid520
Hook/vid523_10.avi,Hook,4,vid523
Hook/vid523_37.avi,Hook,4,vid523
Hook/vid528_25.avi,Hook,4,vid528
Hook/vid528_53.avi,Hook,4,vid528
Hook/vid528_7.avi,Hook,4,vid528
Hook/vid529_49.avi,Hook,4,vid529
Hook/vid529_58.avi,Hook,4,vid529
Hook/vid531_22.avi,Hook,4,vid531
Hook/vid531_61.avi,Hook,4,vid531
Hook/vid531_73.avi,Hook,4,vid531
Hook/vid532_13.avi,Hook,4,vid532
Hook/vid534_45.avi,Hook,4,vid534
Hook/vid535_34.avi,Hook,4,vid535
Hook/vid536_19.avi,Hook,4,vid536
Hook/vid536_20.avi,Hook,4,vid536
Hook/vid536_49.avi,Hook,4,vid536
Hook/vid536_59.avi,Hook,4,vid536
Hook/vid55_27.avi,Hook,4,vid55
Hook/vid55_37.avi,Hook,4,vid55
Hook/vid55_77.avi,Hook,4,vid55
Hook/vid55_9.avi,Hook,4,vid55
Hook/vid56_13.avi,Hook,4,vid56
Hook/vid56_33.avi,Hook,4,vid56
Hook/vid58_4.avi,Hook,4,vid58
Hook/vid5_21.avi,Hook,4,vid5
Hook/vid74_2.avi,Hook,4,vid74
Hook/vid74_3.avi,Hook,4,vid74
Hook/vid74_31.avi,Hook,4,vid74
Hook/vid74_4.avi,Hook,4,vid74
Hook/vid74_40.avi,Hook,4,vid74
Hook/vid75_13.avi,Hook,4,vid75
Hook/vid75_25.avi,Hook,4,vid75
Hook/vid75_6.avi,Hook,4,vid75
Hook/vid77_18.avi,Hook,4,vid77
Hook/vid77_29.avi,Hook,4,vid77
Hook/vid77_39.avi,Hook,4,vid77
Hook/vid77_8.avi,Hook,4,vid77
Hook/vid78_1.avi,Hook,4,vid78
Hook/vid78_24.avi,Hook,4,vid78
Hook/vid79_3.avi,Hook,4,vid79
Hook/vid80_0.avi,Hook,4,vid80
Hook/vid80_10.avi,Hook,4,vid80
Hook/vid80_16.avi,Hook,4,vid80
Hook/vid80_19.avi,Hook,4,vid80
Hook/vid80_28.avi,Hook,4,vid80
Hook/vid80_4.avi,Hook,4,vid80
Hook/vid84_29.avi,Hook,4,vid84
Hook/vid95_40.avi,Hook,4,vid95
Hook/vid95_7.avi,Hook,4,vid95
Late Cut/vid103_18.avi,Late Cut,5,vid103
Late Cut/vid107_27.avi,Late Cut,5,vid107
Late Cut/vid108_37.avi,Late Cut,5,vid108
Late Cut/vid10_25.avi,Late Cut,5,vid10
Late Cut/vid113_8.avi,Late Cut,5,vid113
Late Cut/vid116_25.avi,Late Cut,5,vid116
Late Cut/vid118_8.avi,Late Cut,5,vid118
Late Cut/vid131_13.avi,Late Cut,5,vid131
Late Cut/vid131_20.avi,Late Cut,5,vid131
Late Cut/vid131_6.avi,Late Cut,5,vid131
Late Cut/vid133_25.avi,Late Cut,5,vid133
Late Cut/vid134_14.avi,Late Cut,5,vid134
Late Cut/vid136_18.avi,Late Cut,5,vid136
Late Cut/vid137_16.avi,Late Cut,5,vid137
Late Cut/vid13_47.avi,Late Cut,5,vid13
Late Cut/vid144_22.avi,Late Cut,5,vid144
Late Cut/vid144_7.avi,Late Cut,5,vid144
Late Cut/vid151_28.avi,Late Cut,5,vid151
Late Cut/vid151_34.avi,Late Cut,5,vid151
Late Cut/vid153_8.avi,Late Cut,5,vid153
Late Cut/vid156_7.avi,Late Cut,5,vid156
Late Cut/vid158_8.avi,Late Cut,5,vid158
Late Cut/vid162_43.avi,Late Cut,5,vid162
Late Cut/vid162_55.avi,Late Cut,5,vid162
Late Cut/vid172_14.avi,Late Cut,5,vid172
Late Cut/vid175_30.avi,Late Cut,5,vid175
Late Cut/vid177_10.avi,Late Cut,5,vid177
Late Cut/vid177_6.avi,Late Cut,5,vid177
Late Cut/vid178_12.avi,Late Cut,5,vid178
Late Cut/vid180_10.avi,Late Cut,5,vid180
Late Cut/vid187_10.avi,Late Cut,5,vid187
Late Cut/vid192_0.avi,Late Cut,5,vid192
Late Cut/vid196_0.avi,Late Cut,5,vid196
Late Cut/vid208_29.avi,Late Cut,5,vid208
Late Cut/vid209_38.avi,Late Cut,5,vid209
Late Cut/vid209_45.avi,Late Cut,5,vid209
Late Cut/vid213_30.avi,Late Cut,5,vid213
Late Cut/vid215_14.avi,Late Cut,5,vid215
Late Cut/vid215_15.avi,Late Cut,5,vid215
Late Cut/vid215_41.avi,Late Cut,5,vid215
Late Cut/vid217_21.avi,Late Cut,5,vid217
Late Cut/vid222_7.avi,Late Cut,5,vid222
Late Cut/vid223_14.avi,Late Cut,5,vid223
Late Cut/vid233_6.avi,Late Cut,5,vid233
Late Cut/vid234_29.avi,Late Cut,5,vid234
Late Cut/vid240_54.avi,Late Cut,5,vid240
Late Cut/vid240_57.avi,Late Cut,5,vid240
Late Cut/vid241_14.avi,Late Cut,5,vid241
Late Cut/vid241_8.avi,Late Cut,5,vid241
Late Cut/vid244_20.avi,Late Cut,5,vid244
Late Cut/vid244_36.avi,Late Cut,5,vid244
Late Cut/vid245_10.avi,Late Cut,5,vid245
Late Cut/vid245_19.avi,Late Cut,5,vid245
Late Cut/vid245_31.avi,Late Cut,5,vid245
Late Cut/vid245_9.avi,Late Cut,5,vid245
Late Cut/vid250_30.avi,Late Cut,5,vid250
Late Cut/vid250_31.avi,Late Cut,5,vid250
Late Cut/vid252_18.avi,Late Cut,5,vid252
Late Cut/vid252_34.avi,Late Cut,5,vid252
Late Cut/vid261_46.avi,Late Cut,5,vid261
Late Cut/vid261_49.avi,Late Cut,5,vid261
Late Cut/vid261_52.avi,Late Cut,5,vid261
Late Cut/vid266_3.avi,Late Cut,5,vid266
Late Cut/vid272_9.avi,Late Cut,5,vid272
Late Cut/vid273_9.avi,Late Cut,5,vid273
Late Cut/vid292_14.avi,Late Cut,5,vid292
Late Cut/vid295_22.avi,Late Cut,5,vid295
Late Cut/vid295_27.avi,Late Cut,5,vid295
Late Cut/vid296_9.avi,Late Cut,5,vid296
Late Cut/vid299_10.avi,Late Cut,5,vid299
Late Cut/vid299_17.avi,Late Cut,5,vid299
Late Cut/vid299_18.avi,Late Cut,5,vid299
Late Cut/vid302_8.avi,Late Cut,5,vid302
Late Cut/vid30_26.avi,Late Cut,5,vid30
Late Cut/vid30_36.avi,Late Cut,5,vid30
Late Cut/vid310_0.avi,Late Cut,5,vid310
Late Cut/vid312_10.avi,Late Cut,5,vid312
Late Cut/vid312_15.avi,Late Cut,5,vid312
Late Cut/vid312_20.avi,Late Cut,5,vid312
Late Cut/vid315_23.avi,Late Cut,5,vid315
Late Cut/vid315_24.avi,Late Cut,5,vid315
Late Cut/vid315_31.avi,Late Cut,5,vid315
Late Cut/vid317_8.avi,Late Cut,5,vid317
Late Cut/vid318_14.avi,Late Cut,5,vid318
Late Cut/vid320_24.avi,Late Cut,5,vid320
Late Cut/vid320_42.avi,Late Cut,5,vid320
Late Cut/vid323_37.avi,Late Cut,5,vid323
Late Cut/vid325_7.avi,Late Cut,5,vid325
Late Cut/vid327_3.avi,Late Cut,5,vid327
Late Cut/vid341_1.avi,Late Cut,5,vid341
Late Cut/vid343_33.avi,Late Cut,5,vid343
Late Cut/vid350_25.avi,Late Cut,5,vid350
Late Cut/vid356_55.avi,Late Cut,5,vid356
Late Cut/vid358_30.avi,Late Cut,5,vid358
Late Cut/vid359_16.avi,Late Cut,5,vid359
Late Cut/vid360_66.avi,Late Cut,5,vid360
Late Cut/vid362_52.avi,Late Cut,5,vid362
Late Cut/vid368_16.avi,Late Cut,5,vid368
Late Cut/vid368_43.avi,Late Cut,5,vid368
Late Cut/vid369_37.avi,Late Cut,5,vid369
Late Cut/vid371_13.avi,Late Cut,5,vid371
Late Cut/vid374_38.avi,Late Cut,5,vid374
Late Cut/vid376_29.avi,Late Cut,5,vid376
Late Cut/vid381_30.avi,Late Cut,5,vid381
Late Cut/vid386_21.avi,Late Cut,5,vid386
Late Cut/vid390_8.avi,Late Cut,5,vid390
Late Cut/vid392_6.avi,Late Cut,5,vid392
Late Cut/vid3_10.avi,Late Cut,5,vid3
Late Cut/vid3_24.avi,Late Cut,5,vid3
Late Cut/vid3_9.avi,Late Cut,5,vid3
Late Cut/vid407_14.avi,Late Cut,5,vid407
Late Cut/vid41_8.avi,Late Cut,5,vid41
Late Cut/vid432_39.avi,Late Cut,5,vid432
Late Cut/vid432_4.avi,Late Cut,5,vid432
Late Cut/vid434_45.avi,Late Cut,5,vid434
Late Cut/vid434_46.avi,Late Cut,5,vid434
Late Cut/vid435_42.avi,Late Cut,5,vid435
Late Cut/vid435_46.avi,Late Cut,5,vid435
Late Cut/vid435_53.avi,Late Cut,5,vid435
Late Cut/vid436_37.avi,Late Cut,5,vid436
Late Cut/vid437_51.avi,Late Cut,5,vid437
Late Cut/vid439_0.avi,Late Cut,5,vid439
Late Cut/vid439_48.avi,Late Cut,5,vid439
Late Cut/vid43_21.avi,Late Cut,5,vid43
Late Cut/vid440_25.avi,Late Cut,5,vid440
Late Cut/vid441_26.avi,Late Cut,5,vid441
Late Cut/vid443_13.avi,Late Cut,5,vid443
Late Cut/vid443_48.avi,Late Cut,5,vid443
Late Cut/vid443_9.avi,Late Cut,5,vid443
Late Cut/vid444_30.avi,Late Cut,5,vid444
Late Cut/vid444_41.avi,Late Cut,5,vid444
Late Cut/vid444_42.avi,Late Cut,5,vid444
Late Cut/vid448_17.avi,Late Cut,5,vid448
Late Cut/vid453_14.avi,Late Cut,5,vid453
Late Cut/vid454_32.avi,Late Cut,5,vid454
Late Cut/vid457_43.avi,Late Cut,5,vid457
Late Cut/vid457_8.avi,Late Cut,5,vid457
Late Cut/vid458_20.avi,Late Cut,5,vid458
Late Cut/vid461_19.avi,Late Cut,5,vid461
Late Cut/vid46_49.avi,Late Cut,5,vid46
Late Cut/vid46_75.avi,Late Cut,5,vid46
Late Cut/vid473_14.avi,Late Cut,5,vid473
Late Cut/vid473_39.avi,Late Cut,5,vid473
Late Cut/vid480_0.avi,Late Cut,5,vid480
Late Cut/vid480_2.avi,Late Cut,5,vid480
Late Cut/vid480_37.avi,Late Cut,5,vid480
Late Cut/vid481_27.avi,Late Cut,5,vid481
Late Cut/vid481_32.avi,Late Cut,5,vid481
Late Cut/vid481_47.avi,Late Cut,5,vid481
Late Cut/vid483_28.avi,Late Cut,5,vid483
Late Cut/vid483_36.avi,Late Cut,5,vid483
Late Cut/vid483_44.avi,Late Cut,5,vid483
Late Cut/vid486_62.avi,Late Cut,5,vid486
Late Cut/vid487_2.avi,Late Cut,5,vid487
Late Cut/vid487_43.avi,Late Cut,5,vid487
Late Cut/vid48_19.avi,Late Cut,5,vid48
Late Cut/vid491_2.avi,Late Cut,5,vid491
Late Cut/vid493_1.avi,Late Cut,5,vid493
Late Cut/vid495_15.avi,Late Cut,5,vid495
Late Cut/vid495_26.avi,Late Cut,5,vid495
Late Cut/vid504_18.avi,Late Cut,5,vid504
Late Cut/vid504_7.avi,Late Cut,5,vid504
Late Cut/vid50_61.avi,Late Cut,5,vid50
Late Cut/vid510_7.avi,Late Cut,5,vid510
Late Cut/vid511_14.avi,Late Cut,5,vid511
Late Cut/vid511_2.avi,Late Cut,5,vid511
Late Cut/vid511_36.avi,Late Cut,5,vid511
Late Cut/vid514_37.avi,Late Cut,5,vid514
Late Cut/vid515_11.avi,Late Cut,5,vid515
Late Cut/vid515_86.avi,Late Cut,5,vid515
Late Cut/vid515_88.avi,Late Cut,5,vid515
Late Cut/vid518_27.avi,Late Cut,5,vid518
Late Cut/vid518_29.avi,Late Cut,5,vid518
Late Cut/vid519_37.avi,Late Cut,5,vid519
Late Cut/vid519_44.avi,Late Cut,5,vid519
Late Cut/vid520_65.avi,Late Cut,5,vid520
Late Cut/vid525_32.avi,Late Cut,5,vid525
Late Cut/vid529_5.avi,Late Cut,5,vid529
Late Cut/vid531_35.avi,Late Cut,5,vid531
Late Cut/vid531_42.avi,Late Cut,5,vid531
Late Cut/vid531_47.avi,Late Cut,5,vid531
Late Cut/vid532_63.avi,Late Cut,5,vid532
Late Cut/vid534_8.avi,Late Cut,5,vid534
Late Cut/vid536_53.avi,Late Cut,5,vid536
Late Cut/vid55_0.avi,Late Cut,5,vid55
Late Cut/vid56_58.avi,Late Cut,5,vid56
Late Cut/vid56_66.avi,Late Cut,5,vid56
Late Cut/vid57_42.avi,Late Cut,5,vid57
Late Cut/vid63_25.avi,Late Cut,5,vid63
Late Cut/vid68_36.avi,Late Cut,5,vid68
Late Cut/vid70_20.avi,Late Cut,5,vid70
Late Cut/vid74_21.avi,Late Cut,5,vid74
Late Cut/vid85_30.avi,Late Cut,5,vid85
Late Cut/vid86_56.avi,Late Cut,5,vid86
Late Cut/vid86_7.avi,Late Cut,5,vid86
Late Cut/vid88_28.avi,Late Cut,5,vid88
Late Cut/vid93_40.avi,Late Cut,5,vid93
Late Cut/vid93_46.avi,Late Cut,5,vid93
Lofted Legside/vid100_42.avi,Lofted Legside,6,vid100
Lofted Legside/vid100_75.avi,Lofted Legside,6,vid100
Lofted Legside/vid104_10.avi,Lofted Legside,6,vid104
Lofted Legside/vid104_12.avi,Lofted Legside,6,vid104
Lofted Legside/vid104_15.avi,Lofted Legside,6,vid104
Lofted Legside/vid106_12.avi,Lofted Legside,6,vid106
Lofted Legside/vid107_10.avi,Lofted Legside,6,vid107
Lofted Legside/vid107_5.avi,Lofted Legside,6,vid107
Lofted Legside/vid108_11.avi,Lofted Legside,6,vid108
Lofted Legside/vid108_12.avi,Lofted Legside,6,vid108
Lofted Legside/vid108_16.avi,Lofted Legside,6,vid108
Lofted Legside/vid10_10.avi,Lofted Legside,6,vid10
Lofted Legside/vid10_34.avi,Lofted Legside,6,vid10
Lofted Legside/vid112_8.avi,Lofted Legside,6,vid112
Lofted Legside/vid113_23.avi,Lofted Legside,6,vid113
Lofted Legside/vid113_3.avi,Lofted Legside,6,vid113
Lofted Legside/vid117_13.avi,Lofted Legside,6,vid117
Lofted Legside/vid118_23.avi,Lofted Legside,6,vid118
Lofted Legside/vid118_3.avi,Lofted Legside,6,vid118
Lofted Legside/vid120_21.avi,Lofted Legside,6,vid120
Lofted Legside/vid120_22.avi,Lofted Legside,6,vid120
Lofted Legside/vid121_19.avi,Lofted Legside,6,vid121
Lofted Legside/vid121_39.avi,Lofted Legside,6,vid121
Lofted Legside/vid121_43.avi,Lofted Legside,6,vid121
Lofted Legside/vid121_51.avi,Lofted Legside,6,vid121
Lofted Legside/vid122_13.avi,Lofted Legside,6,vid122
Lofted Legside/vid122_16.avi,Lofted Legside,6,vid122
Lofted Legside/vid123_15.avi,Lofted Legside,6,vid123
Lofted Legside/vid123_33.avi,Lofted Legside,6,vid123
Lofted Legside/vid123_35.avi,Lofted Legside,6,vid123
Lofted Legside/vid128_13.avi,Lofted Legside,6,vid128
Lofted Legside/vid128_25.avi,Lofted Legside,6,vid128
Lofted Legside/vid128_31.avi,Lofted Legside,6,vid128
Lofted Legside/vid128_9.avi,Lofted Legside,6,vid128
Lofted Legside/vid129_38.avi,Lofted Legside,6,vid129
Lofted Legside/vid12_54.avi,Lofted Legside,6,vid12
Lofted Legside/vid130_16.avi,Lofted Legside,6,vid130
Lofted Legside/vid130_18.avi,Lofted Legside,6,vid130
Lofted Legside/vid130_20.avi,Lofted Legside,6,vid130
Lofted Legside/vid130_35.avi,Lofted Legside,6,vid130
Lofted Legside/vid132_8.avi,Lofted Legside,6,vid132
Lofted Legside/vid135_20.avi,Lofted Legside,6,vid135
Lofted Legside/vid135_38.avi,Lofted Legside,6,vid135
Lofted Legside/vid136_20.avi,Lofted Legside,6,vid136
Lofted Legside/vid137_26.avi,Lofted Legside,6,vid137
Lofted Legside/vid138_11.avi,Lofted Legside,6,vid138
Lofted Legside/vid138_15.avi,Lofted Legside,6,vid138
Lofted Legside/vid138_20.avi,Lofted Legside,6,vid138
Lofted Legside/vid138_22.avi,Lofted Legside,6,vid138
Lofted Legside/vid138_27.avi,Lofted Legside,6,vid138
Lofted Legside/vid138_31.avi,Lofted Legside,6,vid138
Lofted Legside/vid138_33.avi,Lofted Legside,6,vid138
Lofted Legside/vid138_8.avi,Lofted Legside,6,vid138
Lofted Legside/vid13_25.avi,Lofted Legside,6,vid13
Lofted Legside/vid142_8.avi,Lofted Legside,6,vid142
Lofted Legside/vid144_16.avi,Lofted Legside,6,vid144
Lofted Legside/vid146_31.avi,Lofted Legside,6,vid146
Lofted Legside/vid146_40.avi,Lofted Legside,6,vid146
Lofted Legside/vid150_7.avi,Lofted Legside,6,vid150
Lofted Legside/vid151_10.avi,Lofted Legside,6,vid151
Lofted Legside/vid151_36.avi,Lofted Legside,6,vid151
Lofted Legside/vid151_39.avi,Lofted Legside,6,vid151
Lofted Legside/vid151_7.avi,Lofted Legside,6,vid151
Lofted Legside/vid153_18.avi,Lofted Legside,6,vid153
Lofted Legside/vid153_19.avi,Lofted Legside,6,vid153
Lofted Legside/vid154_22.avi,Lofted Legside,6,vid154
Lofted Legside/vid156_18.avi,Lofted Legside,6,vid156
Lofted Legside/vid157_10.avi,Lofted Legside,6,vid157
Lofted Legside/vid157_30.avi,Lofted Legside,6,vid157
Lofted Legside/vid158_28.avi,Lofted Legside,6,vid158
Lofted Legside/vid158_29.avi,Lofted Legside,6,vid158
Lofted Legside/vid158_30.avi,Lofted Legside,6,vid158
Lofted Legside/vid158_4.avi,Lofted Legside,6,vid158
Lofted Legside/vid161_16.avi,Lofted Legside,6,vid161
Lofted Legside/vid161_19.avi,Lofted Legside,6,vid161
Lofted Legside/vid161_23.avi,Lofted Legside,6,vid161
Lofted Legside/vid161_31.avi,Lofted Legside,6,vid161
Lofted Legside/vid161_33.avi,Lofted Legside,6,vid161
Lofted Legside/vid161_38.avi,Lofted Legside,6,vid161
Lofted Legside/vid161_40.avi,Lofted Legside,6,vid161
Lofted Legside/vid162_35.avi,Lofted Legside,6,vid162
Lofted Legside/vid168_17.avi,Lofted Legside,6,vid168
Lofted Legside/vid170_18.avi,Lofted Legside,6,vid170
Lofted Legside/vid172_12.avi,Lofted Legside,6,vid172
Lofted Legside/vid172_13.avi,Lofted Legside,6,vid172
Lofted Legside/vid172_28.avi,Lofted Legside,6,vid172
Lofted Legside/vid174_17.avi,Lofted Legside,6,vid174
Lofted Legside/vid174_21.avi,Lofted Legside,6,vid174
Lofted Legside/vid174_27.avi,Lofted Legside,6,vid174
Lofted Legside/vid174_29.avi,Lofted Legside,6,vid174
Lofted Legside/vid174_9.avi,Lofted Legside,6,vid174
Lofted Legside/vid175_16.avi,Lofted Legside,6,vid175
Lofted Legside/vid175_19.avi,Lofted Legside,6,vid175
Lofted Legside/vid175_24.avi,Lofted Legside,6,vid175
Lofted Legside/vid175_25.avi,Lofted Legside,6,vid175
Lofted Legside/vid177_13.avi,Lofted Legside,6,vid177
Lofted Legside/vid179_9.avi,Lofted Legside,6,vid179
Lofted Legside/vid17_13.avi,Lofted Legside,6,vid17
Lofted Legside/vid17_15.avi,Lofted Legside,6,vid17
Lofted Legside/vid17_6.avi,Lofted Legside,6,vid17
Lofted Legside/vid180_19.avi,Lofted Legside,6,vid180
Lofted Legside/vid180_6.avi,Lofted Legside,6,vid180
Lofted Legside/vid181_2.avi,Lofted Legside,6,vid181
Lofted Legside/vid182_13.avi,Lofted Legside,6,vid182
Lofted Legside/vid182_20.avi,Lofted Legside,6,vid182
Lofted Legside/vid182_21.avi,Lofted Legside,6,vid182
Lofted Legside/vid185_14.avi,Lofted Legside,6,vid185
Lofted Legside/vid185_7.avi,Lofted Legside,6,vid185
Lofted Legside/vid185_9.avi,Lofted Legside,6,vid185
Lofted Legside/vid187_14.avi,Lofted Legside,6,vid187
Lofted Legside/vid191_9.avi,Lofted Legside,6,vid191
Lofted Legside/vid192_10.avi,Lofted Legside,6,vid192
Lofted Legside/vid192_2.avi,Lofted Legside,6,vid192
Lofted Legside/vid192_6.avi,Lofted Legside,6,vid192
Lofted Legside/vid199_8.avi,Lofted Legside,6,vid199
Lofted Legside/vid202_2.avi,Lofted Legside,6,vid202
Lofted Legside/vid208_22.avi,Lofted Legside,6,vid208
Lofted Legside/vid209_36.avi,Lofted Legside,6,vid209
Lofted Legside/vid210_44.avi,Lofted Legside,6,vid210
Lofted Legside/vid211_28.avi,Lofted Legside,6,vid211
Lofted Legside/vid211_36.avi,Lofted Legside,6,vid211
Lofted Legside/vid211_7.avi,Lofted Legside,6,vid211
Lofted Legside/vid213_53.avi,Lofted Legside,6,vid213
Lofted Legside/vid215_29.avi,Lofted Legside,6,vid215
Lofted Legside/vid215_44.avi,Lofted Legside,6,vid215
Lofted Legside/vid216_36.avi,Lofted Legside,6,vid216
Lofted Legside/vid216_42.avi,Lofted Legside,6,vid216
Lofted Legside/vid217_58.avi,Lofted Legside,6,vid217
Lofted Legside/vid224_47.avi,Lofted Legside,6,vid224
Lofted Legside/vid228_28.avi,Lofted Legside,6,vid228
Lofted Legside/vid228_29.avi,Lofted Legside,6,vid228
Lofted Legside/vid233_43.avi,Lofted Legside,6,vid233
Lofted Legside/vid237_25.avi,Lofted Legside,6,vid237
Lofted Legside/vid237_26.avi,Lofted Legside,6,vid237
Lofted Legside/vid243_15.avi,Lofted Legside,6,vid243
Lofted Legside/vid243_16.avi,Lofted Legside,6,vid243
Lofted Legside/vid24_10.avi,Lofted Legside,6,vid24
Lofted Legside/vid257_12.avi,Lofted Legside,6,vid257
Lofted Legside/vid261_5.avi,Lofted Legside,6,vid261
Lofted Legside/vid261_6.avi,Lofted Legside,6,vid261
Lofted Legside/vid263_21.avi,Lofted Legside,6,vid263
Lofted Legside/vid264_16.avi,Lofted Legside,6,vid264
Lofted Legside/vid264_18.avi,Lofted Legside,6,vid264
Lofted Legside/vid266_17.avi,Lofted Legside,6,vid266
Lofted Legside/vid267_7.avi,Lofted Legside,6,vid267
Lofted Legside/vid268_20.avi,Lofted Legside,6,vid268
Lofted Legside/vid270_9.avi,Lofted Legside,6,vid270
Lofted Legside/vid271_16.avi,Lofted Legside,6,vid271
Lofted Legside/vid271_6.avi,Lofted Legside,6,vid271
Lofted Legside/vid272_12.avi,Lofted Legside,6,vid272
Lofted Legside/vid273_7.avi,Lofted Legside,6,vid273
Lofted Legside/vid277_3.avi,Lofted Legside,6,vid277
Lofted Legside/vid278_15.avi,Lofted Legside,6,vid278
Lofted Legside/vid284_0.avi,Lofted Legside,6,vid284
Lofted Legside/vid290_10.avi,Lofted Legside,6,vid290
Lofted Legside/vid292_21.avi,Lofted Legside,6,vid292
Lofted Legside/vid299_15.avi,Lofted Legside,6,vid299
Lofted Legside/vid299_16.avi,Lofted Legside,6,vid299
Lofted Legside/vid2_13.avi,Lofted Legside,6,vid2
Lofted Legside/vid2_15.avi,Lofted Legside,6,vid2
Lofted Legside/vid2_40.avi,Lofted Legside,6,vid2
Lofted Legside/vid2_42.avi,Lofted Legside,6,vid2
Lofted Legside/vid2_43.avi,Lofted Legside,6,vid2
Lofted Legside/vid2_44.avi,Lofted Legside,6,vid2
Lofted Legside/vid2_46.avi,Lofted Legside,6,vid2
Lofted Legside/vid302_2.avi,Lofted Legside,6,vid302
Lofted Legside/vid303_24.avi,Lofted Legside,6,vid303
Lofted Legside/vid304_24.avi,Lofted Legside,6,vid304
Lofted Legside/vid30_45.avi,Lofted Legside,6,vid30
Lofted Legside/vid312_39.avi,Lofted Legside,6,vid312
Lofted Legside/vid312_9.avi,Lofted Legside,6,vid312
Lofted Legside/vid314_7.avi,Lofted Legside,6,vid314
Lofted Legside/vid317_30.avi,Lofted Legside,6,vid317
Lofted Legside/vid317_32.avi,Lofted Legside,6,vid317
Lofted Legside/vid318_31.avi,Lofted Legside,6,vid318
Lofted Legside/vid319_8.avi,Lofted Legside,6,vid319
Lofted Legside/vid320_19.avi,Lofted Legside,6,vid320
Lofted Legside/vid320_21.avi,Lofted Legside,6,vid320
Lofted Legside/vid320_23.avi,Lofted Legside,6,vid320
Lofted Legside/vid320_40.avi,Lofted Legside,6,vid320
Lofted Legside/vid320_47.avi,Lofted Legside,6,vid320
Lofted Legside/vid320_53.avi,Lofted Legside,6,vid320
Lofted Legside/vid321_2.avi,Lofted Legside,6,vid321
Lofted Legside/vid321_26.avi,Lofted Legside,6,vid321
Lofted Legside/vid323_36.avi,Lofted Legside,6,vid323
Lofted Legside/vid323_4.avi,Lofted Legside,6,vid323
Lofted Legside/vid325_15.avi,Lofted Legside,6,vid325
Lofted Legside/vid326_13.avi,Lofted Legside,6,vid326
Lofted Legside/vid326_18.avi,Lofted Legside,6,vid326
Lofted Legside/vid327_18.avi,Lofted Legside,6,vid327
Lofted Legside/vid327_34.avi,Lofted Legside,6,vid327
Lofted Legside/vid327_4.avi,Lofted Legside,6,vid327
Lofted Legside/vid327_9.avi,Lofted Legside,6,vid327
Lofted Legside/vid330_13.avi,Lofted Legside,6,vid330
Lofted Legside/vid330_30.avi,Lofted Legside,6,vid330
Lofted Legside/vid333_10.avi,Lofted Legside,6,vid333
Lofted Legside/vid333_19.avi,Lofted Legside,6,vid333
Lofted Legside/vid333_21.avi,Lofted Legside,6,vid333
Lofted Legside/vid334_1.avi,Lofted Legside,6,vid334
Lofted Legside/vid334_3.avi,Lofted Legside,6,vid334
Lofted Legside/vid335_15.avi,Lofted Legside,6,vid335
Lofted Legside/vid335_29.avi,Lofted Legside,6,vid335
Lofted Legside/vid335_8.avi,Lofted Legside,6,vid335
Lofted Legside/vid33_13.avi,Lofted Legside,6,vid33
Lofted Legside/vid33_25.avi,Lofted Legside,6,vid33
Lofted Legside/vid33_30.avi,Lofted Legside,6,vid33
Lofted Legside/vid340_11.avi,Lofted Legside,6,vid340
Lofted Legside/vid341_17.avi,Lofted Legside,6,vid341
Lofted Legside/vid341_21.avi,Lofted Legside,6,vid341
Lofted Legside/vid341_26.avi,Lofted Legside,6,vid341
Lofted Legside/vid341_40.avi,Lofted Legside,6,vid341
Lofted Legside/vid341_46.avi,Lofted Legside,6,vid341
Lofted Legside/vid341_50.avi,Lofted Legside,6,vid341
Lofted Legside/vid343_28.avi,Lofted Legside,6,vid343
Lofted Legside/vid343_40.avi,Lofted Legside,6,vid343
Lofted Legside/vid34_11.avi,Lofted Legside,6,vid34
Lofted Legside/vid34_15.avi,Lofted Legside,6,vid34
Lofted Legside/vid34_23.avi,Lofted Legside,6,vid34
Lofted Legside/vid34_31.avi,Lofted Legside,6,vid34
Lofted Legside/vid34_34.avi,Lofted Legside,6,vid34
Lofted Legside/vid34_37.avi,Lofted Legside,6,vid34
Lofted Legside/vid34_38.avi,Lofted Legside,6,vid34
Lofted Legside/vid34_39.avi,Lofted Legside,6,vid34
Lofted Legside/vid34_43.avi,Lofted Legside,6,vid34
Lofted Legside/vid34_46.avi,Lofted Legside,6,vid34
Lofted Legside/vid34_48.avi,Lofted Legside,6,vid34
Lofted Legside/vid34_49.avi,Lofted Legside,6,vid34
Lofted Legside/vid350_22.avi,Lofted Legside,6,vid350
Lofted Legside/vid351_8.avi,Lofted Legside,6,vid351
Lofted Legside/vid353_21.avi,Lofted Legside,6,vid353
Lofted Legside/vid353_25.avi,Lofted Legside,6,vid353
Lofted Legside/vid355_12.avi,Lofted Legside,6,vid355
Lofted Legside/vid355_17.avi,Lofted Legside,6,vid355
Lofted Legside/vid355_25.avi,Lofted Legside,6,vid355
Lofted Legside/vid355_26.avi,Lofted Legside,6,vid355
Lofted Legside/vid355_31.avi,Lofted Legside,6,vid355
Lofted Legside/vid355_38.avi,Lofted Legside,6,vid355
Lofted Legside/vid355_43.avi,Lofted Legside,6,vid355
Lofted Legside/vid356_15.avi,Lofted Legside,6,vid356
Lofted Legside/vid356_23.avi,Lofted Legside,6,vid356
Lofted Legside/vid356_27.avi,Lofted Legside,6,vid356
Lofted Legside/vid356_47.avi,Lofted Legside,6,vid356
Lofted Legside/vid356_5.avi,Lofted Legside,6,vid356
Lofted Legside/vid356_54.avi,Lofted Legside,6,vid356
Lofted Legside/vid358_2.avi,Lofted Legside,6,vid358
Lofted Legside/vid358_49.avi,Lofted Legside,6,vid358
Lofted Legside/vid358_5.avi,Lofted Legside,6,vid358
Lofted Legside/vid358_58.avi,Lofted Legside,6,vid358
Lofted Legside/vid358_59.avi,Lofted Legside,6,vid358
Lofted Legside/vid358_62.avi,Lofted Legside,6,vid358
Lofted Legside/vid359_30.avi,Lofted Legside,6,vid359
Lofted Legside/vid360_21.avi,Lofted Legside,6,vid360
Lofted Legside/vid360_42.avi,Lofted Legside,6,vid360
Lofted Legside/vid362_11.avi,Lofted Legside,6,vid362
Lofted Legside/vid362_18.avi,Lofted Legside,6,vid362
Lofted Legside/vid362_37.avi,Lofted Legside,6,vid362
Lofted Legside/vid366_15.avi,Lofted Legside,6,vid366
Lofted Legside/vid366_16.avi,Lofted Legside,6,vid366
Lofted Legside/vid366_28.avi,Lofted Legside,6,vid366
Lofted Legside/vid366_50.avi,Lofted Legside,6,vid366
Lofted Legside/vid366_51.avi,Lofted Legside,6,vid366
Lofted Legside/vid366_56.avi,Lofted Legside,6,vid366
Lofted Legside/vid366_57.avi,Lofted Legside,6,vid366
Lofted Legside/vid366_58.avi,Lofted Legside,6,vid366
Lofted Legside/vid366_62.avi,Lofted Legside,6,vid366
Lofted Legside/vid366_9.avi,Lofted Legside,6,vid366
Lofted Legside/vid368_25.avi,Lofted Legside,6,vid368
Lofted Legside/vid368_54.avi,Lofted Legside,6,vid368
Lofted Legside/vid368_58.avi,Lofted Legside,6,vid368
Lofted Legside/vid369_13.avi,Lofted Legside,6,vid369
Lofted Legside/vid369_16.avi,Lofted Legside,6,vid369
Lofted Legside/vid369_18.avi,Lofted Legside,6,vid369
Lofted Legside/vid369_30.avi,Lofted Legside,6,vid369
Lofted Legside/vid369_38.avi,Lofted Legside,6,vid369
Lofted Legside/vid369_48.avi,Lofted Legside,6,vid369
Lofted Legside/vid369_53.avi,Lofted Legside,6,vid369
Lofted Legside/vid369_6.avi,Lofted Legside,6,vid369
Lofted Legside/vid370_35.avi,Lofted Legside,6,vid370
Lofted Legside/vid370_4.avi,Lofted Legside,6,vid370
Lofted Legside/vid371_11.avi,Lofted Legside,6,vid371
Lofted Legside/vid371_12.avi,Lofted Legside,6,vid371
Lofted Legside/vid371_15.avi,Lofted Legside,6,vid371
Lofted Legside/vid371_20.avi,Lofted Legside,6,vid371
Lofted Legside/vid373_11.avi,Lofted Legside,6,vid373
Lofted Legside/vid373_13.avi,Lofted Legside,6,vid373
Lofted Legside/vid373_15.avi,Lofted Legside,6,vid373
Lofted Legside/vid373_16.avi,Lofted Legside,6,vid373
Lofted Legside/vid374_45.avi,Lofted Legside,6,vid374
Lofted Legside/vid374_48.avi,Lofted Legside,6,vid374
Lofted Legside/vid375_26.avi,Lofted Legside,6,vid375
Lofted Legside/vid375_34.avi,Lofted Legside,6,vid375
Lofted Legside/vid375_41.avi,Lofted Legside,6,vid375
Lofted Legside/vid375_51.avi,Lofted Legside,6,vid375
Lofted Legside/vid375_54.avi,Lofted Legside,6,vid375
Lofted Legside/vid375_58.avi,Lofted Legside,6,vid375
Lofted Legside/vid376_12.avi,Lofted Legside,6,vid376
Lofted Legside/vid376_17.avi,Lofted Legside,6,vid376
Lofted Legside/vid376_18.avi,Lofted Legside,6,vid376
Lofted Legside/vid378_11.avi,Lofted Legside,6,vid378
Lofted Legside/vid378_30.avi,Lofted Legside,6,vid378
Lofted Legside/vid378_6.avi,Lofted Legside,6,vid378
Lofted Legside/vid380_2.avi,Lofted Legside,6,vid380
Lofted Legside/vid380_20.avi,Lofted Legside,6,vid380
Lofted Legside/vid380_28.avi,Lofted Legside,6,vid380
Lofted Legside/vid380_44.avi,Lofted Legside,6,vid380
Lofted Legside/vid380_45.avi,Lofted Legside,6,vid380
Lofted Legside/vid380_54.avi,Lofted Legside,6,vid380
Lofted Legside/vid380_57.avi,Lofted Legside,6,vid380
Lofted Legside/vid381_20.avi,Lofted Legside,6,vid381
Lofted Legside/vid381_22.avi,Lofted Legside,6,vid381
Lofted Legside/vid381_26.avi,Lofted Legside,6,vid381
Lofted Legside/vid381_9.avi,Lofted Legside,6,vid381
Lofted Legside/vid382_25.avi,Lofted Legside,6,vid382
Lofted Legside/vid382_32.avi,Lofted Legside,6,vid382
Lofted Legside/vid382_35.avi,Lofted Legside,6,vid382
Lofted Legside/vid382_39.avi,Lofted Legside,6,vid382
Lofted Legside/vid382_40.avi,Lofted Legside,6,vid382
Lofted Legside/vid383_0.avi,Lofted Legside,6,vid383
Lofted Legside/vid383_15.avi,Lofted Legside,6,vid383
Lofted Legside/vid383_30.avi,Lofted Legside,6,vid383
Lofted Legside/vid383_37.avi,Lofted Legside,6,vid383
Lofted Legside/vid384_33.avi,Lofted Legside,6,vid384
Lofted Legside/vid384_38.avi,Lofted Legside,6,vid384
Lofted Legside/vid384_51.avi,Lofted Legside,6,vid384
Lofted Legside/vid384_76.avi,Lofted Legside,6,vid384
Lofted Legside/vid384_78.avi,Lofted Legside,6,vid384
Lofted Legside/vid385_23.avi,Lofted Legside,6,vid385
Lofted Legside/vid386_17.avi,Lofted Legside,6,vid386
Lofted Legside/vid386_19.avi,Lofted Legside,6,vid386
Lofted Legside/vid386_20.avi,Lofted Legside,6,vid386
Lofted Legside/vid386_38.avi,Lofted Legside,6,vid386
Lofted Legside/vid388_2.avi,Lofted Legside,6,vid388
Lofted Legside/vid388_21.avi,Lofted Legside,6,vid388
Lofted Legside/vid388_52.avi,Lofted Legside,6,vid388
Lofted Legside/vid388_55.avi,Lofted Legside,6,vid388
Lofted Legside/vid389_11.avi,Lofted Legside,6,vid389
Lofted Legside/vid389_24.avi,Lofted Legside,6,vid389
Lofted Legside/vid389_42.avi,Lofted Legside,6,vid389
Lofted Legside/vid389_67.avi,Lofted Legside,6,vid389
Lofted Legside/vid390_15.avi,Lofted Legside,6,vid390
Lofted Legside/vid390_29.avi,Lofted Legside,6,vid390
Lofted Legside/vid390_32.avi,Lofted Legside,6,vid390
Lofted Legside/vid390_41.avi,Lofted Legside,6,vid390
Lofted Legside/vid390_47.avi,Lofted Legside,6,vid390
Lofted Legside/vid390_52.avi,Lofted Legside,6,vid390
Lofted Legside/vid390_6.avi,Lofted Legside,6,vid390
Lofted Legside/vid392_15.avi,Lofted Legside,6,vid392
Lofted Legside/vid392_19.avi,Lofted Legside,6,vid392
Lofted Legside/vid392_35.avi,Lofted Legside,6,vid392
Lofted Legside/vid392_38.avi,Lofted Legside,6,vid392
Lofted Legside/vid392_56.avi,Lofted Legside,6,vid392
Lofted Legside/vid392_59.avi,Lofted Legside,6,vid392
Lofted Legside/vid393_20.avi,Lofted Legside,6,vid393
Lofted Legside/vid393_29.avi,Lofted Legside,6,vid393
Lofted Legside/vid393_39.avi,Lofted Legside,6,vid393
Lofted Legside/vid393_5.avi,Lofted Legside,6,vid393
Lofted Legside/vid393_52.avi,Lofted Legside,6,vid393
Lofted Legside/vid395_5.avi,Lofted Legside,6,vid395
Lofted Legside/vid397_28.avi,Lofted Legside,6,vid397
Lofted Legside/vid3_18.avi,Lofted Legside,6,vid3
Lofted Legside/vid3_19.avi,Lofted Legside,6,vid3
Lofted Legside/vid400_16.avi,Lofted Legside,6,vid400
Lofted Legside/vid400_22.avi,Lofted Legside,6,vid400
Lofted Legside/vid401_15.avi,Lofted Legside,6,vid401
Lofted Legside/vid405_22.avi,Lofted Legside,6,vid405
Lofted Legside/vid405_7.avi,Lofted Legside,6,vid405
Lofted Legside/vid410_10.avi,Lofted Legside,6,vid410
Lofted Legside/vid410_7.avi,Lofted Legside,6,vid410
Lofted Legside/vid412_7.avi,Lofted Legside,6,vid412
Lofted Legside/vid415_11.avi,Lofted Legside,6,vid415
Lofted Legside/vid415_12.avi,Lofted Legside,6,vid415
Lofted Legside/vid415_14.avi,Lofted Legside,6,vid415
Lofted Legside/vid415_20.avi,Lofted Legside,6,vid415
Lofted Legside/vid415_5.avi,Lofted Legside,6,vid415
Lofted Legside/vid417_10.avi,Lofted Legside,6,vid417
Lofted Legside/vid417_24.avi,Lofted Legside,6,vid417
Lofted Legside/vid418_17.avi,Lofted Legside,6,vid418
Lofted Legside/vid418_3.avi,Lofted Legside,6,vid418
Lofted Legside/vid418_35.avi,Lofted Legside,6,vid418
Lofted Legside/vid418_6.avi,Lofted Legside,6,vid418
Lofted Legside/vid419_10.avi,Lofted Legside,6,vid419
Lofted Legside/vid419_17.avi,Lofted Legside,6,vid419
Lofted Legside/vid419_23.avi,Lofted Legside,6,vid419
Lofted Legside/vid419_9.avi,Lofted Legside,6,vid419
Lofted Legside/vid422_11.avi,Lofted Legside,6,vid422
Lofted Legside/vid422_16.avi,Lofted Legside,6,vid422
Lofted Legside/vid422_29.avi,Lofted Legside,6,vid422
Lofted Legside/vid422_40.avi,Lofted Legside,6,vid422
Lofted Legside/vid427_30.avi,Lofted Legside,6,vid427
Lofted Legside/vid427_9.avi,Lofted Legside,6,vid427
Lofted Legside/vid42_26.avi,Lofted Legside,6,vid42
Lofted Legside/vid42_27.avi,Lofted Legside,6,vid42
Lofted Legside/vid42_31.avi,Lofted Legside,6,vid42
Lofted Legside/vid431_1.avi,Lofted Legside,6,vid431
Lofted Legside/vid431_25.avi,Lofted Legside,6,vid431
Lofted Legside/vid432_31.avi,Lofted Legside,6,vid432
Lofted Legside/vid434_18.avi,Lofted Legside,6,vid434
Lofted Legside/vid434_21.avi,Lofted Legside,6,vid434
Lofted Legside/vid434_34.avi,Lofted Legside,6,vid434
Lofted Legside/vid434_39.avi,Lofted Legside,6,vid434
Lofted Legside/vid434_56.avi,Lofted Legside,6,vid434
Lofted Legside/vid434_60.avi,Lofted Legside,6,vid434
Lofted Legside/vid435_22.avi,Lofted Legside,6,vid435
Lofted Legside/vid435_27.avi,Lofted Legside,6,vid435
Lofted Legside/vid435_34.avi,Lofted Legside,6,vid435
Lofted Legside/vid435_36.avi,Lofted Legside,6,vid435
Lofted Legside/vid436_22.avi,Lofted Legside,6,vid436
Lofted Legside/vid436_46.avi,Lofted Legside,6,vid436
Lofted Legside/vid437_44.avi,Lofted Legside,6,vid437
Lofted Legside/vid437_62.avi,Lofted Legside,6,vid437
Lofted Legside/vid437_67.avi,Lofted Legside,6,vid437
Lofted Legside/vid437_72.avi,Lofted Legside,6,vid437
Lofted Legside/vid437_8.avi,Lofted Legside,6,vid437
Lofted Legside/vid438_18.avi,Lofted Legside,6,vid438
Lofted Legside/vid438_32.avi,Lofted Legside,6,vid438
Lofted Legside/vid439_24.avi,Lofted Legside,6,vid439
Lofted Legside/vid439_36.avi,Lofted Legside,6,vid439
Lofted Legside/vid439_39.avi,Lofted Legside,6,vid439
Lofted Legside/vid439_4.avi,Lofted Legside,6,vid439
Lofted Legside/vid439_46.avi,Lofted Legside,6,vid439
Lofted Legside/vid439_59.avi,Lofted Legside,6,vid439
Lofted Legside/vid43_31.avi,Lofted Legside,6,vid43
Lofted Legside/vid43_51.avi,Lofted Legside,6,vid43
Lofted Legside/vid43_56.avi,Lofted Legside,6,vid43
Lofted Legside/vid43_57.avi,Lofted Legside,6,vid43
Lofted Legside/vid43_66.avi,Lofted Legside,6,vid43
Lofted Legside/vid43_67.avi,Lofted Legside,6,vid43
Lofted Legside/vid43_70.avi,Lofted Legside,6,vid43
Lofted Legside/vid43_71.avi,Lofted Legside,6,vid43
Lofted Legside/vid440_21.avi,Lofted Legside,6,vid440
Lofted Legside/vid440_29.avi,Lofted Legside,6,vid440
Lofted Legside/vid440_30.avi,Lofted Legside,6,vid440
Lofted Legside/vid440_36.avi,Lofted Legside,6,vid440
Lofted Legside/vid440_37.avi,Lofted Legside,6,vid440
Lofted Legside/vid440_61.avi,Lofted Legside,6,vid440
Lofted Legside/vid441_2.avi,Lofted Legside,6,vid441
Lofted Legside/vid441_20.avi,Lofted Legside,6,vid441
Lofted Legside/vid441_37.avi,Lofted Legside,6,vid441
Lofted Legside/vid441_52.avi,Lofted Legside,6,vid441
Lofted Legside/vid443_63.avi,Lofted Legside,6,vid443
Lofted Legside/vid444_53.avi,Lofted Legside,6,vid444
Lofted Legside/vid444_65.avi,Lofted Legside,6,vid444
Lofted Legside/vid448_16.avi,Lofted Legside,6,vid448
Lofted Legside/vid448_35.avi,Lofted Legside,6,vid448
Lofted Legside/vid448_48.avi,Lofted Legside,6,vid448
Lofted Legside/vid449_15.avi,Lofted Legside,6,vid449
Lofted Legside/vid449_34.avi,Lofted Legside,6,vid449
Lofted Legside/vid449_52.avi,Lofted Legside,6,vid449
Lofted Legside/vid453_16.avi,Lofted Legside,6,vid453
Lofted Legside/vid453_20.avi,Lofted Legside,6,vid453
Lofted Legside/vid453_51.avi,Lofted Legside,6,vid453
Lofted Legside/vid453_6.avi,Lofted Legside,6,vid453
Lofted Legside/vid454_18.avi,Lofted Legside,6,vid454
Lofted Legside/vid454_36.avi,Lofted Legside,6,vid454
Lofted Legside/vid454_43.avi,Lofted Legside,6,vid454
Lofted Legside/vid455_11.avi,Lofted Legside,6,vid455
Lofted Legside/vid455_48.avi,Lofted Legside,6,vid455
Lofted Legside/vid457_16.avi,Lofted Legside,6,vid457
Lofted Legside/vid457_9.avi,Lofted Legside,6,vid457
Lofted Legside/vid45_45.avi,Lofted Legside,6,vid45
Lofted Legside/vid45_50.avi,Lofted Legside,6,vid45
Lofted Legside/vid460_15.avi,Lofted Legside,6,vid460
Lofted Legside/vid460_16.avi,Lofted Legside,6,vid460
Lofted Legside/vid460_17.avi,Lofted Legside,6,vid460
Lofted Legside/vid460_30.avi,Lofted Legside,6,vid460
Lofted Legside/vid460_45.avi,Lofted Legside,6,vid460
Lofted Legside/vid461_22.avi,Lofted Legside,6,vid461
Lofted Legside/vid461_23.avi,Lofted Legside,6,vid461
Lofted Legside/vid461_37.avi,Lofted Legside,6,vid461
Lofted Legside/vid461_38.avi,Lofted Legside,6,vid461
Lofted Legside/vid461_49.avi,Lofted Legside,6,vid461
Lofted Legside/vid466_11.avi,Lofted Legside,6,vid466
Lofted Legside/vid466_15.avi,Lofted Legside,6,vid466
Lofted Legside/vid466_30.avi,Lofted Legside,6,vid466
Lofted Legside/vid466_32.avi,Lofted Legside,6,vid466
Lofted Legside/vid466_33.avi,Lofted Legside,6,vid466
Lofted Legside/vid468_11.avi,Lofted Legside,6,vid468
Lofted Legside/vid468_19.avi,Lofted Legside,6,vid468
Lofted Legside/vid468_6.avi,Lofted Legside,6,vid468
Lofted Legside/vid46_80.avi,Lofted Legside,6,vid46
Lofted Legside/vid470_18.avi,Lofted Legside,6,vid470
Lofted Legside/vid470_28.avi,Lofted Legside,6,vid470
Lofted Legside/vid470_32.avi,Lofted Legside,6,vid470
Lofted Legside/vid471_2.avi,Lofted Legside,6,vid471
Lofted Legside/vid471_23.avi,Lofted Legside,6,vid471
Lofted Legside/vid471_26.avi,Lofted Legside,6,vid471
Lofted Legside/vid472_39.avi,Lofted Legside,6,vid472
Lofted Legside/vid473_11.avi,Lofted Legside,6,vid473
Lofted Legside/vid473_15.avi,Lofted Legside,6,vid473
Lofted Legside/vid473_17.avi,Lofted Legside,6,vid473
Lofted Legside/vid473_37.avi,Lofted Legside,6,vid473
Lofted Legside/vid473_44.avi,Lofted Legside,6,vid473
Lofted Legside/vid473_50.avi,Lofted Legside,6,vid473
Lofted Legside/vid473_7.avi,Lofted Legside,6,vid473
Lofted Legside/vid474_14.avi,Lofted Legside,6,vid474
Lofted Legside/vid474_24.avi,Lofted Legside,6,vid474
Lofted Legside/vid474_26.avi,Lofted Legside,6,vid474
Lofted Legside/vid474_4.avi,Lofted Legside,6,vid474
Lofted Legside/vid475_38.avi,Lofted Legside,6,vid475
Lofted Legside/vid475_7.avi,Lofted Legside,6,vid475
Lofted Legside/vid480_51.avi,Lofted Legside,6,vid480
Lofted Legside/vid480_52.avi,Lofted Legside,6,vid480
Lofted Legside/vid481_13.avi,Lofted Legside,6,vid481
Lofted Legside/vid481_19.avi,Lofted Legside,6,vid481
Lofted Legside/vid481_20.avi,Lofted Legside,6,vid481
Lofted Legside/vid481_24.avi,Lofted Legside,6,vid481
Lofted Legside/vid481_43.avi,Lofted Legside,6,vid481
Lofted Legside/vid481_49.avi,Lofted Legside,6,vid481
Lofted Legside/vid481_51.avi,Lofted Legside,6,vid481
Lofted Legside/vid481_52.avi,Lofted Legside,6,vid481
Lofted Legside/vid483_17.avi,Lofted Legside,6,vid483
Lofted Legside/vid483_42.avi,Lofted Legside,6,vid483
Lofted Legside/vid483_43.avi,Lofted Legside,6,vid483
Lofted Legside/vid486_1.avi,Lofted Legside,6,vid486
Lofted Legside/vid486_23.avi,Lofted Legside,6,vid486
Lofted Legside/vid486_32.avi,Lofted Legside,6,vid486
Lofted Legside/vid486_5.avi,Lofted Legside,6,vid486
Lofted Legside/vid486_52.avi,Lofted Legside,6,vid486
Lofted Legside/vid486_65.avi,Lofted Legside,6,vid486
Lofted Legside/vid486_66.avi,Lofted Legside,6,vid486
Lofted Legside/vid486_7.avi,Lofted Legside,6,vid486
Lofted Legside/vid486_9.avi,Lofted Legside,6,vid486
Lofted Legside/vid487_15.avi,Lofted Legside,6,vid487
Lofted Legside/vid487_21.avi,Lofted Legside,6,vid487
Lofted Legside/vid487_4.avi,Lofted Legside,6,vid487
Lofted Legside/vid487_9.avi,Lofted Legside,6,vid487
Lofted Legside/vid488_10.avi,Lofted Legside,6,vid488
Lofted Legside/vid488_11.avi,Lofted Legside,6,vid488
Lofted Legside/vid488_14.avi,Lofted Legside,6,vid488
Lofted Legside/vid488_16.avi,Lofted Legside,6,vid488
Lofted Legside/vid488_18.avi,Lofted Legside,6,vid488
Lofted Legside/vid488_26.avi,Lofted Legside,6,vid488
Lofted Legside/vid488_48.avi,Lofted Legside,6,vid488
Lofted Legside/vid488_51.avi,Lofted Legside,6,vid488
Lofted Legside/vid488_8.avi,Lofted Legside,6,vid488
Lofted Legside/vid48_22.avi,Lofted Legside,6,vid48
Lofted Legside/vid48_30.avi,Lofted Legside,6,vid48
Lofted Legside/vid48_36.avi,Lofted Legside,6,vid48
Lofted Legside/vid48_6.avi,Lofted Legside,6,vid48
Lofted Legside/vid490_10.avi,Lofted Legside,6,vid490
Lofted Legside/vid490_32.avi,Lofted Legside,6,vid490
Lofted Legside/vid490_33.avi,Lofted Legside,6,vid490
Lofted Legside/vid490_34.avi,Lofted Legside,6,vid490
Lofted Legside/vid490_38.avi,Lofted Legside,6,vid490
Lofted Legside/vid490_8.avi,Lofted Legside,6,vid490
Lofted Legside/vid490_9.avi,Lofted Legside,6,vid490
Lofted Legside/vid491_17.avi,Lofted Legside,6,vid491
Lofted Legside/vid491_18.avi,Lofted Legside,6,vid491
Lofted Legside/vid491_19.avi,Lofted Legside,6,vid491
Lofted Legside/vid493_14.avi,Lofted Legside,6,vid493
Lofted Legside/vid493_15.avi,Lofted Legside,6,vid493
Lofted Legside/vid493_17.avi,Lofted Legside,6,vid493
Lofted Legside/vid495_3.avi,Lofted Legside,6,vid495
Lofted Legside/vid495_40.avi,Lofted Legside,6,vid495
Lofted Legside/vid495_8.avi,Lofted Legside,6,vid495
Lofted Legside/vid498_12.avi,Lofted Legside,6,vid498
Lofted Legside/vid498_20.avi,Lofted Legside,6,vid498
Lofted Legside/vid499_16.avi,Lofted Legside,6,vid499
Lofted Legside/vid49_16.avi,Lofted Legside,6,vid49
Lofted Legside/vid49_29.avi,Lofted Legside,6,vid49
Lofted Legside/vid49_31.avi,Lofted Legside,6,vid49
Lofted Legside/vid4_37.avi,Lofted Legside,6,vid4
Lofted Legside/vid4_38.avi,Lofted Legside,6,vid4
Lofted Legside/vid4_40.avi,Lofted Legside,6,vid4
Lofted Legside/vid4_8.avi,Lofted Legside,6,vid4
Lofted Legside/vid503_10.avi,Lofted Legside,6,vid503
Lofted Legside/vid503_36.avi,Lofted Legside,6,vid503
Lofted Legside/vid504_35.avi,Lofted Legside,6,vid504
Lofted Legside/vid504_36.avi,Lofted Legside,6,vid504
Lofted Legside/vid504_38.avi,Lofted Legside,6,vid504
Lofted Legside/vid504_56.avi,Lofted Legside,6,vid504
Lofted Legside/vid505_16.avi,Lofted Legside,6,vid505
Lofted Legside/vid505_37.avi,Lofted Legside,6,vid505
Lofted Legside/vid505_4.avi,Lofted Legside,6,vid505
Lofted Legside/vid505_7.avi,Lofted Legside,6,vid505
Lofted Legside/vid506_22.avi,Lofted Legside,6,vid506
Lofted Legside/vid506_23.avi,Lofted Legside,6,vid506
Lofted Legside/vid506_28.avi,Lofted Legside,6,vid506
Lofted Legside/vid506_50.avi,Lofted Legside,6,vid506
Lofted Legside/vid506_6.avi,Lofted Legside,6,vid506
Lofted Legside/vid507_23.avi,Lofted Legside,6,vid507
Lofted Legside/vid507_3.avi,Lofted Legside,6,vid507
Lofted Legside/vid509_3.avi,Lofted Legside,6,vid509
Lofted Legside/vid510_17.avi,Lofted Legside,6,vid510
Lofted Legside/vid510_21.avi,Lofted Legside,6,vid510
Lofted Legside/vid510_24.avi,Lofted Legside,6,vid510
Lofted Legside/vid511_17.avi,Lofted Legside,6,vid511
Lofted Legside/vid511_20.avi,Lofted Legside,6,vid511
Lofted Legside/vid511_22.avi,Lofted Legside,6,vid511
Lofted Legside/vid511_32.avi,Lofted Legside,6,vid511
Lofted Legside/vid512_34.avi,Lofted Legside,6,vid512
Lofted Legside/vid514_56.avi,Lofted Legside,6,vid514
Lofted Legside/vid514_62.avi,Lofted Legside,6,vid514
Lofted Legside/vid515_43.avi,Lofted Legside,6,vid515
Lofted Legside/vid515_75.avi,Lofted Legside,6,vid515
Lofted Legside/vid515_76.avi,Lofted Legside,6,vid515
Lofted Legside/vid515_83.avi,Lofted Legside,6,vid515
Lofted Legside/vid515_85.avi,Lofted Legside,6,vid515
Lofted Legside/vid516_13.avi,Lofted Legside,6,vid516
Lofted Legside/vid516_30.avi,Lofted Legside,6,vid516
Lofted Legside/vid516_61.avi,Lofted Legside,6,vid516
Lofted Legside/vid518_2.avi,Lofted Legside,6,vid518
Lofted Legside/vid518_24.avi,Lofted Legside,6,vid518
Lofted Legside/vid518_26.avi,Lofted Legside,6,vid518
Lofted Legside/vid518_3.avi,Lofted Legside,6,vid518
Lofted Legside/vid518_33.avi,Lofted Legside,6,vid518
Lofted Legside/vid518_39.avi,Lofted Legside,6,vid518
Lofted Legside/vid518_40.avi,Lofted Legside,6,vid518
Lofted Legside/vid518_52.avi,Lofted Legside,6,vid518
Lofted Legside/vid518_8.avi,Lofted Legside,6,vid518
Lofted Legside/vid519_0.avi,Lofted Legside,6,vid519
Lofted Legside/vid519_1.avi,Lofted Legside,6,vid519
Lofted Legside/vid519_58.avi,Lofted Legside,6,vid519
Lofted Legside/vid519_66.avi,Lofted Legside,6,vid519
Lofted Legside/vid520_42.avi,Lofted Legside,6,vid520
Lofted Legside/vid523_30.avi,Lofted Legside,6,vid523
Lofted Legside/vid525_17.avi,Lofted Legside,6,vid525
Lofted Legside/vid528_44.avi,Lofted Legside,6,vid528
Lofted Legside/vid528_58.avi,Lofted Legside,6,vid528
Lofted Legside/vid529_14.avi,Lofted Legside,6,vid529
Lofted Legside/vid529_34.avi,Lofted Legside,6,vid529
Lofted Legside/vid529_44.avi,Lofted Legside,6,vid529
Lofted Legside/vid529_69.avi,Lofted Legside,6,vid529
Lofted Legside/vid529_75.avi,Lofted Legside,6,vid529
Lofted Legside/vid529_8.avi,Lofted Legside,6,vid529
Lofted Legside/vid531_71.avi,Lofted Legside,6,vid531
Lofted Legside/vid531_72.avi,Lofted Legside,6,vid531
Lofted Legside/vid531_74.avi,Lofted Legside,6,vid531
Lofted Legside/vid532_22.avi,Lofted Legside,6,vid532
Lofted Legside/vid532_55.avi,Lofted Legside,6,vid532
Lofted Legside/vid532_72.avi,Lofted Legside,6,vid532
Lofted Legside/vid532_74.avi,Lofted Legside,6,vid532
Lofted Legside/vid534_23.avi,Lofted Legside,6,vid534
Lofted Legside/vid535_46.avi,Lofted Legside,6,vid535
Lofted Legside/vid536_14.avi,Lofted Legside,6,vid536
Lofted Legside/vid536_25.avi,Lofted Legside,6,vid536
Lofted Legside/vid536_28.avi,Lofted Legside,6,vid536
Lofted Legside/vid536_46.avi,Lofted Legside,6,vid536
Lofted Legside/vid536_63.avi,Lofted Legside,6,vid536
Lofted Legside/vid55_39.avi,Lofted Legside,6,vid55
Lofted Legside/vid55_58.avi,Lofted Legside,6,vid55
Lofted Legside/vid55_69.avi,Lofted Legside,6,vid55
Lofted Legside/vid56_30.avi,Lofted Legside,6,vid56
Lofted Legside/vid56_86.avi,Lofted Legside,6,vid56
Lofted Legside/vid56_97.avi,Lofted Legside,6,vid56
Lofted Legside/vid57_46.avi,Lofted Legside,6,vid57
Lofted Legside/vid58_20.avi,Lofted Legside,6,vid58
Lofted Legside/vid58_25.avi,Lofted Legside,6,vid58
Lofted Legside/vid58_26.avi,Lofted Legside,6,vid58
Lofted Legside/vid59_13.avi,Lofted Legside,6,vid59
Lofted Legside/vid59_15.avi,Lofted Legside,6,vid59
Lofted Legside/vid59_24.avi,Lofted Legside,6,vid59
Lofted Legside/vid59_26.avi,Lofted Legside,6,vid59
Lofted Legside/vid59_35.avi,Lofted Legside,6,vid59
Lofted Legside/vid59_40.avi,Lofted Legside,6,vid59
Lofted Legside/vid59_42.avi,Lofted Legside,6,vid59
Lofted Legside/vid59_43.avi,Lofted Legside,6,vid59
Lofted Legside/vid59_44.avi,Lofted Legside,6,vid59
Lofted Legside/vid5_9.avi,Lofted Legside,6,vid5
Lofted Legside/vid61_17.avi,Lofted Legside,6,vid61
Lofted Legside/vid61_2.avi,Lofted Legside,6,vid61
Lofted Legside/vid61_8.avi,Lofted Legside,6,vid61
Lofted Legside/vid62_55.avi,Lofted Legside,6,vid62
Lofted Legside/vid65_26.avi,Lofted Legside,6,vid65
Lofted Legside/vid65_27.avi,Lofted Legside,6,vid65
Lofted Legside/vid65_39.avi,Lofted Legside,6,vid65
Lofted Legside/vid65_48.avi,Lofted Legside,6,vid65
Lofted Legside/vid68_10.avi,Lofted Legside,6,vid68
Lofted Legside/vid68_2.avi,Lofted Legside,6,vid68
Lofted Legside/vid6_34.avi,Lofted Legside,6,vid6
Lofted Legside/vid71_16.avi,Lofted Legside,6,vid71
Lofted Legside/vid71_21.avi,Lofted Legside,6,vid71
Lofted Legside/vid71_4.avi,Lofted Legside,6,vid71
Lofted Legside/vid73_16.avi,Lofted Legside,6,vid73
Lofted Legside/vid73_23.avi,Lofted Legside,6,vid73
Lofted Legside/vid74_17.avi,Lofted Legside,6,vid74
Lofted Legside/vid74_33.avi,Lofted Legside,6,vid74
Lofted Legside/vid74_39.avi,Lofted Legside,6,vid74
Lofted Legside/vid74_43.avi,Lofted Legside,6,vid74
Lofted Legside/vid75_22.avi,Lofted Legside,6,vid75
Lofted Legside/vid75_23.avi,Lofted Legside,6,vid75
Lofted Legside/vid75_5.avi,Lofted Legside,6,vid75
Lofted Legside/vid76_31.avi,Lofted Legside,6,vid76
Lofted Legside/vid77_37.avi,Lofted Legside,6,vid77
Lofted Legside/vid78_38.avi,Lofted Legside,6,vid78
Lofted Legside/vid79_17.avi,Lofted Legside,6,vid79
Lofted Legside/vid79_9.avi,Lofted Legside,6,vid79
Lofted Legside/vid80_20.avi,Lofted Legside,6,vid80
Lofted Legside/vid80_25.avi,Lofted Legside,6,vid80
Lofted Legside/vid80_27.avi,Lofted Legside,6,vid80
Lofted Legside/vid80_39.avi,Lofted Legside,6,vid80
Lofted Legside/vid81_17.avi,Lofted Legside,6,vid81
Lofted Legside/vid81_25.avi,Lofted Legside,6,vid81
Lofted Legside/vid81_33.avi,Lofted Legside,6,vid81
Lofted Legside/vid81_6.avi,Lofted Legside,6,vid81
Lofted Legside/vid84_11.avi,Lofted Legside,6,vid84
Lofted Legside/vid84_13.avi,Lofted Legside,6,vid84
Lofted Legside/vid86_3.avi,Lofted Legside,6,vid86
Lofted Legside/vid8_16.avi,Lofted Legside,6,vid8
Lofted Legside/vid8_21.avi,Lofted Legside,6,vid8
Lofted Legside/vid8_35.avi,Lofted Legside,6,vid8
Lofted Legside/vid8_45.avi,Lofted Legside,6,vid8
Lofted Legside/vid8_51.avi,Lofted Legside,6,vid8
Lofted Legside/vid93_32.avi,Lofted Legside,6,vid93
Lofted Legside/vid93_64.avi,Lofted Legside,6,vid93
Lofted Legside/vid95_25.avi,Lofted Legside,6,vid95
Lofted Legside/vid95_26.avi,Lofted Legside,6,vid95
Lofted Legside/vid95_34.avi,Lofted Legside,6,vid95
Lofted Legside/vid96_23.avi,Lofted Legside,6,vid96
Lofted Legside/vid97_14.avi,Lofted Legside,6,vid97
Lofted Legside/vid97_19.avi,Lofted Legside,6,vid97
Lofted Legside/vid97_22.avi,Lofted Legside,6,vid97
Lofted Legside/vid97_23.avi,Lofted Legside,6,vid97
Lofted Legside/vid97_24.avi,Lofted Legside,6,vid97
Lofted Legside/vid97_25.avi,Lofted Legside,6,vid97
Lofted Offside/vid100_30.avi,Lofted Offside,7,vid100
Lofted Offside/vid100_32.avi,Lofted Offside,7,vid100
Lofted Offside/vid100_62.avi,Lofted Offside,7,vid100
Lofted Offside/vid100_71.avi,Lofted Offside,7,vid100
Lofted Offside/vid103_7.avi,Lofted Offside,7,vid103
Lofted Offside/vid103_8.avi,Lofted Offside,7,vid103
Lofted Offside/vid104_2.avi,Lofted Offside,7,vid104
Lofted Offside/vid104_29.avi,Lofted Offside,7,vid104
Lofted Offside/vid104_5.avi,Lofted Offside,7,vid104
Lofted Offside/vid106_11.avi,Lofted Offside,7,vid106
Lofted Offside/vid106_15.avi,Lofted Offside,7,vid106
Lofted Offside/vid107_30.avi,Lofted Offside,7,vid107
Lofted Offside/vid107_6.avi,Lofted Offside,7,vid107
Lofted Offside/vid108_15.avi,Lofted Offside,7,vid108
Lofted Offside/vid108_35.avi,Lofted Offside,7,vid108
Lofted Offside/vid10_14.avi,Lofted Offside,7,vid10
Lofted Offside/vid10_43.avi,Lofted Offside,7,vid10
Lofted Offside/vid111_9.avi,Lofted Offside,7,vid111
Lofted Offside/vid113_13.avi,Lofted Offside,7,vid113
Lofted Offside/vid113_18.avi,Lofted Offside,7,vid113
Lofted Offside/vid116_12.avi,Lofted Offside,7,vid116
Lofted Offside/vid117_16.avi,Lofted Offside,7,vid117
Lofted Offside/vid118_13.avi,Lofted Offside,7,vid118
Lofted Offside/vid118_18.avi,Lofted Offside,7,vid118
Lofted Offside/vid11_20.avi,Lofted Offside,7,vid11
Lofted Offside/vid120_4.avi,Lofted Offside,7,vid120
Lofted Offside/vid121_38.avi,Lofted Offside,7,vid121
Lofted Offside/vid121_41.avi,Lofted Offside,7,vid121
Lofted Offside/vid121_7.avi,Lofted Offside,7,vid121
Lofted Offside/vid128_14.avi,Lofted Offside,7,vid128
Lofted Offside/vid128_23.avi,Lofted Offside,7,vid128
Lofted Offside/vid130_2.avi,Lofted Offside,7,vid130
Lofted Offside/vid131_4.avi,Lofted Offside,7,vid131
Lofted Offside/vid133_0.avi,Lofted Offside,7,vid133
Lofted Offside/vid135_18.avi,Lofted Offside,7,vid135
Lofted Offside/vid136_21.avi,Lofted Offside,7,vid136
Lofted Offside/vid138_10.avi,Lofted Offside,7,vid138
Lofted Offside/vid138_23.avi,Lofted Offside,7,vid138
Lofted Offside/vid138_26.avi,Lofted Offside,7,vid138
Lofted Offside/vid138_29.avi,Lofted Offside,7,vid138
Lofted Offside/vid138_3.avi,Lofted Offside,7,vid138
Lofted Offside/vid138_30.avi,Lofted Offside,7,vid138
Lofted Offside/vid13_26.avi,Lofted Offside,7,vid13
Lofted Offside/vid150_30.avi,Lofted Offside,7,vid150
Lofted Offside/vid151_24.avi,Lofted Offside,7,vid151
Lofted Offside/vid151_38.avi,Lofted Offside,7,vid151
Lofted Offside/vid153_17.avi,Lofted Offside,7,vid153
Lofted Offside/vid154_32.avi,Lofted Offside,7,vid154
Lofted Offside/vid156_17.avi,Lofted Offside,7,vid156
Lofted Offside/vid158_15.avi,Lofted Offside,7,vid158
Lofted Offside/vid161_20.avi,Lofted Offside,7,vid161
Lofted Offside/vid161_21.avi,Lofted Offside,7,vid161
Lofted Offside/vid162_26.avi,Lofted Offside,7,vid162
Lofted Offside/vid171_22.avi,Lofted Offside,7,vid171
Lofted Offside/vid171_9.avi,Lofted Offside,7,vid171
Lofted Offside/vid177_16.avi,Lofted Offside,7,vid177
Lofted Offside/vid177_23.avi,Lofted Offside,7,vid177
Lofted Offside/vid177_28.avi,Lofted Offside,7,vid177
Lofted Offside/vid178_19.avi,Lofted Offside,7,vid178
Lofted Offside/vid17_11.avi,Lofted Offside,7,vid17
Lofted Offside/vid17_21.avi,Lofted Offside,7,vid17
Lofted Offside/vid17_4.avi,Lofted Offside,7,vid17
Lofted Offside/vid17_5.avi,Lofted Offside,7,vid17
Lofted Offside/vid180_13.avi,Lofted Offside,7,vid180
Lofted Offside/vid181_5.avi,Lofted Offside,7,vid181
Lofted Offside/vid184_1.avi,Lofted Offside,7,vid184
Lofted Offside/vid186_12.avi,Lofted Offside,7,vid186
Lofted Offside/vid187_5.avi,Lofted Offside,7,vid187
Lofted Offside/vid188_16.avi,Lofted Offside,7,vid188
Lofted Offside/vid192_8.avi,Lofted Offside,7,vid192
Lofted Offside/vid195_15.avi,Lofted Offside,7,vid195
Lofted Offside/vid195_2.avi,Lofted Offside,7,vid195
Lofted Offside/vid199_0.avi,Lofted Offside,7,vid199
Lofted Offside/vid199_10.avi,Lofted Offside,7,vid199
Lofted Offside/vid199_2.avi,Lofted Offside,7,vid199
Lofted Offside/vid208_36.avi,Lofted Offside,7,vid208
Lofted Offside/vid209_11.avi,Lofted Offside,7,vid209
Lofted Offside/vid210_46.avi,Lofted Offside,7,vid210
Lofted Offside/vid211_11.avi,Lofted Offside,7,vid211
Lofted Offside/vid211_14.avi,Lofted Offside,7,vid211
Lofted Offside/vid211_29.avi,Lofted Offside,7,vid211
Lofted Offside/vid211_30.avi,Lofted Offside,7,vid211
Lofted Offside/vid213_27.avi,Lofted Offside,7,vid213
Lofted Offside/vid215_18.avi,Lofted Offside,7,vid215
Lofted Offside/vid215_5.avi,Lofted Offside,7,vid215
Lofted Offside/vid216_19.avi,Lofted Offside,7,vid216
Lofted Offside/vid216_20.avi,Lofted Offside,7,vid216
Lofted Offside/vid216_43.avi,Lofted Offside,7,vid216
Lofted Offside/vid216_44.avi,Lofted Offside,7,vid216
Lofted Offside/vid216_48.avi,Lofted Offside,7,vid216
Lofted Offside/vid217_25.avi,Lofted Offside,7,vid217
Lofted Offside/vid217_49.avi,Lofted Offside,7,vid217
Lofted Offside/vid217_51.avi,Lofted Offside,7,vid217
Lofted Offside/vid217_56.avi,Lofted Offside,7,vid217
Lofted Offside/vid217_57.avi,Lofted Offside,7,vid217
Lofted Offside/vid229_28.avi,Lofted Offside,7,vid229
Lofted Offside/vid240_14.avi,Lofted Offside,7,vid240
Lofted Offside/vid249_31.avi,Lofted Offside,7,vid249
Lofted Offside/vid24_18.avi,Lofted Offside,7,vid24
Lofted Offside/vid24_19.avi,Lofted Offside,7,vid24
Lofted Offside/vid255_10.avi,Lofted Offside,7,vid255
Lofted Offside/vid256_17.avi,Lofted Offside,7,vid256
Lofted Offside/vid256_6.avi,Lofted Offside,7,vid256
Lofted Offside/vid257_14.avi,Lofted Offside,7,vid257
Lofted Offside/vid257_16.avi,Lofted Offside,7,vid257
Lofted Offside/vid264_9.avi,Lofted Offside,7,vid264
Lofted Offside/vid268_16.avi,Lofted Offside,7,vid268
Lofted Offside/vid268_21.avi,Lofted Offside,7,vid268
Lofted Offside/vid271_1.avi,Lofted Offside,7,vid271
Lofted Offside/vid271_2.avi,Lofted Offside,7,vid271
Lofted Offside/vid272_11.avi,Lofted Offside,7,vid272
Lofted Offside/vid272_3.avi,Lofted Offside,7,vid272
Lofted Offside/vid272_7.avi,Lofted Offside,7,vid272
Lofted Offside/vid278_7.avi,Lofted Offside,7,vid278
Lofted Offside/vid27_5.avi,Lofted Offside,7,vid27
Lofted Offside/vid287_4.avi,Lofted Offside,7,vid287
Lofted Offside/vid290_19.avi,Lofted Offside,7,vid290
Lofted Offside/vid290_5.avi,Lofted Offside,7,vid290
Lofted Offside/vid292_12.avi,Lofted Offside,7,vid292
Lofted Offside/vid2_10.avi,Lofted Offside,7,vid2
Lofted Offside/vid2_11.avi,Lofted Offside,7,vid2
Lofted Offside/vid2_37.avi,Lofted Offside,7,vid2
Lofted Offside/vid2_41.avi,Lofted Offside,7,vid2
Lofted Offside/vid2_6.avi,Lofted Offside,7,vid2
Lofted Offside/vid304_20.avi,Lofted Offside,7,vid304
Lofted Offside/vid304_21.avi,Lofted Offside,7,vid304
Lofted Offside/vid306_15.avi,Lofted Offside,7,vid306
Lofted Offside/vid306_4.avi,Lofted Offside,7,vid306
Lofted Offside/vid311_3.avi,Lofted Offside,7,vid311
Lofted Offside/vid320_10.avi,Lofted Offside,7,vid320
Lofted Offside/vid320_20.avi,Lofted Offside,7,vid320
Lofted Offside/vid320_22.avi,Lofted Offside,7,vid320
Lofted Offside/vid320_28.avi,Lofted Offside,7,vid320
Lofted Offside/vid320_36.avi,Lofted Offside,7,vid320
Lofted Offside/vid320_43.avi,Lofted Offside,7,vid320
Lofted Offside/vid321_19.avi,Lofted Offside,7,vid321
Lofted Offside/vid325_8.avi,Lofted Offside,7,vid325
Lofted Offside/vid327_17.avi,Lofted Offside,7,vid327
Lofted Offside/vid327_23.avi,Lofted Offside,7,vid327
Lofted Offside/vid327_33.avi,Lofted Offside,7,vid327
Lofted Offside/vid327_36.avi,Lofted Offside,7,vid327
Lofted Offside/vid327_43.avi,Lofted Offside,7,vid327
Lofted Offside/vid329_18.avi,Lofted Offside,7,vid329
Lofted Offside/vid32_20.avi,Lofted Offside,7,vid32
Lofted Offside/vid330_11.avi,Lofted Offside,7,vid330
Lofted Offside/vid330_12.avi,Lofted Offside,7,vid330
Lofted Offside/vid330_26.avi,Lofted Offside,7,vid330
Lofted Offside/vid330_5.avi,Lofted Offside,7,vid330
Lofted Offside/vid330_7.avi,Lofted Offside,7,vid330
Lofted Offside/vid333_12.avi,Lofted Offside,7,vid333
Lofted Offside/vid333_15.avi,Lofted Offside,7,vid333
Lofted Offside/vid333_20.avi,Lofted Offside,7,vid333
Lofted Offside/vid333_37.avi,Lofted Offside,7,vid333
Lofted Offside/vid333_7.avi,Lofted Offside,7,vid333
Lofted Offside/vid335_11.avi,Lofted Offside,7,vid335
Lofted Offside/vid335_12.avi,Lofted Offside,7,vid335
Lofted Offside/vid335_14.avi,Lofted Offside,7,vid335
Lofted Offside/vid335_22.avi,Lofted Offside,7,vid335
Lofted Offside/vid335_4.avi,Lofted Offside,7,vid335
Lofted Offside/vid335_6.avi,Lofted Offside,7,vid335
Lofted Offside/vid339_2.avi,Lofted Offside,7,vid339
Lofted Offside/vid340_13.avi,Lofted Offside,7,vid340
Lofted Offside/vid341_14.avi,Lofted Offside,7,vid341
Lofted Offside/vid341_18.avi,Lofted Offside,7,vid341
Lofted Offside/vid343_37.avi,Lofted Offside,7,vid343
Lofted Offside/vid349_7.avi,Lofted Offside,7,vid349
Lofted Offside/vid34_13.avi,Lofted Offside,7,vid34
Lofted Offside/vid34_14.avi,Lofted Offside,7,vid34
Lofted Offside/vid34_22.avi,Lofted Offside,7,vid34
Lofted Offside/vid34_26.avi,Lofted Offside,7,vid34
Lofted Offside/vid34_29.avi,Lofted Offside,7,vid34
Lofted Offside/vid34_42.avi,Lofted Offside,7,vid34
Lofted Offside/vid350_21.avi,Lofted Offside,7,vid350
Lofted Offside/vid351_6.avi,Lofted Offside,7,vid351
Lofted Offside/vid353_23.avi,Lofted Offside,7,vid353
Lofted Offside/vid353_26.avi,Lofted Offside,7,vid353
Lofted Offside/vid353_27.avi,Lofted Offside,7,vid353
Lofted Offside/vid353_44.avi,Lofted Offside,7,vid353
Lofted Offside/vid355_28.avi,Lofted Offside,7,vid355
Lofted Offside/vid356_20.avi,Lofted Offside,7,vid356
Lofted Offside/vid356_24.avi,Lofted Offside,7,vid356
Lofted Offside/vid356_26.avi,Lofted Offside,7,vid356
Lofted Offside/vid356_41.avi,Lofted Offside,7,vid356
Lofted Offside/vid356_46.avi,Lofted Offside,7,vid356
Lofted Offside/vid358_13.avi,Lofted Offside,7,vid358
Lofted Offside/vid358_34.avi,Lofted Offside,7,vid358
Lofted Offside/vid358_56.avi,Lofted Offside,7,vid358
Lofted Offside/vid358_66.avi,Lofted Offside,7,vid358
Lofted Offside/vid359_14.avi,Lofted Offside,7,vid359
Lofted Offside/vid359_36.avi,Lofted Offside,7,vid359
Lofted Offside/vid359_37.avi,Lofted Offside,7,vid359
Lofted Offside/vid359_38.avi,Lofted Offside,7,vid359
Lofted Offside/vid360_1.avi,Lofted Offside,7,vid360
Lofted Offside/vid360_18.avi,Lofted Offside,7,vid360
Lofted Offside/vid360_20.avi,Lofted Offside,7,vid360
Lofted Offside/vid360_58.avi,Lofted Offside,7,vid360
Lofted Offside/vid360_69.avi,Lofted Offside,7,vid360
Lofted Offside/vid360_70.avi,Lofted Offside,7,vid360
Lofted Offside/vid362_14.avi,Lofted Offside,7,vid362
Lofted Offside/vid362_16.avi,Lofted Offside,7,vid362
Lofted Offside/vid362_3.avi,Lofted Offside,7,vid362
Lofted Offside/vid362_59.avi,Lofted Offside,7,vid362
Lofted Offside/vid362_60.avi,Lofted Offside,7,vid362
Lofted Offside/vid362_8.avi,Lofted Offside,7,vid362
Lofted Offside/vid366_31.avi,Lofted Offside,7,vid366
Lofted Offside/vid366_34.avi,Lofted Offside,7,vid366
Lofted Offside/vid366_52.avi,Lofted Offside,7,vid366
Lofted Offside/vid366_53.avi,Lofted Offside,7,vid366
Lofted Offside/vid366_54.avi,Lofted Offside,7,vid366
Lofted Offside/vid368_1.avi,Lofted Offside,7,vid368
Lofted Offside/vid368_36.avi,Lofted Offside,7,vid368
Lofted Offside/vid369_12.avi,Lofted Offside,7,vid369
Lofted Offside/vid369_35.avi,Lofted Offside,7,vid369
Lofted Offside/vid369_46.avi,Lofted Offside,7,vid369
Lofted Offside/vid369_52.avi,Lofted Offside,7,vid369
Lofted Offside/vid369_59.avi,Lofted Offside,7,vid369
Lofted Offside/vid369_65.avi,Lofted Offside,7,vid369
Lofted Offside/vid369_67.avi,Lofted Offside,7,vid369
Lofted Offside/vid369_8.avi,Lofted Offside,7,vid369
Lofted Offside/vid370_11.avi,Lofted Offside,7,vid370
Lofted Offside/vid370_15.avi,Lofted Offside,7,vid370
Lofted Offside/vid370_5.avi,Lofted Offside,7,vid370
Lofted Offside/vid370_50.avi,Lofted Offside,7,vid370
Lofted Offside/vid370_55.avi,Lofted Offside,7,vid370
Lofted Offside/vid370_56.avi,Lofted Offside,7,vid370
Lofted Offside/vid370_6.avi,Lofted Offside,7,vid370
Lofted Offside/vid371_14.avi,Lofted Offside,7,vid371
Lofted Offside/vid371_23.avi,Lofted Offside,7,vid371
Lofted Offside/vid371_6.avi,Lofted Offside,7,vid371
Lofted Offside/vid371_7.avi,Lofted Offside,7,vid371
Lofted Offside/vid373_42.avi,Lofted Offside,7,vid373
Lofted Offside/vid374_0.avi,Lofted Offside,7,vid374
Lofted Offside/vid374_28.avi,Lofted Offside,7,vid374
Lofted Offside/vid374_34.avi,Lofted Offside,7,vid374
Lofted Offside/vid374_39.avi,Lofted Offside,7,vid374
Lofted Offside/vid374_41.avi,Lofted Offside,7,vid374
Lofted Offside/vid374_50.avi,Lofted Offside,7,vid374
Lofted Offside/vid375_42.avi,Lofted Offside,7,vid375
Lofted Offside/vid375_50.avi,Lofted Offside,7,vid375
Lofted Offside/vid375_9.avi,Lofted Offside,7,vid375
Lofted Offside/vid376_15.avi,Lofted Offside,7,vid376
Lofted Offside/vid376_25.avi,Lofted Offside,7,vid376
Lofted Offside/vid376_3.avi,Lofted Offside,7,vid376
Lofted Offside/vid376_32.avi,Lofted Offside,7,vid376
Lofted Offside/vid376_34.avi,Lofted Offside,7,vid376
Lofted Offside/vid378_12.avi,Lofted Offside,7,vid378
Lofted Offside/vid378_16.avi,Lofted Offside,7,vid378
Lofted Offside/vid378_27.avi,Lofted Offside,7,vid378
Lofted Offside/vid378_29.avi,Lofted Offside,7,vid378
Lofted Offside/vid378_38.avi,Lofted Offside,7,vid378
Lofted Offside/vid378_44.avi,Lofted Offside,7,vid378
Lofted Offside/vid378_45.avi,Lofted Offside,7,vid378
Lofted Offside/vid380_22.avi,Lofted Offside,7,vid380
Lofted Offside/vid380_23.avi,Lofted Offside,7,vid380
Lofted Offside/vid380_24.avi,Lofted Offside,7,vid380
Lofted Offside/vid380_42.avi,Lofted Offside,7,vid380
Lofted Offside/vid380_46.avi,Lofted Offside,7,vid380
Lofted Offside/vid380_48.avi,Lofted Offside,7,vid380
Lofted Offside/vid383_21.avi,Lofted Offside,7,vid383
Lofted Offside/vid383_28.avi,Lofted Offside,7,vid383
Lofted Offside/vid384_11.avi,Lofted Offside,7,vid384
Lofted Offside/vid384_44.avi,Lofted Offside,7,vid384
Lofted Offside/vid384_62.avi,Lofted Offside,7,vid384
Lofted Offside/vid384_71.avi,Lofted Offside,7,vid384
Lofted Offside/vid384_77.avi,Lofted Offside,7,vid384
Lofted Offside/vid384_83.avi,Lofted Offside,7,vid384
Lofted Offside/vid384_87.avi,Lofted Offside,7,vid384
Lofted Offside/vid385_2.avi,Lofted Offside,7,vid385
Lofted Offside/vid385_22.avi,Lofted Offside,7,vid385
Lofted Offside/vid385_36.avi,Lofted Offside,7,vid385
Lofted Offside/vid385_46.avi,Lofted Offside,7,vid385
Lofted Offside/vid385_47.avi,Lofted Offside,7,vid385
Lofted Offside/vid385_48.avi,Lofted Offside,7,vid385
Lofted Offside/vid385_49.avi,Lofted Offside,7,vid385
Lofted Offside/vid386_1.avi,Lofted Offside,7,vid386
Lofted Offside/vid386_30.avi,Lofted Offside,7,vid386
Lofted Offside/vid388_15.avi,Lofted Offside,7,vid388
Lofted Offside/vid388_16.avi,Lofted Offside,7,vid388
Lofted Offside/vid388_27.avi,Lofted Offside,7,vid388
Lofted Offside/vid388_3.avi,Lofted Offside,7,vid388
Lofted Offside/vid388_53.avi,Lofted Offside,7,vid388
Lofted Offside/vid388_56.avi,Lofted Offside,7,vid388
Lofted Offside/vid388_9.avi,Lofted Offside,7,vid388
Lofted Offside/vid389_16.avi,Lofted Offside,7,vid389
Lofted Offside/vid389_44.avi,Lofted Offside,7,vid389
Lofted Offside/vid389_46.avi,Lofted Offside,7,vid389
Lofted Offside/vid389_48.avi,Lofted Offside,7,vid389
Lofted Offside/vid390_34.avi,Lofted Offside,7,vid390
Lofted Offside/vid390_35.avi,Lofted Offside,7,vid390
Lofted Offside/vid390_37.avi,Lofted Offside,7,vid390
Lofted Offside/vid390_9.avi,Lofted Offside,7,vid390
Lofted Offside/vid392_26.avi,Lofted Offside,7,vid392
Lofted Offside/vid392_57.avi,Lofted Offside,7,vid392
Lofted Offside/vid392_58.avi,Lofted Offside,7,vid392
Lofted Offside/vid393_0.avi,Lofted Offside,7,vid393
Lofted Offside/vid393_27.avi,Lofted Offside,7,vid393
Lofted Offside/vid393_31.avi,Lofted Offside,7,vid393
Lofted Offside/vid393_8.avi,Lofted Offside,7,vid393
Lofted Offside/vid395_10.avi,Lofted Offside,7,vid395
Lofted Offside/vid395_11.avi,Lofted Offside,7,vid395
Lofted Offside/vid396_17.avi,Lofted Offside,7,vid396
Lofted Offside/vid397_10.avi,Lofted Offside,7,vid397
Lofted Offside/vid397_12.avi,Lofted Offside,7,vid397
Lofted Offside/vid397_13.avi,Lofted Offside,7,vid397
Lofted Offside/vid397_22.avi,Lofted Offside,7,vid397
Lofted Offside/vid397_26.avi,Lofted Offside,7,vid397
Lofted Offside/vid397_30.avi,Lofted Offside,7,vid397
Lofted Offside/vid397_31.avi,Lofted Offside,7,vid397
Lofted Offside/vid397_4.avi,Lofted Offside,7,vid397
Lofted Offside/vid400_14.avi,Lofted Offside,7,vid400
Lofted Offside/vid400_7.avi,Lofted Offside,7,vid400
Lofted Offside/vid401_16.avi,Lofted Offside,7,vid401
Lofted Offside/vid401_24.avi,Lofted Offside,7,vid401
Lofted Offside/vid405_21.avi,Lofted Offside,7,vid405
Lofted Offside/vid406_17.avi,Lofted Offside,7,vid406
Lofted Offside/vid406_27.avi,Lofted Offside,7,vid406
Lofted Offside/vid406_42.avi,Lofted Offside,7,vid406
Lofted Offside/vid406_49.avi,Lofted Offside,7,vid406
Lofted Offside/vid409_3.avi,Lofted Offside,7,vid409
Lofted Offside/vid410_21.avi,Lofted Offside,7,vid410
Lofted Offside/vid411_16.avi,Lofted Offside,7,vid411
Lofted Offside/vid412_2.avi,Lofted Offside,7,vid412
Lofted Offside/vid412_8.avi,Lofted Offside,7,vid412
Lofted Offside/vid413_14.avi,Lofted Offside,7,vid413
Lofted Offside/vid413_15.avi,Lofted Offside,7,vid413
Lofted Offside/vid413_27.avi,Lofted Offside,7,vid413
Lofted Offside/vid415_35.avi,Lofted Offside,7,vid415
Lofted Offside/vid415_36.avi,Lofted Offside,7,vid415
Lofted Offside/vid418_13.avi,Lofted Offside,7,vid418
Lofted Offside/vid418_31.avi,Lofted Offside,7,vid418
Lofted Offside/vid418_37.avi,Lofted Offside,7,vid418
Lofted Offside/vid418_47.avi,Lofted Offside,7,vid418
Lofted Offside/vid418_48.avi,Lofted Offside,7,vid418
Lofted Offside/vid419_14.avi,Lofted Offside,7,vid419
Lofted Offside/vid419_15.avi,Lofted Offside,7,vid419
Lofted Offside/vid419_18.avi,Lofted Offside,7,vid419
Lofted Offside/vid419_19.avi,Lofted Offside,7,vid419
Lofted Offside/vid419_7.avi,Lofted Offside,7,vid419
Lofted Offside/vid422_18.avi,Lofted Offside,7,vid422
Lofted Offside/vid425_4.avi,Lofted Offside,7,vid425
Lofted Offside/vid427_20.avi,Lofted Offside,7,vid427
Lofted Offside/vid427_26.avi,Lofted Offside,7,vid427
Lofted Offside/vid427_4.avi,Lofted Offside,7,vid427
Lofted Offside/vid431_3.avi,Lofted Offside,7,vid431
Lofted Offside/vid431_38.avi,Lofted Offside,7,vid431
Lofted Offside/vid434_10.avi,Lofted Offside,7,vid434
Lofted Offside/vid434_27.avi,Lofted Offside,7,vid434
Lofted Offside/vid434_29.avi,Lofted Offside,7,vid434
Lofted Offside/vid434_6.avi,Lofted Offside,7,vid434
Lofted Offside/vid435_20.avi,Lofted Offside,7,vid435
Lofted Offside/vid435_39.avi,Lofted Offside,7,vid435
Lofted Offside/vid435_7.avi,Lofted Offside,7,vid435
Lofted Offside/vid436_28.avi,Lofted Offside,7,vid436
Lofted Offside/vid436_35.avi,Lofted Offside,7,vid436
Lofted Offside/vid436_36.avi,Lofted Offside,7,vid436
Lofted Offside/vid436_45.avi,Lofted Offside,7,vid436
Lofted Offside/vid437_39.avi,Lofted Offside,7,vid437
Lofted Offside/vid437_40.avi,Lofted Offside,7,vid437
Lofted Offside/vid437_41.avi,Lofted Offside,7,vid437
Lofted Offside/vid438_2.avi,Lofted Offside,7,vid438
Lofted Offside/vid438_24.avi,Lofted Offside,7,vid438
Lofted Offside/vid438_8.avi,Lofted Offside,7,vid438
Lofted Offside/vid438_9.avi,Lofted Offside,7,vid438
Lofted Offside/vid439_17.avi,Lofted Offside,7,vid439
Lofted Offside/vid439_34.avi,Lofted Offside,7,vid439
Lofted Offside/vid439_35.avi,Lofted Offside,7,vid439
Lofted Offside/vid439_5.avi,Lofted Offside,7,vid439
Lofted Offside/vid439_6.avi,Lofted Offside,7,vid439
Lofted Offside/vid43_16.avi,Lofted Offside,7,vid43
Lofted Offside/vid43_34.avi,Lofted Offside,7,vid43
Lofted Offside/vid43_36.avi,Lofted Offside,7,vid43
Lofted Offside/vid43_54.avi,Lofted Offside,7,vid43
Lofted Offside/vid43_58.avi,Lofted Offside,7,vid43
Lofted Offside/vid43_8.avi,Lofted Offside,7,vid43
Lofted Offside/vid440_51.avi,Lofted Offside,7,vid440
Lofted Offside/vid440_53.avi,Lofted Offside,7,vid440
Lofted Offside/vid440_58.avi,Lofted Offside,7,vid440
Lofted Offside/vid440_59.avi,Lofted Offside,7,vid440
Lofted Offside/vid440_7.avi,Lofted Offside,7,vid440
Lofted Offside/vid441_27.avi,Lofted Offside,7,vid441
Lofted Offside/vid443_15.avi,Lofted Offside,7,vid443
Lofted Offside/vid443_18.avi,Lofted Offside,7,vid443
Lofted Offside/vid443_26.avi,Lofted Offside,7,vid443
Lofted Offside/vid443_29.avi,Lofted Offside,7,vid443
Lofted Offside/vid443_33.avi,Lofted Offside,7,vid443
Lofted Offside/vid443_54.avi,Lofted Offside,7,vid443
Lofted Offside/vid443_55.avi,Lofted Offside,7,vid443
Lofted Offside/vid444_21.avi,Lofted Offside,7,vid444
Lofted Offside/vid444_34.avi,Lofted Offside,7,vid444
Lofted Offside/vid444_5.avi,Lofted Offside,7,vid444
Lofted Offside/vid444_55.avi,Lofted Offside,7,vid444
Lofted Offside/vid444_6.avi,Lofted Offside,7,vid444
Lofted Offside/vid444_62.avi,Lofted Offside,7,vid444
Lofted Offside/vid444_66.avi,Lofted Offside,7,vid444
Lofted Offside/vid444_7.avi,Lofted Offside,7,vid444
Lofted Offside/vid448_6.avi,Lofted Offside,7,vid448
Lofted Offside/vid449_3.avi,Lofted Offside,7,vid449
Lofted Offside/vid449_4.avi,Lofted Offside,7,vid449
Lofted Offside/vid449_53.avi,Lofted Offside,7,vid449
Lofted Offside/vid449_55.avi,Lofted Offside,7,vid449
Lofted Offside/vid454_16.avi,Lofted Offside,7,vid454
Lofted Offside/vid454_21.avi,Lofted Offside,7,vid454
Lofted Offside/vid454_31.avi,Lofted Offside,7,vid454
Lofted Offside/vid454_4.avi,Lofted Offside,7,vid454
Lofted Offside/vid455_22.avi,Lofted Offside,7,vid455
Lofted Offside/vid455_28.avi,Lofted Offside,7,vid455
Lofted Offside/vid455_5.avi,Lofted Offside,7,vid455
Lofted Offside/vid455_6.avi,Lofted Offside,7,vid455
Lofted Offside/vid456_15.avi,Lofted Offside,7,vid456
Lofted Offside/vid457_15.avi,Lofted Offside,7,vid457
Lofted Offside/vid457_18.avi,Lofted Offside,7,vid457
Lofted Offside/vid458_2.avi,Lofted Offside,7,vid458
Lofted Offside/vid458_33.avi,Lofted Offside,7,vid458
Lofted Offside/vid458_9.avi,Lofted Offside,7,vid458
Lofted Offside/vid45_16.avi,Lofted Offside,7,vid45
Lofted Offside/vid45_19.avi,Lofted Offside,7,vid45
Lofted Offside/vid45_25.avi,Lofted Offside,7,vid45
Lofted Offside/vid45_29.avi,Lofted Offside,7,vid45
Lofted Offside/vid45_38.avi,Lofted Offside,7,vid45
Lofted Offside/vid45_49.avi,Lofted Offside,7,vid45
Lofted Offside/vid45_51.avi,Lofted Offside,7,vid45
Lofted Offside/vid45_56.avi,Lofted Offside,7,vid45
Lofted Offside/vid460_23.avi,Lofted Offside,7,vid460
Lofted Offside/vid460_46.avi,Lofted Offside,7,vid460
Lofted Offside/vid468_20.avi,Lofted Offside,7,vid468
Lofted Offside/vid468_9.avi,Lofted Offside,7,vid468
Lofted Offside/vid46_37.avi,Lofted Offside,7,vid46
Lofted Offside/vid46_57.avi,Lofted Offside,7,vid46
Lofted Offside/vid46_66.avi,Lofted Offside,7,vid46
Lofted Offside/vid46_79.avi,Lofted Offside,7,vid46
Lofted Offside/vid46_85.avi,Lofted Offside,7,vid46
Lofted Offside/vid471_22.avi,Lofted Offside,7,vid471
Lofted Offside/vid471_29.avi,Lofted Offside,7,vid471
Lofted Offside/vid472_14.avi,Lofted Offside,7,vid472
Lofted Offside/vid472_15.avi,Lofted Offside,7,vid472
Lofted Offside/vid472_24.avi,Lofted Offside,7,vid472
Lofted Offside/vid472_40.avi,Lofted Offside,7,vid472
Lofted Offside/vid472_62.avi,Lofted Offside,7,vid472
Lofted Offside/vid473_20.avi,Lofted Offside,7,vid473
Lofted Offside/vid473_22.avi,Lofted Offside,7,vid473
Lofted Offside/vid473_33.avi,Lofted Offside,7,vid473
Lofted Offside/vid473_40.avi,Lofted Offside,7,vid473
Lofted Offside/vid473_42.avi,Lofted Offside,7,vid473
Lofted Offside/vid473_46.avi,Lofted Offside,7,vid473
Lofted Offside/vid474_11.avi,Lofted Offside,7,vid474
Lofted Offside/vid474_22.avi,Lofted Offside,7,vid474
Lofted Offside/vid474_28.avi,Lofted Offside,7,vid474
Lofted Offside/vid474_31.avi,Lofted Offside,7,vid474
Lofted Offside/vid474_6.avi,Lofted Offside,7,vid474
Lofted Offside/vid474_9.avi,Lofted Offside,7,vid474
Lofted Offside/vid475_1.avi,Lofted Offside,7,vid475
Lofted Offside/vid475_18.avi,Lofted Offside,7,vid475
Lofted Offside/vid475_19.avi,Lofted Offside,7,vid475
Lofted Offside/vid475_3.avi,Lofted Offside,7,vid475
Lofted Offside/vid475_6.avi,Lofted Offside,7,vid475
Lofted Offside/vid47_7.avi,Lofted Offside,7,vid47
Lofted Offside/vid480_15.avi,Lofted Offside,7,vid480
Lofted Offside/vid480_27.avi,Lofted Offside,7,vid480
Lofted Offside/vid480_29.avi,Lofted Offside,7,vid480
Lofted Offside/vid480_34.avi,Lofted Offside,7,vid480
Lofted Offside/vid480_44.avi,Lofted Offside,7,vid480
Lofted Offside/vid481_23.avi,Lofted Offside,7,vid481
Lofted Offside/vid481_30.avi,Lofted Offside,7,vid481
Lofted Offside/vid483_32.avi,Lofted Offside,7,vid483
Lofted Offside/vid483_46.avi,Lofted Offside,7,vid483
Lofted Offside/vid486_11.avi,Lofted Offside,7,vid486
Lofted Offside/vid486_13.avi,Lofted Offside,7,vid486
Lofted Offside/vid486_22.avi,Lofted Offside,7,vid486
Lofted Offside/vid486_35.avi,Lofted Offside,7,vid486
Lofted Offside/vid486_64.avi,Lofted Offside,7,vid486
Lofted Offside/vid486_70.avi,Lofted Offside,7,vid486
Lofted Offside/vid487_12.avi,Lofted Offside,7,vid487
Lofted Offside/vid487_34.avi,Lofted Offside,7,vid487
Lofted Offside/vid488_20.avi,Lofted Offside,7,vid488
Lofted Offside/vid488_42.avi,Lofted Offside,7,vid488
Lofted Offside/vid488_5.avi,Lofted Offside,7,vid488
Lofted Offside/vid488_52.avi,Lofted Offside,7,vid488
Lofted Offside/vid488_7.avi,Lofted Offside,7,vid488
Lofted Offside/vid48_15.avi,Lofted Offside,7,vid48
Lofted Offside/vid48_2.avi,Lofted Offside,7,vid48
Lofted Offside/vid490_27.avi,Lofted Offside,7,vid490
Lofted Offside/vid490_39.avi,Lofted Offside,7,vid490
Lofted Offside/vid492_26.avi,Lofted Offside,7,vid492
Lofted Offside/vid492_7.avi,Lofted Offside,7,vid492
Lofted Offside/vid495_17.avi,Lofted Offside,7,vid495
Lofted Offside/vid495_30.avi,Lofted Offside,7,vid495
Lofted Offside/vid498_17.avi,Lofted Offside,7,vid498
Lofted Offside/vid498_38.avi,Lofted Offside,7,vid498
Lofted Offside/vid498_4.avi,Lofted Offside,7,vid498
Lofted Offside/vid498_44.avi,Lofted Offside,7,vid498
Lofted Offside/vid49_32.avi,Lofted Offside,7,vid49
Lofted Offside/vid4_14.avi,Lofted Offside,7,vid4
Lofted Offside/vid4_34.avi,Lofted Offside,7,vid4
Lofted Offside/vid503_34.avi,Lofted Offside,7,vid503
Lofted Offside/vid503_40.avi,Lofted Offside,7,vid503
Lofted Offside/vid503_41.avi,Lofted Offside,7,vid503
Lofted Offside/vid504_53.avi,Lofted Offside,7,vid504
Lofted Offside/vid505_12.avi,Lofted Offside,7,vid505
Lofted Offside/vid505_21.avi,Lofted Offside,7,vid505
Lofted Offside/vid505_28.avi,Lofted Offside,7,vid505
Lofted Offside/vid505_31.avi,Lofted Offside,7,vid505
Lofted Offside/vid505_36.avi,Lofted Offside,7,vid505
Lofted Offside/vid505_43.avi,Lofted Offside,7,vid505
Lofted Offside/vid505_44.avi,Lofted Offside,7,vid505
Lofted Offside/vid505_8.avi,Lofted Offside,7,vid505
Lofted Offside/vid506_37.avi,Lofted Offside,7,vid506
Lofted Offside/vid506_7.avi,Lofted Offside,7,vid506
Lofted Offside/vid507_27.avi,Lofted Offside,7,vid507
Lofted Offside/vid507_41.avi,Lofted Offside,7,vid507
Lofted Offside/vid507_6.avi,Lofted Offside,7,vid507
Lofted Offside/vid509_18.avi,Lofted Offside,7,vid509
Lofted Offside/vid509_46.avi,Lofted Offside,7,vid509
Lofted Offside/vid50_36.avi,Lofted Offside,7,vid50
Lofted Offside/vid510_13.avi,Lofted Offside,7,vid510
Lofted Offside/vid510_15.avi,Lofted Offside,7,vid510
Lofted Offside/vid510_22.avi,Lofted Offside,7,vid510
Lofted Offside/vid510_28.avi,Lofted Offside,7,vid510
Lofted Offside/vid510_3.avi,Lofted Offside,7,vid510
Lofted Offside/vid510_9.avi,Lofted Offside,7,vid510
Lofted Offside/vid511_11.avi,Lofted Offside,7,vid511
Lofted Offside/vid511_23.avi,Lofted Offside,7,vid511
Lofted Offside/vid511_30.avi,Lofted Offside,7,vid511
Lofted Offside/vid511_33.avi,Lofted Offside,7,vid511
Lofted Offside/vid511_48.avi,Lofted Offside,7,vid511
Lofted Offside/vid511_59.avi,Lofted Offside,7,vid511
Lofted Offside/vid512_15.avi,Lofted Offside,7,vid512
Lofted Offside/vid512_18.avi,Lofted Offside,7,vid512
Lofted Offside/vid512_54.avi,Lofted Offside,7,vid512
Lofted Offside/vid512_56.avi,Lofted Offside,7,vid512
Lofted Offside/vid514_16.avi,Lofted Offside,7,vid514
Lofted Offside/vid514_27.avi,Lofted Offside,7,vid514
Lofted Offside/vid514_31.avi,Lofted Offside,7,vid514
Lofted Offside/vid514_32.avi,Lofted Offside,7,vid514
Lofted Offside/vid514_35.avi,Lofted Offside,7,vid514
Lofted Offside/vid514_38.avi,Lofted Offside,7,vid514
Lofted Offside/vid514_45.avi,Lofted Offside,7,vid514
Lofted Offside/vid514_47.avi,Lofted Offside,7,vid514
Lofted Offside/vid514_63.avi,Lofted Offside,7,vid514
Lofted Offside/vid514_64.avi,Lofted Offside,7,vid514
Lofted Offside/vid515_30.avi,Lofted Offside,7,vid515
Lofted Offside/vid515_31.avi,Lofted Offside,7,vid515
Lofted Offside/vid515_34.avi,Lofted Offside,7,vid515
Lofted Offside/vid515_4.avi,Lofted Offside,7,vid515
Lofted Offside/vid515_41.avi,Lofted Offside,7,vid515
Lofted Offside/vid515_62.avi,Lofted Offside,7,vid515
Lofted Offside/vid515_7.avi,Lofted Offside,7,vid515
Lofted Offside/vid515_70.avi,Lofted Offside,7,vid515
Lofted Offside/vid515_78.avi,Lofted Offside,7,vid515
Lofted Offside/vid515_91.avi,Lofted Offside,7,vid515
Lofted Offside/vid516_62.avi,Lofted Offside,7,vid516
Lofted Offside/vid518_11.avi,Lofted Offside,7,vid518
Lofted Offside/vid519_12.avi,Lofted Offside,7,vid519
Lofted Offside/vid519_26.avi,Lofted Offside,7,vid519
Lofted Offside/vid519_34.avi,Lofted Offside,7,vid519
Lofted Offside/vid519_54.avi,Lofted Offside,7,vid519
Lofted Offside/vid519_55.avi,Lofted Offside,7,vid519
Lofted Offside/vid519_60.avi,Lofted Offside,7,vid519
Lofted Offside/vid519_61.avi,Lofted Offside,7,vid519
Lofted Offside/vid519_63.avi,Lofted Offside,7,vid519
Lofted Offside/vid519_64.avi,Lofted Offside,7,vid519
Lofted Offside/vid519_70.avi,Lofted Offside,7,vid519
Lofted Offside/vid520_27.avi,Lofted Offside,7,vid520
Lofted Offside/vid520_54.avi,Lofted Offside,7,vid520
Lofted Offside/vid520_56.avi,Lofted Offside,7,vid520
Lofted Offside/vid520_62.avi,Lofted Offside,7,vid520
Lofted Offside/vid520_67.avi,Lofted Offside,7,vid520
Lofted Offside/vid525_19.avi,Lofted Offside,7,vid525
Lofted Offside/vid528_26.avi,Lofted Offside,7,vid528
Lofted Offside/vid528_59.avi,Lofted Offside,7,vid528
Lofted Offside/vid528_8.avi,Lofted Offside,7,vid528
Lofted Offside/vid529_22.avi,Lofted Offside,7,vid529
Lofted Offside/vid529_28.avi,Lofted Offside,7,vid529
Lofted Offside/vid529_30.avi,Lofted Offside,7,vid529
Lofted Offside/vid529_56.avi,Lofted Offside,7,vid529
Lofted Offside/vid529_64.avi,Lofted Offside,7,vid529
Lofted Offside/vid531_44.avi,Lofted Offside,7,vid531
Lofted Offside/vid532_10.avi,Lofted Offside,7,vid532
Lofted Offside/vid532_14.avi,Lofted Offside,7,vid532
Lofted Offside/vid532_24.avi,Lofted Offside,7,vid532
Lofted Offside/vid532_36.avi,Lofted Offside,7,vid532
Lofted Offside/vid532_43.avi,Lofted Offside,7,vid532
Lofted Offside/vid532_45.avi,Lofted Offside,7,vid532
Lofted Offside/vid532_68.avi,Lofted Offside,7,vid532
Lofted Offside/vid532_7.avi,Lofted Offside,7,vid532
Lofted Offside/vid532_8.avi,Lofted Offside,7,vid532
Lofted Offside/vid534_35.avi,Lofted Offside,7,vid534
Lofted Offside/vid534_36.avi,Lofted Offside,7,vid534
Lofted Offside/vid534_44.avi,Lofted Offside,7,vid534
Lofted Offside/vid534_47.avi,Lofted Offside,7,vid534
Lofted Offside/vid535_14.avi,Lofted Offside,7,vid535
Lofted Offside/vid535_27.avi,Lofted Offside,7,vid535
Lofted Offside/vid535_40.avi,Lofted Offside,7,vid535
Lofted Offside/vid535_6.avi,Lofted Offside,7,vid535
Lofted Offside/vid535_63.avi,Lofted Offside,7,vid535
Lofted Offside/vid536_11.avi,Lofted Offside,7,vid536
Lofted Offside/vid536_21.avi,Lofted Offside,7,vid536
Lofted Offside/vid55_44.avi,Lofted Offside,7,vid55
Lofted Offside/vid56_12.avi,Lofted Offside,7,vid56
Lofted Offside/vid56_49.avi,Lofted Offside,7,vid56
Lofted Offside/vid56_51.avi,Lofted Offside,7,vid56
Lofted Offside/vid57_17.avi,Lofted Offside,7,vid57
Lofted Offside/vid5_12.avi,Lofted Offside,7,vid5
Lofted Offside/vid5_26.avi,Lofted Offside,7,vid5
Lofted Offside/vid5_3.avi,Lofted Offside,7,vid5
Lofted Offside/vid61_14.avi,Lofted Offside,7,vid61
Lofted Offside/vid62_26.avi,Lofted Offside,7,vid62
Lofted Offside/vid63_7.avi,Lofted Offside,7,vid63
Lofted Offside/vid64_13.avi,Lofted Offside,7,vid64
Lofted Offside/vid64_9.avi,Lofted Offside,7,vid64
Lofted Offside/vid65_36.avi,Lofted Offside,7,vid65
Lofted Offside/vid65_40.avi,Lofted Offside,7,vid65
Lofted Offside/vid67_3.avi,Lofted Offside,7,vid67
Lofted Offside/vid67_4.avi,Lofted Offside,7,vid67
Lofted Offside/vid68_26.avi,Lofted Offside,7,vid68
Lofted Offside/vid68_46.avi,Lofted Offside,7,vid68
Lofted Offside/vid6_11.avi,Lofted Offside,7,vid6
Lofted Offside/vid6_8.avi,Lofted Offside,7,vid6
Lofted Offside/vid73_29.avi,Lofted Offside,7,vid73
Lofted Offside/vid74_18.avi,Lofted Offside,7,vid74
Lofted Offside/vid75_11.avi,Lofted Offside,7,vid75
Lofted Offside/vid75_21.avi,Lofted Offside,7,vid75
Lofted Offside/vid77_20.avi,Lofted Offside,7,vid77
Lofted Offside/vid77_21.avi,Lofted Offside,7,vid77
Lofted Offside/vid78_33.avi,Lofted Offside,7,vid78
Lofted Offside/vid78_40.avi,Lofted Offside,7,vid78
Lofted Offside/vid79_29.avi,Lofted Offside,7,vid79
Lofted Offside/vid80_14.avi,Lofted Offside,7,vid80
Lofted Offside/vid80_2.avi,Lofted Offside,7,vid80
Lofted Offside/vid80_22.avi,Lofted Offside,7,vid80
Lofted Offside/vid80_23.avi,Lofted Offside,7,vid80
Lofted Offside/vid81_27.avi,Lofted Offside,7,vid81
Lofted Offside/vid84_15.avi,Lofted Offside,7,vid84
Lofted Offside/vid85_15.avi,Lofted Offside,7,vid85
Lofted Offside/vid85_27.avi,Lofted Offside,7,vid85
Lofted Offside/vid86_4.avi,Lofted Offside,7,vid86
Lofted Offside/vid88_13.avi,Lofted Offside,7,vid88
Lofted Offside/vid88_6.avi,Lofted Offside,7,vid88
Lofted Offside/vid8_26.avi,Lofted Offside,7,vid8
Lofted Offside/vid8_38.avi,Lofted Offside,7,vid8
Lofted Offside/vid92_19.avi,Lofted Offside,7,vid92
Lofted Offside/vid92_36.avi,Lofted Offside,7,vid92
Lofted Offside/vid93_35.avi,Lofted Offside,7,vid93
Lofted Offside/vid93_36.avi,Lofted Offside,7,vid93
Lofted Offside/vid93_38.avi,Lofted Offside,7,vid93
Lofted Offside/vid95_46.avi,Lofted Offside,7,vid95
Lofted Offside/vid96_1.avi,Lofted Offside,7,vid96
Lofted Offside/vid96_26.avi,Lofted Offside,7,vid96
Lofted Offside/vid96_49.avi,Lofted Offside,7,vid96
Lofted Offside/vid97_15.avi,Lofted Offside,7,vid97
Lofted Offside/vid97_41.avi,Lofted Offside,7,vid97
Pull/vid100_29.avi,Pull,8,vid100
Pull/vid100_31.avi,Pull,8,vid100
Pull/vid100_34.avi,Pull,8,vid100
Pull/vid100_35.avi,Pull,8,vid100
Pull/vid100_39.avi,Pull,8,vid100
Pull/vid107_22.avi,Pull,8,vid107
Pull/vid107_23.avi,Pull,8,vid107
Pull/vid108_14.avi,Pull,8,vid108
Pull/vid10_30.avi,Pull,8,vid10
Pull/vid10_31.avi,Pull,8,vid10
Pull/vid10_35.avi,Pull,8,vid10
Pull/vid10_40.avi,Pull,8,vid10
Pull/vid10_5.avi,Pull,8,vid10
Pull/vid111_8.avi,Pull,8,vid111
Pull/vid112_12.avi,Pull,8,vid112
Pull/vid116_19.avi,Pull,8,vid116
Pull/vid116_21.avi,Pull,8,vid116
Pull/vid116_28.avi,Pull,8,vid116
Pull/vid11_28.avi,Pull,8,vid11
Pull/vid120_16.avi,Pull,8,vid120
Pull/vid120_17.avi,Pull,8,vid120
Pull/vid121_31.avi,Pull,8,vid121
Pull/vid128_16.avi,Pull,8,vid128
Pull/vid128_22.avi,Pull,8,vid128
Pull/vid128_3.avi,Pull,8,vid128
Pull/vid12_48.avi,Pull,8,vid12
Pull/vid12_55.avi,Pull,8,vid12
Pull/vid130_19.avi,Pull,8,vid130
Pull/vid130_7.avi,Pull,8,vid130
Pull/vid131_0.avi,Pull,8,vid131
Pull/vid132_0.avi,Pull,8,vid132
Pull/vid133_12.avi,Pull,8,vid133
Pull/vid133_5.avi,Pull,8,vid133
Pull/vid133_9.avi,Pull,8,vid133
Pull/vid134_39.avi,Pull,8,vid134
Pull/vid135_21.avi,Pull,8,vid135
Pull/vid135_24.avi,Pull,8,vid135
Pull/vid137_27.avi,Pull,8,vid137
Pull/vid137_36.avi,Pull,8,vid137
Pull/vid138_16.avi,Pull,8,vid138
Pull/vid138_18.avi,Pull,8,vid138
Pull/vid138_4.avi,Pull,8,vid138
Pull/vid142_25.avi,Pull,8,vid142
Pull/vid150_2.avi,Pull,8,vid150
Pull/vid151_16.avi,Pull,8,vid151
Pull/vid153_26.avi,Pull,8,vid153
Pull/vid156_23.avi,Pull,8,vid156
Pull/vid162_24.avi,Pull,8,vid162
Pull/vid166_25.avi,Pull,8,vid166
Pull/vid166_6.avi,Pull,8,vid166
Pull/vid166_9.avi,Pull,8,vid166
Pull/vid168_9.avi,Pull,8,vid168
Pull/vid172_8.avi,Pull,8,vid172
Pull/vid172_9.avi,Pull,8,vid172
Pull/vid178_21.avi,Pull,8,vid178
Pull/vid17_10.avi,Pull,8,vid17
Pull/vid17_20.avi,Pull,8,vid17
Pull/vid181_7.avi,Pull,8,vid181
Pull/vid186_7.avi,Pull,8,vid186
Pull/vid188_0.avi,Pull,8,vid188
Pull/vid188_8.avi,Pull,8,vid188
Pull/vid198_10.avi,Pull,8,vid198
Pull/vid207_41.avi,Pull,8,vid207
Pull/vid207_53.avi,Pull,8,vid207
Pull/vid208_20.avi,Pull,8,vid208
Pull/vid208_25.avi,Pull,8,vid208
Pull/vid209_16.avi,Pull,8,vid209
Pull/vid209_23.avi,Pull,8,vid209
Pull/vid209_47.avi,Pull,8,vid209
Pull/vid210_45.avi,Pull,8,vid210
Pull/vid212_16.avi,Pull,8,vid212
Pull/vid213_13.avi,Pull,8,vid213
Pull/vid213_33.avi,Pull,8,vid213
Pull/vid213_41.avi,Pull,8,vid213
Pull/vid213_6.avi,Pull,8,vid213
Pull/vid217_22.avi,Pull,8,vid217
Pull/vid224_4.avi,Pull,8,vid224
Pull/vid226_25.avi,Pull,8,vid226
Pull/vid226_44.avi,Pull,8,vid226
Pull/vid227_14.avi,Pull,8,vid227
Pull/vid227_18.avi,Pull,8,vid227
Pull/vid230_19.avi,Pull,8,vid230
Pull/vid234_12.avi,Pull,8,vid234
Pull/vid234_18.avi,Pull,8,vid234
Pull/vid239_14.avi,Pull,8,vid239
Pull/vid240_5.avi,Pull,8,vid240
Pull/vid240_52.avi,Pull,8,vid240
Pull/vid240_6.avi,Pull,8,vid240
Pull/vid242_24.avi,Pull,8,vid242
Pull/vid246_26.avi,Pull,8,vid246
Pull/vid249_39.avi,Pull,8,vid249
Pull/vid249_9.avi,Pull,8,vid249
Pull/vid24_28.avi,Pull,8,vid24
Pull/vid250_13.avi,Pull,8,vid250
Pull/vid255_14.avi,Pull,8,vid255
Pull/vid261_22.avi,Pull,8,vid261
Pull/vid26_10.avi,Pull,8,vid26
Pull/vid277_4.avi,Pull,8,vid277
Pull/vid280_13.avi,Pull,8,vid280
Pull/vid280_4.avi,Pull,8,vid280
Pull/vid285_13.avi,Pull,8,vid285
Pull/vid285_15.avi,Pull,8,vid285
Pull/vid287_21.avi,Pull,8,vid287
Pull/vid288_2.avi,Pull,8,vid288
Pull/vid295_30.avi,Pull,8,vid295
Pull/vid2_1.avi,Pull,8,vid2
Pull/vid2_28.avi,Pull,8,vid2
Pull/vid303_23.avi,Pull,8,vid303
Pull/vid30_44.avi,Pull,8,vid30
Pull/vid312_18.avi,Pull,8,vid312
Pull/vid312_23.avi,Pull,8,vid312
Pull/vid312_30.avi,Pull,8,vid312
Pull/vid315_2.avi,Pull,8,vid315
Pull/vid320_52.avi,Pull,8,vid320
Pull/vid321_20.avi,Pull,8,vid321
Pull/vid323_11.avi,Pull,8,vid323
Pull/vid326_19.avi,Pull,8,vid326
Pull/vid326_9.avi,Pull,8,vid326
Pull/vid327_35.avi,Pull,8,vid327
Pull/vid335_32.avi,Pull,8,vid335
Pull/vid335_33.avi,Pull,8,vid335
Pull/vid341_39.avi,Pull,8,vid341
Pull/vid34_32.avi,Pull,8,vid34
Pull/vid355_10.avi,Pull,8,vid355
Pull/vid355_6.avi,Pull,8,vid355
Pull/vid355_7.avi,Pull,8,vid355
Pull/vid356_13.avi,Pull,8,vid356
Pull/vid356_25.avi,Pull,8,vid356
Pull/vid356_45.avi,Pull,8,vid356
Pull/vid356_48.avi,Pull,8,vid356
Pull/vid356_51.avi,Pull,8,vid356
Pull/vid356_58.avi,Pull,8,vid356
Pull/vid356_9.avi,Pull,8,vid356
Pull/vid358_42.avi,Pull,8,vid358
Pull/vid358_64.avi,Pull,8,vid358
Pull/vid360_48.avi,Pull,8,vid360
Pull/vid360_54.avi,Pull,8,vid360
Pull/vid360_63.avi,Pull,8,vid360
Pull/vid360_65.avi,Pull,8,vid360
Pull/vid362_38.avi,Pull,8,vid362
Pull/vid362_41.avi,Pull,8,vid362
Pull/vid362_47.avi,Pull,8,vid362
Pull/vid366_29.avi,Pull,8,vid366
Pull/vid366_4.avi,Pull,8,vid366
Pull/vid366_46.avi,Pull,8,vid366
Pull/vid366_65.avi,Pull,8,vid366
Pull/vid368_18.avi,Pull,8,vid368
Pull/vid368_26.avi,Pull,8,vid368
Pull/vid368_52.avi,Pull,8,vid368
Pull/vid368_8.avi,Pull,8,vid368
Pull/vid369_29.avi,Pull,8,vid369
Pull/vid369_33.avi,Pull,8,vid369
Pull/vid369_4.avi,Pull,8,vid369
Pull/vid369_41.avi,Pull,8,vid369
Pull/vid369_51.avi,Pull,8,vid369
Pull/vid369_54.avi,Pull,8,vid369
Pull/vid369_63.avi,Pull,8,vid369
Pull/vid370_36.avi,Pull,8,vid370
Pull/vid371_29.avi,Pull,8,vid371
Pull/vid373_12.avi,Pull,8,vid373
Pull/vid373_28.avi,Pull,8,vid373
Pull/vid373_29.avi,Pull,8,vid373
Pull/vid373_32.avi,Pull,8,vid373
Pull/vid373_33.avi,Pull,8,vid373
Pull/vid373_39.avi,Pull,8,vid373
Pull/vid373_9.avi,Pull,8,vid373
Pull/vid374_13.avi,Pull,8,vid374
Pull/vid374_14.avi,Pull,8,vid374
Pull/vid374_15.avi,Pull,8,vid374
Pull/vid374_29.avi,Pull,8,vid374
Pull/vid374_43.avi,Pull,8,vid374
Pull/vid374_44.avi,Pull,8,vid374
Pull/vid374_46.avi,Pull,8,vid374
Pull/vid375_10.avi,Pull,8,vid375
Pull/vid375_29.avi,Pull,8,vid375
Pull/vid375_7.avi,Pull,8,vid375
Pull/vid378_25.avi,Pull,8,vid378
Pull/vid380_31.avi,Pull,8,vid380
Pull/vid380_50.avi,Pull,8,vid380
Pull/vid381_16.avi,Pull,8,vid381
Pull/vid381_19.avi,Pull,8,vid381
Pull/vid381_32.avi,Pull,8,vid381
Pull/vid381_36.avi,Pull,8,vid381
Pull/vid381_5.avi,Pull,8,vid381
Pull/vid382_23.avi,Pull,8,vid382
Pull/vid382_26.avi,Pull,8,vid382
Pull/vid382_30.avi,Pull,8,vid382
Pull/vid382_34.avi,Pull,8,vid382
Pull/vid382_42.avi,Pull,8,vid382
Pull/vid383_14.avi,Pull,8,vid383
Pull/vid383_39.avi,Pull,8,vid383
Pull/vid384_45.avi,Pull,8,vid384
Pull/vid384_57.avi,Pull,8,vid384
Pull/vid384_59.avi,Pull,8,vid384
Pull/vid384_61.avi,Pull,8,vid384
Pull/vid384_70.avi,Pull,8,vid384
Pull/vid384_74.avi,Pull,8,vid384
Pull/vid384_81.avi,Pull,8,vid384
Pull/vid385_35.avi,Pull,8,vid385
Pull/vid385_41.avi,Pull,8,vid385
Pull/vid386_15.avi,Pull,8,vid386
Pull/vid386_35.avi,Pull,8,vid386
Pull/vid388_10.avi,Pull,8,vid388
Pull/vid388_32.avi,Pull,8,vid388
Pull/vid388_42.avi,Pull,8,vid388
Pull/vid388_51.avi,Pull,8,vid388
Pull/vid389_26.avi,Pull,8,vid389
Pull/vid389_30.avi,Pull,8,vid389
Pull/vid389_35.avi,Pull,8,vid389
Pull/vid389_43.avi,Pull,8,vid389
Pull/vid390_30.avi,Pull,8,vid390
Pull/vid390_33.avi,Pull,8,vid390
Pull/vid392_21.avi,Pull,8,vid392
Pull/vid392_23.avi,Pull,8,vid392
Pull/vid392_55.avi,Pull,8,vid392
Pull/vid393_2.avi,Pull,8,vid393
Pull/vid393_21.avi,Pull,8,vid393
Pull/vid393_22.avi,Pull,8,vid393
Pull/vid393_45.avi,Pull,8,vid393
Pull/vid395_1.avi,Pull,8,vid395
Pull/vid395_3.avi,Pull,8,vid395
Pull/vid399_0.avi,Pull,8,vid399
Pull/vid3_12.avi,Pull,8,vid3
Pull/vid401_19.avi,Pull,8,vid401
Pull/vid405_15.avi,Pull,8,vid405
Pull/vid406_38.avi,Pull,8,vid406
Pull/vid407_15.avi,Pull,8,vid407
Pull/vid410_20.avi,Pull,8,vid410
Pull/vid413_11.avi,Pull,8,vid413
Pull/vid413_18.avi,Pull,8,vid413
Pull/vid417_15.avi,Pull,8,vid417
Pull/vid417_19.avi,Pull,8,vid417
Pull/vid418_0.avi,Pull,8,vid418
Pull/vid422_9.avi,Pull,8,vid422
Pull/vid427_23.avi,Pull,8,vid427
Pull/vid42_17.avi,Pull,8,vid42
Pull/vid42_19.avi,Pull,8,vid42
Pull/vid42_60.avi,Pull,8,vid42
Pull/vid431_36.avi,Pull,8,vid431
Pull/vid431_49.avi,Pull,8,vid431
Pull/vid432_19.avi,Pull,8,vid432
Pull/vid432_26.avi,Pull,8,vid432
Pull/vid432_29.avi,Pull,8,vid432
Pull/vid432_37.avi,Pull,8,vid432
Pull/vid432_9.avi,Pull,8,vid432
Pull/vid434_12.avi,Pull,8,vid434
Pull/vid434_15.avi,Pull,8,vid434
Pull/vid434_20.avi,Pull,8,vid434
Pull/vid434_31.avi,Pull,8,vid434
Pull/vid434_40.avi,Pull,8,vid434
Pull/vid434_43.avi,Pull,8,vid434
Pull/vid434_44.avi,Pull,8,vid434
Pull/vid434_47.avi,Pull,8,vid434
Pull/vid434_48.avi,Pull,8,vid434
Pull/vid434_65.avi,Pull,8,vid434
Pull/vid435_23.avi,Pull,8,vid435
Pull/vid435_35.avi,Pull,8,vid435
Pull/vid436_6.avi,Pull,8,vid436
Pull/vid437_19.avi,Pull,8,vid437
Pull/vid437_2.avi,Pull,8,vid437
Pull/vid437_20.avi,Pull,8,vid437
Pull/vid437_31.avi,Pull,8,vid437
Pull/vid437_4.avi,Pull,8,vid437
Pull/vid438_0.avi,Pull,8,vid438
Pull/vid438_11.avi,Pull,8,vid438
Pull/vid438_17.avi,Pull,8,vid438
Pull/vid438_21.avi,Pull,8,vid438
Pull/vid438_22.avi,Pull,8,vid438
Pull/vid438_25.avi,Pull,8,vid438
Pull/vid439_11.avi,Pull,8,vid439
Pull/vid439_30.avi,Pull,8,vid439
Pull/vid439_41.avi,Pull,8,vid439
Pull/vid43_20.avi,Pull,8,vid43
Pull/vid43_52.avi,Pull,8,vid43
Pull/vid440_13.avi,Pull,8,vid440
Pull/vid440_18.avi,Pull,8,vid440
Pull/vid440_55.avi,Pull,8,vid440
Pull/vid440_57.avi,Pull,8,vid440
Pull/vid441_47.avi,Pull,8,vid441
Pull/vid441_51.avi,Pull,8,vid441
Pull/vid443_23.avi,Pull,8,vid443
Pull/vid443_31.avi,Pull,8,vid443
Pull/vid443_35.avi,Pull,8,vid443
Pull/vid443_36.avi,Pull,8,vid443
Pull/vid443_37.avi,Pull,8,vid443
Pull/vid444_35.avi,Pull,8,vid444
Pull/vid444_39.avi,Pull,8,vid444
Pull/vid444_8.avi,Pull,8,vid444
Pull/vid448_0.avi,Pull,8,vid448
Pull/vid448_33.avi,Pull,8,vid448
Pull/vid449_38.avi,Pull,8,vid449
Pull/vid449_50.avi,Pull,8,vid449
Pull/vid453_19.avi,Pull,8,vid453
Pull/vid453_21.avi,Pull,8,vid453
Pull/vid453_3.avi,Pull,8,vid453
Pull/vid454_2.avi,Pull,8,vid454
Pull/vid454_24.avi,Pull,8,vid454
Pull/vid454_25.avi,Pull,8,vid454
Pull/vid454_27.avi,Pull,8,vid454
Pull/vid454_42.avi,Pull,8,vid454
Pull/vid454_8.avi,Pull,8,vid454
Pull/vid455_13.avi,Pull,8,vid455
Pull/vid455_36.avi,Pull,8,vid455
Pull/vid455_51.avi,Pull,8,vid455
Pull/vid455_61.avi,Pull,8,vid455
Pull/vid456_35.avi,Pull,8,vid456
Pull/vid456_37.avi,Pull,8,vid456
Pull/vid456_4.avi,Pull,8,vid456
Pull/vid457_29.avi,Pull,8,vid457
Pull/vid457_40.avi,Pull,8,vid457
Pull/vid458_29.avi,Pull,8,vid458
Pull/vid45_11.avi,Pull,8,vid45
Pull/vid45_24.avi,Pull,8,vid45
Pull/vid460_19.avi,Pull,8,vid460
Pull/vid460_29.avi,Pull,8,vid460
Pull/vid461_27.avi,Pull,8,vid461
Pull/vid461_42.avi,Pull,8,vid461
Pull/vid466_20.avi,Pull,8,vid466
Pull/vid468_32.avi,Pull,8,vid468
Pull/vid470_20.avi,Pull,8,vid470
Pull/vid470_27.avi,Pull,8,vid470
Pull/vid470_35.avi,Pull,8,vid470
Pull/vid470_4.avi,Pull,8,vid470
Pull/vid471_25.avi,Pull,8,vid471
Pull/vid471_37.avi,Pull,8,vid471
Pull/vid472_16.avi,Pull,8,vid472
Pull/vid472_19.avi,Pull,8,vid472
Pull/vid472_3.avi,Pull,8,vid472
Pull/vid472_43.avi,Pull,8,vid472
Pull/vid472_46.avi,Pull,8,vid472
Pull/vid472_60.avi,Pull,8,vid472
Pull/vid472_63.avi,Pull,8,vid472
Pull/vid473_0.avi,Pull,8,vid473
Pull/vid473_47.avi,Pull,8,vid473
Pull/vid473_5.avi,Pull,8,vid473
Pull/vid473_53.avi,Pull,8,vid473
Pull/vid474_19.avi,Pull,8,vid474
Pull/vid475_2.avi,Pull,8,vid475
Pull/vid475_8.avi,Pull,8,vid475
Pull/vid47_11.avi,Pull,8,vid47
Pull/vid481_31.avi,Pull,8,vid481
Pull/vid481_35.avi,Pull,8,vid481
Pull/vid481_39.avi,Pull,8,vid481
Pull/vid481_46.avi,Pull,8,vid481
Pull/vid483_10.avi,Pull,8,vid483
Pull/vid483_16.avi,Pull,8,vid483
Pull/vid486_10.avi,Pull,8,vid486
Pull/vid486_21.avi,Pull,8,vid486
Pull/vid486_24.avi,Pull,8,vid486
Pull/vid486_33.avi,Pull,8,vid486
Pull/vid486_39.avi,Pull,8,vid486
Pull/vid487_27.avi,Pull,8,vid487
Pull/vid487_36.avi,Pull,8,vid487
Pull/vid487_37.avi,Pull,8,vid487
Pull/vid487_44.avi,Pull,8,vid487
Pull/vid487_46.avi,Pull,8,vid487
Pull/vid488_17.avi,Pull,8,vid488
Pull/vid488_35.avi,Pull,8,vid488
Pull/vid488_37.avi,Pull,8,vid488
Pull/vid48_25.avi,Pull,8,vid48
Pull/vid490_23.avi,Pull,8,vid490
Pull/vid490_4.avi,Pull,8,vid490
Pull/vid492_10.avi,Pull,8,vid492
Pull/vid492_3.avi,Pull,8,vid492
Pull/vid492_6.avi,Pull,8,vid492
Pull/vid495_2.avi,Pull,8,vid495
Pull/vid495_44.avi,Pull,8,vid495
Pull/vid498_13.avi,Pull,8,vid498
Pull/vid498_2.avi,Pull,8,vid498
Pull/vid498_30.avi,Pull,8,vid498
Pull/vid498_35.avi,Pull,8,vid498
Pull/vid499_11.avi,Pull,8,vid499
Pull/vid499_27.avi,Pull,8,vid499
Pull/vid503_22.avi,Pull,8,vid503
Pull/vid503_31.avi,Pull,8,vid503
Pull/vid503_9.avi,Pull,8,vid503
Pull/vid504_49.avi,Pull,8,vid504
Pull/vid505_6.avi,Pull,8,vid505
Pull/vid506_12.avi,Pull,8,vid506
Pull/vid506_14.avi,Pull,8,vid506
Pull/vid506_30.avi,Pull,8,vid506
Pull/vid506_32.avi,Pull,8,vid506
Pull/vid506_46.avi,Pull,8,vid506
Pull/vid506_8.avi,Pull,8,vid506
Pull/vid507_13.avi,Pull,8,vid507
Pull/vid507_21.avi,Pull,8,vid507
Pull/vid507_32.avi,Pull,8,vid507
Pull/vid507_34.avi,Pull,8,vid507
Pull/vid507_4.avi,Pull,8,vid507
Pull/vid507_40.avi,Pull,8,vid507
Pull/vid509_34.avi,Pull,8,vid509
Pull/vid509_47.avi,Pull,8,vid509
Pull/vid50_39.avi,Pull,8,vid50
Pull/vid510_16.avi,Pull,8,vid510
Pull/vid510_32.avi,Pull,8,vid510
Pull/vid511_12.avi,Pull,8,vid511
Pull/vid511_28.avi,Pull,8,vid511
Pull/vid512_13.avi,Pull,8,vid512
Pull/vid514_24.avi,Pull,8,vid514
Pull/vid514_57.avi,Pull,8,vid514
Pull/vid515_5.avi,Pull,8,vid515
Pull/vid515_56.avi,Pull,8,vid515
Pull/vid515_68.avi,Pull,8,vid515
Pull/vid516_26.avi,Pull,8,vid516
Pull/vid516_31.avi,Pull,8,vid516
Pull/vid516_44.avi,Pull,8,vid516
Pull/vid518_1.avi,Pull,8,vid518
Pull/vid519_14.avi,Pull,8,vid519
Pull/vid519_16.avi,Pull,8,vid519
Pull/vid519_21.avi,Pull,8,vid519
Pull/vid519_23.avi,Pull,8,vid519
Pull/vid519_5.avi,Pull,8,vid519
Pull/vid520_24.avi,Pull,8,vid520
Pull/vid520_38.avi,Pull,8,vid520
Pull/vid520_64.avi,Pull,8,vid520
Pull/vid523_9.avi,Pull,8,vid523
Pull/vid525_22.avi,Pull,8,vid525
Pull/vid528_27.avi,Pull,8,vid528
Pull/vid529_63.avi,Pull,8,vid529
Pull/vid531_19.avi,Pull,8,vid531
Pull/vid531_25.avi,Pull,8,vid531
Pull/vid532_67.avi,Pull,8,vid532
Pull/vid532_71.avi,Pull,8,vid532
Pull/vid535_7.avi,Pull,8,vid535
Pull/vid55_79.avi,Pull,8,vid55
Pull/vid57_2.avi,Pull,8,vid57
Pull/vid59_18.avi,Pull,8,vid59
Pull/vid59_34.avi,Pull,8,vid59
Pull/vid61_3.avi,Pull,8,vid61
Pull/vid63_19.avi,Pull,8,vid63
Pull/vid63_20.avi,Pull,8,vid63
Pull/vid64_31.avi,Pull,8,vid64
Pull/vid65_3.avi,Pull,8,vid65
Pull/vid65_43.avi,Pull,8,vid65
Pull/vid65_45.avi,Pull,8,vid65
Pull/vid67_10.avi,Pull,8,vid67
Pull/vid67_21.avi,Pull,8,vid67
Pull/vid67_27.avi,Pull,8,vid67
Pull/vid67_44.avi,Pull,8,vid67
Pull/vid68_24.avi,Pull,8,vid68
Pull/vid68_41.avi,Pull,8,vid68
Pull/vid6_13.avi,Pull,8,vid6
Pull/vid71_10.avi,Pull,8,vid71
Pull/vid71_22.avi,Pull,8,vid71
Pull/vid73_24.avi,Pull,8,vid73
Pull/vid74_10.avi,Pull,8,vid74
Pull/vid74_42.avi,Pull,8,vid74
Pull/vid75_24.avi,Pull,8,vid75
Pull/vid76_18.avi,Pull,8,vid76
Pull/vid76_25.avi,Pull,8,vid76
Pull/vid76_27.avi,Pull,8,vid76
Pull/vid77_34.avi,Pull,8,vid77
Pull/vid79_19.avi,Pull,8,vid79
Pull/vid80_33.avi,Pull,8,vid80
Pull/vid80_35.avi,Pull,8,vid80
Pull/vid81_22.avi,Pull,8,vid81
Pull/vid81_24.avi,Pull,8,vid81
Pull/vid81_26.avi,Pull,8,vid81
Pull/vid81_8.avi,Pull,8,vid81
Pull/vid81_9.avi,Pull,8,vid81
Pull/vid86_11.avi,Pull,8,vid86
Pull/vid86_6.avi,Pull,8,vid86
Pull/vid88_15.avi,Pull,8,vid88
Pull/vid88_37.avi,Pull,8,vid88
Pull/vid8_18.avi,Pull,8,vid8
Pull/vid8_46.avi,Pull,8,vid8
Pull/vid8_49.avi,Pull,8,vid8
Pull/vid92_0.avi,Pull,8,vid92
Pull/vid92_1.avi,Pull,8,vid92
Pull/vid92_31.avi,Pull,8,vid92
Pull/vid92_39.avi,Pull,8,vid92
Pull/vid93_10.avi,Pull,8,vid93
Pull/vid93_2.avi,Pull,8,vid93
Pull/vid93_29.avi,Pull,8,vid93
Pull/vid93_3.avi,Pull,8,vid93
Pull/vid93_54.avi,Pull,8,vid93
Pull/vid95_15.avi,Pull,8,vid95
Pull/vid95_31.avi,Pull,8,vid95
Pull/vid95_37.avi,Pull,8,vid95
Pull/vid96_2.avi,Pull,8,vid96
Pull/vid96_20.avi,Pull,8,vid96
Reverse Sweep/vid100_36.avi,Reverse Sweep,9,vid100
Reverse Sweep/vid10_44.avi,Reverse Sweep,9,vid10
Reverse Sweep/vid116_10.avi,Reverse Sweep,9,vid116
Reverse Sweep/vid120_3.avi,Reverse Sweep,9,vid120
Reverse Sweep/vid136_9.avi,Reverse Sweep,9,vid136
Reverse Sweep/vid137_22.avi,Reverse Sweep,9,vid137
Reverse Sweep/vid137_34.avi,Reverse Sweep,9,vid137
Reverse Sweep/vid13_18.avi,Reverse Sweep,9,vid13
Reverse Sweep/vid13_9.avi,Reverse Sweep,9,vid13
Reverse Sweep/vid146_15.avi,Reverse Sweep,9,vid146
Reverse Sweep/vid151_41.avi,Reverse Sweep,9,vid151
Reverse Sweep/vid157_26.avi,Reverse Sweep,9,vid157
Reverse Sweep/vid161_39.avi,Reverse Sweep,9,vid161
Reverse Sweep/vid172_11.avi,Reverse Sweep,9,vid172
Reverse Sweep/vid178_8.avi,Reverse Sweep,9,vid178
Reverse Sweep/vid180_25.avi,Reverse Sweep,9,vid180
Reverse Sweep/vid209_15.avi,Reverse Sweep,9,vid209
Reverse Sweep/vid20_0.avi,Reverse Sweep,9,vid20
Reverse Sweep/vid20_1.avi,Reverse Sweep,9,vid20
Reverse Sweep/vid20_6.avi,Reverse Sweep,9,vid20
Reverse Sweep/vid20_8.avi,Reverse Sweep,9,vid20
Reverse Sweep/vid212_43.avi,Reverse Sweep,9,vid212
Reverse Sweep/vid217_35.avi,Reverse Sweep,9,vid217
Reverse Sweep/vid228_24.avi,Reverse Sweep,9,vid228
Reverse Sweep/vid228_5.avi,Reverse Sweep,9,vid228
Reverse Sweep/vid233_35.avi,Reverse Sweep,9,vid233
Reverse Sweep/vid234_44.avi,Reverse Sweep,9,vid234
Reverse Sweep/vid245_43.avi,Reverse Sweep,9,vid245
Reverse Sweep/vid257_28.avi,Reverse Sweep,9,vid257
Reverse Sweep/vid261_15.avi,Reverse Sweep,9,vid261
Reverse Sweep/vid270_19.avi,Reverse Sweep,9,vid270
Reverse Sweep/vid272_4.avi,Reverse Sweep,9,vid272
Reverse Sweep/vid280_1.avi,Reverse Sweep,9,vid280
Reverse Sweep/vid286_8.avi,Reverse Sweep,9,vid286
Reverse Sweep/vid290_18.avi,Reverse Sweep,9,vid290
Reverse Sweep/vid299_12.avi,Reverse Sweep,9,vid299
Reverse Sweep/vid29_0.avi,Reverse Sweep,9,vid29
Reverse Sweep/vid29_1.avi,Reverse Sweep,9,vid29
Reverse Sweep/vid29_13.avi,Reverse Sweep,9,vid29
Reverse Sweep/vid29_14.avi,Reverse Sweep,9,vid29
Reverse Sweep/vid29_15.avi,Reverse Sweep,9,vid29
Reverse Sweep/vid29_18.avi,Reverse Sweep,9,vid29
Reverse Sweep/vid29_2.avi,Reverse Sweep,9,vid29
Reverse Sweep/vid29_3.avi,Reverse Sweep,9,vid29
Reverse Sweep/vid29_4.avi,Reverse Sweep,9,vid29
Reverse Sweep/vid29_5.avi,Reverse Sweep,9,vid29
Reverse Sweep/vid29_7.avi,Reverse Sweep,9,vid29
Reverse Sweep/vid29_9.avi,Reverse Sweep,9,vid29
Reverse Sweep/vid2_32.avi,Reverse Sweep,9,vid2
Reverse Sweep/vid304_22.avi,Reverse Sweep,9,vid304
Reverse Sweep/vid327_40.avi,Reverse Sweep,9,vid327
Reverse Sweep/vid329_21.avi,Reverse Sweep,9,vid329
Reverse Sweep/vid340_2.avi,Reverse Sweep,9,vid340
Reverse Sweep/vid349_8.avi,Reverse Sweep,9,vid349
Reverse Sweep/vid353_9.avi,Reverse Sweep,9,vid353
Reverse Sweep/vid358_38.avi,Reverse Sweep,9,vid358
Reverse Sweep/vid358_39.avi,Reverse Sweep,9,vid358
Reverse Sweep/vid358_47.avi,Reverse Sweep,9,vid358
Reverse Sweep/vid358_8.avi,Reverse Sweep,9,vid358
Reverse Sweep/vid359_24.avi,Reverse Sweep,9,vid359
Reverse Sweep/vid359_5.avi,Reverse Sweep,9,vid359
Reverse Sweep/vid366_6.avi,Reverse Sweep,9,vid366
Reverse Sweep/vid366_7.avi,Reverse Sweep,9,vid366
Reverse Sweep/vid368_49.avi,Reverse Sweep,9,vid368
Reverse Sweep/vid369_24.avi,Reverse Sweep,9,vid369
Reverse Sweep/vid369_28.avi,Reverse Sweep,9,vid369
Reverse Sweep/vid370_39.avi,Reverse Sweep,9,vid370
Reverse Sweep/vid370_40.avi,Reverse Sweep,9,vid370
Reverse Sweep/vid373_27.avi,Reverse Sweep,9,vid373
Reverse Sweep/vid374_19.avi,Reverse Sweep,9,vid374
Reverse Sweep/vid374_7.avi,Reverse Sweep,9,vid374
Reverse Sweep/vid380_18.avi,Reverse Sweep,9,vid380
Reverse Sweep/vid380_27.avi,Reverse Sweep,9,vid380
Reverse Sweep/vid381_11.avi,Reverse Sweep,9,vid381
Reverse Sweep/vid384_2.avi,Reverse Sweep,9,vid384
Reverse Sweep/vid384_32.avi,Reverse Sweep,9,vid384
Reverse Sweep/vid384_35.avi,Reverse Sweep,9,vid384
Reverse Sweep/vid384_36.avi,Reverse Sweep,9,vid384
Reverse Sweep/vid384_37.avi,Reverse Sweep,9,vid384
Reverse Sweep/vid384_8.avi,Reverse Sweep,9,vid384
Reverse Sweep/vid389_5.avi,Reverse Sweep,9,vid389
Reverse Sweep/vid392_22.avi,Reverse Sweep,9,vid392
Reverse Sweep/vid392_24.avi,Reverse Sweep,9,vid392
Reverse Sweep/vid393_16.avi,Reverse Sweep,9,vid393
Reverse Sweep/vid397_19.avi,Reverse Sweep,9,vid397
Reverse Sweep/vid397_9.avi,Reverse Sweep,9,vid397
Reverse Sweep/vid400_24.avi,Reverse Sweep,9,vid400
Reverse Sweep/vid401_3.avi,Reverse Sweep,9,vid401
Reverse Sweep/vid417_4.avi,Reverse Sweep,9,vid417
Reverse Sweep/vid418_40.avi,Reverse Sweep,9,vid418
Reverse Sweep/vid422_13.avi,Reverse Sweep,9,vid422
Reverse Sweep/vid422_20.avi,Reverse Sweep,9,vid422
Reverse Sweep/vid427_21.avi,Reverse Sweep,9,vid427
Reverse Sweep/vid434_16.avi,Reverse Sweep,9,vid434
Reverse Sweep/vid435_12.avi,Reverse Sweep,9,vid435
Reverse Sweep/vid435_14.avi,Reverse Sweep,9,vid435
Reverse Sweep/vid435_17.avi,Reverse Sweep,9,vid435
Reverse Sweep/vid435_8.avi,Reverse Sweep,9,vid435
Reverse Sweep/vid437_60.avi,Reverse Sweep,9,vid437
Reverse Sweep/vid437_63.avi,Reverse Sweep,9,vid437
Reverse Sweep/vid438_43.avi,Reverse Sweep,9,vid438
Reverse Sweep/vid439_7.avi,Reverse Sweep,9,vid439
Reverse Sweep/vid43_17.avi,Reverse Sweep,9,vid43
Reverse Sweep/vid443_51.avi,Reverse Sweep,9,vid443
Reverse Sweep/vid453_41.avi,Reverse Sweep,9,vid453
Reverse Sweep/vid454_35.avi,Reverse Sweep,9,vid454
Reverse Sweep/vid456_36.avi,Reverse Sweep,9,vid456
Reverse Sweep/vid457_34.avi,Reverse Sweep,9,vid457
Reverse Sweep/vid457_46.avi,Reverse Sweep,9,vid457
Reverse Sweep/vid45_40.avi,Reverse Sweep,9,vid45
Reverse Sweep/vid45_41.avi,Reverse Sweep,9,vid45
Reverse Sweep/vid460_12.avi,Reverse Sweep,9,vid460
Reverse Sweep/vid474_0.avi,Reverse Sweep,9,vid474
Reverse Sweep/vid474_12.avi,Reverse Sweep,9,vid474
Reverse Sweep/vid480_18.avi,Reverse Sweep,9,vid480
Reverse Sweep/vid480_39.avi,Reverse Sweep,9,vid480
Reverse Sweep/vid480_43.avi,Reverse Sweep,9,vid480
Reverse Sweep/vid483_47.avi,Reverse Sweep,9,vid483
Reverse Sweep/vid483_49.avi,Reverse Sweep,9,vid483
Reverse Sweep/vid486_15.avi,Reverse Sweep,9,vid486
Reverse Sweep/vid486_16.avi,Reverse Sweep,9,vid486
Reverse Sweep/vid486_38.avi,Reverse Sweep,9,vid486
Reverse Sweep/vid488_47.avi,Reverse Sweep,9,vid488
Reverse Sweep/vid491_10.avi,Reverse Sweep,9,vid491
Reverse Sweep/vid499_10.avi,Reverse Sweep,9,vid499
Reverse Sweep/vid49_59.avi,Reverse Sweep,9,vid49
Reverse Sweep/vid503_37.avi,Reverse Sweep,9,vid503
Reverse Sweep/vid506_38.avi,Reverse Sweep,9,vid506
Reverse Sweep/vid509_16.avi,Reverse Sweep,9,vid509
Reverse Sweep/vid512_21.avi,Reverse Sweep,9,vid512
Reverse Sweep/vid512_23.avi,Reverse Sweep,9,vid512
Reverse Sweep/vid512_44.avi,Reverse Sweep,9,vid512
Reverse Sweep/vid515_58.avi,Reverse Sweep,9,vid515
Reverse Sweep/vid516_57.avi,Reverse Sweep,9,vid516
Reverse Sweep/vid518_14.avi,Reverse Sweep,9,vid518
Reverse Sweep/vid519_65.avi,Reverse Sweep,9,vid519
Reverse Sweep/vid520_11.avi,Reverse Sweep,9,vid520
Reverse Sweep/vid529_59.avi,Reverse Sweep,9,vid529
Reverse Sweep/vid529_65.avi,Reverse Sweep,9,vid529
Reverse Sweep/vid529_70.avi,Reverse Sweep,9,vid529
Reverse Sweep/vid532_47.avi,Reverse Sweep,9,vid532
Reverse Sweep/vid532_48.avi,Reverse Sweep,9,vid532
Reverse Sweep/vid532_65.avi,Reverse Sweep,9,vid532
Reverse Sweep/vid536_10.avi,Reverse Sweep,9,vid536
Reverse Sweep/vid536_6.avi,Reverse Sweep,9,vid536
Reverse Sweep/vid536_7.avi,Reverse Sweep,9,vid536
Reverse Sweep/vid55_61.avi,Reverse Sweep,9,vid55
Reverse Sweep/vid55_71.avi,Reverse Sweep,9,vid55
Reverse Sweep/vid55_75.avi,Reverse Sweep,9,vid55
Reverse Sweep/vid55_76.avi,Reverse Sweep,9,vid55
Reverse Sweep/vid55_82.avi,Reverse Sweep,9,vid55
Reverse Sweep/vid57_22.avi,Reverse Sweep,9,vid57
Reverse Sweep/vid65_20.avi,Reverse Sweep,9,vid65
Reverse Sweep/vid67_32.avi,Reverse Sweep,9,vid67
Reverse Sweep/vid67_36.avi,Reverse Sweep,9,vid67
Reverse Sweep/vid70_39.avi,Reverse Sweep,9,vid70
Reverse Sweep/vid75_7.avi,Reverse Sweep,9,vid75
Reverse Sweep/vid80_11.avi,Reverse Sweep,9,vid80
Reverse Sweep/vid88_41.avi,Reverse Sweep,9,vid88
Reverse Sweep/vid8_15.avi,Reverse Sweep,9,vid8
Reverse Sweep/vid8_19.avi,Reverse Sweep,9,vid8
Reverse Sweep/vid92_6.avi,Reverse Sweep,9,vid92
Reverse Sweep/vid92_9.avi,Reverse Sweep,9,vid92
Scoop/vid100_28.avi,Scoop,10,vid100
Scoop/vid100_50.avi,Scoop,10,vid100
Scoop/vid100_68.avi,Scoop,10,vid100
Scoop/vid113_12.avi,Scoop,10,vid113
Scoop/vid116_3.avi,Scoop,10,vid116
Scoop/vid118_12.avi,Scoop,10,vid118
Scoop/vid12_6.avi,Scoop,10,vid12
Scoop/vid130_15.avi,Scoop,10,vid130
Scoop/vid130_8.avi,Scoop,10,vid130
Scoop/vid131_16.avi,Scoop,10,vid131
Scoop/vid135_4.avi,Scoop,10,vid135
Scoop/vid13_11.avi,Scoop,10,vid13
Scoop/vid142_15.avi,Scoop,10,vid142
Scoop/vid150_9.avi,Scoop,10,vid150
Scoop/vid151_40.avi,Scoop,10,vid151
Scoop/vid153_5.avi,Scoop,10,vid153
Scoop/vid156_45.avi,Scoop,10,vid156
Scoop/vid17_14.avi,Scoop,10,vid17
Scoop/vid17_3.avi,Scoop,10,vid17
Scoop/vid187_12.avi,Scoop,10,vid187
Scoop/vid191_1.avi,Scoop,10,vid191
Scoop/vid191_3.avi,Scoop,10,vid191
Scoop/vid202_13.avi,Scoop,10,vid202
Scoop/vid208_23.avi,Scoop,10,vid208
Scoop/vid210_35.avi,Scoop,10,vid210
Scoop/vid212_30.avi,Scoop,10,vid212
Scoop/vid213_19.avi,Scoop,10,vid213
Scoop/vid234_40.avi,Scoop,10,vid234
Scoop/vid241_7.avi,Scoop,10,vid241
Scoop/vid245_44.avi,Scoop,10,vid245
Scoop/vid264_5.avi,Scoop,10,vid264
Scoop/vid271_18.avi,Scoop,10,vid271
Scoop/vid271_20.avi,Scoop,10,vid271
Scoop/vid278_10.avi,Scoop,10,vid278
Scoop/vid280_16.avi,Scoop,10,vid280
Scoop/vid312_2.avi,Scoop,10,vid312
Scoop/vid312_4.avi,Scoop,10,vid312
Scoop/vid312_5.avi,Scoop,10,vid312
Scoop/vid333_24.avi,Scoop,10,vid333
Scoop/vid333_32.avi,Scoop,10,vid333
Scoop/vid343_35.avi,Scoop,10,vid343
Scoop/vid355_19.avi,Scoop,10,vid355
Scoop/vid356_56.avi,Scoop,10,vid356
Scoop/vid358_32.avi,Scoop,10,vid358
Scoop/vid358_6.avi,Scoop,10,vid358
Scoop/vid359_28.avi,Scoop,10,vid359
Scoop/vid360_12.avi,Scoop,10,vid360
Scoop/vid362_25.avi,Scoop,10,vid362
Scoop/vid370_47.avi,Scoop,10,vid370
Scoop/vid370_51.avi,Scoop,10,vid370
Scoop/vid370_52.avi,Scoop,10,vid370
Scoop/vid371_22.avi,Scoop,10,vid371
Scoop/vid373_19.avi,Scoop,10,vid373
Scoop/vid373_2.avi,Scoop,10,vid373
Scoop/vid374_1.avi,Scoop,10,vid374
Scoop/vid374_23.avi,Scoop,10,vid374
Scoop/vid374_33.avi,Scoop,10,vid374
Scoop/vid381_0.avi,Scoop,10,vid381
Scoop/vid381_2.avi,Scoop,10,vid381
Scoop/vid381_21.avi,Scoop,10,vid381
Scoop/vid381_3.avi,Scoop,10,vid381
Scoop/vid381_7.avi,Scoop,10,vid381
Scoop/vid382_15.avi,Scoop,10,vid382
Scoop/vid382_16.avi,Scoop,10,vid382
Scoop/vid382_29.avi,Scoop,10,vid382
Scoop/vid384_46.avi,Scoop,10,vid384
Scoop/vid384_47.avi,Scoop,10,vid384
Scoop/vid384_5.avi,Scoop,10,vid384
Scoop/vid384_86.avi,Scoop,10,vid384
Scoop/vid385_16.avi,Scoop,10,vid385
Scoop/vid385_40.avi,Scoop,10,vid385
Scoop/vid385_45.avi,Scoop,10,vid385
Scoop/vid385_9.avi,Scoop,10,vid385
Scoop/vid389_27.avi,Scoop,10,vid389
Scoop/vid390_1.avi,Scoop,10,vid390
Scoop/vid392_18.avi,Scoop,10,vid392
Scoop/vid392_3.avi,Scoop,10,vid392
Scoop/vid393_28.avi,Scoop,10,vid393
Scoop/vid393_46.avi,Scoop,10,vid393
Scoop/vid393_49.avi,Scoop,10,vid393
Scoop/vid3_33.avi,Scoop,10,vid3
Scoop/vid401_25.avi,Scoop,10,vid401
Scoop/vid407_6.avi,Scoop,10,vid407
Scoop/vid417_26.avi,Scoop,10,vid417
Scoop/vid427_14.avi,Scoop,10,vid427
Scoop/vid431_15.avi,Scoop,10,vid431
Scoop/vid431_19.avi,Scoop,10,vid431
Scoop/vid431_50.avi,Scoop,10,vid431
Scoop/vid432_17.avi,Scoop,10,vid432
Scoop/vid435_28.avi,Scoop,10,vid435
Scoop/vid435_57.avi,Scoop,10,vid435
Scoop/vid436_10.avi,Scoop,10,vid436
Scoop/vid436_29.avi,Scoop,10,vid436
Scoop/vid436_57.avi,Scoop,10,vid436
Scoop/vid437_14.avi,Scoop,10,vid437
Scoop/vid437_53.avi,Scoop,10,vid437
Scoop/vid437_70.avi,Scoop,10,vid437
Scoop/vid43_19.avi,Scoop,10,vid43
Scoop/vid440_23.avi,Scoop,10,vid440
Scoop/vid440_39.avi,Scoop,10,vid440
Scoop/vid440_49.avi,Scoop,10,vid440
Scoop/vid441_54.avi,Scoop,10,vid441
Scoop/vid443_19.avi,Scoop,10,vid443
Scoop/vid443_20.avi,Scoop,10,vid443
Scoop/vid443_62.avi,Scoop,10,vid443
Scoop/vid444_58.avi,Scoop,10,vid444
Scoop/vid448_38.avi,Scoop,10,vid448
Scoop/vid448_47.avi,Scoop,10,vid448
Scoop/vid449_12.avi,Scoop,10,vid449
Scoop/vid455_1.avi,Scoop,10,vid455
Scoop/vid455_57.avi,Scoop,10,vid455
Scoop/vid458_15.avi,Scoop,10,vid458
Scoop/vid460_22.avi,Scoop,10,vid460
Scoop/vid460_31.avi,Scoop,10,vid460
Scoop/vid461_7.avi,Scoop,10,vid461
Scoop/vid461_8.avi,Scoop,10,vid461
Scoop/vid468_21.avi,Scoop,10,vid468
Scoop/vid46_70.avi,Scoop,10,vid46
Scoop/vid471_44.avi,Scoop,10,vid471
Scoop/vid475_33.avi,Scoop,10,vid475
Scoop/vid475_37.avi,Scoop,10,vid475
Scoop/vid47_12.avi,Scoop,10,vid47
Scoop/vid480_1.avi,Scoop,10,vid480
Scoop/vid480_33.avi,Scoop,10,vid480
Scoop/vid480_45.avi,Scoop,10,vid480
Scoop/vid483_33.avi,Scoop,10,vid483
Scoop/vid488_19.avi,Scoop,10,vid488
Scoop/vid488_38.avi,Scoop,10,vid488
Scoop/vid48_34.avi,Scoop,10,vid48
Scoop/vid491_14.avi,Scoop,10,vid491
Scoop/vid491_3.avi,Scoop,10,vid491
Scoop/vid492_14.avi,Scoop,10,vid492
Scoop/vid495_1.avi,Scoop,10,vid495
Scoop/vid495_18.avi,Scoop,10,vid495
Scoop/vid495_50.avi,Scoop,10,vid495
Scoop/vid498_26.avi,Scoop,10,vid498
Scoop/vid499_13.avi,Scoop,10,vid499
Scoop/vid499_20.avi,Scoop,10,vid499
Scoop/vid499_23.avi,Scoop,10,vid499
Scoop/vid499_31.avi,Scoop,10,vid499
Scoop/vid49_14.avi,Scoop,10,vid49
Scoop/vid49_48.avi,Scoop,10,vid49
Scoop/vid504_15.avi,Scoop,10,vid504
Scoop/vid504_32.avi,Scoop,10,vid504
Scoop/vid505_22.avi,Scoop,10,vid505
Scoop/vid505_25.avi,Scoop,10,vid505
Scoop/vid506_1.avi,Scoop,10,vid506
Scoop/vid506_39.avi,Scoop,10,vid506
Scoop/vid506_40.avi,Scoop,10,vid506
Scoop/vid509_43.avi,Scoop,10,vid509
Scoop/vid511_18.avi,Scoop,10,vid511
Scoop/vid511_21.avi,Scoop,10,vid511
Scoop/vid511_57.avi,Scoop,10,vid511
Scoop/vid512_12.avi,Scoop,10,vid512
Scoop/vid516_35.avi,Scoop,10,vid516
Scoop/vid516_37.avi,Scoop,10,vid516
Scoop/vid516_58.avi,Scoop,10,vid516
Scoop/vid520_58.avi,Scoop,10,vid520
Scoop/vid529_73.avi,Scoop,10,vid529
Scoop/vid529_74.avi,Scoop,10,vid529
Scoop/vid532_30.avi,Scoop,10,vid532
Scoop/vid532_44.avi,Scoop,10,vid532
Scoop/vid532_51.avi,Scoop,10,vid532
Scoop/vid532_52.avi,Scoop,10,vid532
Scoop/vid534_21.avi,Scoop,10,vid534
Scoop/vid535_38.avi,Scoop,10,vid535
Scoop/vid55_26.avi,Scoop,10,vid55
Scoop/vid55_28.avi,Scoop,10,vid55
Scoop/vid56_41.avi,Scoop,10,vid56
Scoop/vid57_27.avi,Scoop,10,vid57
Scoop/vid5_16.avi,Scoop,10,vid5
Scoop/vid62_53.avi,Scoop,10,vid62
Scoop/vid67_37.avi,Scoop,10,vid67
Scoop/vid68_34.avi,Scoop,10,vid68
Scoop/vid6_12.avi,Scoop,10,vid6
Scoop/vid76_36.avi,Scoop,10,vid76
Scoop/vid77_44.avi,Scoop,10,vid77
Scoop/vid80_3.avi,Scoop,10,vid80
Scoop/vid92_45.avi,Scoop,10,vid92
Scoop/vid99_29.avi,Scoop,10,vid99
Square Cut/vid100_25.avi,Square Cut,11,vid100
Square Cut/vid100_37.avi,Square Cut,11,vid100
Square Cut/vid100_4.avi,Square Cut,11,vid100
Square Cut/vid100_57.avi,Square Cut,11,vid100
Square Cut/vid104_21.avi,Square Cut,11,vid104
Square Cut/vid106_0.avi,Square Cut,11,vid106
Square Cut/vid106_22.avi,Square Cut,11,vid106
Square Cut/vid106_24.avi,Square Cut,11,vid106
Square Cut/vid106_6.avi,Square Cut,11,vid106
Square Cut/vid107_1.avi,Square Cut,11,vid107
Square Cut/vid108_26.avi,Square Cut,11,vid108
Square Cut/vid10_0.avi,Square Cut,11,vid10
Square Cut/vid10_21.avi,Square Cut,11,vid10
Square Cut/vid111_1.avi,Square Cut,11,vid111
Square Cut/vid111_7.avi,Square Cut,11,vid111
Square Cut/vid112_10.avi,Square Cut,11,vid112
Square Cut/vid112_4.avi,Square Cut,11,vid112
Square Cut/vid113_9.avi,Square Cut,11,vid113
Square Cut/vid116_24.avi,Square Cut,11,vid116
Square Cut/vid116_29.avi,Square Cut,11,vid116
Square Cut/vid116_34.avi,Square Cut,11,vid116
Square Cut/vid117_17.avi,Square Cut,11,vid117
Square Cut/vid118_9.avi,Square Cut,11,vid118
Square Cut/vid121_10.avi,Square Cut,11,vid121
Square Cut/vid121_18.avi,Square Cut,11,vid121
Square Cut/vid121_30.avi,Square Cut,11,vid121
Square Cut/vid122_25.avi,Square Cut,11,vid122
Square Cut/vid122_26.avi,Square Cut,11,vid122
Square Cut/vid123_0.avi,Square Cut,11,vid123
Square Cut/vid123_1.avi,Square Cut,11,vid123
Square Cut/vid123_31.avi,Square Cut,11,vid123
Square Cut/vid128_0.avi,Square Cut,11,vid128
Square Cut/vid128_20.avi,Square Cut,11,vid128
Square Cut/vid128_21.avi,Square Cut,11,vid128
Square Cut/vid129_18.avi,Square Cut,11,vid129
Square Cut/vid129_22.avi,Square Cut,11,vid129
Square Cut/vid129_34.avi,Square Cut,11,vid129
Square Cut/vid129_4.avi,Square Cut,11,vid129
Square Cut/vid129_5.avi,Square Cut,11,vid129
Square Cut/vid12_2.avi,Square Cut,11,vid12
Square Cut/vid12_45.avi,Square Cut,11,vid12
Square Cut/vid130_12.avi,Square Cut,11,vid130
Square Cut/vid130_13.avi,Square Cut,11,vid130
Square Cut/vid130_14.avi,Square Cut,11,vid130
Square Cut/vid130_29.avi,Square Cut,11,vid130
Square Cut/vid130_3.avi,Square Cut,11,vid130
Square Cut/vid130_4.avi,Square Cut,11,vid130
Square Cut/vid131_12.avi,Square Cut,11,vid131
Square Cut/vid133_20.avi,Square Cut,11,vid133
Square Cut/vid133_6.avi,Square Cut,11,vid133
Square Cut/vid134_0.avi,Square Cut,11,vid134
Square Cut/vid134_3.avi,Square Cut,11,vid134
Square Cut/vid135_5.avi,Square Cut,11,vid135
Square Cut/vid137_33.avi,Square Cut,11,vid137
Square Cut/vid138_13.avi,Square Cut,11,vid138
Square Cut/vid13_1.avi,Square Cut,11,vid13
Square Cut/vid13_32.avi,Square Cut,11,vid13
Square Cut/vid13_58.avi,Square Cut,11,vid13
Square Cut/vid142_22.avi,Square Cut,11,vid142
Square Cut/vid144_2.avi,Square Cut,11,vid144
Square Cut/vid146_12.avi,Square Cut,11,vid146
Square Cut/vid146_14.avi,Square Cut,11,vid146
Square Cut/vid146_26.avi,Square Cut,11,vid146
Square Cut/vid146_32.avi,Square Cut,11,vid146
Square Cut/vid146_9.avi,Square Cut,11,vid146
Square Cut/vid150_19.avi,Square Cut,11,vid150
Square Cut/vid151_29.avi,Square Cut,11,vid151
Square Cut/vid151_37.avi,Square Cut,11,vid151
Square Cut/vid151_5.avi,Square Cut,11,vid151
Square Cut/vid153_24.avi,Square Cut,11,vid153
Square Cut/vid153_7.avi,Square Cut,11,vid153
Square Cut/vid154_20.avi,Square Cut,11,vid154
Square Cut/vid154_23.avi,Square Cut,11,vid154
Square Cut/vid154_25.avi,Square Cut,11,vid154
Square Cut/vid154_30.avi,Square Cut,11,vid154
Square Cut/vid154_34.avi,Square Cut,11,vid154
Square Cut/vid154_8.avi,Square Cut,11,vid154
Square Cut/vid156_6.avi,Square Cut,11,vid156
Square Cut/vid156_9.avi,Square Cut,11,vid156
Square Cut/vid162_16.avi,Square Cut,11,vid162
Square Cut/vid162_44.avi,Square Cut,11,vid162
Square Cut/vid166_24.avi,Square Cut,11,vid166
Square Cut/vid168_34.avi,Square Cut,11,vid168
Square Cut/vid168_37.avi,Square Cut,11,vid168
Square Cut/vid170_8.avi,Square Cut,11,vid170
Square Cut/vid172_0.avi,Square Cut,11,vid172
Square Cut/vid172_18.avi,Square Cut,11,vid172
Square Cut/vid174_6.avi,Square Cut,11,vid174
Square Cut/vid175_17.avi,Square Cut,11,vid175
Square Cut/vid175_8.avi,Square Cut,11,vid175
Square Cut/vid177_14.avi,Square Cut,11,vid177
Square Cut/vid177_9.avi,Square Cut,11,vid177
Square Cut/vid178_28.avi,Square Cut,11,vid178
Square Cut/vid178_3.avi,Square Cut,11,vid178
Square Cut/vid178_32.avi,Square Cut,11,vid178
Square Cut/vid178_9.avi,Square Cut,11,vid178
Square Cut/vid179_7.avi,Square Cut,11,vid179
Square Cut/vid180_2.avi,Square Cut,11,vid180
Square Cut/vid182_17.avi,Square Cut,11,vid182
Square Cut/vid182_2.avi,Square Cut,11,vid182
Square Cut/vid186_0.avi,Square Cut,11,vid186
Square Cut/vid186_1.avi,Square Cut,11,vid186
Square Cut/vid187_2.avi,Square Cut,11,vid187
Square Cut/vid187_3.avi,Square Cut,11,vid187
Square Cut/vid190_2.avi,Square Cut,11,vid190
Square Cut/vid196_1.avi,Square Cut,11,vid196
Square Cut/vid198_14.avi,Square Cut,11,vid198
Square Cut/vid198_4.avi,Square Cut,11,vid198
Square Cut/vid199_3.avi,Square Cut,11,vid199
Square Cut/vid207_44.avi,Square Cut,11,vid207
Square Cut/vid207_50.avi,Square Cut,11,vid207
Square Cut/vid207_54.avi,Square Cut,11,vid207
Square Cut/vid208_16.avi,Square Cut,11,vid208
Square Cut/vid208_28.avi,Square Cut,11,vid208
Square Cut/vid208_31.avi,Square Cut,11,vid208
Square Cut/vid208_35.avi,Square Cut,11,vid208
Square Cut/vid209_22.avi,Square Cut,11,vid209
Square Cut/vid210_31.avi,Square Cut,11,vid210
Square Cut/vid210_32.avi,Square Cut,11,vid210
Square Cut/vid210_34.avi,Square Cut,11,vid210
Square Cut/vid210_47.avi,Square Cut,11,vid210
Square Cut/vid210_5.avi,Square Cut,11,vid210
Square Cut/vid211_0.avi,Square Cut,11,vid211
Square Cut/vid212_11.avi,Square Cut,11,vid212
Square Cut/vid213_17.avi,Square Cut,11,vid213
Square Cut/vid213_46.avi,Square Cut,11,vid213
Square Cut/vid215_35.avi,Square Cut,11,vid215
Square Cut/vid215_46.avi,Square Cut,11,vid215
Square Cut/vid216_17.avi,Square Cut,11,vid216
Square Cut/vid216_25.avi,Square Cut,11,vid216
Square Cut/vid216_32.avi,Square Cut,11,vid216
Square Cut/vid216_33.avi,Square Cut,11,vid216
Square Cut/vid216_34.avi,Square Cut,11,vid216
Square Cut/vid219_9.avi,Square Cut,11,vid219
Square Cut/vid221_15.avi,Square Cut,11,vid221
Square Cut/vid222_36.avi,Square Cut,11,vid222
Square Cut/vid222_6.avi,Square Cut,11,vid222
Square Cut/vid222_8.avi,Square Cut,11,vid222
Square Cut/vid223_21.avi,Square Cut,11,vid223
Square Cut/vid223_27.avi,Square Cut,11,vid223
Square Cut/vid223_31.avi,Square Cut,11,vid223
Square Cut/vid224_25.avi,Square Cut,11,vid224
Square Cut/vid225_0.avi,Square Cut,11,vid225
Square Cut/vid225_11.avi,Square Cut,11,vid225
Square Cut/vid225_13.avi,Square Cut,11,vid225
Square Cut/vid225_16.avi,Square Cut,11,vid225
Square Cut/vid225_17.avi,Square Cut,11,vid225
Square Cut/vid226_12.avi,Square Cut,11,vid226
Square Cut/vid226_2.avi,Square Cut,11,vid226
Square Cut/vid226_20.avi,Square Cut,11,vid226
Square Cut/vid226_38.avi,Square Cut,11,vid226
Square Cut/vid226_39.avi,Square Cut,11,vid226
Square Cut/vid226_50.avi,Square Cut,11,vid226
Square Cut/vid227_11.avi,Square Cut,11,vid227
Square Cut/vid227_13.avi,Square Cut,11,vid227
Square Cut/vid227_31.avi,Square Cut,11,vid227
Square Cut/vid227_34.avi,Square Cut,11,vid227
Square Cut/vid227_37.avi,Square Cut,11,vid227
Square Cut/vid227_8.avi,Square Cut,11,vid227
Square Cut/vid228_23.avi,Square Cut,11,vid228
Square Cut/vid228_8.avi,Square Cut,11,vid228
Square Cut/vid229_16.avi,Square Cut,11,vid229
Square Cut/vid229_22.avi,Square Cut,11,vid229
Square Cut/vid229_8.avi,Square Cut,11,vid229
Square Cut/vid230_12.avi,Square Cut,11,vid230
Square Cut/vid230_24.avi,Square Cut,11,vid230
Square Cut/vid230_31.avi,Square Cut,11,vid230
Square Cut/vid230_9.avi,Square Cut,11,vid230
Square Cut/vid231_18.avi,Square Cut,11,vid231
Square Cut/vid231_21.avi,Square Cut,11,vid231
Square Cut/vid231_24.avi,Square Cut,11,vid231
Square Cut/vid231_27.avi,Square Cut,11,vid231
Square Cut/vid233_12.avi,Square Cut,11,vid233
Square Cut/vid233_3.avi,Square Cut,11,vid233
Square Cut/vid233_32.avi,Square Cut,11,vid233
Square Cut/vid233_4.avi,Square Cut,11,vid233
Square Cut/vid233_41.avi,Square Cut,11,vid233
Square Cut/vid234_1.avi,Square Cut,11,vid234
Square Cut/vid234_6.avi,Square Cut,11,vid234
Square Cut/vid237_15.avi,Square Cut,11,vid237
Square Cut/vid237_24.avi,Square Cut,11,vid237
Square Cut/vid239_34.avi,Square Cut,11,vid239
Square Cut/vid240_48.avi,Square Cut,11,vid240
Square Cut/vid240_53.avi,Square Cut,11,vid240
Square Cut/vid240_60.avi,Square Cut,11,vid240
Square Cut/vid241_17.avi,Square Cut,11,vid241
Square Cut/vid242_31.avi,Square Cut,11,vid242
Square Cut/vid244_22.avi,Square Cut,11,vid244
Square Cut/vid244_27.avi,Square Cut,11,vid244
Square Cut/vid244_28.avi,Square Cut,11,vid244
Square Cut/vid244_29.avi,Square Cut,11,vid244
Square Cut/vid244_33.avi,Square Cut,11,vid244
Square Cut/vid244_35.avi,Square Cut,11,vid244
Square Cut/vid245_14.avi,Square Cut,11,vid245
Square Cut/vid245_20.avi,Square Cut,11,vid245
Square Cut/vid245_21.avi,Square Cut,11,vid245
Square Cut/vid245_35.avi,Square Cut,11,vid245
Square Cut/vid245_4.avi,Square Cut,11,vid245
Square Cut/vid245_49.avi,Square Cut,11,vid245
Square Cut/vid245_5.avi,Square Cut,11,vid245
Square Cut/vid245_50.avi,Square Cut,11,vid245
Square Cut/vid245_53.avi,Square Cut,11,vid245
Square Cut/vid246_0.avi,Square Cut,11,vid246
Square Cut/vid247_33.avi,Square Cut,11,vid247
Square Cut/vid249_12.avi,Square Cut,11,vid249
Square Cut/vid249_24.avi,Square Cut,11,vid249
Square Cut/vid249_42.avi,Square Cut,11,vid249
Square Cut/vid24_41.avi,Square Cut,11,vid24
Square Cut/vid250_14.avi,Square Cut,11,vid250
Square Cut/vid250_18.avi,Square Cut,11,vid250
Square Cut/vid250_9.avi,Square Cut,11,vid250
Square Cut/vid256_3.avi,Square Cut,11,vid256
Square Cut/vid261_25.avi,Square Cut,11,vid261
Square Cut/vid261_28.avi,Square Cut,11,vid261
Square Cut/vid266_2.avi,Square Cut,11,vid266
Square Cut/vid26_2.avi,Square Cut,11,vid26
Square Cut/vid26_31.avi,Square Cut,11,vid26
Square Cut/vid26_33.avi,Square Cut,11,vid26
Square Cut/vid277_0.avi,Square Cut,11,vid277
Square Cut/vid277_11.avi,Square Cut,11,vid277
Square Cut/vid277_21.avi,Square Cut,11,vid277
Square Cut/vid285_10.avi,Square Cut,11,vid285
Square Cut/vid285_5.avi,Square Cut,11,vid285
Square Cut/vid288_10.avi,Square Cut,11,vid288
Square Cut/vid288_6.avi,Square Cut,11,vid288
Square Cut/vid292_3.avi,Square Cut,11,vid292
Square Cut/vid295_1.avi,Square Cut,11,vid295
Square Cut/vid295_31.avi,Square Cut,11,vid295
Square Cut/vid295_36.avi,Square Cut,11,vid295
Square Cut/vid295_4.avi,Square Cut,11,vid295
Square Cut/vid295_41.avi,Square Cut,11,vid295
Square Cut/vid296_30.avi,Square Cut,11,vid296
Square Cut/vid296_34.avi,Square Cut,11,vid296
Square Cut/vid298_10.avi,Square Cut,11,vid298
Square Cut/vid298_15.avi,Square Cut,11,vid298
Square Cut/vid298_18.avi,Square Cut,11,vid298
Square Cut/vid298_23.avi,Square Cut,11,vid298
Square Cut/vid299_14.avi,Square Cut,11,vid299
Square Cut/vid2_19.avi,Square Cut,11,vid2
Square Cut/vid2_3.avi,Square Cut,11,vid2
Square Cut/vid302_13.avi,Square Cut,11,vid302
Square Cut/vid303_4.avi,Square Cut,11,vid303
Square Cut/vid303_7.avi,Square Cut,11,vid303
Square Cut/vid304_7.avi,Square Cut,11,vid304
Square Cut/vid306_10.avi,Square Cut,11,vid306
Square Cut/vid306_14.avi,Square Cut,11,vid306
Square Cut/vid308_6.avi,Square Cut,11,vid308
Square Cut/vid30_10.avi,Square Cut,11,vid30
Square Cut/vid310_5.avi,Square Cut,11,vid310
Square Cut/vid315_30.avi,Square Cut,11,vid315
Square Cut/vid316_13.avi,Square Cut,11,vid316
Square Cut/vid316_14.avi,Square Cut,11,vid316
Square Cut/vid316_27.avi,Square Cut,11,vid316
Square Cut/vid317_12.avi,Square Cut,11,vid317
Square Cut/vid317_18.avi,Square Cut,11,vid317
Square Cut/vid317_27.avi,Square Cut,11,vid317
Square Cut/vid318_13.avi,Square Cut,11,vid318
Square Cut/vid318_7.avi,Square Cut,11,vid318
Square Cut/vid320_14.avi,Square Cut,11,vid320
Square Cut/vid320_15.avi,Square Cut,11,vid320
Square Cut/vid320_46.avi,Square Cut,11,vid320
Square Cut/vid320_50.avi,Square Cut,11,vid320
Square Cut/vid323_16.avi,Square Cut,11,vid323
Square Cut/vid323_20.avi,Square Cut,11,vid323
Square Cut/vid323_21.avi,Square Cut,11,vid323
Square Cut/vid32_17.avi,Square Cut,11,vid32
Square Cut/vid330_6.avi,Square Cut,11,vid330
Square Cut/vid333_5.avi,Square Cut,11,vid333
Square Cut/vid334_8.avi,Square Cut,11,vid334
Square Cut/vid335_28.avi,Square Cut,11,vid335
Square Cut/vid33_2.avi,Square Cut,11,vid33
Square Cut/vid340_17.avi,Square Cut,11,vid340
Square Cut/vid340_19.avi,Square Cut,11,vid340
Square Cut/vid340_21.avi,Square Cut,11,vid340
Square Cut/vid341_11.avi,Square Cut,11,vid341
Square Cut/vid341_3.avi,Square Cut,11,vid341
Square Cut/vid343_26.avi,Square Cut,11,vid343
Square Cut/vid343_27.avi,Square Cut,11,vid343
Square Cut/vid347_6.avi,Square Cut,11,vid347
Square Cut/vid347_7.avi,Square Cut,11,vid347
Square Cut/vid34_19.avi,Square Cut,11,vid34
Square Cut/vid34_20.avi,Square Cut,11,vid34
Square Cut/vid34_24.avi,Square Cut,11,vid34
Square Cut/vid34_9.avi,Square Cut,11,vid34
Square Cut/vid353_6.avi,Square Cut,11,vid353
Square Cut/vid355_14.avi,Square Cut,11,vid355
Square Cut/vid355_16.avi,Square Cut,11,vid355
Square Cut/vid355_2.avi,Square Cut,11,vid355
Square Cut/vid356_11.avi,Square Cut,11,vid356
Square Cut/vid356_34.avi,Square Cut,11,vid356
Square Cut/vid356_36.avi,Square Cut,11,vid356
Square Cut/vid356_42.avi,Square Cut,11,vid356
Square Cut/vid358_28.avi,Square Cut,11,vid358
Square Cut/vid358_4.avi,Square Cut,11,vid358
Square Cut/vid358_57.avi,Square Cut,11,vid358
Square Cut/vid359_22.avi,Square Cut,11,vid359
Square Cut/vid359_25.avi,Square Cut,11,vid359
Square Cut/vid360_44.avi,Square Cut,11,vid360
Square Cut/vid360_50.avi,Square Cut,11,vid360
Square Cut/vid360_74.avi,Square Cut,11,vid360
Square Cut/vid362_50.avi,Square Cut,11,vid362
Square Cut/vid366_0.avi,Square Cut,11,vid366
Square Cut/vid366_2.avi,Square Cut,11,vid366
Square Cut/vid366_26.avi,Square Cut,11,vid366
Square Cut/vid366_42.avi,Square Cut,11,vid366
Square Cut/vid368_0.avi,Square Cut,11,vid368
Square Cut/vid368_19.avi,Square Cut,11,vid368
Square Cut/vid368_35.avi,Square Cut,11,vid368
Square Cut/vid368_50.avi,Square Cut,11,vid368
Square Cut/vid369_27.avi,Square Cut,11,vid369
Square Cut/vid370_57.avi,Square Cut,11,vid370
Square Cut/vid371_0.avi,Square Cut,11,vid371
Square Cut/vid371_16.avi,Square Cut,11,vid371
Square Cut/vid371_19.avi,Square Cut,11,vid371
Square Cut/vid373_26.avi,Square Cut,11,vid373
Square Cut/vid373_35.avi,Square Cut,11,vid373
Square Cut/vid373_36.avi,Square Cut,11,vid373
Square Cut/vid374_49.avi,Square Cut,11,vid374
Square Cut/vid375_37.avi,Square Cut,11,vid375
Square Cut/vid375_4.avi,Square Cut,11,vid375
Square Cut/vid376_22.avi,Square Cut,11,vid376
Square Cut/vid378_18.avi,Square Cut,11,vid378
Square Cut/vid378_22.avi,Square Cut,11,vid378
Square Cut/vid378_28.avi,Square Cut,11,vid378
Square Cut/vid378_31.avi,Square Cut,11,vid378
Square Cut/vid380_17.avi,Square Cut,11,vid380
Square Cut/vid380_26.avi,Square Cut,11,vid380
Square Cut/vid380_33.avi,Square Cut,11,vid380
Square Cut/vid380_40.avi,Square Cut,11,vid380
Square Cut/vid384_0.avi,Square Cut,11,vid384
Square Cut/vid384_4.avi,Square Cut,11,vid384
Square Cut/vid384_48.avi,Square Cut,11,vid384
Square Cut/vid384_54.avi,Square Cut,11,vid384
Square Cut/vid384_75.avi,Square Cut,11,vid384
Square Cut/vid385_13.avi,Square Cut,11,vid385
Square Cut/vid385_14.avi,Square Cut,11,vid385
Square Cut/vid385_18.avi,Square Cut,11,vid385
Square Cut/vid386_34.avi,Square Cut,11,vid386
Square Cut/vid388_0.avi,Square Cut,11,vid388
Square Cut/vid388_13.avi,Square Cut,11,vid388
Square Cut/vid388_18.avi,Square Cut,11,vid388
Square Cut/vid388_30.avi,Square Cut,11,vid388
Square Cut/vid388_31.avi,Square Cut,11,vid388
Square Cut/vid388_35.avi,Square Cut,11,vid388
Square Cut/vid388_39.avi,Square Cut,11,vid388
Square Cut/vid388_41.avi,Square Cut,11,vid388
Square Cut/vid389_15.avi,Square Cut,11,vid389
Square Cut/vid389_2.avi,Square Cut,11,vid389
Square Cut/vid389_40.avi,Square Cut,11,vid389
Square Cut/vid389_52.avi,Square Cut,11,vid389
Square Cut/vid390_12.avi,Square Cut,11,vid390
Square Cut/vid390_18.avi,Square Cut,11,vid390
Square Cut/vid390_26.avi,Square Cut,11,vid390
Square Cut/vid390_3.avi,Square Cut,11,vid390
Square Cut/vid390_38.avi,Square Cut,11,vid390
Square Cut/vid390_42.avi,Square Cut,11,vid390
Square Cut/vid390_43.avi,Square Cut,11,vid390
Square Cut/vid390_44.avi,Square Cut,11,vid390
Square Cut/vid390_50.avi,Square Cut,11,vid390
Square Cut/vid392_4.avi,Square Cut,11,vid392
Square Cut/vid393_12.avi,Square Cut,11,vid393
Square Cut/vid393_3.avi,Square Cut,11,vid393
Square Cut/vid393_35.avi,Square Cut,11,vid393
Square Cut/vid393_50.avi,Square Cut,11,vid393
Square Cut/vid397_7.avi,Square Cut,11,vid397
Square Cut/vid400_11.avi,Square Cut,11,vid400
Square Cut/vid400_13.avi,Square Cut,11,vid400
Square Cut/vid400_27.avi,Square Cut,11,vid400
Square Cut/vid401_21.avi,Square Cut,11,vid401
Square Cut/vid406_29.avi,Square Cut,11,vid406
Square Cut/vid409_19.avi,Square Cut,11,vid409
Square Cut/vid409_7.avi,Square Cut,11,vid409
Square Cut/vid410_5.avi,Square Cut,11,vid410
Square Cut/vid411_21.avi,Square Cut,11,vid411
Square Cut/vid417_1.avi,Square Cut,11,vid417
Square Cut/vid418_25.avi,Square Cut,11,vid418
Square Cut/vid418_27.avi,Square Cut,11,vid418
Square Cut/vid418_8.avi,Square Cut,11,vid418
Square Cut/vid418_9.avi,Square Cut,11,vid418
Square Cut/vid419_1.avi,Square Cut,11,vid419
Square Cut/vid41_12.avi,Square Cut,11,vid41
Square Cut/vid425_10.avi,Square Cut,11,vid425
Square Cut/vid427_1.avi,Square Cut,11,vid427
Square Cut/vid42_20.avi,Square Cut,11,vid42
Square Cut/vid42_4.avi,Square Cut,11,vid42
Square Cut/vid42_43.avi,Square Cut,11,vid42
Square Cut/vid42_5.avi,Square Cut,11,vid42
Square Cut/vid42_56.avi,Square Cut,11,vid42
Square Cut/vid431_0.avi,Square Cut,11,vid431
Square Cut/vid431_28.avi,Square Cut,11,vid431
Square Cut/vid431_29.avi,Square Cut,11,vid431
Square Cut/vid431_40.avi,Square Cut,11,vid431
Square Cut/vid432_28.avi,Square Cut,11,vid432
Square Cut/vid432_30.avi,Square Cut,11,vid432
Square Cut/vid434_38.avi,Square Cut,11,vid434
Square Cut/vid434_63.avi,Square Cut,11,vid434
Square Cut/vid435_2.avi,Square Cut,11,vid435
Square Cut/vid435_3.avi,Square Cut,11,vid435
Square Cut/vid435_33.avi,Square Cut,11,vid435
Square Cut/vid435_41.avi,Square Cut,11,vid435
Square Cut/vid435_43.avi,Square Cut,11,vid435
Square Cut/vid435_44.avi,Square Cut,11,vid435
Square Cut/vid436_25.avi,Square Cut,11,vid436
Square Cut/vid436_33.avi,Square Cut,11,vid436
Square Cut/vid436_47.avi,Square Cut,11,vid436
Square Cut/vid436_9.avi,Square Cut,11,vid436
Square Cut/vid437_3.avi,Square Cut,11,vid437
Square Cut/vid437_43.avi,Square Cut,11,vid437
Square Cut/vid437_47.avi,Square Cut,11,vid437
Square Cut/vid437_55.avi,Square Cut,11,vid437
Square Cut/vid438_13.avi,Square Cut,11,vid438
Square Cut/vid438_14.avi,Square Cut,11,vid438
Square Cut/vid438_19.avi,Square Cut,11,vid438
Square Cut/vid438_23.avi,Square Cut,11,vid438
Square Cut/vid438_27.avi,Square Cut,11,vid438
Square Cut/vid438_35.avi,Square Cut,11,vid438
Square Cut/vid439_42.avi,Square Cut,11,vid439
Square Cut/vid439_50.avi,Square Cut,11,vid439
Square Cut/vid439_53.avi,Square Cut,11,vid439
Square Cut/vid43_63.avi,Square Cut,11,vid43
Square Cut/vid440_17.avi,Square Cut,11,vid440
Square Cut/vid441_11.avi,Square Cut,11,vid441
Square Cut/vid441_12.avi,Square Cut,11,vid441
Square Cut/vid441_13.avi,Square Cut,11,vid441
Square Cut/vid441_35.avi,Square Cut,11,vid441
Square Cut/vid441_6.avi,Square Cut,11,vid441
Square Cut/vid443_2.avi,Square Cut,11,vid443
Square Cut/vid443_24.avi,Square Cut,11,vid443
Square Cut/vid443_41.avi,Square Cut,11,vid443
Square Cut/vid444_14.avi,Square Cut,11,vid444
Square Cut/vid444_18.avi,Square Cut,11,vid444
Square Cut/vid444_26.avi,Square Cut,11,vid444
Square Cut/vid444_32.avi,Square Cut,11,vid444
Square Cut/vid444_49.avi,Square Cut,11,vid444
Square Cut/vid448_21.avi,Square Cut,11,vid448
Square Cut/vid449_49.avi,Square Cut,11,vid449
Square Cut/vid453_34.avi,Square Cut,11,vid453
Square Cut/vid453_40.avi,Square Cut,11,vid453
Square Cut/vid453_50.avi,Square Cut,11,vid453
Square Cut/vid453_8.avi,Square Cut,11,vid453
Square Cut/vid454_14.avi,Square Cut,11,vid454
Square Cut/vid454_33.avi,Square Cut,11,vid454
Square Cut/vid454_7.avi,Square Cut,11,vid454
Square Cut/vid454_9.avi,Square Cut,11,vid454
Square Cut/vid455_16.avi,Square Cut,11,vid455
Square Cut/vid455_4.avi,Square Cut,11,vid455
Square Cut/vid455_45.avi,Square Cut,11,vid455
Square Cut/vid456_0.avi,Square Cut,11,vid456
Square Cut/vid456_3.avi,Square Cut,11,vid456
Square Cut/vid456_6.avi,Square Cut,11,vid456
Square Cut/vid456_9.avi,Square Cut,11,vid456
Square Cut/vid458_26.avi,Square Cut,11,vid458
Square Cut/vid45_10.avi,Square Cut,11,vid45
Square Cut/vid45_22.avi,Square Cut,11,vid45
Square Cut/vid45_3.avi,Square Cut,11,vid45
Square Cut/vid45_36.avi,Square Cut,11,vid45
Square Cut/vid460_1.avi,Square Cut,11,vid460
Square Cut/vid460_2.avi,Square Cut,11,vid460
Square Cut/vid460_32.avi,Square Cut,11,vid460
Square Cut/vid460_37.avi,Square Cut,11,vid460
Square Cut/vid460_41.avi,Square Cut,11,vid460
Square Cut/vid460_42.avi,Square Cut,11,vid460
Square Cut/vid466_7.avi,Square Cut,11,vid466
Square Cut/vid46_12.avi,Square Cut,11,vid46
Square Cut/vid472_25.avi,Square Cut,11,vid472
Square Cut/vid472_47.avi,Square Cut,11,vid472
Square Cut/vid472_51.avi,Square Cut,11,vid472
Square Cut/vid473_13.avi,Square Cut,11,vid473
Square Cut/vid473_28.avi,Square Cut,11,vid473
Square Cut/vid473_48.avi,Square Cut,11,vid473
Square Cut/vid474_29.avi,Square Cut,11,vid474
Square Cut/vid474_8.avi,Square Cut,11,vid474
Square Cut/vid475_10.avi,Square Cut,11,vid475
Square Cut/vid475_12.avi,Square Cut,11,vid475
Square Cut/vid480_32.avi,Square Cut,11,vid480
Square Cut/vid480_9.avi,Square Cut,11,vid480
Square Cut/vid481_2.avi,Square Cut,11,vid481
Square Cut/vid481_37.avi,Square Cut,11,vid481
Square Cut/vid483_15.avi,Square Cut,11,vid483
Square Cut/vid486_12.avi,Square Cut,11,vid486
Square Cut/vid486_31.avi,Square Cut,11,vid486
Square Cut/vid486_36.avi,Square Cut,11,vid486
Square Cut/vid486_63.avi,Square Cut,11,vid486
Square Cut/vid487_13.avi,Square Cut,11,vid487
Square Cut/vid488_27.avi,Square Cut,11,vid488
Square Cut/vid488_29.avi,Square Cut,11,vid488
Square Cut/vid488_40.avi,Square Cut,11,vid488
Square Cut/vid48_0.avi,Square Cut,11,vid48
Square Cut/vid48_13.avi,Square Cut,11,vid48
Square Cut/vid48_27.avi,Square Cut,11,vid48
Square Cut/vid490_18.avi,Square Cut,11,vid490
Square Cut/vid490_30.avi,Square Cut,11,vid490
Square Cut/vid490_6.avi,Square Cut,11,vid490
Square Cut/vid491_12.avi,Square Cut,11,vid491
Square Cut/vid491_5.avi,Square Cut,11,vid491
Square Cut/vid491_7.avi,Square Cut,11,vid491
Square Cut/vid491_9.avi,Square Cut,11,vid491
Square Cut/vid492_21.avi,Square Cut,11,vid492
Square Cut/vid492_27.avi,Square Cut,11,vid492
Square Cut/vid493_19.avi,Square Cut,11,vid493
Square Cut/vid493_23.avi,Square Cut,11,vid493
Square Cut/vid495_27.avi,Square Cut,11,vid495
Square Cut/vid498_31.avi,Square Cut,11,vid498
Square Cut/vid498_6.avi,Square Cut,11,vid498
Square Cut/vid499_21.avi,Square Cut,11,vid499
Square Cut/vid499_3.avi,Square Cut,11,vid499
Square Cut/vid49_28.avi,Square Cut,11,vid49
Square Cut/vid49_34.avi,Square Cut,11,vid49
Square Cut/vid49_6.avi,Square Cut,11,vid49
Square Cut/vid4_0.avi,Square Cut,11,vid4
Square Cut/vid4_1.avi,Square Cut,11,vid4
Square Cut/vid4_27.avi,Square Cut,11,vid4
Square Cut/vid4_5.avi,Square Cut,11,vid4
Square Cut/vid4_9.avi,Square Cut,11,vid4
Square Cut/vid503_0.avi,Square Cut,11,vid503
Square Cut/vid503_3.avi,Square Cut,11,vid503
Square Cut/vid503_30.avi,Square Cut,11,vid503
Square Cut/vid503_4.avi,Square Cut,11,vid503
Square Cut/vid503_5.avi,Square Cut,11,vid503
Square Cut/vid503_8.avi,Square Cut,11,vid503
Square Cut/vid504_12.avi,Square Cut,11,vid504
Square Cut/vid504_16.avi,Square Cut,11,vid504
Square Cut/vid504_31.avi,Square Cut,11,vid504
Square Cut/vid505_0.avi,Square Cut,11,vid505
Square Cut/vid505_27.avi,Square Cut,11,vid505
Square Cut/vid505_34.avi,Square Cut,11,vid505
Square Cut/vid505_39.avi,Square Cut,11,vid505
Square Cut/vid505_5.avi,Square Cut,11,vid505
Square Cut/vid506_11.avi,Square Cut,11,vid506
Square Cut/vid506_17.avi,Square Cut,11,vid506
Square Cut/vid506_21.avi,Square Cut,11,vid506
Square Cut/vid506_31.avi,Square Cut,11,vid506
Square Cut/vid507_12.avi,Square Cut,11,vid507
Square Cut/vid507_22.avi,Square Cut,11,vid507
Square Cut/vid507_28.avi,Square Cut,11,vid507
Square Cut/vid507_30.avi,Square Cut,11,vid507
Square Cut/vid507_5.avi,Square Cut,11,vid507
Square Cut/vid509_1.avi,Square Cut,11,vid509
Square Cut/vid509_8.avi,Square Cut,11,vid509
Square Cut/vid50_33.avi,Square Cut,11,vid50
Square Cut/vid510_11.avi,Square Cut,11,vid510
Square Cut/vid510_23.avi,Square Cut,11,vid510
Square Cut/vid511_4.avi,Square Cut,11,vid511
Square Cut/vid511_46.avi,Square Cut,11,vid511
Square Cut/vid511_53.avi,Square Cut,11,vid511
Square Cut/vid512_27.avi,Square Cut,11,vid512
Square Cut/vid512_28.avi,Square Cut,11,vid512
Square Cut/vid512_32.avi,Square Cut,11,vid512
Square Cut/vid514_40.avi,Square Cut,11,vid514
Square Cut/vid514_48.avi,Square Cut,11,vid514
Square Cut/vid515_55.avi,Square Cut,11,vid515
Square Cut/vid515_77.avi,Square Cut,11,vid515
Square Cut/vid516_11.avi,Square Cut,11,vid516
Square Cut/vid516_41.avi,Square Cut,11,vid516
Square Cut/vid516_64.avi,Square Cut,11,vid516
Square Cut/vid518_16.avi,Square Cut,11,vid518
Square Cut/vid518_35.avi,Square Cut,11,vid518
Square Cut/vid518_44.avi,Square Cut,11,vid518
Square Cut/vid518_48.avi,Square Cut,11,vid518
Square Cut/vid518_49.avi,Square Cut,11,vid518
Square Cut/vid518_6.avi,Square Cut,11,vid518
Square Cut/vid519_33.avi,Square Cut,11,vid519
Square Cut/vid519_40.avi,Square Cut,11,vid519
Square Cut/vid519_43.avi,Square Cut,11,vid519
Square Cut/vid520_21.avi,Square Cut,11,vid520
Square Cut/vid520_51.avi,Square Cut,11,vid520
Square Cut/vid523_2.avi,Square Cut,11,vid523
Square Cut/vid523_22.avi,Square Cut,11,vid523
Square Cut/vid523_27.avi,Square Cut,11,vid523
Square Cut/vid523_3.avi,Square Cut,11,vid523
Square Cut/vid523_32.avi,Square Cut,11,vid523
Square Cut/vid523_6.avi,Square Cut,11,vid523
Square Cut/vid525_29.avi,Square Cut,11,vid525
Square Cut/vid525_31.avi,Square Cut,11,vid525
Square Cut/vid528_31.avi,Square Cut,11,vid528
Square Cut/vid528_49.avi,Square Cut,11,vid528
Square Cut/vid528_50.avi,Square Cut,11,vid528
Square Cut/vid529_23.avi,Square Cut,11,vid529
Square Cut/vid529_32.avi,Square Cut,11,vid529
Square Cut/vid529_45.avi,Square Cut,11,vid529
Square Cut/vid531_23.avi,Square Cut,11,vid531
Square Cut/vid531_34.avi,Square Cut,11,vid531
Square Cut/vid531_51.avi,Square Cut,11,vid531
Square Cut/vid531_69.avi,Square Cut,11,vid531
Square Cut/vid531_7.avi,Square Cut,11,vid531
Square Cut/vid532_17.avi,Square Cut,11,vid532
Square Cut/vid532_2.avi,Square Cut,11,vid532
Square Cut/vid532_46.avi,Square Cut,11,vid532
Square Cut/vid532_54.avi,Square Cut,11,vid532
Square Cut/vid534_22.avi,Square Cut,11,vid534
Square Cut/vid534_51.avi,Square Cut,11,vid534
Square Cut/vid535_4.avi,Square Cut,11,vid535
Square Cut/vid535_53.avi,Square Cut,11,vid535
Square Cut/vid535_54.avi,Square Cut,11,vid535
Square Cut/vid535_55.avi,Square Cut,11,vid535
Square Cut/vid535_57.avi,Square Cut,11,vid535
Square Cut/vid535_58.avi,Square Cut,11,vid535
Square Cut/vid536_34.avi,Square Cut,11,vid536
Square Cut/vid536_48.avi,Square Cut,11,vid536
Square Cut/vid55_49.avi,Square Cut,11,vid55
Square Cut/vid56_18.avi,Square Cut,11,vid56
Square Cut/vid56_25.avi,Square Cut,11,vid56
Square Cut/vid57_26.avi,Square Cut,11,vid57
Square Cut/vid57_3.avi,Square Cut,11,vid57
Square Cut/vid58_9.avi,Square Cut,11,vid58
Square Cut/vid5_19.avi,Square Cut,11,vid5
Square Cut/vid61_1.avi,Square Cut,11,vid61
Square Cut/vid61_15.avi,Square Cut,11,vid61
Square Cut/vid61_16.avi,Square Cut,11,vid61
Square Cut/vid63_0.avi,Square Cut,11,vid63
Square Cut/vid63_23.avi,Square Cut,11,vid63
Square Cut/vid64_19.avi,Square Cut,11,vid64
Square Cut/vid65_6.avi,Square Cut,11,vid65
Square Cut/vid67_6.avi,Square Cut,11,vid67
Square Cut/vid68_0.avi,Square Cut,11,vid68
Square Cut/vid6_21.avi,Square Cut,11,vid6
Square Cut/vid70_36.avi,Square Cut,11,vid70
Square Cut/vid70_6.avi,Square Cut,11,vid70
Square Cut/vid73_17.avi,Square Cut,11,vid73
Square Cut/vid74_13.avi,Square Cut,11,vid74
Square Cut/vid74_25.avi,Square Cut,11,vid74
Square Cut/vid74_26.avi,Square Cut,11,vid74
Square Cut/vid74_28.avi,Square Cut,11,vid74
Square Cut/vid76_24.avi,Square Cut,11,vid76
Square Cut/vid77_13.avi,Square Cut,11,vid77
Square Cut/vid77_6.avi,Square Cut,11,vid77
Square Cut/vid78_27.avi,Square Cut,11,vid78
Square Cut/vid78_5.avi,Square Cut,11,vid78
Square Cut/vid78_8.avi,Square Cut,11,vid78
Square Cut/vid78_9.avi,Square Cut,11,vid78
Square Cut/vid81_10.avi,Square Cut,11,vid81
Square Cut/vid84_10.avi,Square Cut,11,vid84
Square Cut/vid84_27.avi,Square Cut,11,vid84
Square Cut/vid84_8.avi,Square Cut,11,vid84
Square Cut/vid84_9.avi,Square Cut,11,vid84
Square Cut/vid85_13.avi,Square Cut,11,vid85
Square Cut/vid86_36.avi,Square Cut,11,vid86
Square Cut/vid86_5.avi,Square Cut,11,vid86
Square Cut/vid8_17.avi,Square Cut,11,vid8
Square Cut/vid8_47.avi,Square Cut,11,vid8
Square Cut/vid92_2.avi,Square Cut,11,vid92
Square Cut/vid92_35.avi,Square Cut,11,vid92
Square Cut/vid92_38.avi,Square Cut,11,vid92
Square Cut/vid92_4.avi,Square Cut,11,vid92
Square Cut/vid93_42.avi,Square Cut,11,vid93
Square Cut/vid93_43.avi,Square Cut,11,vid93
Square Cut/vid93_44.avi,Square Cut,11,vid93
Square Cut/vid95_27.avi,Square Cut,11,vid95
Square Cut/vid97_45.avi,Square Cut,11,vid97
Square Cut/vid99_28.avi,Square Cut,11,vid99
Square Cut/vid99_34.avi,Square Cut,11,vid99
Square Cut/vid99_46.avi,Square Cut,11,vid99
Straight Drive/vid100_45.avi,Straight Drive,12,vid100
Straight Drive/vid100_53.avi,Straight Drive,12,vid100
Straight Drive/vid100_55.avi,Straight Drive,12,vid100
Straight Drive/vid100_61.avi,Straight Drive,12,vid100
Straight Drive/vid103_4.avi,Straight Drive,12,vid103
Straight Drive/vid104_22.avi,Straight Drive,12,vid104
Straight Drive/vid104_3.avi,Straight Drive,12,vid104
Straight Drive/vid106_16.avi,Straight Drive,12,vid106
Straight Drive/vid106_2.avi,Straight Drive,12,vid106
Straight Drive/vid106_26.avi,Straight Drive,12,vid106
Straight Drive/vid107_0.avi,Straight Drive,12,vid107
Straight Drive/vid108_20.avi,Straight Drive,12,vid108
Straight Drive/vid111_13.avi,Straight Drive,12,vid111
Straight Drive/vid116_2.avi,Straight Drive,12,vid116
Straight Drive/vid117_10.avi,Straight Drive,12,vid117
Straight Drive/vid117_5.avi,Straight Drive,12,vid117
Straight Drive/vid118_19.avi,Straight Drive,12,vid118
Straight Drive/vid121_24.avi,Straight Drive,12,vid121
Straight Drive/vid121_34.avi,Straight Drive,12,vid121
Straight Drive/vid121_9.avi,Straight Drive,12,vid121
Straight Drive/vid122_23.avi,Straight Drive,12,vid122
Straight Drive/vid122_7.avi,Straight Drive,12,vid122
Straight Drive/vid123_18.avi,Straight Drive,12,vid123
Straight Drive/vid123_19.avi,Straight Drive,12,vid123
Straight Drive/vid123_20.avi,Straight Drive,12,vid123
Straight Drive/vid123_23.avi,Straight Drive,12,vid123
Straight Drive/vid123_9.avi,Straight Drive,12,vid123
Straight Drive/vid129_7.avi,Straight Drive,12,vid129
Straight Drive/vid12_4.avi,Straight Drive,12,vid12
Straight Drive/vid130_31.avi,Straight Drive,12,vid130
Straight Drive/vid131_15.avi,Straight Drive,12,vid131
Straight Drive/vid131_5.avi,Straight Drive,12,vid131
Straight Drive/vid135_2.avi,Straight Drive,12,vid135
Straight Drive/vid135_49.avi,Straight Drive,12,vid135
Straight Drive/vid135_6.avi,Straight Drive,12,vid135
Straight Drive/vid136_14.avi,Straight Drive,12,vid136
Straight Drive/vid136_7.avi,Straight Drive,12,vid136
Straight Drive/vid137_1.avi,Straight Drive,12,vid137
Straight Drive/vid137_7.avi,Straight Drive,12,vid137
Straight Drive/vid138_19.avi,Straight Drive,12,vid138
Straight Drive/vid13_30.avi,Straight Drive,12,vid13
Straight Drive/vid13_5.avi,Straight Drive,12,vid13
Straight Drive/vid142_11.avi,Straight Drive,12,vid142
Straight Drive/vid142_13.avi,Straight Drive,12,vid142
Straight Drive/vid142_19.avi,Straight Drive,12,vid142
Straight Drive/vid142_26.avi,Straight Drive,12,vid142
Straight Drive/vid144_25.avi,Straight Drive,12,vid144
Straight Drive/vid146_34.avi,Straight Drive,12,vid146
Straight Drive/vid150_27.avi,Straight Drive,12,vid150
Straight Drive/vid150_5.avi,Straight Drive,12,vid150
Straight Drive/vid151_8.avi,Straight Drive,12,vid151
Straight Drive/vid157_4.avi,Straight Drive,12,vid157
Straight Drive/vid162_13.avi,Straight Drive,12,vid162
Straight Drive/vid162_21.avi,Straight Drive,12,vid162
Straight Drive/vid166_3.avi,Straight Drive,12,vid166
Straight Drive/vid171_25.avi,Straight Drive,12,vid171
Straight Drive/vid172_31.avi,Straight Drive,12,vid172
Straight Drive/vid174_13.avi,Straight Drive,12,vid174
Straight Drive/vid175_22.avi,Straight Drive,12,vid175
Straight Drive/vid178_5.avi,Straight Drive,12,vid178
Straight Drive/vid179_2.avi,Straight Drive,12,vid179
Straight Drive/vid180_22.avi,Straight Drive,12,vid180
Straight Drive/vid180_4.avi,Straight Drive,12,vid180
Straight Drive/vid182_4.avi,Straight Drive,12,vid182
Straight Drive/vid187_22.avi,Straight Drive,12,vid187
Straight Drive/vid199_21.avi,Straight Drive,12,vid199
Straight Drive/vid19_4.avi,Straight Drive,12,vid19
Straight Drive/vid207_4.avi,Straight Drive,12,vid207
Straight Drive/vid207_42.avi,Straight Drive,12,vid207
Straight Drive/vid212_0.avi,Straight Drive,12,vid212
Straight Drive/vid212_39.avi,Straight Drive,12,vid212
Straight Drive/vid213_3.avi,Straight Drive,12,vid213
Straight Drive/vid215_49.avi,Straight Drive,12,vid215
Straight Drive/vid215_8.avi,Straight Drive,12,vid215
Straight Drive/vid216_35.avi,Straight Drive,12,vid216
Straight Drive/vid218_14.avi,Straight Drive,12,vid218
Straight Drive/vid218_23.avi,Straight Drive,12,vid218
Straight Drive/vid219_14.avi,Straight Drive,12,vid219
Straight Drive/vid221_5.avi,Straight Drive,12,vid221
Straight Drive/vid222_14.avi,Straight Drive,12,vid222
Straight Drive/vid222_16.avi,Straight Drive,12,vid222
Straight Drive/vid222_34.avi,Straight Drive,12,vid222
Straight Drive/vid222_37.avi,Straight Drive,12,vid222
Straight Drive/vid223_32.avi,Straight Drive,12,vid223
Straight Drive/vid224_19.avi,Straight Drive,12,vid224
Straight Drive/vid224_30.avi,Straight Drive,12,vid224
Straight Drive/vid225_25.avi,Straight Drive,12,vid225
Straight Drive/vid225_26.avi,Straight Drive,12,vid225
Straight Drive/vid226_10.avi,Straight Drive,12,vid226
Straight Drive/vid226_48.avi,Straight Drive,12,vid226
Straight Drive/vid227_36.avi,Straight Drive,12,vid227
Straight Drive/vid228_12.avi,Straight Drive,12,vid228
Straight Drive/vid228_2.avi,Straight Drive,12,vid228
Straight Drive/vid228_3.avi,Straight Drive,12,vid228
Straight Drive/vid230_22.avi,Straight Drive,12,vid230
Straight Drive/vid230_5.avi,Straight Drive,12,vid230
Straight Drive/vid231_0.avi,Straight Drive,12,vid231
Straight Drive/vid231_1.avi,Straight Drive,12,vid231
Straight Drive/vid231_13.avi,Straight Drive,12,vid231
Straight Drive/vid231_2.avi,Straight Drive,12,vid231
Straight Drive/vid233_24.avi,Straight Drive,12,vid233
Straight Drive/vid237_13.avi,Straight Drive,12,vid237
Straight Drive/vid239_35.avi,Straight Drive,12,vid239
Straight Drive/vid240_1.avi,Straight Drive,12,vid240
Straight Drive/vid240_2.avi,Straight Drive,12,vid240
Straight Drive/vid240_38.avi,Straight Drive,12,vid240
Straight Drive/vid240_64.avi,Straight Drive,12,vid240
Straight Drive/vid241_41.avi,Straight Drive,12,vid241
Straight Drive/vid241_5.avi,Straight Drive,12,vid241
Straight Drive/vid242_22.avi,Straight Drive,12,vid242
Straight Drive/vid244_31.avi,Straight Drive,12,vid244
Straight Drive/vid244_4.avi,Straight Drive,12,vid244
Straight Drive/vid245_32.avi,Straight Drive,12,vid245
Straight Drive/vid245_33.avi,Straight Drive,12,vid245
Straight Drive/vid245_45.avi,Straight Drive,12,vid245
Straight Drive/vid246_22.avi,Straight Drive,12,vid246
Straight Drive/vid247_12.avi,Straight Drive,12,vid247
Straight Drive/vid247_19.avi,Straight Drive,12,vid247
Straight Drive/vid247_7.avi,Straight Drive,12,vid247
Straight Drive/vid249_13.avi,Straight Drive,12,vid249
Straight Drive/vid249_28.avi,Straight Drive,12,vid249
Straight Drive/vid249_7.avi,Straight Drive,12,vid249
Straight Drive/vid24_6.avi,Straight Drive,12,vid24
Straight Drive/vid250_1.avi,Straight Drive,12,vid250
Straight Drive/vid250_2.avi,Straight Drive,12,vid250
Straight Drive/vid250_33.avi,Straight Drive,12,vid250
Straight Drive/vid252_35.avi,Straight Drive,12,vid252
Straight Drive/vid252_52.avi,Straight Drive,12,vid252
Straight Drive/vid26_9.avi,Straight Drive,12,vid26
Straight Drive/vid286_1.avi,Straight Drive,12,vid286
Straight Drive/vid295_5.avi,Straight Drive,12,vid295
Straight Drive/vid298_12.avi,Straight Drive,12,vid298
Straight Drive/vid298_13.avi,Straight Drive,12,vid298
Straight Drive/vid299_1.avi,Straight Drive,12,vid299
Straight Drive/vid299_27.avi,Straight Drive,12,vid299
Straight Drive/vid299_34.avi,Straight Drive,12,vid299
Straight Drive/vid2_24.avi,Straight Drive,12,vid2
Straight Drive/vid302_9.avi,Straight Drive,12,vid302
Straight Drive/vid303_1.avi,Straight Drive,12,vid303
Straight Drive/vid303_10.avi,Straight Drive,12,vid303
Straight Drive/vid303_6.avi,Straight Drive,12,vid303
Straight Drive/vid306_22.avi,Straight Drive,12,vid306
Straight Drive/vid308_3.avi,Straight Drive,12,vid308
Straight Drive/vid310_10.avi,Straight Drive,12,vid310
Straight Drive/vid310_3.avi,Straight Drive,12,vid310
Straight Drive/vid311_5.avi,Straight Drive,12,vid311
Straight Drive/vid312_21.avi,Straight Drive,12,vid312
Straight Drive/vid312_24.avi,Straight Drive,12,vid312
Straight Drive/vid314_15.avi,Straight Drive,12,vid314
Straight Drive/vid315_11.avi,Straight Drive,12,vid315
Straight Drive/vid315_13.avi,Straight Drive,12,vid315
Straight Drive/vid315_15.avi,Straight Drive,12,vid315
Straight Drive/vid316_12.avi,Straight Drive,12,vid316
Straight Drive/vid316_15.avi,Straight Drive,12,vid316
Straight Drive/vid316_2.avi,Straight Drive,12,vid316
Straight Drive/vid316_5.avi,Straight Drive,12,vid316
Straight Drive/vid316_7.avi,Straight Drive,12,vid316
Straight Drive/vid317_6.avi,Straight Drive,12,vid317
Straight Drive/vid318_2.avi,Straight Drive,12,vid318
Straight Drive/vid321_23.avi,Straight Drive,12,vid321
Straight Drive/vid327_11.avi,Straight Drive,12,vid327
Straight Drive/vid327_26.avi,Straight Drive,12,vid327
Straight Drive/vid335_0.avi,Straight Drive,12,vid335
Straight Drive/vid335_16.avi,Straight Drive,12,vid335
Straight Drive/vid33_26.avi,Straight Drive,12,vid33
Straight Drive/vid340_7.avi,Straight Drive,12,vid340
Straight Drive/vid340_8.avi,Straight Drive,12,vid340
Straight Drive/vid340_9.avi,Straight Drive,12,vid340
Straight Drive/vid341_29.avi,Straight Drive,12,vid341
Straight Drive/vid343_30.avi,Straight Drive,12,vid343
Straight Drive/vid34_1.avi,Straight Drive,12,vid34
Straight Drive/vid34_10.avi,Straight Drive,12,vid34
Straight Drive/vid353_24.avi,Straight Drive,12,vid353
Straight Drive/vid355_23.avi,Straight Drive,12,vid355
Straight Drive/vid355_46.avi,Straight Drive,12,vid355
Straight Drive/vid359_3.avi,Straight Drive,12,vid359
Straight Drive/vid366_45.avi,Straight Drive,12,vid366
Straight Drive/vid369_45.avi,Straight Drive,12,vid369
Straight Drive/vid370_19.avi,Straight Drive,12,vid370
Straight Drive/vid374_53.avi,Straight Drive,12,vid374
Straight Drive/vid376_31.avi,Straight Drive,12,vid376
Straight Drive/vid380_16.avi,Straight Drive,12,vid380
Straight Drive/vid384_49.avi,Straight Drive,12,vid384
Straight Drive/vid385_12.avi,Straight Drive,12,vid385
Straight Drive/vid389_12.avi,Straight Drive,12,vid389
Straight Drive/vid389_49.avi,Straight Drive,12,vid389
Straight Drive/vid392_31.avi,Straight Drive,12,vid392
Straight Drive/vid397_27.avi,Straight Drive,12,vid397
Straight Drive/vid401_2.avi,Straight Drive,12,vid401
Straight Drive/vid401_5.avi,Straight Drive,12,vid401
Straight Drive/vid406_4.avi,Straight Drive,12,vid406
Straight Drive/vid411_22.avi,Straight Drive,12,vid411
Straight Drive/vid415_24.avi,Straight Drive,12,vid415
Straight Drive/vid41_5.avi,Straight Drive,12,vid41
Straight Drive/vid42_55.avi,Straight Drive,12,vid42
Straight Drive/vid432_3.avi,Straight Drive,12,vid432
Straight Drive/vid434_4.avi,Straight Drive,12,vid434
Straight Drive/vid437_28.avi,Straight Drive,12,vid437
Straight Drive/vid440_0.avi,Straight Drive,12,vid440
Straight Drive/vid443_42.avi,Straight Drive,12,vid443
Straight Drive/vid444_31.avi,Straight Drive,12,vid444
Straight Drive/vid448_32.avi,Straight Drive,12,vid448
Straight Drive/vid448_40.avi,Straight Drive,12,vid448
Straight Drive/vid448_8.avi,Straight Drive,12,vid448
Straight Drive/vid449_39.avi,Straight Drive,12,vid449
Straight Drive/vid453_49.avi,Straight Drive,12,vid453
Straight Drive/vid455_0.avi,Straight Drive,12,vid455
Straight Drive/vid456_19.avi,Straight Drive,12,vid456
Straight Drive/vid456_22.avi,Straight Drive,12,vid456
Straight Drive/vid456_24.avi,Straight Drive,12,vid456
Straight Drive/vid456_28.avi,Straight Drive,12,vid456
Straight Drive/vid456_7.avi,Straight Drive,12,vid456
Straight Drive/vid457_39.avi,Straight Drive,12,vid457
Straight Drive/vid458_0.avi,Straight Drive,12,vid458
Straight Drive/vid458_4.avi,Straight Drive,12,vid458
Straight Drive/vid460_0.avi,Straight Drive,12,vid460
Straight Drive/vid461_28.avi,Straight Drive,12,vid461
Straight Drive/vid461_39.avi,Straight Drive,12,vid461
Straight Drive/vid471_16.avi,Straight Drive,12,vid471
Straight Drive/vid473_3.avi,Straight Drive,12,vid473
Straight Drive/vid481_33.avi,Straight Drive,12,vid481
Straight Drive/vid481_4.avi,Straight Drive,12,vid481
Straight Drive/vid481_8.avi,Straight Drive,12,vid481
Straight Drive/vid486_37.avi,Straight Drive,12,vid486
Straight Drive/vid488_1.avi,Straight Drive,12,vid488
Straight Drive/vid488_2.avi,Straight Drive,12,vid488
Straight Drive/vid491_0.avi,Straight Drive,12,vid491
Straight Drive/vid491_6.avi,Straight Drive,12,vid491
Straight Drive/vid492_11.avi,Straight Drive,12,vid492
Straight Drive/vid492_23.avi,Straight Drive,12,vid492
Straight Drive/vid495_0.avi,Straight Drive,12,vid495
Straight Drive/vid495_45.avi,Straight Drive,12,vid495
Straight Drive/vid499_19.avi,Straight Drive,12,vid499
Straight Drive/vid49_1.avi,Straight Drive,12,vid49
Straight Drive/vid4_29.avi,Straight Drive,12,vid4
Straight Drive/vid503_7.avi,Straight Drive,12,vid503
Straight Drive/vid505_33.avi,Straight Drive,12,vid505
Straight Drive/vid506_19.avi,Straight Drive,12,vid506
Straight Drive/vid507_0.avi,Straight Drive,12,vid507
Straight Drive/vid507_25.avi,Straight Drive,12,vid507
Straight Drive/vid509_33.avi,Straight Drive,12,vid509
Straight Drive/vid509_42.avi,Straight Drive,12,vid509
Straight Drive/vid50_6.avi,Straight Drive,12,vid50
Straight Drive/vid50_9.avi,Straight Drive,12,vid50
Straight Drive/vid510_5.avi,Straight Drive,12,vid510
Straight Drive/vid511_25.avi,Straight Drive,12,vid511
Straight Drive/vid511_47.avi,Straight Drive,12,vid511
Straight Drive/vid512_8.avi,Straight Drive,12,vid512
Straight Drive/vid514_1.avi,Straight Drive,12,vid514
Straight Drive/vid514_7.avi,Straight Drive,12,vid514
Straight Drive/vid515_23.avi,Straight Drive,12,vid515
Straight Drive/vid518_50.avi,Straight Drive,12,vid518
Straight Drive/vid520_34.avi,Straight Drive,12,vid520
Straight Drive/vid523_33.avi,Straight Drive,12,vid523
Straight Drive/vid523_5.avi,Straight Drive,12,vid523
Straight Drive/vid529_38.avi,Straight Drive,12,vid529
Straight Drive/vid529_43.avi,Straight Drive,12,vid529
Straight Drive/vid529_60.avi,Straight Drive,12,vid529
Straight Drive/vid529_68.avi,Straight Drive,12,vid529
Straight Drive/vid531_18.avi,Straight Drive,12,vid531
Straight Drive/vid531_63.avi,Straight Drive,12,vid531
Straight Drive/vid532_4.avi,Straight Drive,12,vid532
Straight Drive/vid532_41.avi,Straight Drive,12,vid532
Straight Drive/vid57_20.avi,Straight Drive,12,vid57
Straight Drive/vid58_8.avi,Straight Drive,12,vid58
Straight Drive/vid63_9.avi,Straight Drive,12,vid63
Straight Drive/vid64_32.avi,Straight Drive,12,vid64
Straight Drive/vid65_16.avi,Straight Drive,12,vid65
Straight Drive/vid67_11.avi,Straight Drive,12,vid67
Straight Drive/vid86_44.avi,Straight Drive,12,vid86
Straight Drive/vid92_37.avi,Straight Drive,12,vid92
Straight Drive/vid96_31.avi,Straight Drive,12,vid96
Sweep/vid100_21.avi,Sweep,13,vid100
Sweep/vid100_43.avi,Sweep,13,vid100
Sweep/vid106_7.avi,Sweep,13,vid106
Sweep/vid108_36.avi,Sweep,13,vid108
Sweep/vid113_24.avi,Sweep,13,vid113
Sweep/vid113_25.avi,Sweep,13,vid113
Sweep/vid113_28.avi,Sweep,13,vid113
Sweep/vid116_31.avi,Sweep,13,vid116
Sweep/vid118_24.avi,Sweep,13,vid118
Sweep/vid118_25.avi,Sweep,13,vid118
Sweep/vid118_28.avi,Sweep,13,vid118
Sweep/vid11_22.avi,Sweep,13,vid11
Sweep/vid120_7.avi,Sweep,13,vid120
Sweep/vid121_46.avi,Sweep,13,vid121
Sweep/vid122_11.avi,Sweep,13,vid122
Sweep/vid123_10.avi,Sweep,13,vid123
Sweep/vid123_28.avi,Sweep,13,vid123
Sweep/vid123_7.avi,Sweep,13,vid123
Sweep/vid123_8.avi,Sweep,13,vid123
Sweep/vid128_11.avi,Sweep,13,vid128
Sweep/vid128_30.avi,Sweep,13,vid128
Sweep/vid129_12.avi,Sweep,13,vid129
Sweep/vid129_26.avi,Sweep,13,vid129
Sweep/vid129_30.avi,Sweep,13,vid129
Sweep/vid12_13.avi,Sweep,13,vid12
Sweep/vid12_53.avi,Sweep,13,vid12
Sweep/vid131_10.avi,Sweep,13,vid131
Sweep/vid131_18.avi,Sweep,13,vid131
Sweep/vid133_1.avi,Sweep,13,vid133
Sweep/vid133_24.avi,Sweep,13,vid133
Sweep/vid134_30.avi,Sweep,13,vid134
Sweep/vid134_8.avi,Sweep,13,vid134
Sweep/vid135_15.avi,Sweep,13,vid135
Sweep/vid135_31.avi,Sweep,13,vid135
Sweep/vid135_33.avi,Sweep,13,vid135
Sweep/vid135_7.avi,Sweep,13,vid135
Sweep/vid135_8.avi,Sweep,13,vid135
Sweep/vid136_23.avi,Sweep,13,vid136
Sweep/vid136_26.avi,Sweep,13,vid136
Sweep/vid137_9.avi,Sweep,13,vid137
Sweep/vid138_24.avi,Sweep,13,vid138
Sweep/vid13_19.avi,Sweep,13,vid13
Sweep/vid13_6.avi,Sweep,13,vid13
Sweep/vid142_7.avi,Sweep,13,vid142
Sweep/vid144_11.avi,Sweep,13,vid144
Sweep/vid144_14.avi,Sweep,13,vid144
Sweep/vid144_27.avi,Sweep,13,vid144
Sweep/vid144_6.avi,Sweep,13,vid144
Sweep/vid144_9.avi,Sweep,13,vid144
Sweep/vid151_19.avi,Sweep,13,vid151
Sweep/vid154_29.avi,Sweep,13,vid154
Sweep/vid156_10.avi,Sweep,13,vid156
Sweep/vid156_12.avi,Sweep,13,vid156
Sweep/vid156_24.avi,Sweep,13,vid156
Sweep/vid156_29.avi,Sweep,13,vid156
Sweep/vid157_5.avi,Sweep,13,vid157
Sweep/vid157_6.avi,Sweep,13,vid157
Sweep/vid158_10.avi,Sweep,13,vid158
Sweep/vid158_16.avi,Sweep,13,vid158
Sweep/vid158_22.avi,Sweep,13,vid158
Sweep/vid161_29.avi,Sweep,13,vid161
Sweep/vid166_2.avi,Sweep,13,vid166
Sweep/vid168_2.avi,Sweep,13,vid168
Sweep/vid171_1.avi,Sweep,13,vid171
Sweep/vid171_12.avi,Sweep,13,vid171
Sweep/vid171_21.avi,Sweep,13,vid171
Sweep/vid171_23.avi,Sweep,13,vid171
Sweep/vid171_4.avi,Sweep,13,vid171
Sweep/vid172_10.avi,Sweep,13,vid172
Sweep/vid174_23.avi,Sweep,13,vid174
Sweep/vid174_25.avi,Sweep,13,vid174
Sweep/vid175_7.avi,Sweep,13,vid175
Sweep/vid177_11.avi,Sweep,13,vid177
Sweep/vid177_8.avi,Sweep,13,vid177
Sweep/vid180_23.avi,Sweep,13,vid180
Sweep/vid182_0.avi,Sweep,13,vid182
Sweep/vid182_7.avi,Sweep,13,vid182
Sweep/vid185_10.avi,Sweep,13,vid185
Sweep/vid185_12.avi,Sweep,13,vid185
Sweep/vid187_33.avi,Sweep,13,vid187
Sweep/vid188_15.avi,Sweep,13,vid188
Sweep/vid188_2.avi,Sweep,13,vid188
Sweep/vid191_6.avi,Sweep,13,vid191
Sweep/vid192_1.avi,Sweep,13,vid192
Sweep/vid195_11.avi,Sweep,13,vid195
Sweep/vid198_6.avi,Sweep,13,vid198
Sweep/vid200_13.avi,Sweep,13,vid200
Sweep/vid207_52.avi,Sweep,13,vid207
Sweep/vid208_26.avi,Sweep,13,vid208
Sweep/vid20_4.avi,Sweep,13,vid20
Sweep/vid210_36.avi,Sweep,13,vid210
Sweep/vid210_37.avi,Sweep,13,vid210
Sweep/vid210_40.avi,Sweep,13,vid210
Sweep/vid210_41.avi,Sweep,13,vid210
Sweep/vid212_13.avi,Sweep,13,vid212
Sweep/vid212_32.avi,Sweep,13,vid212
Sweep/vid212_4.avi,Sweep,13,vid212
Sweep/vid212_6.avi,Sweep,13,vid212
Sweep/vid213_64.avi,Sweep,13,vid213
Sweep/vid215_42.avi,Sweep,13,vid215
Sweep/vid216_15.avi,Sweep,13,vid216
Sweep/vid216_16.avi,Sweep,13,vid216
Sweep/vid216_31.avi,Sweep,13,vid216
Sweep/vid216_39.avi,Sweep,13,vid216
Sweep/vid216_40.avi,Sweep,13,vid216
Sweep/vid221_25.avi,Sweep,13,vid221
Sweep/vid222_10.avi,Sweep,13,vid222
Sweep/vid223_15.avi,Sweep,13,vid223
Sweep/vid224_14.avi,Sweep,13,vid224
Sweep/vid224_9.avi,Sweep,13,vid224
Sweep/vid226_28.avi,Sweep,13,vid226
Sweep/vid227_15.avi,Sweep,13,vid227
Sweep/vid227_38.avi,Sweep,13,vid227
Sweep/vid231_14.avi,Sweep,13,vid231
Sweep/vid231_16.avi,Sweep,13,vid231
Sweep/vid233_25.avi,Sweep,13,vid233
Sweep/vid234_35.avi,Sweep,13,vid234
Sweep/vid234_41.avi,Sweep,13,vid234
Sweep/vid242_33.avi,Sweep,13,vid242
Sweep/vid244_30.avi,Sweep,13,vid244
Sweep/vid245_16.avi,Sweep,13,vid245
Sweep/vid24_26.avi,Sweep,13,vid24
Sweep/vid252_29.avi,Sweep,13,vid252
Sweep/vid255_22.avi,Sweep,13,vid255
Sweep/vid256_28.avi,Sweep,13,vid256
Sweep/vid256_37.avi,Sweep,13,vid256
Sweep/vid256_8.avi,Sweep,13,vid256
Sweep/vid257_7.avi,Sweep,13,vid257
Sweep/vid261_14.avi,Sweep,13,vid261
Sweep/vid261_30.avi,Sweep,13,vid261
Sweep/vid263_4.avi,Sweep,13,vid263
Sweep/vid266_14.avi,Sweep,13,vid266
Sweep/vid270_14.avi,Sweep,13,vid270
Sweep/vid273_0.avi,Sweep,13,vid273
Sweep/vid278_1.avi,Sweep,13,vid278
Sweep/vid280_15.avi,Sweep,13,vid280
Sweep/vid285_2.avi,Sweep,13,vid285
Sweep/vid285_3.avi,Sweep,13,vid285
Sweep/vid285_6.avi,Sweep,13,vid285
Sweep/vid286_0.avi,Sweep,13,vid286
Sweep/vid286_15.avi,Sweep,13,vid286
Sweep/vid288_3.avi,Sweep,13,vid288
Sweep/vid2_31.avi,Sweep,13,vid2
Sweep/vid2_36.avi,Sweep,13,vid2
Sweep/vid303_17.avi,Sweep,13,vid303
Sweep/vid303_21.avi,Sweep,13,vid303
Sweep/vid306_8.avi,Sweep,13,vid306
Sweep/vid30_34.avi,Sweep,13,vid30
Sweep/vid310_4.avi,Sweep,13,vid310
Sweep/vid310_9.avi,Sweep,13,vid310
Sweep/vid314_22.avi,Sweep,13,vid314
Sweep/vid320_9.avi,Sweep,13,vid320
Sweep/vid321_22.avi,Sweep,13,vid321
Sweep/vid321_5.avi,Sweep,13,vid321
Sweep/vid323_13.avi,Sweep,13,vid323
Sweep/vid323_28.avi,Sweep,13,vid323
Sweep/vid323_34.avi,Sweep,13,vid323
Sweep/vid323_35.avi,Sweep,13,vid323
Sweep/vid325_10.avi,Sweep,13,vid325
Sweep/vid327_2.avi,Sweep,13,vid327
Sweep/vid327_6.avi,Sweep,13,vid327
Sweep/vid330_31.avi,Sweep,13,vid330
Sweep/vid334_12.avi,Sweep,13,vid334
Sweep/vid335_18.avi,Sweep,13,vid335
Sweep/vid340_15.avi,Sweep,13,vid340
Sweep/vid341_4.avi,Sweep,13,vid341
Sweep/vid347_9.avi,Sweep,13,vid347
Sweep/vid349_14.avi,Sweep,13,vid349
Sweep/vid34_17.avi,Sweep,13,vid34
Sweep/vid34_8.avi,Sweep,13,vid34
Sweep/vid350_12.avi,Sweep,13,vid350
Sweep/vid350_3.avi,Sweep,13,vid350
Sweep/vid353_22.avi,Sweep,13,vid353
Sweep/vid355_8.avi,Sweep,13,vid355
Sweep/vid356_14.avi,Sweep,13,vid356
Sweep/vid356_18.avi,Sweep,13,vid356
Sweep/vid356_38.avi,Sweep,13,vid356
Sweep/vid356_59.avi,Sweep,13,vid356
Sweep/vid356_8.avi,Sweep,13,vid356
Sweep/vid358_1.avi,Sweep,13,vid358
Sweep/vid358_10.avi,Sweep,13,vid358
Sweep/vid358_11.avi,Sweep,13,vid358
Sweep/vid358_12.avi,Sweep,13,vid358
Sweep/vid358_18.avi,Sweep,13,vid358
Sweep/vid358_19.avi,Sweep,13,vid358
Sweep/vid358_36.avi,Sweep,13,vid358
Sweep/vid358_52.avi,Sweep,13,vid358
Sweep/vid358_7.avi,Sweep,13,vid358
Sweep/vid359_9.avi,Sweep,13,vid359
Sweep/vid360_10.avi,Sweep,13,vid360
Sweep/vid360_24.avi,Sweep,13,vid360
Sweep/vid362_15.avi,Sweep,13,vid362
Sweep/vid362_29.avi,Sweep,13,vid362
Sweep/vid362_42.avi,Sweep,13,vid362
Sweep/vid362_46.avi,Sweep,13,vid362
Sweep/vid362_7.avi,Sweep,13,vid362
Sweep/vid366_25.avi,Sweep,13,vid366
Sweep/vid366_59.avi,Sweep,13,vid366
Sweep/vid368_12.avi,Sweep,13,vid368
Sweep/vid368_13.avi,Sweep,13,vid368
Sweep/vid368_4.avi,Sweep,13,vid368
Sweep/vid368_51.avi,Sweep,13,vid368
Sweep/vid369_22.avi,Sweep,13,vid369
Sweep/vid369_31.avi,Sweep,13,vid369
Sweep/vid369_32.avi,Sweep,13,vid369
Sweep/vid369_55.avi,Sweep,13,vid369
Sweep/vid369_58.avi,Sweep,13,vid369
Sweep/vid370_2.avi,Sweep,13,vid370
Sweep/vid371_4.avi,Sweep,13,vid371
Sweep/vid374_25.avi,Sweep,13,vid374
Sweep/vid374_6.avi,Sweep,13,vid374
Sweep/vid374_8.avi,Sweep,13,vid374
Sweep/vid375_11.avi,Sweep,13,vid375
Sweep/vid375_14.avi,Sweep,13,vid375
Sweep/vid375_15.avi,Sweep,13,vid375
Sweep/vid375_16.avi,Sweep,13,vid375
Sweep/vid375_22.avi,Sweep,13,vid375
Sweep/vid375_43.avi,Sweep,13,vid375
Sweep/vid375_55.avi,Sweep,13,vid375
Sweep/vid376_23.avi,Sweep,13,vid376
Sweep/vid376_8.avi,Sweep,13,vid376
Sweep/vid378_36.avi,Sweep,13,vid378
Sweep/vid378_43.avi,Sweep,13,vid378
Sweep/vid380_53.avi,Sweep,13,vid380
Sweep/vid382_27.avi,Sweep,13,vid382
Sweep/vid383_22.avi,Sweep,13,vid383
Sweep/vid384_60.avi,Sweep,13,vid384
Sweep/vid384_66.avi,Sweep,13,vid384
Sweep/vid384_68.avi,Sweep,13,vid384
Sweep/vid384_69.avi,Sweep,13,vid384
Sweep/vid384_79.avi,Sweep,13,vid384
Sweep/vid386_10.avi,Sweep,13,vid386
Sweep/vid386_27.avi,Sweep,13,vid386
Sweep/vid386_8.avi,Sweep,13,vid386
Sweep/vid388_22.avi,Sweep,13,vid388
Sweep/vid389_14.avi,Sweep,13,vid389
Sweep/vid389_36.avi,Sweep,13,vid389
Sweep/vid389_39.avi,Sweep,13,vid389
Sweep/vid390_25.avi,Sweep,13,vid390
Sweep/vid390_4.avi,Sweep,13,vid390
Sweep/vid393_41.avi,Sweep,13,vid393
Sweep/vid393_55.avi,Sweep,13,vid393
Sweep/vid395_2.avi,Sweep,13,vid395
Sweep/vid396_3.avi,Sweep,13,vid396
Sweep/vid3_15.avi,Sweep,13,vid3
Sweep/vid3_2.avi,Sweep,13,vid3
Sweep/vid3_25.avi,Sweep,13,vid3
Sweep/vid3_3.avi,Sweep,13,vid3
Sweep/vid400_17.avi,Sweep,13,vid400
Sweep/vid400_19.avi,Sweep,13,vid400
Sweep/vid400_21.avi,Sweep,13,vid400
Sweep/vid400_25.avi,Sweep,13,vid400
Sweep/vid400_26.avi,Sweep,13,vid400
Sweep/vid400_3.avi,Sweep,13,vid400
Sweep/vid400_6.avi,Sweep,13,vid400
Sweep/vid401_17.avi,Sweep,13,vid401
Sweep/vid405_11.avi,Sweep,13,vid405
Sweep/vid406_10.avi,Sweep,13,vid406
Sweep/vid406_11.avi,Sweep,13,vid406
Sweep/vid407_4.avi,Sweep,13,vid407
Sweep/vid409_25.avi,Sweep,13,vid409
Sweep/vid410_11.avi,Sweep,13,vid410
Sweep/vid411_24.avi,Sweep,13,vid411
Sweep/vid411_28.avi,Sweep,13,vid411
Sweep/vid412_12.avi,Sweep,13,vid412
Sweep/vid412_13.avi,Sweep,13,vid412
Sweep/vid413_17.avi,Sweep,13,vid413
Sweep/vid413_20.avi,Sweep,13,vid413
Sweep/vid415_25.avi,Sweep,13,vid415
Sweep/vid415_30.avi,Sweep,13,vid415
Sweep/vid415_32.avi,Sweep,13,vid415
Sweep/vid417_20.avi,Sweep,13,vid417
Sweep/vid419_22.avi,Sweep,13,vid419
Sweep/vid41_7.avi,Sweep,13,vid41
Sweep/vid422_23.avi,Sweep,13,vid422
Sweep/vid422_24.avi,Sweep,13,vid422
Sweep/vid422_27.avi,Sweep,13,vid422
Sweep/vid422_38.avi,Sweep,13,vid422
Sweep/vid425_5.avi,Sweep,13,vid425
Sweep/vid427_25.avi,Sweep,13,vid427
Sweep/vid427_27.avi,Sweep,13,vid427
Sweep/vid42_10.avi,Sweep,13,vid42
Sweep/vid42_14.avi,Sweep,13,vid42
Sweep/vid42_30.avi,Sweep,13,vid42
Sweep/vid42_57.avi,Sweep,13,vid42
Sweep/vid434_17.avi,Sweep,13,vid434
Sweep/vid435_25.avi,Sweep,13,vid435
Sweep/vid435_50.avi,Sweep,13,vid435
Sweep/vid435_52.avi,Sweep,13,vid435
Sweep/vid435_6.avi,Sweep,13,vid435
Sweep/vid436_38.avi,Sweep,13,vid436
Sweep/vid436_51.avi,Sweep,13,vid436
Sweep/vid436_62.avi,Sweep,13,vid436
Sweep/vid437_21.avi,Sweep,13,vid437
Sweep/vid437_23.avi,Sweep,13,vid437
Sweep/vid437_27.avi,Sweep,13,vid437
Sweep/vid437_32.avi,Sweep,13,vid437
Sweep/vid437_48.avi,Sweep,13,vid437
Sweep/vid437_49.avi,Sweep,13,vid437
Sweep/vid437_59.avi,Sweep,13,vid437
Sweep/vid438_39.avi,Sweep,13,vid438
Sweep/vid438_42.avi,Sweep,13,vid438
Sweep/vid439_16.avi,Sweep,13,vid439
Sweep/vid439_21.avi,Sweep,13,vid439
Sweep/vid439_26.avi,Sweep,13,vid439
Sweep/vid439_27.avi,Sweep,13,vid439
Sweep/vid439_55.avi,Sweep,13,vid439
Sweep/vid439_62.avi,Sweep,13,vid439
Sweep/vid43_11.avi,Sweep,13,vid43
Sweep/vid43_35.avi,Sweep,13,vid43
Sweep/vid43_59.avi,Sweep,13,vid43
Sweep/vid43_61.avi,Sweep,13,vid43
Sweep/vid440_12.avi,Sweep,13,vid440
Sweep/vid440_26.avi,Sweep,13,vid440
Sweep/vid440_27.avi,Sweep,13,vid440
Sweep/vid441_18.avi,Sweep,13,vid441
Sweep/vid441_19.avi,Sweep,13,vid441
Sweep/vid441_22.avi,Sweep,13,vid441
Sweep/vid441_23.avi,Sweep,13,vid441
Sweep/vid441_24.avi,Sweep,13,vid441
Sweep/vid441_29.avi,Sweep,13,vid441
Sweep/vid441_4.avi,Sweep,13,vid441
Sweep/vid441_45.avi,Sweep,13,vid441
Sweep/vid441_5.avi,Sweep,13,vid441
Sweep/vid443_43.avi,Sweep,13,vid443
Sweep/vid443_56.avi,Sweep,13,vid443
Sweep/vid444_15.avi,Sweep,13,vid444
Sweep/vid444_16.avi,Sweep,13,vid444
Sweep/vid444_23.avi,Sweep,13,vid444
Sweep/vid444_24.avi,Sweep,13,vid444
Sweep/vid448_22.avi,Sweep,13,vid448
Sweep/vid448_43.avi,Sweep,13,vid448
Sweep/vid448_45.avi,Sweep,13,vid448
Sweep/vid448_50.avi,Sweep,13,vid448
Sweep/vid449_11.avi,Sweep,13,vid449
Sweep/vid449_22.avi,Sweep,13,vid449
Sweep/vid449_35.avi,Sweep,13,vid449
Sweep/vid449_36.avi,Sweep,13,vid449
Sweep/vid453_2.avi,Sweep,13,vid453
Sweep/vid453_22.avi,Sweep,13,vid453
Sweep/vid453_24.avi,Sweep,13,vid453
Sweep/vid453_27.avi,Sweep,13,vid453
Sweep/vid453_7.avi,Sweep,13,vid453
Sweep/vid454_20.avi,Sweep,13,vid454
Sweep/vid454_29.avi,Sweep,13,vid454
Sweep/vid454_34.avi,Sweep,13,vid454
Sweep/vid455_15.avi,Sweep,13,vid455
Sweep/vid455_54.avi,Sweep,13,vid455
Sweep/vid455_56.avi,Sweep,13,vid455
Sweep/vid456_14.avi,Sweep,13,vid456
Sweep/vid456_32.avi,Sweep,13,vid456
Sweep/vid457_12.avi,Sweep,13,vid457
Sweep/vid457_14.avi,Sweep,13,vid457
Sweep/vid457_35.avi,Sweep,13,vid457
Sweep/vid457_4.avi,Sweep,13,vid457
Sweep/vid457_7.avi,Sweep,13,vid457
Sweep/vid45_30.avi,Sweep,13,vid45
Sweep/vid45_35.avi,Sweep,13,vid45
Sweep/vid45_52.avi,Sweep,13,vid45
Sweep/vid460_44.avi,Sweep,13,vid460
Sweep/vid461_3.avi,Sweep,13,vid461
Sweep/vid461_47.avi,Sweep,13,vid461
Sweep/vid461_48.avi,Sweep,13,vid461
Sweep/vid461_55.avi,Sweep,13,vid461
Sweep/vid466_14.avi,Sweep,13,vid466
Sweep/vid466_16.avi,Sweep,13,vid466
Sweep/vid466_29.avi,Sweep,13,vid466
Sweep/vid46_27.avi,Sweep,13,vid46
Sweep/vid46_42.avi,Sweep,13,vid46
Sweep/vid470_0.avi,Sweep,13,vid470
Sweep/vid470_14.avi,Sweep,13,vid470
Sweep/vid470_16.avi,Sweep,13,vid470
Sweep/vid470_26.avi,Sweep,13,vid470
Sweep/vid470_3.avi,Sweep,13,vid470
Sweep/vid470_34.avi,Sweep,13,vid470
Sweep/vid471_15.avi,Sweep,13,vid471
Sweep/vid471_36.avi,Sweep,13,vid471
Sweep/vid471_40.avi,Sweep,13,vid471
Sweep/vid471_41.avi,Sweep,13,vid471
Sweep/vid471_42.avi,Sweep,13,vid471
Sweep/vid472_13.avi,Sweep,13,vid472
Sweep/vid472_2.avi,Sweep,13,vid472
Sweep/vid472_21.avi,Sweep,13,vid472
Sweep/vid472_9.avi,Sweep,13,vid472
Sweep/vid473_12.avi,Sweep,13,vid473
Sweep/vid473_32.avi,Sweep,13,vid473
Sweep/vid473_6.avi,Sweep,13,vid473
Sweep/vid473_8.avi,Sweep,13,vid473
Sweep/vid473_9.avi,Sweep,13,vid473
Sweep/vid474_5.avi,Sweep,13,vid474
Sweep/vid474_7.avi,Sweep,13,vid474
Sweep/vid475_34.avi,Sweep,13,vid475
Sweep/vid475_4.avi,Sweep,13,vid475
Sweep/vid480_12.avi,Sweep,13,vid480
Sweep/vid481_12.avi,Sweep,13,vid481
Sweep/vid481_14.avi,Sweep,13,vid481
Sweep/vid481_15.avi,Sweep,13,vid481
Sweep/vid481_17.avi,Sweep,13,vid481
Sweep/vid481_26.avi,Sweep,13,vid481
Sweep/vid481_38.avi,Sweep,13,vid481
Sweep/vid481_9.avi,Sweep,13,vid481
Sweep/vid483_13.avi,Sweep,13,vid483
Sweep/vid483_25.avi,Sweep,13,vid483
Sweep/vid483_26.avi,Sweep,13,vid483
Sweep/vid483_27.avi,Sweep,13,vid483
Sweep/vid483_4.avi,Sweep,13,vid483
Sweep/vid483_45.avi,Sweep,13,vid483
Sweep/vid486_30.avi,Sweep,13,vid486
Sweep/vid486_41.avi,Sweep,13,vid486
Sweep/vid486_6.avi,Sweep,13,vid486
Sweep/vid487_11.avi,Sweep,13,vid487
Sweep/vid487_14.avi,Sweep,13,vid487
Sweep/vid487_19.avi,Sweep,13,vid487
Sweep/vid487_42.avi,Sweep,13,vid487
Sweep/vid487_7.avi,Sweep,13,vid487
Sweep/vid48_1.avi,Sweep,13,vid48
Sweep/vid48_32.avi,Sweep,13,vid48
Sweep/vid490_29.avi,Sweep,13,vid490
Sweep/vid490_5.avi,Sweep,13,vid490
Sweep/vid492_33.avi,Sweep,13,vid492
Sweep/vid493_25.avi,Sweep,13,vid493
Sweep/vid498_7.avi,Sweep,13,vid498
Sweep/vid499_25.avi,Sweep,13,vid499
Sweep/vid499_5.avi,Sweep,13,vid499
Sweep/vid499_6.avi,Sweep,13,vid499
Sweep/vid49_22.avi,Sweep,13,vid49
Sweep/vid49_23.avi,Sweep,13,vid49
Sweep/vid49_43.avi,Sweep,13,vid49
Sweep/vid49_51.avi,Sweep,13,vid49
Sweep/vid49_54.avi,Sweep,13,vid49
Sweep/vid49_9.avi,Sweep,13,vid49
Sweep/vid4_33.avi,Sweep,13,vid4
Sweep/vid503_38.avi,Sweep,13,vid503
Sweep/vid504_21.avi,Sweep,13,vid504
Sweep/vid504_27.avi,Sweep,13,vid504
Sweep/vid504_43.avi,Sweep,13,vid504
Sweep/vid506_16.avi,Sweep,13,vid506
Sweep/vid506_34.avi,Sweep,13,vid506
Sweep/vid507_14.avi,Sweep,13,vid507
Sweep/vid507_19.avi,Sweep,13,vid507
Sweep/vid507_39.avi,Sweep,13,vid507
Sweep/vid507_7.avi,Sweep,13,vid507
Sweep/vid507_8.avi,Sweep,13,vid507
Sweep/vid509_12.avi,Sweep,13,vid509
Sweep/vid509_24.avi,Sweep,13,vid509
Sweep/vid509_38.avi,Sweep,13,vid509
Sweep/vid509_40.avi,Sweep,13,vid509
Sweep/vid50_14.avi,Sweep,13,vid50
Sweep/vid50_20.avi,Sweep,13,vid50
Sweep/vid50_24.avi,Sweep,13,vid50
Sweep/vid50_26.avi,Sweep,13,vid50
Sweep/vid50_29.avi,Sweep,13,vid50
Sweep/vid511_13.avi,Sweep,13,vid511
Sweep/vid511_44.avi,Sweep,13,vid511
Sweep/vid511_6.avi,Sweep,13,vid511
Sweep/vid511_67.avi,Sweep,13,vid511
Sweep/vid511_69.avi,Sweep,13,vid511
Sweep/vid511_7.avi,Sweep,13,vid511
Sweep/vid512_33.avi,Sweep,13,vid512
Sweep/vid512_35.avi,Sweep,13,vid512
Sweep/vid512_41.avi,Sweep,13,vid512
Sweep/vid512_5.avi,Sweep,13,vid512
Sweep/vid514_11.avi,Sweep,13,vid514
Sweep/vid514_42.avi,Sweep,13,vid514
Sweep/vid515_54.avi,Sweep,13,vid515
Sweep/vid515_81.avi,Sweep,13,vid515
Sweep/vid516_16.avi,Sweep,13,vid516
Sweep/vid516_23.avi,Sweep,13,vid516
Sweep/vid518_38.avi,Sweep,13,vid518
Sweep/vid518_45.avi,Sweep,13,vid518
Sweep/vid519_10.avi,Sweep,13,vid519
Sweep/vid519_13.avi,Sweep,13,vid519
Sweep/vid519_15.avi,Sweep,13,vid519
Sweep/vid519_53.avi,Sweep,13,vid519
Sweep/vid519_67.avi,Sweep,13,vid519
Sweep/vid519_7.avi,Sweep,13,vid519
Sweep/vid520_16.avi,Sweep,13,vid520
Sweep/vid520_22.avi,Sweep,13,vid520
Sweep/vid525_10.avi,Sweep,13,vid525
Sweep/vid528_16.avi,Sweep,13,vid528
Sweep/vid528_18.avi,Sweep,13,vid528
Sweep/vid528_22.avi,Sweep,13,vid528
Sweep/vid528_54.avi,Sweep,13,vid528
Sweep/vid529_10.avi,Sweep,13,vid529
Sweep/vid529_2.avi,Sweep,13,vid529
Sweep/vid529_27.avi,Sweep,13,vid529
Sweep/vid529_29.avi,Sweep,13,vid529
Sweep/vid529_7.avi,Sweep,13,vid529
Sweep/vid531_38.avi,Sweep,13,vid531
Sweep/vid531_45.avi,Sweep,13,vid531
Sweep/vid531_54.avi,Sweep,13,vid531
Sweep/vid531_58.avi,Sweep,13,vid531
Sweep/vid531_59.avi,Sweep,13,vid531
Sweep/vid532_19.avi,Sweep,13,vid532
Sweep/vid532_26.avi,Sweep,13,vid532
Sweep/vid532_28.avi,Sweep,13,vid532
Sweep/vid532_39.avi,Sweep,13,vid532
Sweep/vid532_49.avi,Sweep,13,vid532
Sweep/vid534_12.avi,Sweep,13,vid534
Sweep/vid534_24.avi,Sweep,13,vid534
Sweep/vid534_25.avi,Sweep,13,vid534
Sweep/vid534_48.avi,Sweep,13,vid534
Sweep/vid535_11.avi,Sweep,13,vid535
Sweep/vid535_12.avi,Sweep,13,vid535
Sweep/vid535_25.avi,Sweep,13,vid535
Sweep/vid535_68.avi,Sweep,13,vid535
Sweep/vid536_23.avi,Sweep,13,vid536
Sweep/vid536_55.avi,Sweep,13,vid536
Sweep/vid536_56.avi,Sweep,13,vid536
Sweep/vid55_12.avi,Sweep,13,vid55
Sweep/vid55_74.avi,Sweep,13,vid55
Sweep/vid56_54.avi,Sweep,13,vid56
Sweep/vid56_76.avi,Sweep,13,vid56
Sweep/vid57_14.avi,Sweep,13,vid57
Sweep/vid57_15.avi,Sweep,13,vid57
Sweep/vid57_18.avi,Sweep,13,vid57
Sweep/vid59_23.avi,Sweep,13,vid59
Sweep/vid5_0.avi,Sweep,13,vid5
Sweep/vid5_22.avi,Sweep,13,vid5
Sweep/vid61_13.avi,Sweep,13,vid61
Sweep/vid62_37.avi,Sweep,13,vid62
Sweep/vid62_46.avi,Sweep,13,vid62
Sweep/vid62_47.avi,Sweep,13,vid62
Sweep/vid62_9.avi,Sweep,13,vid62
Sweep/vid63_29.avi,Sweep,13,vid63
Sweep/vid63_6.avi,Sweep,13,vid63
Sweep/vid64_15.avi,Sweep,13,vid64
Sweep/vid64_17.avi,Sweep,13,vid64
Sweep/vid65_19.avi,Sweep,13,vid65
Sweep/vid65_35.avi,Sweep,13,vid65
Sweep/vid65_42.avi,Sweep,13,vid65
Sweep/vid65_9.avi,Sweep,13,vid65
Sweep/vid68_28.avi,Sweep,13,vid68
Sweep/vid68_37.avi,Sweep,13,vid68
Sweep/vid68_44.avi,Sweep,13,vid68
Sweep/vid68_9.avi,Sweep,13,vid68
Sweep/vid6_16.avi,Sweep,13,vid6
Sweep/vid6_25.avi,Sweep,13,vid6
Sweep/vid70_3.avi,Sweep,13,vid70
Sweep/vid71_0.avi,Sweep,13,vid71
Sweep/vid71_27.avi,Sweep,13,vid71
Sweep/vid73_33.avi,Sweep,13,vid73
Sweep/vid73_35.avi,Sweep,13,vid73
Sweep/vid76_21.avi,Sweep,13,vid76
Sweep/vid78_26.avi,Sweep,13,vid78
Sweep/vid79_12.avi,Sweep,13,vid79
Sweep/vid79_5.avi,Sweep,13,vid79
Sweep/vid80_7.avi,Sweep,13,vid80
Sweep/vid85_20.avi,Sweep,13,vid85
Sweep/vid85_21.avi,Sweep,13,vid85
Sweep/vid85_28.avi,Sweep,13,vid85
Sweep/vid85_8.avi,Sweep,13,vid85
Sweep/vid86_17.avi,Sweep,13,vid86
Sweep/vid86_20.avi,Sweep,13,vid86
Sweep/vid86_25.avi,Sweep,13,vid86
Sweep/vid86_27.avi,Sweep,13,vid86
Sweep/vid86_40.avi,Sweep,13,vid86
Sweep/vid86_8.avi,Sweep,13,vid86
Sweep/vid88_27.avi,Sweep,13,vid88
Sweep/vid88_30.avi,Sweep,13,vid88
Sweep/vid88_8.avi,Sweep,13,vid88
Sweep/vid92_3.avi,Sweep,13,vid92
Sweep/vid92_34.avi,Sweep,13,vid92
Sweep/vid92_40.avi,Sweep,13,vid92
Sweep/vid92_41.avi,Sweep,13,vid92
Sweep/vid92_7.avi,Sweep,13,vid92
Sweep/vid93_15.avi,Sweep,13,vid93
Sweep/vid93_58.avi,Sweep,13,vid93
Sweep/vid95_42.avi,Sweep,13,vid95
Sweep/vid95_9.avi,Sweep,13,vid95
Sweep/vid96_35.avi,Sweep,13,vid96
Sweep/vid96_39.avi,Sweep,13,vid96
Sweep/vid96_42.avi,Sweep,13,vid96
Sweep/vid97_20.avi,Sweep,13,vid97
Sweep/vid97_26.avi,Sweep,13,vid97
Sweep/vid97_28.avi,Sweep,13,vid97
Sweep/vid99_18.avi,Sweep,13,vid99
Sweep/vid99_21.avi,Sweep,13,vid99
Sweep/vid99_36.avi,Sweep,13,vid99
Upper Cut/vid100_70.avi,Upper Cut,14,vid100
Upper Cut/vid100_72.avi,Upper Cut,14,vid100
Upper Cut/vid100_78.avi,Upper Cut,14,vid100
Upper Cut/vid103_2.avi,Upper Cut,14,vid103
Upper Cut/vid104_18.avi,Upper Cut,14,vid104
Upper Cut/vid104_25.avi,Upper Cut,14,vid104
Upper Cut/vid107_19.avi,Upper Cut,14,vid107
Upper Cut/vid107_29.avi,Upper Cut,14,vid107
Upper Cut/vid112_11.avi,Upper Cut,14,vid112
Upper Cut/vid112_2.avi,Upper Cut,14,vid112
Upper Cut/vid112_5.avi,Upper Cut,14,vid112
Upper Cut/vid117_3.avi,Upper Cut,14,vid117
Upper Cut/vid120_12.avi,Upper Cut,14,vid120
Upper Cut/vid121_32.avi,Upper Cut,14,vid121
Upper Cut/vid121_6.avi,Upper Cut,14,vid121
Upper Cut/vid122_21.avi,Upper Cut,14,vid122
Upper Cut/vid122_22.avi,Upper Cut,14,vid122
Upper Cut/vid123_5.avi,Upper Cut,14,vid123
Upper Cut/vid129_13.avi,Upper Cut,14,vid129
Upper Cut/vid129_20.avi,Upper Cut,14,vid129
Upper Cut/vid130_30.avi,Upper Cut,14,vid130
Upper Cut/vid132_13.avi,Upper Cut,14,vid132
Upper Cut/vid132_9.avi,Upper Cut,14,vid132
Upper Cut/vid133_14.avi,Upper Cut,14,vid133
Upper Cut/vid133_4.avi,Upper Cut,14,vid133
Upper Cut/vid135_16.avi,Upper Cut,14,vid135
Upper Cut/vid135_19.avi,Upper Cut,14,vid135
Upper Cut/vid137_31.avi,Upper Cut,14,vid137
Upper Cut/vid146_4.avi,Upper Cut,14,vid146
Upper Cut/vid151_18.avi,Upper Cut,14,vid151
Upper Cut/vid162_27.avi,Upper Cut,14,vid162
Upper Cut/vid166_0.avi,Upper Cut,14,vid166
Upper Cut/vid166_27.avi,Upper Cut,14,vid166
Upper Cut/vid171_5.avi,Upper Cut,14,vid171
Upper Cut/vid172_26.avi,Upper Cut,14,vid172
Upper Cut/vid175_34.avi,Upper Cut,14,vid175
Upper Cut/vid178_4.avi,Upper Cut,14,vid178
Upper Cut/vid17_12.avi,Upper Cut,14,vid17
Upper Cut/vid191_13.avi,Upper Cut,14,vid191
Upper Cut/vid195_14.avi,Upper Cut,14,vid195
Upper Cut/vid208_10.avi,Upper Cut,14,vid208
Upper Cut/vid210_15.avi,Upper Cut,14,vid210
Upper Cut/vid210_18.avi,Upper Cut,14,vid210
Upper Cut/vid213_14.avi,Upper Cut,14,vid213
Upper Cut/vid218_12.avi,Upper Cut,14,vid218
Upper Cut/vid218_26.avi,Upper Cut,14,vid218
Upper Cut/vid223_30.avi,Upper Cut,14,vid223
Upper Cut/vid226_33.avi,Upper Cut,14,vid226
Upper Cut/vid226_42.avi,Upper Cut,14,vid226
Upper Cut/vid227_17.avi,Upper Cut,14,vid227
Upper Cut/vid229_24.avi,Upper Cut,14,vid229
Upper Cut/vid229_45.avi,Upper Cut,14,vid229
Upper Cut/vid233_17.avi,Upper Cut,14,vid233
Upper Cut/vid234_14.avi,Upper Cut,14,vid234
Upper Cut/vid234_17.avi,Upper Cut,14,vid234
Upper Cut/vid234_19.avi,Upper Cut,14,vid234
Upper Cut/vid234_25.avi,Upper Cut,14,vid234
Upper Cut/vid244_5.avi,Upper Cut,14,vid244
Upper Cut/vid246_15.avi,Upper Cut,14,vid246
Upper Cut/vid246_33.avi,Upper Cut,14,vid246
Upper Cut/vid246_7.avi,Upper Cut,14,vid246
Upper Cut/vid249_33.avi,Upper Cut,14,vid249
Upper Cut/vid250_19.avi,Upper Cut,14,vid250
Upper Cut/vid26_0.avi,Upper Cut,14,vid26
Upper Cut/vid26_25.avi,Upper Cut,14,vid26
Upper Cut/vid271_10.avi,Upper Cut,14,vid271
Upper Cut/vid271_13.avi,Upper Cut,14,vid271
Upper Cut/vid277_2.avi,Upper Cut,14,vid277
Upper Cut/vid287_19.avi,Upper Cut,14,vid287
Upper Cut/vid295_7.avi,Upper Cut,14,vid295
Upper Cut/vid298_14.avi,Upper Cut,14,vid298
Upper Cut/vid299_11.avi,Upper Cut,14,vid299
Upper Cut/vid303_2.avi,Upper Cut,14,vid303
Upper Cut/vid303_5.avi,Upper Cut,14,vid303
Upper Cut/vid314_17.avi,Upper Cut,14,vid314
Upper Cut/vid318_18.avi,Upper Cut,14,vid318
Upper Cut/vid318_19.avi,Upper Cut,14,vid318
Upper Cut/vid320_25.avi,Upper Cut,14,vid320
Upper Cut/vid320_26.avi,Upper Cut,14,vid320
Upper Cut/vid320_32.avi,Upper Cut,14,vid320
Upper Cut/vid320_55.avi,Upper Cut,14,vid320
Upper Cut/vid326_17.avi,Upper Cut,14,vid326
Upper Cut/vid327_44.avi,Upper Cut,14,vid327
Upper Cut/vid329_0.avi,Upper Cut,14,vid329
Upper Cut/vid341_30.avi,Upper Cut,14,vid341
Upper Cut/vid341_42.avi,Upper Cut,14,vid341
Upper Cut/vid350_11.avi,Upper Cut,14,vid350
Upper Cut/vid356_29.avi,Upper Cut,14,vid356
Upper Cut/vid356_44.avi,Upper Cut,14,vid356
Upper Cut/vid366_13.avi,Upper Cut,14,vid366
Upper Cut/vid368_33.avi,Upper Cut,14,vid368
Upper Cut/vid368_37.avi,Upper Cut,14,vid368
Upper Cut/vid368_55.avi,Upper Cut,14,vid368
Upper Cut/vid370_59.avi,Upper Cut,14,vid370
Upper Cut/vid373_44.avi,Upper Cut,14,vid373
Upper Cut/vid374_30.avi,Upper Cut,14,vid374
Upper Cut/vid375_17.avi,Upper Cut,14,vid375
Upper Cut/vid376_10.avi,Upper Cut,14,vid376
Upper Cut/vid382_24.avi,Upper Cut,14,vid382
Upper Cut/vid382_8.avi,Upper Cut,14,vid382
Upper Cut/vid383_11.avi,Upper Cut,14,vid383
Upper Cut/vid383_38.avi,Upper Cut,14,vid383
Upper Cut/vid384_52.avi,Upper Cut,14,vid384
Upper Cut/vid384_80.avi,Upper Cut,14,vid384
Upper Cut/vid385_27.avi,Upper Cut,14,vid385
Upper Cut/vid386_12.avi,Upper Cut,14,vid386
Upper Cut/vid389_22.avi,Upper Cut,14,vid389
Upper Cut/vid390_46.avi,Upper Cut,14,vid390
Upper Cut/vid390_5.avi,Upper Cut,14,vid390
Upper Cut/vid390_51.avi,Upper Cut,14,vid390
Upper Cut/vid397_24.avi,Upper Cut,14,vid397
Upper Cut/vid406_37.avi,Upper Cut,14,vid406
Upper Cut/vid411_12.avi,Upper Cut,14,vid411
Upper Cut/vid418_10.avi,Upper Cut,14,vid418
Upper Cut/vid419_6.avi,Upper Cut,14,vid419
Upper Cut/vid422_34.avi,Upper Cut,14,vid422
Upper Cut/vid42_37.avi,Upper Cut,14,vid42
Upper Cut/vid42_6.avi,Upper Cut,14,vid42
Upper Cut/vid42_7.avi,Upper Cut,14,vid42
Upper Cut/vid434_11.avi,Upper Cut,14,vid434
Upper Cut/vid437_9.avi,Upper Cut,14,vid437
Upper Cut/vid443_30.avi,Upper Cut,14,vid443
Upper Cut/vid474_10.avi,Upper Cut,14,vid474
Upper Cut/vid483_29.avi,Upper Cut,14,vid483
Upper Cut/vid483_41.avi,Upper Cut,14,vid483
Upper Cut/vid483_9.avi,Upper Cut,14,vid483
Upper Cut/vid487_47.avi,Upper Cut,14,vid487
Upper Cut/vid495_31.avi,Upper Cut,14,vid495
Upper Cut/vid495_37.avi,Upper Cut,14,vid495
Upper Cut/vid498_8.avi,Upper Cut,14,vid498
Upper Cut/vid499_9.avi,Upper Cut,14,vid499
Upper Cut/vid49_19.avi,Upper Cut,14,vid49
Upper Cut/vid49_41.avi,Upper Cut,14,vid49
Upper Cut/vid4_17.avi,Upper Cut,14,vid4
Upper Cut/vid503_21.avi,Upper Cut,14,vid503
Upper Cut/vid504_47.avi,Upper Cut,14,vid504
Upper Cut/vid507_1.avi,Upper Cut,14,vid507
Upper Cut/vid509_44.avi,Upper Cut,14,vid509
Upper Cut/vid50_53.avi,Upper Cut,14,vid50
Upper Cut/vid512_1.avi,Upper Cut,14,vid512
Upper Cut/vid514_60.avi,Upper Cut,14,vid514
Upper Cut/vid516_32.avi,Upper Cut,14,vid516
Upper Cut/vid516_45.avi,Upper Cut,14,vid516
Upper Cut/vid516_70.avi,Upper Cut,14,vid516
Upper Cut/vid518_43.avi,Upper Cut,14,vid518
Upper Cut/vid518_46.avi,Upper Cut,14,vid518
Upper Cut/vid520_36.avi,Upper Cut,14,vid520
Upper Cut/vid520_37.avi,Upper Cut,14,vid520
Upper Cut/vid523_0.avi,Upper Cut,14,vid523
Upper Cut/vid525_24.avi,Upper Cut,14,vid525
Upper Cut/vid528_33.avi,Upper Cut,14,vid528
Upper Cut/vid528_45.avi,Upper Cut,14,vid528
Upper Cut/vid528_57.avi,Upper Cut,14,vid528
Upper Cut/vid529_13.avi,Upper Cut,14,vid529
Upper Cut/vid529_33.avi,Upper Cut,14,vid529
Upper Cut/vid529_36.avi,Upper Cut,14,vid529
Upper Cut/vid529_37.avi,Upper Cut,14,vid529
Upper Cut/vid532_27.avi,Upper Cut,14,vid532
Upper Cut/vid532_62.avi,Upper Cut,14,vid532
Upper Cut/vid535_3.avi,Upper Cut,14,vid535
Upper Cut/vid535_37.avi,Upper Cut,14,vid535
Upper Cut/vid536_12.avi,Upper Cut,14,vid536
Upper Cut/vid536_45.avi,Upper Cut,14,vid536
Upper Cut/vid536_58.avi,Upper Cut,14,vid536
Upper Cut/vid57_28.avi,Upper Cut,14,vid57
Upper Cut/vid59_29.avi,Upper Cut,14,vid59
Upper Cut/vid78_2.avi,Upper Cut,14,vid78
Upper Cut/vid80_18.avi,Upper Cut,14,vid80
Upper Cut/vid80_37.avi,Upper Cut,14,vid80
Upper Cut/vid80_6.avi,Upper Cut,14,vid80
Upper Cut/vid80_9.avi,Upper Cut,14,vid80
Upper Cut/vid81_19.avi,Upper Cut,14,vid81
Upper Cut/vid84_17.avi,Upper Cut,14,vid84
Upper Cut/vid8_40.avi,Upper Cut,14,vid8
Upper Cut/vid8_48.avi,Upper Cut,14,vid8
Upper Cut/vid92_5.avi,Upper Cut,14,vid92
Upper Cut/vid96_5.avi,Upper Cut,14,vid96
