clip,class,label,match
Cover Drive/vid100_41.avi,Cover Drive,0,vid100
Cover Drive/vid100_60.avi,Cover Drive,0,vid100
Cover Drive/vid100_8.avi,Cover Drive,0,vid100
Cover Drive/vid102_20.avi,Cover Drive,0,vid102
Cover Drive/vid102_26.avi,Cover Drive,0,vid102
Cover Drive/vid104_26.avi,Cover Drive,0,vid104
Cover Drive/vid105_15.avi,Cover Drive,0,vid105
Cover Drive/vid106_1.avi,Cover Drive,0,vid106
Cover Drive/vid106_14.avi,Cover Drive,0,vid106
Cover Drive/vid106_30.avi,Cover Drive,0,vid106
Cover Drive/vid109_3.avi,Cover Drive,0,vid109
Cover Drive/vid109_7.avi,Cover Drive,0,vid109
Cover Drive/vid110_1.avi,Cover Drive,0,vid110
Cover Drive/vid110_25.avi,Cover Drive,0,vid110
Cover Drive/vid111_4.avi,Cover Drive,0,vid111
Cover Drive/vid112_1.avi,Cover Drive,0,vid112
Cover Drive/vid113_10.avi,Cover Drive,0,vid113
Cover Drive/vid113_22.avi,Cover Drive,0,vid113
Cover Drive/vid113_7.avi,Cover Drive,0,vid113
Cover Drive/vid114_31.avi,Cover Drive,0,vid114
Cover Drive/vid115_14.avi,Cover Drive,0,vid115
Cover Drive/vid115_24.avi,Cover Drive,0,vid115
Cover Drive/vid115_25.avi,Cover Drive,0,vid115
Cover Drive/vid115_44.avi,Cover Drive,0,vid115
Cover Drive/vid116_30.avi,Cover Drive,0,vid116
Cover Drive/vid116_37.avi,Cover Drive,0,vid116
Cover Drive/vid118_10.avi,Cover Drive,0,vid118
Cover Drive/vid118_22.avi,Cover Drive,0,vid118
Cover Drive/vid118_7.avi,Cover Drive,0,vid118
Cover Drive/vid119_10.avi,Cover Drive,0,vid119
Cover Drive/vid119_11.avi,Cover Drive,0,vid119
Cover Drive/vid11_18.avi,Cover Drive,0,vid11
Cover Drive/vid120_2.avi,Cover Drive,0,vid120
Cover Drive/vid121_13.avi,Cover Drive,0,vid121
Cover Drive/vid121_15.avi,Cover Drive,0,vid121
Cover Drive/vid121_17.avi,Cover Drive,0,vid121
Cover Drive/vid124_1.avi,Cover Drive,0,vid124
Cover Drive/vid124_19.avi,Cover Drive,0,vid124
Cover Drive/vid124_8.avi,Cover Drive,0,vid124
Cover Drive/vid125_14.avi,Cover Drive,0,vid125
Cover Drive/vid125_15.avi,Cover Drive,0,vid125
Cover Drive/vid125_3.avi,Cover Drive,0,vid125
Cover Drive/vid126_12.avi,Cover Drive,0,vid126
Cover Drive/vid126_31.avi,Cover Drive,0,vid126
Cover Drive/vid127_16.avi,Cover Drive,0,vid127
Cover Drive/vid127_18.avi,Cover Drive,0,vid127
Cover Drive/vid128_1.avi,Cover Drive,0,vid128
Cover Drive/vid129_0.avi,Cover Drive,0,vid129
Cover Drive/vid129_31.avi,Cover Drive,0,vid129
Cover Drive/vid129_6.avi,Cover Drive,0,vid129
Cover Drive/vid129_8.avi,Cover Drive,0,vid129
Cover Drive/vid12_0.avi,Cover Drive,0,vid12
Cover Drive/vid12_26.avi,Cover Drive,0,vid12
Cover Drive/vid132_15.avi,Cover Drive,0,vid132
Cover Drive/vid134_2.avi,Cover Drive,0,vid134
Cover Drive/vid136_8.avi,Cover Drive,0,vid136
Cover Drive/vid137_0.avi,Cover Drive,0,vid137
Cover Drive/vid137_6.avi,Cover Drive,0,vid137
Cover Drive/vid139_7.avi,Cover Drive,0,vid139
Cover Drive/vid140_12.avi,Cover Drive,0,vid140
Cover Drive/vid142_4.avi,Cover Drive,0,vid142
Cover Drive/vid143_1.avi,Cover Drive,0,vid143
Cover Drive/vid143_23.avi,Cover Drive,0,vid143
Cover Drive/vid144_23.avi,Cover Drive,0,vid144
Cover Drive/vid146_28.avi,Cover Drive,0,vid146
Cover Drive/vid146_29.avi,Cover Drive,0,vid146
Cover Drive/vid146_35.avi,Cover Drive,0,vid146
Cover Drive/vid147_1.avi,Cover Drive,0,vid147
Cover Drive/vid147_19.avi,Cover Drive,0,vid147
Cover Drive/vid147_2.avi,Cover Drive,0,vid147
Cover Drive/vid148_0.avi,Cover Drive,0,vid148
Cover Drive/vid148_1.avi,Cover Drive,0,vid148
Cover Drive/vid148_10.avi,Cover Drive,0,vid148
Cover Drive/vid148_36.avi,Cover Drive,0,vid148
Cover Drive/vid150_21.avi,Cover Drive,0,vid150
Cover Drive/vid151_11.avi,Cover Drive,0,vid151
Cover Drive/vid151_25.avi,Cover Drive,0,vid151
Cover Drive/vid153_0.avi,Cover Drive,0,vid153
Cover Drive/vid156_22.avi,Cover Drive,0,vid156
Cover Drive/vid156_5.avi,Cover Drive,0,vid156
Cover Drive/vid159_22.avi,Cover Drive,0,vid159
Cover Drive/vid159_25.avi,Cover Drive,0,vid159
Cover Drive/vid162_15.avi,Cover Drive,0,vid162
Cover Drive/vid162_3.avi,Cover Drive,0,vid162
Cover Drive/vid162_41.avi,Cover Drive,0,vid162
Cover Drive/vid162_48.avi,Cover Drive,0,vid162
Cover Drive/vid168_10.avi,Cover Drive,0,vid168
Cover Drive/vid168_25.avi,Cover Drive,0,vid168
Cover Drive/vid168_28.avi,Cover Drive,0,vid168
Cover Drive/vid168_5.avi,Cover Drive,0,vid168
Cover Drive/vid16_20.avi,Cover Drive,0,vid16
Cover Drive/vid16_5.avi,Cover Drive,0,vid16
Cover Drive/vid170_5.avi,Cover Drive,0,vid170
Cover Drive/vid170_58.avi,Cover Drive,0,vid170
Cover Drive/vid175_0.avi,Cover Drive,0,vid175
Cover Drive/vid175_15.avi,Cover Drive,0,vid175
Cover Drive/vid175_37.avi,Cover Drive,0,vid175
Cover Drive/vid175_6.avi,Cover Drive,0,vid175
Cover Drive/vid176_0.avi,Cover Drive,0,vid176
Cover Drive/vid178_0.avi,Cover Drive,0,vid178
Cover Drive/vid178_2.avi,Cover Drive,0,vid178
Cover Drive/vid178_6.avi,Cover Drive,0,vid178
Cover Drive/vid178_7.avi,Cover Drive,0,vid178
Cover Drive/vid180_0.avi,Cover Drive,0,vid180
Cover Drive/vid180_9.avi,Cover Drive,0,vid180
Cover Drive/vid182_18.avi,Cover Drive,0,vid182
Cover Drive/vid183_0.avi,Cover Drive,0,vid183
Cover Drive/vid185_2.avi,Cover Drive,0,vid185
Cover Drive/vid18_22.avi,Cover Drive,0,vid18
Cover Drive/vid1_0.avi,Cover Drive,0,vid1
Cover Drive/vid1_4.avi,Cover Drive,0,vid1
Cover Drive/vid1_43.avi,Cover Drive,0,vid1
Cover Drive/vid203_13.avi,Cover Drive,0,vid203
Cover Drive/vid203_3.avi,Cover Drive,0,vid203
Cover Drive/vid206_45.avi,Cover Drive,0,vid206
Cover Drive/vid206_47.avi,Cover Drive,0,vid206
Cover Drive/vid208_32.avi,Cover Drive,0,vid208
Cover Drive/vid208_5.avi,Cover Drive,0,vid208
Cover Drive/vid210_16.avi,Cover Drive,0,vid210
Cover Drive/vid211_18.avi,Cover Drive,0,vid211
Cover Drive/vid214_13.avi,Cover Drive,0,vid214
Cover Drive/vid214_14.avi,Cover Drive,0,vid214
Cover Drive/vid214_19.avi,Cover Drive,0,vid214
Cover Drive/vid215_1.avi,Cover Drive,0,vid215
Cover Drive/vid215_36.avi,Cover Drive,0,vid215
Cover Drive/vid218_10.avi,Cover Drive,0,vid218
Cover Drive/vid218_18.avi,Cover Drive,0,vid218
Cover Drive/vid218_2.avi,Cover Drive,0,vid218
Cover Drive/vid218_27.avi,Cover Drive,0,vid218
Cover Drive/vid218_32.avi,Cover Drive,0,vid218
Cover Drive/vid221_10.avi,Cover Drive,0,vid221
Cover Drive/vid221_18.avi,Cover Drive,0,vid221
Cover Drive/vid221_23.avi,Cover Drive,0,vid221
Cover Drive/vid223_17.avi,Cover Drive,0,vid223
Cover Drive/vid223_19.avi,Cover Drive,0,vid223
Cover Drive/vid223_8.avi,Cover Drive,0,vid223
Cover Drive/vid227_0.avi,Cover Drive,0,vid227
Cover Drive/vid227_26.avi,Cover Drive,0,vid227
Cover Drive/vid227_27.avi,Cover Drive,0,vid227
Cover Drive/vid229_42.avi,Cover Drive,0,vid229
Cover Drive/vid230_14.avi,Cover Drive,0,vid230
Cover Drive/vid230_18.avi,Cover Drive,0,vid230
Cover Drive/vid230_21.avi,Cover Drive,0,vid230
Cover Drive/vid230_32.avi,Cover Drive,0,vid230
Cover Drive/vid230_4.avi,Cover Drive,0,vid230
Cover Drive/vid230_7.avi,Cover Drive,0,vid230
Cover Drive/vid230_8.avi,Cover Drive,0,vid230
Cover Drive/vid231_15.avi,Cover Drive,0,vid231
Cover Drive/vid231_20.avi,Cover Drive,0,vid231
Cover Drive/vid231_6.avi,Cover Drive,0,vid231
Cover Drive/vid232_17.avi,Cover Drive,0,vid232
Cover Drive/vid232_9.avi,Cover Drive,0,vid232
Cover Drive/vid234_2.avi,Cover Drive,0,vid234
Cover Drive/vid234_32.avi,Cover Drive,0,vid234
Cover Drive/vid23_44.avi,Cover Drive,0,vid23
Cover Drive/vid23_6.avi,Cover Drive,0,vid23
Cover Drive/vid246_14.avi,Cover Drive,0,vid246
Cover Drive/vid246_5.avi,Cover Drive,0,vid246
Cover Drive/vid248_0.avi,Cover Drive,0,vid248
Cover Drive/vid248_12.avi,Cover Drive,0,vid248
Cover Drive/vid248_17.avi,Cover Drive,0,vid248
Cover Drive/vid248_19.avi,Cover Drive,0,vid248
Cover Drive/vid248_2.avi,Cover Drive,0,vid248
Cover Drive/vid248_23.avi,Cover Drive,0,vid248
Cover Drive/vid248_47.avi,Cover Drive,0,vid248
Cover Drive/vid248_50.avi,Cover Drive,0,vid248
Cover Drive/vid249_15.avi,Cover Drive,0,vid249
Cover Drive/vid249_16.avi,Cover Drive,0,vid249
Cover Drive/vid249_30.avi,Cover Drive,0,vid249
Cover Drive/vid249_48.avi,Cover Drive,0,vid249
Cover Drive/vid250_3.avi,Cover Drive,0,vid250
Cover Drive/vid250_40.avi,Cover Drive,0,vid250
Cover Drive/vid250_7.avi,Cover Drive,0,vid250
Cover Drive/vid253_1.avi,Cover Drive,0,vid253
Cover Drive/vid255_12.avi,Cover Drive,0,vid255
Cover Drive/vid255_33.avi,Cover Drive,0,vid255
Cover Drive/vid259_27.avi,Cover Drive,0,vid259
Cover Drive/vid259_9.avi,Cover Drive,0,vid259
Cover Drive/vid25_3.avi,Cover Drive,0,vid25
Cover Drive/vid25_30.avi,Cover Drive,0,vid25
Cover Drive/vid25_7.avi,Cover Drive,0,vid25
Cover Drive/vid262_19.avi,Cover Drive,0,vid262
Cover Drive/vid262_34.avi,Cover Drive,0,vid262
Cover Drive/vid265_0.avi,Cover Drive,0,vid265
Cover Drive/vid265_24.avi,Cover Drive,0,vid265
Cover Drive/vid26_12.avi,Cover Drive,0,vid26
Cover Drive/vid26_19.avi,Cover Drive,0,vid26
Cover Drive/vid273_15.avi,Cover Drive,0,vid273
Cover Drive/vid27_25.avi,Cover Drive,0,vid27
Cover Drive/vid281_15.avi,Cover Drive,0,vid281
Cover Drive/vid287_13.avi,Cover Drive,0,vid287
Cover Drive/vid294_11.avi,Cover Drive,0,vid294
Cover Drive/vid294_13.avi,Cover Drive,0,vid294
Cover Drive/vid294_28.avi,Cover Drive,0,vid294
Cover Drive/vid295_0.avi,Cover Drive,0,vid295
Cover Drive/vid295_10.avi,Cover Drive,0,vid295
Cover Drive/vid295_17.avi,Cover Drive,0,vid295
Cover Drive/vid295_23.avi,Cover Drive,0,vid295
Cover Drive/vid295_3.avi,Cover Drive,0,vid295
Cover Drive/vid295_34.avi,Cover Drive,0,vid295
Cover Drive/vid295_39.avi,Cover Drive,0,vid295
Cover Drive/vid295_9.avi,Cover Drive,0,vid295
Cover Drive/vid2_0.avi,Cover Drive,0,vid2
Cover Drive/vid2_21.avi,Cover Drive,0,vid2
Cover Drive/vid300_5.avi,Cover Drive,0,vid300
Cover Drive/vid302_14.avi,Cover Drive,0,vid302
Cover Drive/vid302_23.avi,Cover Drive,0,vid302
Cover Drive/vid305_14.avi,Cover Drive,0,vid305
Cover Drive/vid305_16.avi,Cover Drive,0,vid305
Cover Drive/vid305_19.avi,Cover Drive,0,vid305
Cover Drive/vid308_1.avi,Cover Drive,0,vid308
Cover Drive/vid308_9.avi,Cover Drive,0,vid308
Cover Drive/vid309_3.avi,Cover Drive,0,vid309
Cover Drive/vid309_4.avi,Cover Drive,0,vid309
Cover Drive/vid309_9.avi,Cover Drive,0,vid309
Cover Drive/vid310_1.avi,Cover Drive,0,vid310
Cover Drive/vid310_12.avi,Cover Drive,0,vid310
Cover Drive/vid314_11.avi,Cover Drive,0,vid314
Cover Drive/vid314_14.avi,Cover Drive,0,vid314
Cover Drive/vid314_21.avi,Cover Drive,0,vid314
Cover Drive/vid314_8.avi,Cover Drive,0,vid314
Cover Drive/vid318_12.avi,Cover Drive,0,vid318
Cover Drive/vid319_14.avi,Cover Drive,0,vid319
Cover Drive/vid319_15.avi,Cover Drive,0,vid319
Cover Drive/vid321_15.avi,Cover Drive,0,vid321
Cover Drive/vid321_16.avi,Cover Drive,0,vid321
Cover Drive/vid322_13.avi,Cover Drive,0,vid322
Cover Drive/vid323_17.avi,Cover Drive,0,vid323
Cover Drive/vid324_43.avi,Cover Drive,0,vid324
Cover Drive/vid325_1.avi,Cover Drive,0,vid325
Cover Drive/vid327_24.avi,Cover Drive,0,vid327
Cover Drive/vid327_5.avi,Cover Drive,0,vid327
Cover Drive/vid329_11.avi,Cover Drive,0,vid329
Cover Drive/vid329_15.avi,Cover Drive,0,vid329
Cover Drive/vid331_23.avi,Cover Drive,0,vid331
Cover Drive/vid338_10.avi,Cover Drive,0,vid338
Cover Drive/vid338_9.avi,Cover Drive,0,vid338
Cover Drive/vid339_0.avi,Cover Drive,0,vid339
Cover Drive/vid33_1.avi,Cover Drive,0,vid33
Cover Drive/vid33_17.avi,Cover Drive,0,vid33
Cover Drive/vid33_27.avi,Cover Drive,0,vid33
Cover Drive/vid340_1.avi,Cover Drive,0,vid340
Cover Drive/vid340_22.avi,Cover Drive,0,vid340
Cover Drive/vid340_5.avi,Cover Drive,0,vid340
Cover Drive/vid341_0.avi,Cover Drive,0,vid341
Cover Drive/vid343_31.avi,Cover Drive,0,vid343
Cover Drive/vid345_3.avi,Cover Drive,0,vid345
Cover Drive/vid345_5.avi,Cover Drive,0,vid345
Cover Drive/vid345_8.avi,Cover Drive,0,vid345
Cover Drive/vid349_6.avi,Cover Drive,0,vid349
Cover Drive/vid350_1.avi,Cover Drive,0,vid350
Cover Drive/vid353_5.avi,Cover Drive,0,vid353
Cover Drive/vid354_16.avi,Cover Drive,0,vid354
Cover Drive/vid355_13.avi,Cover Drive,0,vid355
Cover Drive/vid357_22.avi,Cover Drive,0,vid357
Cover Drive/vid357_31.avi,Cover Drive,0,vid357
Cover Drive/vid358_22.avi,Cover Drive,0,vid358
Cover Drive/vid358_27.avi,Cover Drive,0,vid358
Cover Drive/vid358_41.avi,Cover Drive,0,vid358
Cover Drive/vid359_39.avi,Cover Drive,0,vid359
Cover Drive/vid361_51.avi,Cover Drive,0,vid361
Cover Drive/vid361_54.avi,Cover Drive,0,vid361
Cover Drive/vid361_69.avi,Cover Drive,0,vid361
Cover Drive/vid364_40.avi,Cover Drive,0,vid364
Cover Drive/vid366_23.avi,Cover Drive,0,vid366
Cover Drive/vid366_60.avi,Cover Drive,0,vid366
Cover Drive/vid366_61.avi,Cover Drive,0,vid366
Cover Drive/vid367_41.avi,Cover Drive,0,vid367
Cover Drive/vid367_49.avi,Cover Drive,0,vid367
Cover Drive/vid368_10.avi,Cover Drive,0,vid368
Cover Drive/vid368_30.avi,Cover Drive,0,vid368
Cover Drive/vid368_34.avi,Cover Drive,0,vid368
Cover Drive/vid368_40.avi,Cover Drive,0,vid368
Cover Drive/vid368_9.avi,Cover Drive,0,vid368
Cover Drive/vid372_26.avi,Cover Drive,0,vid372
Cover Drive/vid372_3.avi,Cover Drive,0,vid372
Cover Drive/vid374_11.avi,Cover Drive,0,vid374
Cover Drive/vid374_18.avi,Cover Drive,0,vid374
Cover Drive/vid374_40.avi,Cover Drive,0,vid374
Cover Drive/vid375_53.avi,Cover Drive,0,vid375
Cover Drive/vid375_57.avi,Cover Drive,0,vid375
Cover Drive/vid378_8.avi,Cover Drive,0,vid378
Cover Drive/vid379_3.avi,Cover Drive,0,vid379
Cover Drive/vid37_12.avi,Cover Drive,0,vid37
Cover Drive/vid380_43.avi,Cover Drive,0,vid380
Cover Drive/vid380_9.avi,Cover Drive,0,vid380
Cover Drive/vid385_34.avi,Cover Drive,0,vid385
Cover Drive/vid385_7.avi,Cover Drive,0,vid385
Cover Drive/vid388_19.avi,Cover Drive,0,vid388
Cover Drive/vid388_33.avi,Cover Drive,0,vid388
Cover Drive/vid388_50.avi,Cover Drive,0,vid388
Cover Drive/vid38_13.avi,Cover Drive,0,vid38
Cover Drive/vid38_25.avi,Cover Drive,0,vid38
Cover Drive/vid38_46.avi,Cover Drive,0,vid38
Cover Drive/vid38_48.avi,Cover Drive,0,vid38
Cover Drive/vid38_58.avi,Cover Drive,0,vid38
Cover Drive/vid38_6.avi,Cover Drive,0,vid38
Cover Drive/vid38_60.avi,Cover Drive,0,vid38
Cover Drive/vid390_28.avi,Cover Drive,0,vid390
Cover Drive/vid390_45.avi,Cover Drive,0,vid390
Cover Drive/vid392_2.avi,Cover Drive,0,vid392
Cover Drive/vid393_4.avi,Cover Drive,0,vid393
Cover Drive/vid39_20.avi,Cover Drive,0,vid39
Cover Drive/vid39_5.avi,Cover Drive,0,vid39
Cover Drive/vid400_8.avi,Cover Drive,0,vid400
Cover Drive/vid404_10.avi,Cover Drive,0,vid404
Cover Drive/vid405_17.avi,Cover Drive,0,vid405
Cover Drive/vid405_4.avi,Cover Drive,0,vid405
Cover Drive/vid406_30.avi,Cover Drive,0,vid406
Cover Drive/vid406_31.avi,Cover Drive,0,vid406
Cover Drive/vid406_6.avi,Cover Drive,0,vid406
Cover Drive/vid406_8.avi,Cover Drive,0,vid406
Cover Drive/vid408_6.avi,Cover Drive,0,vid408
Cover Drive/vid411_14.avi,Cover Drive,0,vid411
Cover Drive/vid411_20.avi,Cover Drive,0,vid411
Cover Drive/vid412_0.avi,Cover Drive,0,vid412
Cover Drive/vid413_22.avi,Cover Drive,0,vid413
Cover Drive/vid415_4.avi,Cover Drive,0,vid415
Cover Drive/vid41_15.avi,Cover Drive,0,vid41
Cover Drive/vid424_6.avi,Cover Drive,0,vid424
Cover Drive/vid429_37.avi,Cover Drive,0,vid429
Cover Drive/vid430_47.avi,Cover Drive,0,vid430
Cover Drive/vid432_1.avi,Cover Drive,0,vid432
Cover Drive/vid432_7.avi,Cover Drive,0,vid432
Cover Drive/vid437_10.avi,Cover Drive,0,vid437
Cover Drive/vid438_28.avi,Cover Drive,0,vid438
Cover Drive/vid438_31.avi,Cover Drive,0,vid438
Cover Drive/vid439_1.avi,Cover Drive,0,vid439
Cover Drive/vid439_31.avi,Cover Drive,0,vid439
Cover Drive/vid43_4.avi,Cover Drive,0,vid43
Cover Drive/vid440_2.avi,Cover Drive,0,vid440
Cover Drive/vid441_32.avi,Cover Drive,0,vid441
Cover Drive/vid442_2.avi,Cover Drive,0,vid442
Cover Drive/vid442_21.avi,Cover Drive,0,vid442
Cover Drive/vid442_42.avi,Cover Drive,0,vid442
Cover Drive/vid443_14.avi,Cover Drive,0,vid443
Cover Drive/vid443_40.avi,Cover Drive,0,vid443
Cover Drive/vid443_5.avi,Cover Drive,0,vid443
Cover Drive/vid443_59.avi,Cover Drive,0,vid443
Cover Drive/vid443_66.avi,Cover Drive,0,vid443
Cover Drive/vid444_4.avi,Cover Drive,0,vid444
Cover Drive/vid446_35.avi,Cover Drive,0,vid446
Cover Drive/vid447_13.avi,Cover Drive,0,vid447
Cover Drive/vid447_18.avi,Cover Drive,0,vid447
Cover Drive/vid447_2.avi,Cover Drive,0,vid447
Cover Drive/vid447_34.avi,Cover Drive,0,vid447
Cover Drive/vid448_18.avi,Cover Drive,0,vid448
Cover Drive/vid448_37.avi,Cover Drive,0,vid448
Cover Drive/vid448_4.avi,Cover Drive,0,vid448
Cover Drive/vid44_29.avi,Cover Drive,0,vid44
Cover Drive/vid450_16.avi,Cover Drive,0,vid450
Cover Drive/vid450_18.avi,Cover Drive,0,vid450
Cover Drive/vid450_19.avi,Cover Drive,0,vid450
Cover Drive/vid450_6.avi,Cover Drive,0,vid450
Cover Drive/vid451_3.avi,Cover Drive,0,vid451
Cover Drive/vid451_42.avi,Cover Drive,0,vid451
Cover Drive/vid451_6.avi,Cover Drive,0,vid451
Cover Drive/vid452_24.avi,Cover Drive,0,vid452
Cover Drive/vid453_13.avi,Cover Drive,0,vid453
Cover Drive/vid453_4.avi,Cover Drive,0,vid453
Cover Drive/vid456_21.avi,Cover Drive,0,vid456
Cover Drive/vid458_25.avi,Cover Drive,0,vid458
Cover Drive/vid458_28.avi,Cover Drive,0,vid458
Cover Drive/vid459_27.avi,Cover Drive,0,vid459
Cover Drive/vid459_38.avi,Cover Drive,0,vid459
Cover Drive/vid459_39.avi,Cover Drive,0,vid459
Cover Drive/vid460_39.avi,Cover Drive,0,vid460
Cover Drive/vid460_5.avi,Cover Drive,0,vid460
Cover Drive/vid461_17.avi,Cover Drive,0,vid461
Cover Drive/vid461_35.avi,Cover Drive,0,vid461
Cover Drive/vid461_53.avi,Cover Drive,0,vid461
Cover Drive/vid462_0.avi,Cover Drive,0,vid462
Cover Drive/vid462_20.avi,Cover Drive,0,vid462
Cover Drive/vid463_25.avi,Cover Drive,0,vid463
Cover Drive/vid463_36.avi,Cover Drive,0,vid463
Cover Drive/vid465_2.avi,Cover Drive,0,vid465
Cover Drive/vid465_3.avi,Cover Drive,0,vid465
Cover Drive/vid465_5.avi,Cover Drive,0,vid465
Cover Drive/vid465_7.avi,Cover Drive,0,vid465
Cover Drive/vid466_28.avi,Cover Drive,0,vid466
Cover Drive/vid466_5.avi,Cover Drive,0,vid466
Cover Drive/vid467_1.avi,Cover Drive,0,vid467
Cover Drive/vid467_7.avi,Cover Drive,0,vid467
Cover Drive/vid469_12.avi,Cover Drive,0,vid469
Cover Drive/vid469_14.avi,Cover Drive,0,vid469
Cover Drive/vid46_52.avi,Cover Drive,0,vid46
Cover Drive/vid46_54.avi,Cover Drive,0,vid46
Cover Drive/vid46_6.avi,Cover Drive,0,vid46
Cover Drive/vid470_7.avi,Cover Drive,0,vid470
Cover Drive/vid471_28.avi,Cover Drive,0,vid471
Cover Drive/vid471_7.avi,Cover Drive,0,vid471
Cover Drive/vid471_8.avi,Cover Drive,0,vid471
Cover Drive/vid472_5.avi,Cover Drive,0,vid472
Cover Drive/vid481_29.avi,Cover Drive,0,vid481
Cover Drive/vid483_1.avi,Cover Drive,0,vid483
Cover Drive/vid483_12.avi,Cover Drive,0,vid483
Cover Drive/vid484_24.avi,Cover Drive,0,vid484
Cover Drive/vid485_0.avi,Cover Drive,0,vid485
Cover Drive/vid485_51.avi,Cover Drive,0,vid485
Cover Drive/vid486_3.avi,Cover Drive,0,vid486
Cover Drive/vid487_38.avi,Cover Drive,0,vid487
Cover Drive/vid487_39.avi,Cover Drive,0,vid487
Cover Drive/vid488_50.avi,Cover Drive,0,vid488
Cover Drive/vid489_14.avi,Cover Drive,0,vid489
Cover Drive/vid489_15.avi,Cover Drive,0,vid489
Cover Drive/vid492_17.avi,Cover Drive,0,vid492
Cover Drive/vid492_2.avi,Cover Drive,0,vid492
Cover Drive/vid492_9.avi,Cover Drive,0,vid492
Cover Drive/vid494_1.avi,Cover Drive,0,vid494
Cover Drive/vid495_33.avi,Cover Drive,0,vid495
Cover Drive/vid49_0.avi,Cover Drive,0,vid49
Cover Drive/vid4_10.avi,Cover Drive,0,vid4
Cover Drive/vid4_23.avi,Cover Drive,0,vid4
Cover Drive/vid500_19.avi,Cover Drive,0,vid500
Cover Drive/vid500_23.avi,Cover Drive,0,vid500
Cover Drive/vid500_4.avi,Cover Drive,0,vid500
Cover Drive/vid501_7.avi,Cover Drive,0,vid501
Cover Drive/vid501_9.avi,Cover Drive,0,vid501
Cover Drive/vid502_2.avi,Cover Drive,0,vid502
Cover Drive/vid502_38.avi,Cover Drive,0,vid502
Cover Drive/vid504_1.avi,Cover Drive,0,vid504
Cover Drive/vid504_34.avi,Cover Drive,0,vid504
Cover Drive/vid504_8.avi,Cover Drive,0,vid504
Cover Drive/vid506_13.avi,Cover Drive,0,vid506
Cover Drive/vid507_37.avi,Cover Drive,0,vid507
Cover Drive/vid508_26.avi,Cover Drive,0,vid508
Cover Drive/vid509_29.avi,Cover Drive,0,vid509
Cover Drive/vid511_1.avi,Cover Drive,0,vid511
Cover Drive/vid511_19.avi,Cover Drive,0,vid511
Cover Drive/vid511_65.avi,Cover Drive,0,vid511
Cover Drive/vid513_12.avi,Cover Drive,0,vid513
Cover Drive/vid513_17.avi,Cover Drive,0,vid513
Cover Drive/vid513_36.avi,Cover Drive,0,vid513
Cover Drive/vid514_18.avi,Cover Drive,0,vid514
Cover Drive/vid514_3.avi,Cover Drive,0,vid514
Cover Drive/vid514_9.avi,Cover Drive,0,vid514
Cover Drive/vid516_25.avi,Cover Drive,0,vid516
Cover Drive/vid517_43.avi,Cover Drive,0,vid517
Cover Drive/vid517_53.avi,Cover Drive,0,vid517
Cover Drive/vid517_55.avi,Cover Drive,0,vid517
Cover Drive/vid520_3.avi,Cover Drive,0,vid520
Cover Drive/vid521_14.avi,Cover Drive,0,vid521
Cover Drive/vid521_73.avi,Cover Drive,0,vid521
Cover Drive/vid523_23.avi,Cover Drive,0,vid523
Cover Drive/vid523_24.avi,Cover Drive,0,vid523
Cover Drive/vid524_28.avi,Cover Drive,0,vid524
Cover Drive/vid524_29.avi,Cover Drive,0,vid524
Cover Drive/vid524_33.avi,Cover Drive,0,vid524
Cover Drive/vid524_34.avi,Cover Drive,0,vid524
Cover Drive/vid526_33.avi,Cover Drive,0,vid526
Cover Drive/vid527_21.avi,Cover Drive,0,vid527
Cover Drive/vid527_50.avi,Cover Drive,0,vid527
Cover Drive/vid527_53.avi,Cover Drive,0,vid527
Cover Drive/vid527_59.avi,Cover Drive,0,vid527
Cover Drive/vid527_67.avi,Cover Drive,0,vid527
Cover Drive/vid532_59.avi,Cover Drive,0,vid532
Cover Drive/vid533_0.avi,Cover Drive,0,vid533
Cover Drive/vid533_4.avi,Cover Drive,0,vid533
Cover Drive/vid533_47.avi,Cover Drive,0,vid533
Cover Drive/vid534_46.avi,Cover Drive,0,vid534
Cover Drive/vid535_15.avi,Cover Drive,0,vid535
Cover Drive/vid536_42.avi,Cover Drive,0,vid536
Cover Drive/vid536_43.avi,Cover Drive,0,vid536
Cover Drive/vid536_44.avi,Cover Drive,0,vid536
Cover Drive/vid54_35.avi,Cover Drive,0,vid54
Cover Drive/vid55_47.avi,Cover Drive,0,vid55
Cover Drive/vid58_15.avi,Cover Drive,0,vid58
Cover Drive/vid58_3.avi,Cover Drive,0,vid58
Cover Drive/vid59_11.avi,Cover Drive,0,vid59
Cover Drive/vid63_34.avi,Cover Drive,0,vid63
Cover Drive/vid64_28.avi,Cover Drive,0,vid64
Cover Drive/vid66_16.avi,Cover Drive,0,vid66
Cover Drive/vid6_18.avi,Cover Drive,0,vid6
Cover Drive/vid6_2.avi,Cover Drive,0,vid6
Cover Drive/vid70_24.avi,Cover Drive,0,vid70
Cover Drive/vid70_31.avi,Cover Drive,0,vid70
Cover Drive/vid70_32.avi,Cover Drive,0,vid70
Cover Drive/vid72_1.avi,Cover Drive,0,vid72
Cover Drive/vid74_20.avi,Cover Drive,0,vid74
Cover Drive/vid74_5.avi,Cover Drive,0,vid74
Cover Drive/vid76_20.avi,Cover Drive,0,vid76
Cover Drive/vid78_10.avi,Cover Drive,0,vid78
Cover Drive/vid78_25.avi,Cover Drive,0,vid78
Cover Drive/vid81_1.avi,Cover Drive,0,vid81
Cover Drive/vid83_22.avi,Cover Drive,0,vid83
Cover Drive/vid86_1.avi,Cover Drive,0,vid86
Cover Drive/vid88_26.avi,Cover Drive,0,vid88
Cover Drive/vid89_2.avi,Cover Drive,0,vid89
Cover Drive/vid8_27.avi,Cover Drive,0,vid8
Cover Drive/vid8_37.avi,Cover Drive,0,vid8
Cover Drive/vid90_3.avi,Cover Drive,0,vid90
Cover Drive/vid91_8.avi,Cover Drive,0,vid91
Cover Drive/vid96_40.avi,Cover Drive,0,vid96
Cover Drive/vid97_10.avi,Cover Drive,0,vid97
Cover Drive/vid98_5.avi,Cover Drive,0,vid98
Defensive/vid101_20.avi,Defensive,1,vid101
Defensive/vid101_30.avi,Defensive,1,vid101
Defensive/vid101_8.avi,Defensive,1,vid101
Defensive/vid102_0.avi,Defensive,1,vid102
Defensive/vid102_1.avi,Defensive,1,vid102
Defensive/vid102_33.avi,Defensive,1,vid102
Defensive/vid103_1.avi,Defensive,1,vid103
Defensive/vid103_5.avi,Defensive,1,vid103
Defensive/vid107_2.avi,Defensive,1,vid107
Defensive/vid108_24.avi,Defensive,1,vid108
Defensive/vid108_29.avi,Defensive,1,vid108
Defensive/vid108_6.avi,Defensive,1,vid108
Defensive/vid109_2.avi,Defensive,1,vid109
Defensive/vid113_0.avi,Defensive,1,vid113
Defensive/vid113_26.avi,Defensive,1,vid113
Defensive/vid116_18.avi,Defensive,1,vid116
Defensive/vid116_20.avi,Defensive,1,vid116
Defensive/vid117_4.avi,Defensive,1,vid117
Defensive/vid119_22.avi,Defensive,1,vid119
Defensive/vid120_0.avi,Defensive,1,vid120
Defensive/vid124_0.avi,Defensive,1,vid124
Defensive/vid124_18.avi,Defensive,1,vid124
Defensive/vid125_27.avi,Defensive,1,vid125
Defensive/vid125_7.avi,Defensive,1,vid125
Defensive/vid128_29.avi,Defensive,1,vid128
Defensive/vid130_38.avi,Defensive,1,vid130
Defensive/vid133_7.avi,Defensive,1,vid133
Defensive/vid134_10.avi,Defensive,1,vid134
Defensive/vid134_28.avi,Defensive,1,vid134
Defensive/vid134_9.avi,Defensive,1,vid134
Defensive/vid135_51.avi,Defensive,1,vid135
Defensive/vid143_20.avi,Defensive,1,vid143
Defensive/vid145_1.avi,Defensive,1,vid145
Defensive/vid145_18.avi,Defensive,1,vid145
Defensive/vid145_22.avi,Defensive,1,vid145
Defensive/vid148_35.avi,Defensive,1,vid148
Defensive/vid148_44.avi,Defensive,1,vid148
Defensive/vid149_1.avi,Defensive,1,vid149
Defensive/vid14_0.avi,Defensive,1,vid14
Defensive/vid14_37.avi,Defensive,1,vid14
Defensive/vid14_44.avi,Defensive,1,vid14
Defensive/vid150_10.avi,Defensive,1,vid150
Defensive/vid150_28.avi,Defensive,1,vid150
Defensive/vid150_29.avi,Defensive,1,vid150
Defensive/vid152_0.avi,Defensive,1,vid152
Defensive/vid152_13.avi,Defensive,1,vid152
Defensive/vid152_8.avi,Defensive,1,vid152
Defensive/vid153_14.avi,Defensive,1,vid153
Defensive/vid153_16.avi,Defensive,1,vid153
Defensive/vid154_6.avi,Defensive,1,vid154
Defensive/vid155_12.avi,Defensive,1,vid155
Defensive/vid156_0.avi,Defensive,1,vid156
Defensive/vid156_26.avi,Defensive,1,vid156
Defensive/vid157_14.avi,Defensive,1,vid157
Defensive/vid157_17.avi,Defensive,1,vid157
Defensive/vid157_23.avi,Defensive,1,vid157
Defensive/vid159_15.avi,Defensive,1,vid159
Defensive/vid159_9.avi,Defensive,1,vid159
Defensive/vid160_14.avi,Defensive,1,vid160
Defensive/vid160_17.avi,Defensive,1,vid160
Defensive/vid160_30.avi,Defensive,1,vid160
Defensive/vid160_39.avi,Defensive,1,vid160
Defensive/vid164_0.avi,Defensive,1,vid164
Defensive/vid164_17.avi,Defensive,1,vid164
Defensive/vid166_19.avi,Defensive,1,vid166
Defensive/vid166_23.avi,Defensive,1,vid166
Defensive/vid169_23.avi,Defensive,1,vid169
Defensive/vid169_27.avi,Defensive,1,vid169
Defensive/vid169_43.avi,Defensive,1,vid169
Defensive/vid16_13.avi,Defensive,1,vid16
Defensive/vid16_16.avi,Defensive,1,vid16
Defensive/vid16_35.avi,Defensive,1,vid16
Defensive/vid16_36.avi,Defensive,1,vid16
Defensive/vid170_12.avi,Defensive,1,vid170
Defensive/vid170_29.avi,Defensive,1,vid170
Defensive/vid170_47.avi,Defensive,1,vid170
Defensive/vid170_51.avi,Defensive,1,vid170
Defensive/vid171_0.avi,Defensive,1,vid171
Defensive/vid171_7.avi,Defensive,1,vid171
Defensive/vid174_12.avi,Defensive,1,vid174
Defensive/vid175_4.avi,Defensive,1,vid175
Defensive/vid177_31.avi,Defensive,1,vid177
Defensive/vid177_34.avi,Defensive,1,vid177
Defensive/vid183_18.avi,Defensive,1,vid183
Defensive/vid183_25.avi,Defensive,1,vid183
Defensive/vid184_5.avi,Defensive,1,vid184
Defensive/vid18_0.avi,Defensive,1,vid18
Defensive/vid199_18.avi,Defensive,1,vid199
Defensive/vid19_11.avi,Defensive,1,vid19
Defensive/vid19_9.avi,Defensive,1,vid19
Defensive/vid203_14.avi,Defensive,1,vid203
Defensive/vid203_20.avi,Defensive,1,vid203
Defensive/vid203_42.avi,Defensive,1,vid203
Defensive/vid204_1.avi,Defensive,1,vid204
Defensive/vid204_19.avi,Defensive,1,vid204
Defensive/vid204_26.avi,Defensive,1,vid204
Defensive/vid204_48.avi,Defensive,1,vid204
Defensive/vid206_10.avi,Defensive,1,vid206
Defensive/vid206_57.avi,Defensive,1,vid206
Defensive/vid206_58.avi,Defensive,1,vid206
Defensive/vid208_3.avi,Defensive,1,vid208
Defensive/vid209_0.avi,Defensive,1,vid209
Defensive/vid209_35.avi,Defensive,1,vid209
Defensive/vid209_37.avi,Defensive,1,vid209
Defensive/vid209_5.avi,Defensive,1,vid209
Defensive/vid213_0.avi,Defensive,1,vid213
Defensive/vid213_4.avi,Defensive,1,vid213
Defensive/vid213_8.avi,Defensive,1,vid213
Defensive/vid214_32.avi,Defensive,1,vid214
Defensive/vid214_34.avi,Defensive,1,vid214
Defensive/vid217_1.avi,Defensive,1,vid217
Defensive/vid21_2.avi,Defensive,1,vid21
Defensive/vid221_13.avi,Defensive,1,vid221
Defensive/vid221_16.avi,Defensive,1,vid221
Defensive/vid221_3.avi,Defensive,1,vid221
Defensive/vid221_4.avi,Defensive,1,vid221
Defensive/vid222_1.avi,Defensive,1,vid222
Defensive/vid226_13.avi,Defensive,1,vid226
Defensive/vid226_52.avi,Defensive,1,vid226
Defensive/vid227_2.avi,Defensive,1,vid227
Defensive/vid227_25.avi,Defensive,1,vid227
Defensive/vid228_20.avi,Defensive,1,vid228
Defensive/vid228_38.avi,Defensive,1,vid228
Defensive/vid228_9.avi,Defensive,1,vid228
Defensive/vid22_2.avi,Defensive,1,vid22
Defensive/vid230_0.avi,Defensive,1,vid230
Defensive/vid232_7.avi,Defensive,1,vid232
Defensive/vid233_14.avi,Defensive,1,vid233
Defensive/vid233_34.avi,Defensive,1,vid233
Defensive/vid234_0.avi,Defensive,1,vid234
Defensive/vid234_30.avi,Defensive,1,vid234
Defensive/vid235_10.avi,Defensive,1,vid235
Defensive/vid235_25.avi,Defensive,1,vid235
Defensive/vid235_26.avi,Defensive,1,vid235
Defensive/vid235_37.avi,Defensive,1,vid235
Defensive/vid235_40.avi,Defensive,1,vid235
Defensive/vid235_42.avi,Defensive,1,vid235
Defensive/vid235_46.avi,Defensive,1,vid235
Defensive/vid235_50.avi,Defensive,1,vid235
Defensive/vid235_51.avi,Defensive,1,vid235
Defensive/vid235_7.avi,Defensive,1,vid235
Defensive/vid235_8.avi,Defensive,1,vid235
Defensive/vid236_20.avi,Defensive,1,vid236
Defensive/vid236_3.avi,Defensive,1,vid236
Defensive/vid236_32.avi,Defensive,1,vid236
Defensive/vid236_33.avi,Defensive,1,vid236
Defensive/vid236_35.avi,Defensive,1,vid236
Defensive/vid236_42.avi,Defensive,1,vid236
Defensive/vid236_6.avi,Defensive,1,vid236
Defensive/vid237_0.avi,Defensive,1,vid237
Defensive/vid237_14.avi,Defensive,1,vid237
Defensive/vid237_19.avi,Defensive,1,vid237
Defensive/vid237_20.avi,Defensive,1,vid237
Defensive/vid237_33.avi,Defensive,1,vid237
Defensive/vid237_39.avi,Defensive,1,vid237
Defensive/vid237_42.avi,Defensive,1,vid237
Defensive/vid237_43.avi,Defensive,1,vid237
Defensive/vid23_1.avi,Defensive,1,vid23
Defensive/vid240_13.avi,Defensive,1,vid240
Defensive/vid240_15.avi,Defensive,1,vid240
Defensive/vid240_3.avi,Defensive,1,vid240
Defensive/vid240_37.avi,Defensive,1,vid240
Defensive/vid240_42.avi,Defensive,1,vid240
Defensive/vid240_43.avi,Defensive,1,vid240
Defensive/vid240_47.avi,Defensive,1,vid240
Defensive/vid240_49.avi,Defensive,1,vid240
Defensive/vid240_62.avi,Defensive,1,vid240
Defensive/vid241_11.avi,Defensive,1,vid241
Defensive/vid241_30.avi,Defensive,1,vid241
Defensive/vid241_34.avi,Defensive,1,vid241
Defensive/vid241_4.avi,Defensive,1,vid241
Defensive/vid242_18.avi,Defensive,1,vid242
Defensive/vid243_0.avi,Defensive,1,vid243
Defensive/vid243_21.avi,Defensive,1,vid243
Defensive/vid243_23.avi,Defensive,1,vid243
Defensive/vid243_3.avi,Defensive,1,vid243
Defensive/vid243_31.avi,Defensive,1,vid243
Defensive/vid243_34.avi,Defensive,1,vid243
Defensive/vid243_38.avi,Defensive,1,vid243
Defensive/vid243_39.avi,Defensive,1,vid243
Defensive/vid243_46.avi,Defensive,1,vid243
Defensive/vid244_34.avi,Defensive,1,vid244
Defensive/vid244_8.avi,Defensive,1,vid244
Defensive/vid246_17.avi,Defensive,1,vid246
Defensive/vid246_9.avi,Defensive,1,vid246
Defensive/vid248_11.avi,Defensive,1,vid248
Defensive/vid248_16.avi,Defensive,1,vid248
Defensive/vid248_24.avi,Defensive,1,vid248
Defensive/vid248_43.avi,Defensive,1,vid248
Defensive/vid248_53.avi,Defensive,1,vid248
Defensive/vid248_54.avi,Defensive,1,vid248
Defensive/vid248_6.avi,Defensive,1,vid248
Defensive/vid248_9.avi,Defensive,1,vid248
Defensive/vid249_0.avi,Defensive,1,vid249
Defensive/vid249_10.avi,Defensive,1,vid249
Defensive/vid249_49.avi,Defensive,1,vid249
Defensive/vid250_21.avi,Defensive,1,vid250
Defensive/vid250_37.avi,Defensive,1,vid250
Defensive/vid250_6.avi,Defensive,1,vid250
Defensive/vid251_17.avi,Defensive,1,vid251
Defensive/vid251_27.avi,Defensive,1,vid251
Defensive/vid251_4.avi,Defensive,1,vid251
Defensive/vid251_50.avi,Defensive,1,vid251
Defensive/vid251_53.avi,Defensive,1,vid251
Defensive/vid252_14.avi,Defensive,1,vid252
Defensive/vid252_16.avi,Defensive,1,vid252
Defensive/vid252_22.avi,Defensive,1,vid252
Defensive/vid252_25.avi,Defensive,1,vid252
Defensive/vid252_30.avi,Defensive,1,vid252
Defensive/vid252_32.avi,Defensive,1,vid252
Defensive/vid252_39.avi,Defensive,1,vid252
Defensive/vid252_4.avi,Defensive,1,vid252
Defensive/vid254_12.avi,Defensive,1,vid254
Defensive/vid256_23.avi,Defensive,1,vid256
Defensive/vid256_38.avi,Defensive,1,vid256
Defensive/vid25_2.avi,Defensive,1,vid25
Defensive/vid25_35.avi,Defensive,1,vid25
Defensive/vid269_5.avi,Defensive,1,vid269
Defensive/vid289_18.avi,Defensive,1,vid289
Defensive/vid295_18.avi,Defensive,1,vid295
Defensive/vid295_20.avi,Defensive,1,vid295
Defensive/vid295_28.avi,Defensive,1,vid295
Defensive/vid295_32.avi,Defensive,1,vid295
Defensive/vid300_1.avi,Defensive,1,vid300
Defensive/vid300_21.avi,Defensive,1,vid300
Defensive/vid300_25.avi,Defensive,1,vid300
Defensive/vid301_0.avi,Defensive,1,vid301
Defensive/vid301_6.avi,Defensive,1,vid301
Defensive/vid303_26.avi,Defensive,1,vid303
Defensive/vid303_3.avi,Defensive,1,vid303
Defensive/vid303_8.avi,Defensive,1,vid303
Defensive/vid304_16.avi,Defensive,1,vid304
Defensive/vid304_23.avi,Defensive,1,vid304
Defensive/vid304_25.avi,Defensive,1,vid304
Defensive/vid304_6.avi,Defensive,1,vid304
Defensive/vid306_0.avi,Defensive,1,vid306
Defensive/vid306_12.avi,Defensive,1,vid306
Defensive/vid306_21.avi,Defensive,1,vid306
Defensive/vid307_4.avi,Defensive,1,vid307
Defensive/vid308_0.avi,Defensive,1,vid308
Defensive/vid308_10.avi,Defensive,1,vid308
Defensive/vid308_2.avi,Defensive,1,vid308
Defensive/vid309_8.avi,Defensive,1,vid309
Defensive/vid310_14.avi,Defensive,1,vid310
Defensive/vid311_1.avi,Defensive,1,vid311
Defensive/vid315_0.avi,Defensive,1,vid315
Defensive/vid315_10.avi,Defensive,1,vid315
Defensive/vid315_28.avi,Defensive,1,vid315
Defensive/vid315_29.avi,Defensive,1,vid315
Defensive/vid315_3.avi,Defensive,1,vid315
Defensive/vid315_8.avi,Defensive,1,vid315
Defensive/vid319_1.avi,Defensive,1,vid319
Defensive/vid319_2.avi,Defensive,1,vid319
Defensive/vid319_4.avi,Defensive,1,vid319
Defensive/vid320_0.avi,Defensive,1,vid320
Defensive/vid320_57.avi,Defensive,1,vid320
Defensive/vid324_4.avi,Defensive,1,vid324
Defensive/vid325_11.avi,Defensive,1,vid325
Defensive/vid327_13.avi,Defensive,1,vid327
Defensive/vid331_11.avi,Defensive,1,vid331
Defensive/vid331_33.avi,Defensive,1,vid331
Defensive/vid331_44.avi,Defensive,1,vid331
Defensive/vid332_9.avi,Defensive,1,vid332
Defensive/vid33_23.avi,Defensive,1,vid33
Defensive/vid342_37.avi,Defensive,1,vid342
Defensive/vid344_30.avi,Defensive,1,vid344
Defensive/vid345_16.avi,Defensive,1,vid345
Defensive/vid355_44.avi,Defensive,1,vid355
Defensive/vid356_0.avi,Defensive,1,vid356
Defensive/vid356_35.avi,Defensive,1,vid356
Defensive/vid359_19.avi,Defensive,1,vid359
Defensive/vid360_30.avi,Defensive,1,vid360
Defensive/vid360_43.avi,Defensive,1,vid360
Defensive/vid361_23.avi,Defensive,1,vid361
Defensive/vid361_47.avi,Defensive,1,vid361
Defensive/vid363_47.avi,Defensive,1,vid363
Defensive/vid371_2.avi,Defensive,1,vid371
Defensive/vid378_0.avi,Defensive,1,vid378
Defensive/vid378_2.avi,Defensive,1,vid378
Defensive/vid378_48.avi,Defensive,1,vid378
Defensive/vid379_15.avi,Defensive,1,vid379
Defensive/vid379_9.avi,Defensive,1,vid379
Defensive/vid37_28.avi,Defensive,1,vid37
Defensive/vid381_1.avi,Defensive,1,vid381
Defensive/vid385_11.avi,Defensive,1,vid385
Defensive/vid385_28.avi,Defensive,1,vid385
Defensive/vid385_5.avi,Defensive,1,vid385
Defensive/vid38_0.avi,Defensive,1,vid38
Defensive/vid38_2.avi,Defensive,1,vid38
Defensive/vid38_5.avi,Defensive,1,vid38
Defensive/vid38_56.avi,Defensive,1,vid38
Defensive/vid390_39.avi,Defensive,1,vid390
Defensive/vid392_32.avi,Defensive,1,vid392
Defensive/vid393_36.avi,Defensive,1,vid393
Defensive/vid393_42.avi,Defensive,1,vid393
Defensive/vid393_48.avi,Defensive,1,vid393
Defensive/vid396_11.avi,Defensive,1,vid396
Defensive/vid409_12.avi,Defensive,1,vid409
Defensive/vid409_23.avi,Defensive,1,vid409
Defensive/vid410_4.avi,Defensive,1,vid410
Defensive/vid411_25.avi,Defensive,1,vid411
Defensive/vid418_41.avi,Defensive,1,vid418
Defensive/vid426_43.avi,Defensive,1,vid426
Defensive/vid426_5.avi,Defensive,1,vid426
Defensive/vid428_0.avi,Defensive,1,vid428
Defensive/vid428_4.avi,Defensive,1,vid428
Defensive/vid42_0.avi,Defensive,1,vid42
Defensive/vid42_15.avi,Defensive,1,vid42
Defensive/vid430_43.avi,Defensive,1,vid430
Defensive/vid431_4.avi,Defensive,1,vid431
Defensive/vid432_0.avi,Defensive,1,vid432
Defensive/vid435_56.avi,Defensive,1,vid435
Defensive/vid436_32.avi,Defensive,1,vid436
Defensive/vid439_15.avi,Defensive,1,vid439
Defensive/vid442_0.avi,Defensive,1,vid442
Defensive/vid444_3.avi,Defensive,1,vid444
Defensive/vid446_0.avi,Defensive,1,vid446
Defensive/vid446_13.avi,Defensive,1,vid446
Defensive/vid446_41.avi,Defensive,1,vid446
Defensive/vid451_0.avi,Defensive,1,vid451
Defensive/vid458_14.avi,Defensive,1,vid458
Defensive/vid459_0.avi,Defensive,1,vid459
Defensive/vid459_23.avi,Defensive,1,vid459
Defensive/vid459_29.avi,Defensive,1,vid459
Defensive/vid45_1.avi,Defensive,1,vid45
Defensive/vid460_25.avi,Defensive,1,vid460
Defensive/vid461_0.avi,Defensive,1,vid461
Defensive/vid461_57.avi,Defensive,1,vid461
Defensive/vid464_0.avi,Defensive,1,vid464
Defensive/vid464_28.avi,Defensive,1,vid464
Defensive/vid464_34.avi,Defensive,1,vid464
Defensive/vid465_0.avi,Defensive,1,vid465
Defensive/vid467_3.avi,Defensive,1,vid467
Defensive/vid46_4.avi,Defensive,1,vid46
Defensive/vid485_32.avi,Defensive,1,vid485
Defensive/vid486_14.avi,Defensive,1,vid486
Defensive/vid488_34.avi,Defensive,1,vid488
Defensive/vid4_30.avi,Defensive,1,vid4
Defensive/vid507_10.avi,Defensive,1,vid507
Defensive/vid508_27.avi,Defensive,1,vid508
Defensive/vid512_26.avi,Defensive,1,vid512
Defensive/vid513_1.avi,Defensive,1,vid513
Defensive/vid513_27.avi,Defensive,1,vid513
Defensive/vid513_28.avi,Defensive,1,vid513
Defensive/vid514_52.avi,Defensive,1,vid514
Defensive/vid518_20.avi,Defensive,1,vid518
Defensive/vid518_23.avi,Defensive,1,vid518
Defensive/vid518_36.avi,Defensive,1,vid518
Defensive/vid519_31.avi,Defensive,1,vid519
Defensive/vid520_18.avi,Defensive,1,vid520
Defensive/vid523_12.avi,Defensive,1,vid523
Defensive/vid523_21.avi,Defensive,1,vid523
Defensive/vid525_13.avi,Defensive,1,vid525
Defensive/vid526_2.avi,Defensive,1,vid526
Defensive/vid528_36.avi,Defensive,1,vid528
Defensive/vid528_40.avi,Defensive,1,vid528
Defensive/vid530_0.avi,Defensive,1,vid530
Defensive/vid530_49.avi,Defensive,1,vid530
Defensive/vid530_56.avi,Defensive,1,vid530
Defensive/vid531_11.avi,Defensive,1,vid531
Defensive/vid533_34.avi,Defensive,1,vid533
Defensive/vid533_79.avi,Defensive,1,vid533
Defensive/vid534_0.avi,Defensive,1,vid534
Defensive/vid534_13.avi,Defensive,1,vid534
Defensive/vid536_2.avi,Defensive,1,vid536
Defensive/vid536_29.avi,Defensive,1,vid536
Defensive/vid56_17.avi,Defensive,1,vid56
Defensive/vid56_5.avi,Defensive,1,vid56
Defensive/vid56_6.avi,Defensive,1,vid56
Defensive/vid56_60.avi,Defensive,1,vid56
Defensive/vid59_3.avi,Defensive,1,vid59
Defensive/vid60_47.avi,Defensive,1,vid60
Defensive/vid60_73.avi,Defensive,1,vid60
Defensive/vid64_26.avi,Defensive,1,vid64
Defensive/vid64_27.avi,Defensive,1,vid64
Defensive/vid65_28.avi,Defensive,1,vid65
Defensive/vid67_39.avi,Defensive,1,vid67
Defensive/vid6_19.avi,Defensive,1,vid6
Defensive/vid71_13.avi,Defensive,1,vid71
Defensive/vid74_32.avi,Defensive,1,vid74
Defensive/vid77_27.avi,Defensive,1,vid77
Defensive/vid8_36.avi,Defensive,1,vid8
Defensive/vid8_6.avi,Defensive,1,vid8
Defensive/vid91_0.avi,Defensive,1,vid91
Defensive/vid91_3.avi,Defensive,1,vid91
Defensive/vid97_55.avi,Defensive,1,vid97
Defensive/vid98_33.avi,Defensive,1,vid98
Defensive/vid9_3.avi,Defensive,1,vid9
Down The Wicket/vid100_26.avi,Down The Wicket,2,vid100
Down The Wicket/vid100_73.avi,Down The Wicket,2,vid100
Down The Wicket/vid101_5.avi,Down The Wicket,2,vid101
Down The Wicket/vid101_6.avi,Down The Wicket,2,vid101
Down The Wicket/vid105_25.avi,Down The Wicket,2,vid105
Down The Wicket/vid105_6.avi,Down The Wicket,2,vid105
Down The Wicket/vid106_21.avi,Down The Wicket,2,vid106
Down The Wicket/vid106_23.avi,Down The Wicket,2,vid106
Down The Wicket/vid106_4.avi,Down The Wicket,2,vid106
Down The Wicket/vid106_9.avi,Down The Wicket,2,vid106
Down The Wicket/vid110_30.avi,Down The Wicket,2,vid110
Down The Wicket/vid110_32.avi,Down The Wicket,2,vid110
Down The Wicket/vid110_33.avi,Down The Wicket,2,vid110
Down The Wicket/vid115_27.avi,Down The Wicket,2,vid115
Down The Wicket/vid115_29.avi,Down The Wicket,2,vid115
Down The Wicket/vid115_7.avi,Down The Wicket,2,vid115
Down The Wicket/vid116_22.avi,Down The Wicket,2,vid116
Down The Wicket/vid116_5.avi,Down The Wicket,2,vid116
Down The Wicket/vid119_23.avi,Down The Wicket,2,vid119
Down The Wicket/vid119_24.avi,Down The Wicket,2,vid119
Down The Wicket/vid119_35.avi,Down The Wicket,2,vid119
Down The Wicket/vid122_2.avi,Down The Wicket,2,vid122
Down The Wicket/vid123_24.avi,Down The Wicket,2,vid123
Down The Wicket/vid125_20.avi,Down The Wicket,2,vid125
Down The Wicket/vid125_22.avi,Down The Wicket,2,vid125
Down The Wicket/vid125_25.avi,Down The Wicket,2,vid125
Down The Wicket/vid126_17.avi,Down The Wicket,2,vid126
Down The Wicket/vid127_10.avi,Down The Wicket,2,vid127
Down The Wicket/vid127_4.avi,Down The Wicket,2,vid127
Down The Wicket/vid127_6.avi,Down The Wicket,2,vid127
Down The Wicket/vid12_15.avi,Down The Wicket,2,vid12
Down The Wicket/vid12_28.avi,Down The Wicket,2,vid12
Down The Wicket/vid12_29.avi,Down The Wicket,2,vid12
Down The Wicket/vid131_1.avi,Down The Wicket,2,vid131
Down The Wicket/vid131_7.avi,Down The Wicket,2,vid131
Down The Wicket/vid132_3.avi,Down The Wicket,2,vid132
Down The Wicket/vid132_4.avi,Down The Wicket,2,vid132
Down The Wicket/vid132_5.avi,Down The Wicket,2,vid132
Down The Wicket/vid132_6.avi,Down The Wicket,2,vid132
Down The Wicket/vid133_23.avi,Down The Wicket,2,vid133
Down The Wicket/vid133_29.avi,Down The Wicket,2,vid133
Down The Wicket/vid135_22.avi,Down The Wicket,2,vid135
Down The Wicket/vid135_30.avi,Down The Wicket,2,vid135
Down The Wicket/vid13_24.avi,Down The Wicket,2,vid13
Down The Wicket/vid13_36.avi,Down The Wicket,2,vid13
Down The Wicket/vid13_43.avi,Down The Wicket,2,vid13
Down The Wicket/vid13_46.avi,Down The Wicket,2,vid13
Down The Wicket/vid140_11.avi,Down The Wicket,2,vid140
Down The Wicket/vid140_9.avi,Down The Wicket,2,vid140
Down The Wicket/vid141_12.avi,Down The Wicket,2,vid141
Down The Wicket/vid147_15.avi,Down The Wicket,2,vid147
Down The Wicket/vid147_17.avi,Down The Wicket,2,vid147
Down The Wicket/vid150_23.avi,Down The Wicket,2,vid150
Down The Wicket/vid153_21.avi,Down The Wicket,2,vid153
Down The Wicket/vid153_23.avi,Down The Wicket,2,vid153
Down The Wicket/vid157_12.avi,Down The Wicket,2,vid157
Down The Wicket/vid157_29.avi,Down The Wicket,2,vid157
Down The Wicket/vid15_22.avi,Down The Wicket,2,vid15
Down The Wicket/vid160_21.avi,Down The Wicket,2,vid160
Down The Wicket/vid161_28.avi,Down The Wicket,2,vid161
Down The Wicket/vid161_30.avi,Down The Wicket,2,vid161
Down The Wicket/vid161_34.avi,Down The Wicket,2,vid161
Down The Wicket/vid161_4.avi,Down The Wicket,2,vid161
Down The Wicket/vid163_3.avi,Down The Wicket,2,vid163
Down The Wicket/vid168_16.avi,Down The Wicket,2,vid168
Down The Wicket/vid169_18.avi,Down The Wicket,2,vid169
Down The Wicket/vid16_22.avi,Down The Wicket,2,vid16
Down The Wicket/vid172_24.avi,Down The Wicket,2,vid172
Down The Wicket/vid175_5.avi,Down The Wicket,2,vid175
Down The Wicket/vid178_13.avi,Down The Wicket,2,vid178
Down The Wicket/vid178_33.avi,Down The Wicket,2,vid178
Down The Wicket/vid183_1.avi,Down The Wicket,2,vid183
Down The Wicket/vid183_6.avi,Down The Wicket,2,vid183
Down The Wicket/vid188_14.avi,Down The Wicket,2,vid188
Down The Wicket/vid188_20.avi,Down The Wicket,2,vid188
Down The Wicket/vid189_10.avi,Down The Wicket,2,vid189
Down The Wicket/vid190_4.avi,Down The Wicket,2,vid190
Down The Wicket/vid195_13.avi,Down The Wicket,2,vid195
Down The Wicket/vid195_17.avi,Down The Wicket,2,vid195
Down The Wicket/vid196_10.avi,Down The Wicket,2,vid196
Down The Wicket/vid196_9.avi,Down The Wicket,2,vid196
Down The Wicket/vid199_4.avi,Down The Wicket,2,vid199
Down The Wicket/vid1_15.avi,Down The Wicket,2,vid1
Down The Wicket/vid1_18.avi,Down The Wicket,2,vid1
Down The Wicket/vid1_35.avi,Down The Wicket,2,vid1
Down The Wicket/vid200_1.avi,Down The Wicket,2,vid200
Down The Wicket/vid200_15.avi,Down The Wicket,2,vid200
Down The Wicket/vid200_8.avi,Down The Wicket,2,vid200
Down The Wicket/vid201_1.avi,Down The Wicket,2,vid201
Down The Wicket/vid203_32.avi,Down The Wicket,2,vid203
Down The Wicket/vid207_55.avi,Down The Wicket,2,vid207
Down The Wicket/vid207_6.avi,Down The Wicket,2,vid207
Down The Wicket/vid208_14.avi,Down The Wicket,2,vid208
Down The Wicket/vid210_12.avi,Down The Wicket,2,vid210
Down The Wicket/vid210_38.avi,Down The Wicket,2,vid210
Down The Wicket/vid210_43.avi,Down The Wicket,2,vid210
Down The Wicket/vid211_33.avi,Down The Wicket,2,vid211
Down The Wicket/vid214_24.avi,Down The Wicket,2,vid214
Down The Wicket/vid215_17.avi,Down The Wicket,2,vid215
Down The Wicket/vid215_30.avi,Down The Wicket,2,vid215
Down The Wicket/vid215_45.avi,Down The Wicket,2,vid215
Down The Wicket/vid216_13.avi,Down The Wicket,2,vid216
Down The Wicket/vid216_3.avi,Down The Wicket,2,vid216
Down The Wicket/vid216_30.avi,Down The Wicket,2,vid216
Down The Wicket/vid216_37.avi,Down The Wicket,2,vid216
Down The Wicket/vid216_7.avi,Down The Wicket,2,vid216
Down The Wicket/vid217_11.avi,Down The Wicket,2,vid217
Down The Wicket/vid217_34.avi,Down The Wicket,2,vid217
Down The Wicket/vid217_41.avi,Down The Wicket,2,vid217
Down The Wicket/vid217_8.avi,Down The Wicket,2,vid217
Down The Wicket/vid219_7.avi,Down The Wicket,2,vid219
Down The Wicket/vid222_4.avi,Down The Wicket,2,vid222
Down The Wicket/vid225_34.avi,Down The Wicket,2,vid225
Down The Wicket/vid226_11.avi,Down The Wicket,2,vid226
Down The Wicket/vid226_43.avi,Down The Wicket,2,vid226
Down The Wicket/vid228_40.avi,Down The Wicket,2,vid228
Down The Wicket/vid229_11.avi,Down The Wicket,2,vid229
Down The Wicket/vid229_13.avi,Down The Wicket,2,vid229
Down The Wicket/vid229_32.avi,Down The Wicket,2,vid229
Down The Wicket/vid229_39.avi,Down The Wicket,2,vid229
Down The Wicket/vid229_6.avi,Down The Wicket,2,vid229
Down The Wicket/vid229_7.avi,Down The Wicket,2,vid229
Down The Wicket/vid229_9.avi,Down The Wicket,2,vid229
Down The Wicket/vid231_28.avi,Down The Wicket,2,vid231
Down The Wicket/vid233_13.avi,Down The Wicket,2,vid233
Down The Wicket/vid234_24.avi,Down The Wicket,2,vid234
Down The Wicket/vid234_28.avi,Down The Wicket,2,vid234
Down The Wicket/vid237_2.avi,Down The Wicket,2,vid237
Down The Wicket/vid23_14.avi,Down The Wicket,2,vid23
Down The Wicket/vid23_17.avi,Down The Wicket,2,vid23
Down The Wicket/vid23_27.avi,Down The Wicket,2,vid23
Down The Wicket/vid23_28.avi,Down The Wicket,2,vid23
Down The Wicket/vid23_29.avi,Down The Wicket,2,vid23
Down The Wicket/vid23_30.avi,Down The Wicket,2,vid23
Down The Wicket/vid23_39.avi,Down The Wicket,2,vid23
Down The Wicket/vid23_43.avi,Down The Wicket,2,vid23
Down The Wicket/vid243_1.avi,Down The Wicket,2,vid243
Down The Wicket/vid247_30.avi,Down The Wicket,2,vid247
Down The Wicket/vid248_26.avi,Down The Wicket,2,vid248
Down The Wicket/vid24_14.avi,Down The Wicket,2,vid24
Down The Wicket/vid24_31.avi,Down The Wicket,2,vid24
Down The Wicket/vid24_40.avi,Down The Wicket,2,vid24
Down The Wicket/vid256_29.avi,Down The Wicket,2,vid256
Down The Wicket/vid256_5.avi,Down The Wicket,2,vid256
Down The Wicket/vid257_25.avi,Down The Wicket,2,vid257
Down The Wicket/vid258_52.avi,Down The Wicket,2,vid258
Down The Wicket/vid259_31.avi,Down The Wicket,2,vid259
Down The Wicket/vid259_34.avi,Down The Wicket,2,vid259
Down The Wicket/vid260_16.avi,Down The Wicket,2,vid260
Down The Wicket/vid261_2.avi,Down The Wicket,2,vid261
Down The Wicket/vid263_13.avi,Down The Wicket,2,vid263
Down The Wicket/vid263_9.avi,Down The Wicket,2,vid263
Down The Wicket/vid265_3.avi,Down The Wicket,2,vid265
Down The Wicket/vid265_4.avi,Down The Wicket,2,vid265
Down The Wicket/vid266_1.avi,Down The Wicket,2,vid266
Down The Wicket/vid267_1.avi,Down The Wicket,2,vid267
Down The Wicket/vid267_11.avi,Down The Wicket,2,vid267
Down The Wicket/vid270_0.avi,Down The Wicket,2,vid270
Down The Wicket/vid270_15.avi,Down The Wicket,2,vid270
Down The Wicket/vid270_3.avi,Down The Wicket,2,vid270
Down The Wicket/vid270_4.avi,Down The Wicket,2,vid270
Down The Wicket/vid270_5.avi,Down The Wicket,2,vid270
Down The Wicket/vid272_1.avi,Down The Wicket,2,vid272
Down The Wicket/vid272_14.avi,Down The Wicket,2,vid272
Down The Wicket/vid277_19.avi,Down The Wicket,2,vid277
Down The Wicket/vid278_5.avi,Down The Wicket,2,vid278
Down The Wicket/vid279_11.avi,Down The Wicket,2,vid279
Down The Wicket/vid279_16.avi,Down The Wicket,2,vid279
Down The Wicket/vid279_3.avi,Down The Wicket,2,vid279
Down The Wicket/vid27_3.avi,Down The Wicket,2,vid27
Down The Wicket/vid282_7.avi,Down The Wicket,2,vid282
Down The Wicket/vid286_14.avi,Down The Wicket,2,vid286
Down The Wicket/vid289_3.avi,Down The Wicket,2,vid289
Down The Wicket/vid291_1.avi,Down The Wicket,2,vid291
Down The Wicket/vid292_13.avi,Down The Wicket,2,vid292
Down The Wicket/vid292_17.avi,Down The Wicket,2,vid292
Down The Wicket/vid293_17.avi,Down The Wicket,2,vid293
Down The Wicket/vid293_8.avi,Down The Wicket,2,vid293
Down The Wicket/vid297_8.avi,Down The Wicket,2,vid297
Down The Wicket/vid2_4.avi,Down The Wicket,2,vid2
Down The Wicket/vid2_5.avi,Down The Wicket,2,vid2
Down The Wicket/vid2_7.avi,Down The Wicket,2,vid2
Down The Wicket/vid303_15.avi,Down The Wicket,2,vid303
Down The Wicket/vid312_25.avi,Down The Wicket,2,vid312
Down The Wicket/vid312_31.avi,Down The Wicket,2,vid312
Down The Wicket/vid312_33.avi,Down The Wicket,2,vid312
Down The Wicket/vid321_10.avi,Down The Wicket,2,vid321
Down The Wicket/vid321_12.avi,Down The Wicket,2,vid321
Down The Wicket/vid321_25.avi,Down The Wicket,2,vid321
Down The Wicket/vid322_25.avi,Down The Wicket,2,vid322
Down The Wicket/vid322_9.avi,Down The Wicket,2,vid322
Down The Wicket/vid323_33.avi,Down The Wicket,2,vid323
Down The Wicket/vid324_11.avi,Down The Wicket,2,vid324
Down The Wicket/vid324_29.avi,Down The Wicket,2,vid324
Down The Wicket/vid324_33.avi,Down The Wicket,2,vid324
Down The Wicket/vid327_42.avi,Down The Wicket,2,vid327
Down The Wicket/vid330_10.avi,Down The Wicket,2,vid330
Down The Wicket/vid330_21.avi,Down The Wicket,2,vid330
Down The Wicket/vid330_22.avi,Down The Wicket,2,vid330
Down The Wicket/vid331_15.avi,Down The Wicket,2,vid331
Down The Wicket/vid331_19.avi,Down The Wicket,2,vid331
Down The Wicket/vid333_33.avi,Down The Wicket,2,vid333
Down The Wicket/vid333_38.avi,Down The Wicket,2,vid333
Down The Wicket/vid337_41.avi,Down The Wicket,2,vid337
Down The Wicket/vid340_23.avi,Down The Wicket,2,vid340
Down The Wicket/vid341_16.avi,Down The Wicket,2,vid341
Down The Wicket/vid342_13.avi,Down The Wicket,2,vid342
Down The Wicket/vid342_14.avi,Down The Wicket,2,vid342
Down The Wicket/vid342_35.avi,Down The Wicket,2,vid342
Down The Wicket/vid344_23.avi,Down The Wicket,2,vid344
Down The Wicket/vid344_48.avi,Down The Wicket,2,vid344
Down The Wicket/vid345_7.avi,Down The Wicket,2,vid345
Down The Wicket/vid350_9.avi,Down The Wicket,2,vid350
Down The Wicket/vid352_10.avi,Down The Wicket,2,vid352
Down The Wicket/vid354_20.avi,Down The Wicket,2,vid354
Down The Wicket/vid354_22.avi,Down The Wicket,2,vid354
Down The Wicket/vid354_5.avi,Down The Wicket,2,vid354
Down The Wicket/vid358_60.avi,Down The Wicket,2,vid358
Down The Wicket/vid361_55.avi,Down The Wicket,2,vid361
Down The Wicket/vid362_30.avi,Down The Wicket,2,vid362
Down The Wicket/vid362_6.avi,Down The Wicket,2,vid362
Down The Wicket/vid367_15.avi,Down The Wicket,2,vid367
Down The Wicket/vid367_27.avi,Down The Wicket,2,vid367
Down The Wicket/vid367_6.avi,Down The Wicket,2,vid367
Down The Wicket/vid368_29.avi,Down The Wicket,2,vid368
Down The Wicket/vid368_47.avi,Down The Wicket,2,vid368
Down The Wicket/vid368_57.avi,Down The Wicket,2,vid368
Down The Wicket/vid36_6.avi,Down The Wicket,2,vid36
Down The Wicket/vid370_43.avi,Down The Wicket,2,vid370
Down The Wicket/vid370_48.avi,Down The Wicket,2,vid370
Down The Wicket/vid370_49.avi,Down The Wicket,2,vid370
Down The Wicket/vid373_17.avi,Down The Wicket,2,vid373
Down The Wicket/vid373_41.avi,Down The Wicket,2,vid373
Down The Wicket/vid373_5.avi,Down The Wicket,2,vid373
Down The Wicket/vid37_6.avi,Down The Wicket,2,vid37
Down The Wicket/vid380_25.avi,Down The Wicket,2,vid380
Down The Wicket/vid380_37.avi,Down The Wicket,2,vid380
Down The Wicket/vid381_28.avi,Down The Wicket,2,vid381
Down The Wicket/vid381_34.avi,Down The Wicket,2,vid381
Down The Wicket/vid382_4.avi,Down The Wicket,2,vid382
Down The Wicket/vid383_1.avi,Down The Wicket,2,vid383
Down The Wicket/vid383_2.avi,Down The Wicket,2,vid383
Down The Wicket/vid383_4.avi,Down The Wicket,2,vid383
Down The Wicket/vid384_12.avi,Down The Wicket,2,vid384
Down The Wicket/vid384_43.avi,Down The Wicket,2,vid384
Down The Wicket/vid384_65.avi,Down The Wicket,2,vid384
Down The Wicket/vid385_20.avi,Down The Wicket,2,vid385
Down The Wicket/vid385_33.avi,Down The Wicket,2,vid385
Down The Wicket/vid387_40.avi,Down The Wicket,2,vid387
Down The Wicket/vid391_17.avi,Down The Wicket,2,vid391
Down The Wicket/vid391_2.avi,Down The Wicket,2,vid391
Down The Wicket/vid391_42.avi,Down The Wicket,2,vid391
Down The Wicket/vid394_11.avi,Down The Wicket,2,vid394
Down The Wicket/vid394_23.avi,Down The Wicket,2,vid394
Down The Wicket/vid394_7.avi,Down The Wicket,2,vid394
Down The Wicket/vid394_8.avi,Down The Wicket,2,vid394
Down The Wicket/vid394_9.avi,Down The Wicket,2,vid394
Down The Wicket/vid396_18.avi,Down The Wicket,2,vid396
Down The Wicket/vid396_19.avi,Down The Wicket,2,vid396
Down The Wicket/vid399_11.avi,Down The Wicket,2,vid399
Down The Wicket/vid400_20.avi,Down The Wicket,2,vid400
Down The Wicket/vid407_13.avi,Down The Wicket,2,vid407
Down The Wicket/vid408_1.avi,Down The Wicket,2,vid408
Down The Wicket/vid412_4.avi,Down The Wicket,2,vid412
Down The Wicket/vid414_24.avi,Down The Wicket,2,vid414
Down The Wicket/vid415_10.avi,Down The Wicket,2,vid415
Down The Wicket/vid415_9.avi,Down The Wicket,2,vid415
Down The Wicket/vid416_26.avi,Down The Wicket,2,vid416
Down The Wicket/vid416_29.avi,Down The Wicket,2,vid416
Down The Wicket/vid419_2.avi,Down The Wicket,2,vid419
Down The Wicket/vid420_16.avi,Down The Wicket,2,vid420
Down The Wicket/vid420_3.avi,Down The Wicket,2,vid420
Down The Wicket/vid422_12.avi,Down The Wicket,2,vid422
Down The Wicket/vid422_39.avi,Down The Wicket,2,vid422
Down The Wicket/vid423_10.avi,Down The Wicket,2,vid423
Down The Wicket/vid424_21.avi,Down The Wicket,2,vid424
Down The Wicket/vid425_13.avi,Down The Wicket,2,vid425
Down The Wicket/vid426_32.avi,Down The Wicket,2,vid426
Down The Wicket/vid427_3.avi,Down The Wicket,2,vid427
Down The Wicket/vid427_6.avi,Down The Wicket,2,vid427
Down The Wicket/vid42_23.avi,Down The Wicket,2,vid42
Down The Wicket/vid42_25.avi,Down The Wicket,2,vid42
Down The Wicket/vid42_46.avi,Down The Wicket,2,vid42
Down The Wicket/vid430_10.avi,Down The Wicket,2,vid430
Down The Wicket/vid430_15.avi,Down The Wicket,2,vid430
Down The Wicket/vid430_19.avi,Down The Wicket,2,vid430
Down The Wicket/vid431_10.avi,Down The Wicket,2,vid431
Down The Wicket/vid431_34.avi,Down The Wicket,2,vid431
Down The Wicket/vid431_35.avi,Down The Wicket,2,vid431
Down The Wicket/vid431_42.avi,Down The Wicket,2,vid431
Down The Wicket/vid431_46.avi,Down The Wicket,2,vid431
Down The Wicket/vid431_6.avi,Down The Wicket,2,vid431
Down The Wicket/vid431_8.avi,Down The Wicket,2,vid431
Down The Wicket/vid432_21.avi,Down The Wicket,2,vid432
Down The Wicket/vid432_22.avi,Down The Wicket,2,vid432
Down The Wicket/vid432_5.avi,Down The Wicket,2,vid432
Down The Wicket/vid432_8.avi,Down The Wicket,2,vid432
Down The Wicket/vid433_29.avi,Down The Wicket,2,vid433
Down The Wicket/vid434_13.avi,Down The Wicket,2,vid434
Down The Wicket/vid434_33.avi,Down The Wicket,2,vid434
Down The Wicket/vid434_35.avi,Down The Wicket,2,vid434
Down The Wicket/vid434_36.avi,Down The Wicket,2,vid434
Down The Wicket/vid434_50.avi,Down The Wicket,2,vid434
Down The Wicket/vid434_51.avi,Down The Wicket,2,vid434
Down The Wicket/vid434_68.avi,Down The Wicket,2,vid434
Down The Wicket/vid434_69.avi,Down The Wicket,2,vid434
Down The Wicket/vid435_10.avi,Down The Wicket,2,vid435
Down The Wicket/vid435_9.avi,Down The Wicket,2,vid435
Down The Wicket/vid436_14.avi,Down The Wicket,2,vid436
Down The Wicket/vid436_20.avi,Down The Wicket,2,vid436
Down The Wicket/vid436_27.avi,Down The Wicket,2,vid436
Down The Wicket/vid436_58.avi,Down The Wicket,2,vid436
Down The Wicket/vid436_60.avi,Down The Wicket,2,vid436
Down The Wicket/vid436_7.avi,Down The Wicket,2,vid436
Down The Wicket/vid43_55.avi,Down The Wicket,2,vid43
Down The Wicket/vid441_21.avi,Down The Wicket,2,vid441
Down The Wicket/vid441_33.avi,Down The Wicket,2,vid441
Down The Wicket/vid442_10.avi,Down The Wicket,2,vid442
Down The Wicket/vid442_20.avi,Down The Wicket,2,vid442
Down The Wicket/vid442_26.avi,Down The Wicket,2,vid442
Down The Wicket/vid442_43.avi,Down The Wicket,2,vid442
Down The Wicket/vid442_62.avi,Down The Wicket,2,vid442
Down The Wicket/vid443_3.avi,Down The Wicket,2,vid443
Down The Wicket/vid443_32.avi,Down The Wicket,2,vid443
Down The Wicket/vid443_44.avi,Down The Wicket,2,vid443
Down The Wicket/vid443_49.avi,Down The Wicket,2,vid443
Down The Wicket/vid443_57.avi,Down The Wicket,2,vid443
Down The Wicket/vid443_65.avi,Down The Wicket,2,vid443
Down The Wicket/vid443_67.avi,Down The Wicket,2,vid443
Down The Wicket/vid443_68.avi,Down The Wicket,2,vid443
Down The Wicket/vid443_7.avi,Down The Wicket,2,vid443
Down The Wicket/vid443_8.avi,Down The Wicket,2,vid443
Down The Wicket/vid444_11.avi,Down The Wicket,2,vid444
Down The Wicket/vid444_28.avi,Down The Wicket,2,vid444
Down The Wicket/vid444_52.avi,Down The Wicket,2,vid444
Down The Wicket/vid445_1.avi,Down The Wicket,2,vid445
Down The Wicket/vid445_11.avi,Down The Wicket,2,vid445
Down The Wicket/vid445_12.avi,Down The Wicket,2,vid445
Down The Wicket/vid445_16.avi,Down The Wicket,2,vid445
Down The Wicket/vid445_31.avi,Down The Wicket,2,vid445
Down The Wicket/vid445_37.avi,Down The Wicket,2,vid445
Down The Wicket/vid445_52.avi,Down The Wicket,2,vid445
Down The Wicket/vid446_2.avi,Down The Wicket,2,vid446
Down The Wicket/vid446_25.avi,Down The Wicket,2,vid446
Down The Wicket/vid446_30.avi,Down The Wicket,2,vid446
Down The Wicket/vid449_18.avi,Down The Wicket,2,vid449
Down The Wicket/vid449_37.avi,Down The Wicket,2,vid449
Down The Wicket/vid450_25.avi,Down The Wicket,2,vid450
Down The Wicket/vid450_26.avi,Down The Wicket,2,vid450
Down The Wicket/vid450_41.avi,Down The Wicket,2,vid450
Down The Wicket/vid450_53.avi,Down The Wicket,2,vid450
Down The Wicket/vid452_35.avi,Down The Wicket,2,vid452
Down The Wicket/vid453_10.avi,Down The Wicket,2,vid453
Down The Wicket/vid454_12.avi,Down The Wicket,2,vid454
Down The Wicket/vid454_15.avi,Down The Wicket,2,vid454
Down The Wicket/vid454_28.avi,Down The Wicket,2,vid454
Down The Wicket/vid454_30.avi,Down The Wicket,2,vid454
Down The Wicket/vid454_39.avi,Down The Wicket,2,vid454
Down The Wicket/vid455_12.avi,Down The Wicket,2,vid455
Down The Wicket/vid455_14.avi,Down The Wicket,2,vid455
Down The Wicket/vid455_32.avi,Down The Wicket,2,vid455
Down The Wicket/vid455_41.avi,Down The Wicket,2,vid455
Down The Wicket/vid455_55.avi,Down The Wicket,2,vid455
Down The Wicket/vid456_12.avi,Down The Wicket,2,vid456
Down The Wicket/vid456_13.avi,Down The Wicket,2,vid456
Down The Wicket/vid457_42.avi,Down The Wicket,2,vid457
Down The Wicket/vid457_47.avi,Down The Wicket,2,vid457
Down The Wicket/vid457_5.avi,Down The Wicket,2,vid457
Down The Wicket/vid457_6.avi,Down The Wicket,2,vid457
Down The Wicket/vid460_33.avi,Down The Wicket,2,vid460
Down The Wicket/vid460_6.avi,Down The Wicket,2,vid460
Down The Wicket/vid462_40.avi,Down The Wicket,2,vid462
Down The Wicket/vid463_1.avi,Down The Wicket,2,vid463
Down The Wicket/vid463_18.avi,Down The Wicket,2,vid463
Down The Wicket/vid463_19.avi,Down The Wicket,2,vid463
Down The Wicket/vid463_39.avi,Down The Wicket,2,vid463
Down The Wicket/vid463_9.avi,Down The Wicket,2,vid463
Down The Wicket/vid465_10.avi,Down The Wicket,2,vid465
Down The Wicket/vid465_33.avi,Down The Wicket,2,vid465
Down The Wicket/vid465_35.avi,Down The Wicket,2,vid465
Down The Wicket/vid467_10.avi,Down The Wicket,2,vid467
Down The Wicket/vid467_11.avi,Down The Wicket,2,vid467
Down The Wicket/vid467_14.avi,Down The Wicket,2,vid467
Down The Wicket/vid467_30.avi,Down The Wicket,2,vid467
Down The Wicket/vid467_33.avi,Down The Wicket,2,vid467
Down The Wicket/vid467_35.avi,Down The Wicket,2,vid467
Down The Wicket/vid46_10.avi,Down The Wicket,2,vid46
Down The Wicket/vid46_63.avi,Down The Wicket,2,vid46
Down The Wicket/vid470_15.avi,Down The Wicket,2,vid470
Down The Wicket/vid470_17.avi,Down The Wicket,2,vid470
Down The Wicket/vid470_2.avi,Down The Wicket,2,vid470
Down The Wicket/vid470_24.avi,Down The Wicket,2,vid470
Down The Wicket/vid470_29.avi,Down The Wicket,2,vid470
Down The Wicket/vid472_54.avi,Down The Wicket,2,vid472
Down The Wicket/vid473_31.avi,Down The Wicket,2,vid473
Down The Wicket/vid477_0.avi,Down The Wicket,2,vid477
Down The Wicket/vid477_8.avi,Down The Wicket,2,vid477
Down The Wicket/vid485_12.avi,Down The Wicket,2,vid485
Down The Wicket/vid485_23.avi,Down The Wicket,2,vid485
Down The Wicket/vid485_33.avi,Down The Wicket,2,vid485
Down The Wicket/vid485_45.avi,Down The Wicket,2,vid485
Down The Wicket/vid485_50.avi,Down The Wicket,2,vid485
Down The Wicket/vid485_6.avi,Down The Wicket,2,vid485
Down The Wicket/vid489_22.avi,Down The Wicket,2,vid489
Down The Wicket/vid489_33.avi,Down The Wicket,2,vid489
Down The Wicket/vid490_12.avi,Down The Wicket,2,vid490
Down The Wicket/vid492_31.avi,Down The Wicket,2,vid492
Down The Wicket/vid492_4.avi,Down The Wicket,2,vid492
Down The Wicket/vid492_8.avi,Down The Wicket,2,vid492
Down The Wicket/vid496_13.avi,Down The Wicket,2,vid496
Down The Wicket/vid496_28.avi,Down The Wicket,2,vid496
Down The Wicket/vid496_7.avi,Down The Wicket,2,vid496
Down The Wicket/vid496_9.avi,Down The Wicket,2,vid496
Down The Wicket/vid497_1.avi,Down The Wicket,2,vid497
Down The Wicket/vid497_6.avi,Down The Wicket,2,vid497
Down The Wicket/vid497_8.avi,Down The Wicket,2,vid497
Down The Wicket/vid4_4.avi,Down The Wicket,2,vid4
Down The Wicket/vid501_1.avi,Down The Wicket,2,vid501
Down The Wicket/vid504_9.avi,Down The Wicket,2,vid504
Down The Wicket/vid505_35.avi,Down The Wicket,2,vid505
Down The Wicket/vid509_25.avi,Down The Wicket,2,vid509
Down The Wicket/vid509_26.avi,Down The Wicket,2,vid509
Down The Wicket/vid50_23.avi,Down The Wicket,2,vid50
Down The Wicket/vid50_55.avi,Down The Wicket,2,vid50
Down The Wicket/vid510_18.avi,Down The Wicket,2,vid510
Down The Wicket/vid510_25.avi,Down The Wicket,2,vid510
Down The Wicket/vid510_4.avi,Down The Wicket,2,vid510
Down The Wicket/vid511_24.avi,Down The Wicket,2,vid511
Down The Wicket/vid511_43.avi,Down The Wicket,2,vid511
Down The Wicket/vid511_64.avi,Down The Wicket,2,vid511
Down The Wicket/vid512_19.avi,Down The Wicket,2,vid512
Down The Wicket/vid512_2.avi,Down The Wicket,2,vid512
Down The Wicket/vid512_3.avi,Down The Wicket,2,vid512
Down The Wicket/vid512_43.avi,Down The Wicket,2,vid512
Down The Wicket/vid512_48.avi,Down The Wicket,2,vid512
Down The Wicket/vid514_13.avi,Down The Wicket,2,vid514
Down The Wicket/vid514_29.avi,Down The Wicket,2,vid514
Down The Wicket/vid514_61.avi,Down The Wicket,2,vid514
Down The Wicket/vid515_0.avi,Down The Wicket,2,vid515
Down The Wicket/vid515_17.avi,Down The Wicket,2,vid515
Down The Wicket/vid515_22.avi,Down The Wicket,2,vid515
Down The Wicket/vid515_49.avi,Down The Wicket,2,vid515
Down The Wicket/vid515_57.avi,Down The Wicket,2,vid515
Down The Wicket/vid517_66.avi,Down The Wicket,2,vid517
Down The Wicket/vid518_19.avi,Down The Wicket,2,vid518
Down The Wicket/vid518_5.avi,Down The Wicket,2,vid518
Down The Wicket/vid519_11.avi,Down The Wicket,2,vid519
Down The Wicket/vid519_49.avi,Down The Wicket,2,vid519
Down The Wicket/vid51_34.avi,Down The Wicket,2,vid51
Down The Wicket/vid51_52.avi,Down The Wicket,2,vid51
Down The Wicket/vid51_54.avi,Down The Wicket,2,vid51
Down The Wicket/vid51_58.avi,Down The Wicket,2,vid51
Down The Wicket/vid51_69.avi,Down The Wicket,2,vid51
Down The Wicket/vid51_70.avi,Down The Wicket,2,vid51
Down The Wicket/vid51_75.avi,Down The Wicket,2,vid51
Down The Wicket/vid520_41.avi,Down The Wicket,2,vid520
Down The Wicket/vid520_5.avi,Down The Wicket,2,vid520
Down The Wicket/vid521_11.avi,Down The Wicket,2,vid521
Down The Wicket/vid521_13.avi,Down The Wicket,2,vid521
Down The Wicket/vid521_19.avi,Down The Wicket,2,vid521
Down The Wicket/vid521_5.avi,Down The Wicket,2,vid521
Down The Wicket/vid521_94.avi,Down The Wicket,2,vid521
Down The Wicket/vid522_48.avi,Down The Wicket,2,vid522
Down The Wicket/vid524_16.avi,Down The Wicket,2,vid524
Down The Wicket/vid524_38.avi,Down The Wicket,2,vid524
Down The Wicket/vid525_11.avi,Down The Wicket,2,vid525
Down The Wicket/vid525_12.avi,Down The Wicket,2,vid525
Down The Wicket/vid525_25.avi,Down The Wicket,2,vid525
Down The Wicket/vid526_17.avi,Down The Wicket,2,vid526
Down The Wicket/vid526_44.avi,Down The Wicket,2,vid526
Down The Wicket/vid527_3.avi,Down The Wicket,2,vid527
Down The Wicket/vid527_57.avi,Down The Wicket,2,vid527
Down The Wicket/vid528_20.avi,Down The Wicket,2,vid528
Down The Wicket/vid528_21.avi,Down The Wicket,2,vid528
Down The Wicket/vid528_5.avi,Down The Wicket,2,vid528
Down The Wicket/vid528_52.avi,Down The Wicket,2,vid528
Down The Wicket/vid530_2.avi,Down The Wicket,2,vid530
Down The Wicket/vid530_60.avi,Down The Wicket,2,vid530
Down The Wicket/vid53_30.avi,Down The Wicket,2,vid53
Down The Wicket/vid53_40.avi,Down The Wicket,2,vid53
Down The Wicket/vid53_44.avi,Down The Wicket,2,vid53
Down The Wicket/vid53_54.avi,Down The Wicket,2,vid53
Down The Wicket/vid53_9.avi,Down The Wicket,2,vid53
Down The Wicket/vid55_10.avi,Down The Wicket,2,vid55
Down The Wicket/vid55_4.avi,Down The Wicket,2,vid55
Down The Wicket/vid55_8.avi,Down The Wicket,2,vid55
Down The Wicket/vid56_19.avi,Down The Wicket,2,vid56
Down The Wicket/vid56_47.avi,Down The Wicket,2,vid56
Down The Wicket/vid56_55.avi,Down The Wicket,2,vid56
Down The Wicket/vid57_1.avi,Down The Wicket,2,vid57
Down The Wicket/vid57_10.avi,Down The Wicket,2,vid57
Down The Wicket/vid57_13.avi,Down The Wicket,2,vid57
Down The Wicket/vid57_35.avi,Down The Wicket,2,vid57
Down The Wicket/vid5_1.avi,Down The Wicket,2,vid5
Down The Wicket/vid5_24.avi,Down The Wicket,2,vid5
Down The Wicket/vid5_8.avi,Down The Wicket,2,vid5
Down The Wicket/vid62_8.avi,Down The Wicket,2,vid62
Down The Wicket/vid64_16.avi,Down The Wicket,2,vid64
Down The Wicket/vid64_34.avi,Down The Wicket,2,vid64
Down The Wicket/vid64_37.avi,Down The Wicket,2,vid64
Down The Wicket/vid64_39.avi,Down The Wicket,2,vid64
Down The Wicket/vid65_14.avi,Down The Wicket,2,vid65
Down The Wicket/vid65_18.avi,Down The Wicket,2,vid65
Down The Wicket/vid65_4.avi,Down The Wicket,2,vid65
Down The Wicket/vid65_46.avi,Down The Wicket,2,vid65
Down The Wicket/vid65_50.avi,Down The Wicket,2,vid65
Down The Wicket/vid66_5.avi,Down The Wicket,2,vid66
Down The Wicket/vid67_2.avi,Down The Wicket,2,vid67
Down The Wicket/vid67_20.avi,Down The Wicket,2,vid67
Down The Wicket/vid67_23.avi,Down The Wicket,2,vid67
Down The Wicket/vid67_24.avi,Down The Wicket,2,vid67
Down The Wicket/vid67_25.avi,Down The Wicket,2,vid67
Down The Wicket/vid67_49.avi,Down The Wicket,2,vid67
Down The Wicket/vid67_5.avi,Down The Wicket,2,vid67
Down The Wicket/vid67_7.avi,Down The Wicket,2,vid67
Down The Wicket/vid67_8.avi,Down The Wicket,2,vid67
Down The Wicket/vid69_0.avi,Down The Wicket,2,vid69
Down The Wicket/vid69_12.avi,Down The Wicket,2,vid69
Down The Wicket/vid69_6.avi,Down The Wicket,2,vid69
Down The Wicket/vid71_18.avi,Down The Wicket,2,vid71
Down The Wicket/vid71_19.avi,Down The Wicket,2,vid71
Down The Wicket/vid71_20.avi,Down The Wicket,2,vid71
Down The Wicket/vid71_24.avi,Down The Wicket,2,vid71
Down The Wicket/vid71_28.avi,Down The Wicket,2,vid71
Down The Wicket/vid71_34.avi,Down The Wicket,2,vid71
Down The Wicket/vid71_5.avi,Down The Wicket,2,vid71
Down The Wicket/vid71_8.avi,Down The Wicket,2,vid71
Down The Wicket/vid71_9.avi,Down The Wicket,2,vid71
Down The Wicket/vid72_11.avi,Down The Wicket,2,vid72
Down The Wicket/vid72_3.avi,Down The Wicket,2,vid72
Down The Wicket/vid72_30.avi,Down The Wicket,2,vid72
Down The Wicket/vid72_9.avi,Down The Wicket,2,vid72
Down The Wicket/vid73_0.avi,Down The Wicket,2,vid73
Down The Wicket/vid73_18.avi,Down The Wicket,2,vid73
Down The Wicket/vid73_2.avi,Down The Wicket,2,vid73
Down The Wicket/vid73_21.avi,Down The Wicket,2,vid73
Down The Wicket/vid73_30.avi,Down The Wicket,2,vid73
Down The Wicket/vid73_37.avi,Down The Wicket,2,vid73
Down The Wicket/vid73_39.avi,Down The Wicket,2,vid73
Down The Wicket/vid77_12.avi,Down The Wicket,2,vid77
Down The Wicket/vid77_23.avi,Down The Wicket,2,vid77
Down The Wicket/vid77_35.avi,Down The Wicket,2,vid77
Down The Wicket/vid79_24.avi,Down The Wicket,2,vid79
Down The Wicket/vid79_27.avi,Down The Wicket,2,vid79
Down The Wicket/vid79_30.avi,Down The Wicket,2,vid79
Down The Wicket/vid80_30.avi,Down The Wicket,2,vid80
Down The Wicket/vid81_3.avi,Down The Wicket,2,vid81
Down The Wicket/vid81_7.avi,Down The Wicket,2,vid81
Down The Wicket/vid83_2.avi,Down The Wicket,2,vid83
Down The Wicket/vid89_1.avi,Down The Wicket,2,vid89
Down The Wicket/vid89_23.avi,Down The Wicket,2,vid89
Down The Wicket/vid89_24.avi,Down The Wicket,2,vid89
Down The Wicket/vid89_58.avi,Down The Wicket,2,vid89
Down The Wicket/vid89_79.avi,Down The Wicket,2,vid89
Down The Wicket/vid93_1.avi,Down The Wicket,2,vid93
Down The Wicket/vid93_24.avi,Down The Wicket,2,vid93
Down The Wicket/vid93_51.avi,Down The Wicket,2,vid93
Down The Wicket/vid93_53.avi,Down The Wicket,2,vid93
Down The Wicket/vid94_48.avi,Down The Wicket,2,vid94
Down The Wicket/vid94_53.avi,Down The Wicket,2,vid94
Down The Wicket/vid95_3.avi,Down The Wicket,2,vid95
Down The Wicket/vid98_32.avi,Down The Wicket,2,vid98
Down The Wicket/vid98_37.avi,Down The Wicket,2,vid98
Down The Wicket/vid98_43.avi,Down The Wicket,2,vid98
Down The Wicket/vid99_3.avi,Down The Wicket,2,vid99
Down The Wicket/vid99_41.avi,Down The Wicket,2,vid99
Down The Wicket/vid9_1.avi,Down The Wicket,2,vid9
Down The Wicket/vid9_27.avi,Down The Wicket,2,vid9
Down The Wicket/vid9_30.avi,Down The Wicket,2,vid9
Flick/vid101_11.avi,Flick,3,vid101
Flick/vid101_12.avi,Flick,3,vid101
Flick/vid101_27.avi,Flick,3,vid101
Flick/vid101_37.avi,Flick,3,vid101
Flick/vid101_9.avi,Flick,3,vid101
Flick/vid102_12.avi,Flick,3,vid102
Flick/vid102_14.avi,Flick,3,vid102
Flick/vid105_16.avi,Flick,3,vid105
Flick/vid105_2.avi,Flick,3,vid105
Flick/vid105_24.avi,Flick,3,vid105
Flick/vid105_28.avi,Flick,3,vid105
Flick/vid105_3.avi,Flick,3,vid105
Flick/vid105_30.avi,Flick,3,vid105
Flick/vid106_13.avi,Flick,3,vid106
Flick/vid106_19.avi,Flick,3,vid106
Flick/vid106_33.avi,Flick,3,vid106
Flick/vid108_23.avi,Flick,3,vid108
Flick/vid108_5.avi,Flick,3,vid108
Flick/vid109_34.avi,Flick,3,vid109
Flick/vid10_19.avi,Flick,3,vid10
Flick/vid111_0.avi,Flick,3,vid111
Flick/vid111_3.avi,Flick,3,vid111
Flick/vid114_8.avi,Flick,3,vid114
Flick/vid115_19.avi,Flick,3,vid115
Flick/vid116_1.avi,Flick,3,vid116
Flick/vid116_14.avi,Flick,3,vid116
Flick/vid116_35.avi,Flick,3,vid116
Flick/vid116_8.avi,Flick,3,vid116
Flick/vid116_9.avi,Flick,3,vid116
Flick/vid117_11.avi,Flick,3,vid117
Flick/vid117_18.avi,Flick,3,vid117
Flick/vid117_23.avi,Flick,3,vid117
Flick/vid117_9.avi,Flick,3,vid117
Flick/vid119_7.avi,Flick,3,vid119
Flick/vid120_18.avi,Flick,3,vid120
Flick/vid120_19.avi,Flick,3,vid120
Flick/vid121_11.avi,Flick,3,vid121
Flick/vid121_40.avi,Flick,3,vid121
Flick/vid121_49.avi,Flick,3,vid121
Flick/vid123_27.avi,Flick,3,vid123
Flick/vid123_34.avi,Flick,3,vid123
Flick/vid124_2.avi,Flick,3,vid124
Flick/vid124_6.avi,Flick,3,vid124
Flick/vid125_12.avi,Flick,3,vid125
Flick/vid125_21.avi,Flick,3,vid125
Flick/vid125_8.avi,Flick,3,vid125
Flick/vid128_4.avi,Flick,3,vid128
Flick/vid12_3.avi,Flick,3,vid12
Flick/vid12_39.avi,Flick,3,vid12
Flick/vid130_0.avi,Flick,3,vid130
Flick/vid130_1.avi,Flick,3,vid130
Flick/vid131_2.avi,Flick,3,vid131
Flick/vid133_13.avi,Flick,3,vid133
Flick/vid133_17.avi,Flick,3,vid133
Flick/vid133_2.avi,Flick,3,vid133
Flick/vid133_21.avi,Flick,3,vid133
Flick/vid135_26.avi,Flick,3,vid135
Flick/vid136_12.avi,Flick,3,vid136
Flick/vid136_16.avi,Flick,3,vid136
Flick/vid136_22.avi,Flick,3,vid136
Flick/vid138_14.avi,Flick,3,vid138
Flick/vid138_25.avi,Flick,3,vid138
Flick/vid139_6.avi,Flick,3,vid139
Flick/vid13_0.avi,Flick,3,vid13
Flick/vid13_29.avi,Flick,3,vid13
Flick/vid142_2.avi,Flick,3,vid142
Flick/vid142_3.avi,Flick,3,vid142
Flick/vid143_0.avi,Flick,3,vid143
Flick/vid143_37.avi,Flick,3,vid143
Flick/vid143_6.avi,Flick,3,vid143
Flick/vid144_30.avi,Flick,3,vid144
Flick/vid145_8.avi,Flick,3,vid145
Flick/vid148_4.avi,Flick,3,vid148
Flick/vid148_41.avi,Flick,3,vid148
Flick/vid148_8.avi,Flick,3,vid148
Flick/vid149_9.avi,Flick,3,vid149
Flick/vid14_12.avi,Flick,3,vid14
Flick/vid14_19.avi,Flick,3,vid14
Flick/vid14_43.avi,Flick,3,vid14
Flick/vid150_20.avi,Flick,3,vid150
Flick/vid151_0.avi,Flick,3,vid151
Flick/vid155_11.avi,Flick,3,vid155
Flick/vid155_14.avi,Flick,3,vid155
Flick/vid155_22.avi,Flick,3,vid155
Flick/vid156_32.avi,Flick,3,vid156
Flick/vid157_1.avi,Flick,3,vid157
Flick/vid157_15.avi,Flick,3,vid157
Flick/vid157_20.avi,Flick,3,vid157
Flick/vid157_9.avi,Flick,3,vid157
Flick/vid158_13.avi,Flick,3,vid158
Flick/vid158_26.avi,Flick,3,vid158
Flick/vid159_0.avi,Flick,3,vid159
Flick/vid159_10.avi,Flick,3,vid159
Flick/vid159_31.avi,Flick,3,vid159
Flick/vid159_8.avi,Flick,3,vid159
Flick/vid15_1.avi,Flick,3,vid15
Flick/vid15_18.avi,Flick,3,vid15
Flick/vid161_22.avi,Flick,3,vid161
Flick/vid161_32.avi,Flick,3,vid161
Flick/vid162_0.avi,Flick,3,vid162
Flick/vid162_4.avi,Flick,3,vid162
Flick/vid164_12.avi,Flick,3,vid164
Flick/vid164_9.avi,Flick,3,vid164
Flick/vid165_18.avi,Flick,3,vid165
Flick/vid169_1.avi,Flick,3,vid169
Flick/vid169_34.avi,Flick,3,vid169
Flick/vid171_27.avi,Flick,3,vid171
Flick/vid172_19.avi,Flick,3,vid172
Flick/vid173_5.avi,Flick,3,vid173
Flick/vid174_8.avi,Flick,3,vid174
Flick/vid175_1.avi,Flick,3,vid175
Flick/vid177_26.avi,Flick,3,vid177
Flick/vid177_27.avi,Flick,3,vid177
Flick/vid178_1.avi,Flick,3,vid178
Flick/vid185_1.avi,Flick,3,vid185
Flick/vid193_0.avi,Flick,3,vid193
Flick/vid198_3.avi,Flick,3,vid198
Flick/vid198_8.avi,Flick,3,vid198
Flick/vid199_11.avi,Flick,3,vid199
Flick/vid19_0.avi,Flick,3,vid19
Flick/vid19_18.avi,Flick,3,vid19
Flick/vid19_2.avi,Flick,3,vid19
Flick/vid1_20.avi,Flick,3,vid1
Flick/vid1_23.avi,Flick,3,vid1
Flick/vid1_24.avi,Flick,3,vid1
Flick/vid1_8.avi,Flick,3,vid1
Flick/vid203_0.avi,Flick,3,vid203
Flick/vid205_2.avi,Flick,3,vid205
Flick/vid205_32.avi,Flick,3,vid205
Flick/vid205_50.avi,Flick,3,vid205
Flick/vid206_1.avi,Flick,3,vid206
Flick/vid206_38.avi,Flick,3,vid206
Flick/vid206_44.avi,Flick,3,vid206
Flick/vid206_46.avi,Flick,3,vid206
Flick/vid206_6.avi,Flick,3,vid206
Flick/vid208_1.avi,Flick,3,vid208
Flick/vid208_2.avi,Flick,3,vid208
Flick/vid208_4.avi,Flick,3,vid208
Flick/vid208_8.avi,Flick,3,vid208
Flick/vid209_8.avi,Flick,3,vid209
Flick/vid212_10.avi,Flick,3,vid212
Flick/vid212_19.avi,Flick,3,vid212
Flick/vid212_21.avi,Flick,3,vid212
Flick/vid213_2.avi,Flick,3,vid213
Flick/vid213_29.avi,Flick,3,vid213
Flick/vid213_32.avi,Flick,3,vid213
Flick/vid213_40.avi,Flick,3,vid213
Flick/vid214_0.avi,Flick,3,vid214
Flick/vid214_3.avi,Flick,3,vid214
Flick/vid214_6.avi,Flick,3,vid214
Flick/vid215_3.avi,Flick,3,vid215
Flick/vid215_33.avi,Flick,3,vid215
Flick/vid217_0.avi,Flick,3,vid217
Flick/vid217_26.avi,Flick,3,vid217
Flick/vid217_55.avi,Flick,3,vid217
Flick/vid221_0.avi,Flick,3,vid221
Flick/vid221_12.avi,Flick,3,vid221
Flick/vid222_15.avi,Flick,3,vid222
Flick/vid222_26.avi,Flick,3,vid222
Flick/vid222_5.avi,Flick,3,vid222
Flick/vid225_1.avi,Flick,3,vid225
Flick/vid225_27.avi,Flick,3,vid225
Flick/vid227_30.avi,Flick,3,vid227
Flick/vid229_46.avi,Flick,3,vid229
Flick/vid22_4.avi,Flick,3,vid22
Flick/vid230_2.avi,Flick,3,vid230
Flick/vid230_23.avi,Flick,3,vid230
Flick/vid231_5.avi,Flick,3,vid231
Flick/vid233_16.avi,Flick,3,vid233
Flick/vid233_33.avi,Flick,3,vid233
Flick/vid235_12.avi,Flick,3,vid235
Flick/vid235_15.avi,Flick,3,vid235
Flick/vid235_16.avi,Flick,3,vid235
Flick/vid235_3.avi,Flick,3,vid235
Flick/vid235_32.avi,Flick,3,vid235
Flick/vid235_9.avi,Flick,3,vid235
Flick/vid237_17.avi,Flick,3,vid237
Flick/vid237_38.avi,Flick,3,vid237
Flick/vid237_9.avi,Flick,3,vid237
Flick/vid23_5.avi,Flick,3,vid23
Flick/vid23_7.avi,Flick,3,vid23
Flick/vid243_27.avi,Flick,3,vid243
Flick/vid243_29.avi,Flick,3,vid243
Flick/vid243_35.avi,Flick,3,vid243
Flick/vid244_21.avi,Flick,3,vid244
Flick/vid244_24.avi,Flick,3,vid244
Flick/vid244_40.avi,Flick,3,vid244
Flick/vid247_11.avi,Flick,3,vid247
Flick/vid249_2.avi,Flick,3,vid249
Flick/vid249_22.avi,Flick,3,vid249
Flick/vid250_20.avi,Flick,3,vid250
Flick/vid251_51.avi,Flick,3,vid251
Flick/vid251_52.avi,Flick,3,vid251
Flick/vid252_0.avi,Flick,3,vid252
Flick/vid252_12.avi,Flick,3,vid252
Flick/vid252_19.avi,Flick,3,vid252
Flick/vid252_20.avi,Flick,3,vid252
Flick/vid252_3.avi,Flick,3,vid252
Flick/vid252_37.avi,Flick,3,vid252
Flick/vid252_38.avi,Flick,3,vid252
Flick/vid252_43.avi,Flick,3,vid252
Flick/vid252_45.avi,Flick,3,vid252
Flick/vid252_48.avi,Flick,3,vid252
Flick/vid252_5.avi,Flick,3,vid252
Flick/vid252_6.avi,Flick,3,vid252
Flick/vid252_8.avi,Flick,3,vid252
Flick/vid252_9.avi,Flick,3,vid252
Flick/vid259_0.avi,Flick,3,vid259
Flick/vid259_1.avi,Flick,3,vid259
Flick/vid260_24.avi,Flick,3,vid260
Flick/vid260_29.avi,Flick,3,vid260
Flick/vid266_0.avi,Flick,3,vid266
Flick/vid289_10.avi,Flick,3,vid289
Flick/vid28_0.avi,Flick,3,vid28
Flick/vid28_12.avi,Flick,3,vid28
Flick/vid28_14.avi,Flick,3,vid28
Flick/vid28_29.avi,Flick,3,vid28
Flick/vid28_31.avi,Flick,3,vid28
Flick/vid296_17.avi,Flick,3,vid296
Flick/vid296_21.avi,Flick,3,vid296
Flick/vid296_23.avi,Flick,3,vid296
Flick/vid296_5.avi,Flick,3,vid296
Flick/vid297_2.avi,Flick,3,vid297
Flick/vid297_3.avi,Flick,3,vid297
Flick/vid297_6.avi,Flick,3,vid297
Flick/vid299_23.avi,Flick,3,vid299
Flick/vid299_29.avi,Flick,3,vid299
Flick/vid2_17.avi,Flick,3,vid2
Flick/vid2_29.avi,Flick,3,vid2
Flick/vid300_3.avi,Flick,3,vid300
Flick/vid300_31.avi,Flick,3,vid300
Flick/vid306_1.avi,Flick,3,vid306
Flick/vid306_20.avi,Flick,3,vid306
Flick/vid306_3.avi,Flick,3,vid306
Flick/vid307_0.avi,Flick,3,vid307
Flick/vid307_1.avi,Flick,3,vid307
Flick/vid307_3.avi,Flick,3,vid307
Flick/vid308_12.avi,Flick,3,vid308
Flick/vid309_7.avi,Flick,3,vid309
Flick/vid310_8.avi,Flick,3,vid310
Flick/vid312_1.avi,Flick,3,vid312
Flick/vid312_26.avi,Flick,3,vid312
Flick/vid312_29.avi,Flick,3,vid312
Flick/vid312_3.avi,Flick,3,vid312
Flick/vid312_6.avi,Flick,3,vid312
Flick/vid314_4.avi,Flick,3,vid314
Flick/vid314_9.avi,Flick,3,vid314
Flick/vid316_11.avi,Flick,3,vid316
Flick/vid316_20.avi,Flick,3,vid316
Flick/vid316_6.avi,Flick,3,vid316
Flick/vid31_25.avi,Flick,3,vid31
Flick/vid31_26.avi,Flick,3,vid31
Flick/vid31_38.avi,Flick,3,vid31
Flick/vid320_2.avi,Flick,3,vid320
Flick/vid320_44.avi,Flick,3,vid320
Flick/vid320_56.avi,Flick,3,vid320
Flick/vid321_24.avi,Flick,3,vid321
Flick/vid322_20.avi,Flick,3,vid322
Flick/vid322_6.avi,Flick,3,vid322
Flick/vid323_5.avi,Flick,3,vid323
Flick/vid324_35.avi,Flick,3,vid324
Flick/vid327_0.avi,Flick,3,vid327
Flick/vid329_20.avi,Flick,3,vid329
Flick/vid32_9.avi,Flick,3,vid32
Flick/vid331_32.avi,Flick,3,vid331
Flick/vid332_17.avi,Flick,3,vid332
Flick/vid333_14.avi,Flick,3,vid333
Flick/vid333_22.avi,Flick,3,vid333
Flick/vid334_5.avi,Flick,3,vid334
Flick/vid335_1.avi,Flick,3,vid335
Flick/vid335_21.avi,Flick,3,vid335
Flick/vid335_34.avi,Flick,3,vid335
Flick/vid337_19.avi,Flick,3,vid337
Flick/vid337_38.avi,Flick,3,vid337
Flick/vid337_42.avi,Flick,3,vid337
Flick/vid33_0.avi,Flick,3,vid33
Flick/vid33_16.avi,Flick,3,vid33
Flick/vid33_18.avi,Flick,3,vid33
Flick/vid341_12.avi,Flick,3,vid341
Flick/vid345_10.avi,Flick,3,vid345
Flick/vid345_12.avi,Flick,3,vid345
Flick/vid345_2.avi,Flick,3,vid345
Flick/vid346_12.avi,Flick,3,vid346
Flick/vid34_16.avi,Flick,3,vid34
Flick/vid34_4.avi,Flick,3,vid34
Flick/vid350_27.avi,Flick,3,vid350
Flick/vid350_31.avi,Flick,3,vid350
Flick/vid350_6.avi,Flick,3,vid350
Flick/vid352_9.avi,Flick,3,vid352
Flick/vid358_16.avi,Flick,3,vid358
Flick/vid358_24.avi,Flick,3,vid358
Flick/vid358_29.avi,Flick,3,vid358
Flick/vid358_44.avi,Flick,3,vid358
Flick/vid359_1.avi,Flick,3,vid359
Flick/vid359_13.avi,Flick,3,vid359
Flick/vid359_33.avi,Flick,3,vid359
Flick/vid360_51.avi,Flick,3,vid360
Flick/vid360_53.avi,Flick,3,vid360
Flick/vid360_55.avi,Flick,3,vid360
Flick/vid360_8.avi,Flick,3,vid360
Flick/vid364_10.avi,Flick,3,vid364
Flick/vid364_28.avi,Flick,3,vid364
Flick/vid364_46.avi,Flick,3,vid364
Flick/vid364_57.avi,Flick,3,vid364
Flick/vid367_11.avi,Flick,3,vid367
Flick/vid367_17.avi,Flick,3,vid367
Flick/vid367_29.avi,Flick,3,vid367
Flick/vid367_40.avi,Flick,3,vid367
Flick/vid367_44.avi,Flick,3,vid367
Flick/vid367_45.avi,Flick,3,vid367
Flick/vid367_46.avi,Flick,3,vid367
Flick/vid369_36.avi,Flick,3,vid369
Flick/vid369_49.avi,Flick,3,vid369
Flick/vid369_57.avi,Flick,3,vid369
Flick/vid36_18.avi,Flick,3,vid36
Flick/vid372_10.avi,Flick,3,vid372
Flick/vid374_2.avi,Flick,3,vid374
Flick/vid374_36.avi,Flick,3,vid374
Flick/vid374_37.avi,Flick,3,vid374
Flick/vid374_5.avi,Flick,3,vid374
Flick/vid375_59.avi,Flick,3,vid375
Flick/vid377_18.avi,Flick,3,vid377
Flick/vid377_20.avi,Flick,3,vid377
Flick/vid377_38.avi,Flick,3,vid377
Flick/vid379_10.avi,Flick,3,vid379
Flick/vid379_34.avi,Flick,3,vid379
Flick/vid379_39.avi,Flick,3,vid379
Flick/vid379_8.avi,Flick,3,vid379
Flick/vid37_31.avi,Flick,3,vid37
Flick/vid380_14.avi,Flick,3,vid380
Flick/vid380_3.avi,Flick,3,vid380
Flick/vid380_38.avi,Flick,3,vid380
Flick/vid380_39.avi,Flick,3,vid380
Flick/vid380_55.avi,Flick,3,vid380
Flick/vid381_17.avi,Flick,3,vid381
Flick/vid381_23.avi,Flick,3,vid381
Flick/vid381_31.avi,Flick,3,vid381
Flick/vid381_33.avi,Flick,3,vid381
Flick/vid382_13.avi,Flick,3,vid382
Flick/vid382_14.avi,Flick,3,vid382
Flick/vid382_17.avi,Flick,3,vid382
Flick/vid382_18.avi,Flick,3,vid382
Flick/vid382_38.avi,Flick,3,vid382
Flick/vid383_20.avi,Flick,3,vid383
Flick/vid383_29.avi,Flick,3,vid383
Flick/vid383_35.avi,Flick,3,vid383
Flick/vid384_10.avi,Flick,3,vid384
Flick/vid384_14.avi,Flick,3,vid384
Flick/vid384_58.avi,Flick,3,vid384
Flick/vid384_85.avi,Flick,3,vid384
Flick/vid386_28.avi,Flick,3,vid386
Flick/vid388_11.avi,Flick,3,vid388
Flick/vid388_36.avi,Flick,3,vid388
Flick/vid388_38.avi,Flick,3,vid388
Flick/vid388_49.avi,Flick,3,vid388
Flick/vid391_56.avi,Flick,3,vid391
Flick/vid392_28.avi,Flick,3,vid392
Flick/vid392_47.avi,Flick,3,vid392
Flick/vid392_53.avi,Flick,3,vid392
Flick/vid393_43.avi,Flick,3,vid393
Flick/vid393_58.avi,Flick,3,vid393
Flick/vid397_0.avi,Flick,3,vid397
Flick/vid397_15.avi,Flick,3,vid397
Flick/vid397_18.avi,Flick,3,vid397
Flick/vid399_8.avi,Flick,3,vid399
Flick/vid39_54.avi,Flick,3,vid39
Flick/vid3_0.avi,Flick,3,vid3
Flick/vid3_22.avi,Flick,3,vid3
Flick/vid3_23.avi,Flick,3,vid3
Flick/vid401_14.avi,Flick,3,vid401
Flick/vid401_8.avi,Flick,3,vid401
Flick/vid405_10.avi,Flick,3,vid405
Flick/vid405_16.avi,Flick,3,vid405
Flick/vid406_2.avi,Flick,3,vid406
Flick/vid408_3.avi,Flick,3,vid408
Flick/vid409_4.avi,Flick,3,vid409
Flick/vid40_28.avi,Flick,3,vid40
Flick/vid40_55.avi,Flick,3,vid40
Flick/vid413_1.avi,Flick,3,vid413
Flick/vid416_16.avi,Flick,3,vid416
Flick/vid416_17.avi,Flick,3,vid416
Flick/vid417_22.avi,Flick,3,vid417
Flick/vid417_3.avi,Flick,3,vid417
Flick/vid420_1.avi,Flick,3,vid420
Flick/vid420_23.avi,Flick,3,vid420
Flick/vid420_8.avi,Flick,3,vid420
Flick/vid422_15.avi,Flick,3,vid422
Flick/vid422_22.avi,Flick,3,vid422
Flick/vid429_23.avi,Flick,3,vid429
Flick/vid42_21.avi,Flick,3,vid42
Flick/vid42_22.avi,Flick,3,vid42
Flick/vid42_28.avi,Flick,3,vid42
Flick/vid42_35.avi,Flick,3,vid42
Flick/vid42_36.avi,Flick,3,vid42
Flick/vid42_51.avi,Flick,3,vid42
Flick/vid431_30.avi,Flick,3,vid431
Flick/vid432_32.avi,Flick,3,vid432
Flick/vid434_0.avi,Flick,3,vid434
Flick/vid434_66.avi,Flick,3,vid434
Flick/vid435_0.avi,Flick,3,vid435
Flick/vid437_42.avi,Flick,3,vid437
Flick/vid437_65.avi,Flick,3,vid437
Flick/vid437_66.avi,Flick,3,vid437
Flick/vid438_3.avi,Flick,3,vid438
Flick/vid438_37.avi,Flick,3,vid438
Flick/vid43_14.avi,Flick,3,vid43
Flick/vid440_1.avi,Flick,3,vid440
Flick/vid440_35.avi,Flick,3,vid440
Flick/vid440_47.avi,Flick,3,vid440
Flick/vid440_48.avi,Flick,3,vid440
Flick/vid440_60.avi,Flick,3,vid440
Flick/vid441_14.avi,Flick,3,vid441
Flick/vid441_8.avi,Flick,3,vid441
Flick/vid443_21.avi,Flick,3,vid443
Flick/vid443_45.avi,Flick,3,vid443
Flick/vid443_58.avi,Flick,3,vid443
Flick/vid444_10.avi,Flick,3,vid444
Flick/vid444_57.avi,Flick,3,vid444
Flick/vid446_8.avi,Flick,3,vid446
Flick/vid448_10.avi,Flick,3,vid448
Flick/vid448_30.avi,Flick,3,vid448
Flick/vid450_47.avi,Flick,3,vid450
Flick/vid451_16.avi,Flick,3,vid451
Flick/vid451_26.avi,Flick,3,vid451
Flick/vid451_47.avi,Flick,3,vid451
Flick/vid451_52.avi,Flick,3,vid451
Flick/vid452_21.avi,Flick,3,vid452
Flick/vid452_22.avi,Flick,3,vid452
Flick/vid452_45.avi,Flick,3,vid452
Flick/vid453_30.avi,Flick,3,vid453
Flick/vid453_35.avi,Flick,3,vid453
Flick/vid454_3.avi,Flick,3,vid454
Flick/vid456_17.avi,Flick,3,vid456
Flick/vid456_2.avi,Flick,3,vid456
Flick/vid458_6.avi,Flick,3,vid458
Flick/vid460_10.avi,Flick,3,vid460
Flick/vid460_26.avi,Flick,3,vid460
Flick/vid462_4.avi,Flick,3,vid462
Flick/vid463_14.avi,Flick,3,vid463
Flick/vid463_28.avi,Flick,3,vid463
Flick/vid464_19.avi,Flick,3,vid464
Flick/vid464_33.avi,Flick,3,vid464
Flick/vid464_35.avi,Flick,3,vid464
Flick/vid465_21.avi,Flick,3,vid465
Flick/vid469_27.avi,Flick,3,vid469
Flick/vid469_28.avi,Flick,3,vid469
Flick/vid469_30.avi,Flick,3,vid469
Flick/vid46_73.avi,Flick,3,vid46
Flick/vid473_26.avi,Flick,3,vid473
Flick/vid473_35.avi,Flick,3,vid473
Flick/vid473_38.avi,Flick,3,vid473
Flick/vid473_57.avi,Flick,3,vid473
Flick/vid474_15.avi,Flick,3,vid474
Flick/vid474_18.avi,Flick,3,vid474
Flick/vid474_23.avi,Flick,3,vid474
Flick/vid474_39.avi,Flick,3,vid474
Flick/vid475_23.avi,Flick,3,vid475
Flick/vid477_2.avi,Flick,3,vid477
Flick/vid477_5.avi,Flick,3,vid477
Flick/vid477_6.avi,Flick,3,vid477
Flick/vid479_0.avi,Flick,3,vid479
Flick/vid479_10.avi,Flick,3,vid479
Flick/vid479_5.avi,Flick,3,vid479
Flick/vid480_31.avi,Flick,3,vid480
Flick/vid480_4.avi,Flick,3,vid480
Flick/vid482_0.avi,Flick,3,vid482
Flick/vid482_18.avi,Flick,3,vid482
Flick/vid482_27.avi,Flick,3,vid482
Flick/vid482_56.avi,Flick,3,vid482
Flick/vid483_20.avi,Flick,3,vid483
Flick/vid483_21.avi,Flick,3,vid483
Flick/vid483_6.avi,Flick,3,vid483
Flick/vid484_17.avi,Flick,3,vid484
Flick/vid484_18.avi,Flick,3,vid484
Flick/vid485_2.avi,Flick,3,vid485
Flick/vid485_47.avi,Flick,3,vid485
Flick/vid486_0.avi,Flick,3,vid486
Flick/vid486_19.avi,Flick,3,vid486
Flick/vid486_20.avi,Flick,3,vid486
Flick/vid486_29.avi,Flick,3,vid486
Flick/vid486_68.avi,Flick,3,vid486
Flick/vid487_0.avi,Flick,3,vid487
Flick/vid487_3.avi,Flick,3,vid487
Flick/vid487_48.avi,Flick,3,vid487
Flick/vid489_0.avi,Flick,3,vid489
Flick/vid489_23.avi,Flick,3,vid489
Flick/vid489_34.avi,Flick,3,vid489
Flick/vid493_26.avi,Flick,3,vid493
Flick/vid494_2.avi,Flick,3,vid494
Flick/vid494_21.avi,Flick,3,vid494
Flick/vid494_6.avi,Flick,3,vid494
Flick/vid497_22.avi,Flick,3,vid497
Flick/vid498_1.avi,Flick,3,vid498
Flick/vid498_27.avi,Flick,3,vid498
Flick/vid499_28.avi,Flick,3,vid499
Flick/vid49_33.avi,Flick,3,vid49
Flick/vid500_26.avi,Flick,3,vid500
Flick/vid500_27.avi,Flick,3,vid500
Flick/vid502_1.avi,Flick,3,vid502
Flick/vid502_41.avi,Flick,3,vid502
Flick/vid504_0.avi,Flick,3,vid504
Flick/vid504_5.avi,Flick,3,vid504
Flick/vid504_6.avi,Flick,3,vid504
Flick/vid506_26.avi,Flick,3,vid506
Flick/vid506_43.avi,Flick,3,vid506
Flick/vid506_44.avi,Flick,3,vid506
Flick/vid507_18.avi,Flick,3,vid507
Flick/vid507_38.avi,Flick,3,vid507
Flick/vid507_42.avi,Flick,3,vid507
Flick/vid509_13.avi,Flick,3,vid509
Flick/vid509_30.avi,Flick,3,vid509
Flick/vid509_32.avi,Flick,3,vid509
Flick/vid50_25.avi,Flick,3,vid50
Flick/vid50_44.avi,Flick,3,vid50
Flick/vid510_20.avi,Flick,3,vid510
Flick/vid510_31.avi,Flick,3,vid510
Flick/vid512_31.avi,Flick,3,vid512
Flick/vid513_2.avi,Flick,3,vid513
Flick/vid513_30.avi,Flick,3,vid513
Flick/vid513_42.avi,Flick,3,vid513
Flick/vid513_5.avi,Flick,3,vid513
Flick/vid514_0.avi,Flick,3,vid514
Flick/vid514_25.avi,Flick,3,vid514
Flick/vid514_46.avi,Flick,3,vid514
Flick/vid515_1.avi,Flick,3,vid515
Flick/vid515_47.avi,Flick,3,vid515
Flick/vid515_64.avi,Flick,3,vid515
Flick/vid516_12.avi,Flick,3,vid516
Flick/vid516_47.avi,Flick,3,vid516
Flick/vid516_71.avi,Flick,3,vid516
Flick/vid517_45.avi,Flick,3,vid517
Flick/vid517_47.avi,Flick,3,vid517
Flick/vid517_60.avi,Flick,3,vid517
Flick/vid51_43.avi,Flick,3,vid51
Flick/vid51_8.avi,Flick,3,vid51
Flick/vid522_1.avi,Flick,3,vid522
Flick/vid522_24.avi,Flick,3,vid522
Flick/vid522_43.avi,Flick,3,vid522
Flick/vid524_22.avi,Flick,3,vid524
Flick/vid524_31.avi,Flick,3,vid524
Flick/vid524_44.avi,Flick,3,vid524
Flick/vid526_1.avi,Flick,3,vid526
Flick/vid528_2.avi,Flick,3,vid528
Flick/vid528_6.avi,Flick,3,vid528
Flick/vid529_19.avi,Flick,3,vid529
Flick/vid529_25.avi,Flick,3,vid529
Flick/vid529_67.avi,Flick,3,vid529
Flick/vid529_72.avi,Flick,3,vid529
Flick/vid529_77.avi,Flick,3,vid529
Flick/vid52_4.avi,Flick,3,vid52
Flick/vid531_17.avi,Flick,3,vid531
Flick/vid531_2.avi,Flick,3,vid531
Flick/vid533_60.avi,Flick,3,vid533
Flick/vid534_42.avi,Flick,3,vid534
Flick/vid534_53.avi,Flick,3,vid534
Flick/vid535_35.avi,Flick,3,vid535
Flick/vid535_36.avi,Flick,3,vid535
Flick/vid535_52.avi,Flick,3,vid535
Flick/vid53_7.avi,Flick,3,vid53
Flick/vid55_30.avi,Flick,3,vid55
Flick/vid55_31.avi,Flick,3,vid55
Flick/vid55_51.avi,Flick,3,vid55
Flick/vid55_78.avi,Flick,3,vid55
Flick/vid56_10.avi,Flick,3,vid56
Flick/vid56_37.avi,Flick,3,vid56
Flick/vid56_48.avi,Flick,3,vid56
Flick/vid56_68.avi,Flick,3,vid56
Flick/vid56_8.avi,Flick,3,vid56
Flick/vid56_91.avi,Flick,3,vid56
Flick/vid56_95.avi,Flick,3,vid56
Flick/vid57_8.avi,Flick,3,vid57
Flick/vid58_1.avi,Flick,3,vid58
Flick/vid62_29.avi,Flick,3,vid62
Flick/vid74_45.avi,Flick,3,vid74
Flick/vid77_3.avi,Flick,3,vid77
Flick/vid81_0.avi,Flick,3,vid81
Flick/vid81_2.avi,Flick,3,vid81
Flick/vid82_7.avi,Flick,3,vid82
Flick/vid84_30.avi,Flick,3,vid84
Flick/vid84_34.avi,Flick,3,vid84
Flick/vid84_4.avi,Flick,3,vid84
Flick/vid84_5.avi,Flick,3,vid84
Flick/vid85_2.avi,Flick,3,vid85
Flick/vid85_24.avi,Flick,3,vid85
Flick/vid85_5.avi,Flick,3,vid85
Flick/vid87_33.avi,Flick,3,vid87
Flick/vid88_32.avi,Flick,3,vid88
Flick/vid8_2.avi,Flick,3,vid8
Flick/vid8_25.avi,Flick,3,vid8
Flick/vid8_3.avi,Flick,3,vid8
Flick/vid8_43.avi,Flick,3,vid8
Flick/vid92_30.avi,Flick,3,vid92
Flick/vid94_51.avi,Flick,3,vid94
Flick/vid95_19.avi,Flick,3,vid95
Flick/vid95_6.avi,Flick,3,vid95
Flick/vid99_0.avi,Flick,3,vid99
Flick/vid99_1.avi,Flick,3,vid99
Flick/vid99_7.avi,Flick,3,vid99
Hook/vid100_13.avi,Hook,4,vid100
Hook/vid100_40.avi,Hook,4,vid100
Hook/vid100_49.avi,Hook,4,vid100
Hook/vid100_5.avi,Hook,4,vid100
Hook/vid100_6.avi,Hook,4,vid100
Hook/vid100_69.avi,Hook,4,vid100
Hook/vid100_74.avi,Hook,4,vid100
Hook/vid102_21.avi,Hook,4,vid102
Hook/vid102_24.avi,Hook,4,vid102
Hook/vid102_28.avi,Hook,4,vid102
Hook/vid102_8.avi,Hook,4,vid102
Hook/vid103_0.avi,Hook,4,vid103
Hook/vid103_10.avi,Hook,4,vid103
Hook/vid103_12.avi,Hook,4,vid103
Hook/vid103_16.avi,Hook,4,vid103
Hook/vid103_9.avi,Hook,4,vid103
Hook/vid105_10.avi,Hook,4,vid105
Hook/vid105_22.avi,Hook,4,vid105
Hook/vid108_17.avi,Hook,4,vid108
Hook/vid108_22.avi,Hook,4,vid108
Hook/vid108_28.avi,Hook,4,vid108
Hook/vid108_31.avi,Hook,4,vid108
Hook/vid110_9.avi,Hook,4,vid110
Hook/vid111_12.avi,Hook,4,vid111
Hook/vid112_13.avi,Hook,4,vid112
Hook/vid112_14.avi,Hook,4,vid112
Hook/vid112_3.avi,Hook,4,vid112
Hook/vid113_1.avi,Hook,4,vid113
Hook/vid113_11.avi,Hook,4,vid113
Hook/vid113_17.avi,Hook,4,vid113
Hook/vid116_11.avi,Hook,4,vid116
Hook/vid118_1.avi,Hook,4,vid118
Hook/vid118_11.avi,Hook,4,vid118
Hook/vid118_17.avi,Hook,4,vid118
Hook/vid119_18.avi,Hook,4,vid119
Hook/vid121_36.avi,Hook,4,vid121
Hook/vid121_47.avi,Hook,4,vid121
Hook/vid122_20.avi,Hook,4,vid122
Hook/vid122_24.avi,Hook,4,vid122
Hook/vid122_3.avi,Hook,4,vid122
Hook/vid125_17.avi,Hook,4,vid125
Hook/vid126_40.avi,Hook,4,vid126
Hook/vid133_16.avi,Hook,4,vid133
Hook/vid133_26.avi,Hook,4,vid133
Hook/vid134_22.avi,Hook,4,vid134
Hook/vid134_5.avi,Hook,4,vid134
Hook/vid136_19.avi,Hook,4,vid136
Hook/vid138_0.avi,Hook,4,vid138
Hook/vid139_19.avi,Hook,4,vid139
Hook/vid13_15.avi,Hook,4,vid13
Hook/vid142_32.avi,Hook,4,vid142
Hook/vid143_2.avi,Hook,4,vid143
Hook/vid144_1.avi,Hook,4,vid144
Hook/vid144_21.avi,Hook,4,vid144
Hook/vid144_3.avi,Hook,4,vid144
Hook/vid147_11.avi,Hook,4,vid147
Hook/vid148_21.avi,Hook,4,vid148
Hook/vid149_0.avi,Hook,4,vid149
Hook/vid150_24.avi,Hook,4,vid150
Hook/vid154_14.avi,Hook,4,vid154
Hook/vid154_35.avi,Hook,4,vid154
Hook/vid155_26.avi,Hook,4,vid155
Hook/vid159_5.avi,Hook,4,vid159
Hook/vid161_10.avi,Hook,4,vid161
Hook/vid162_42.avi,Hook,4,vid162
Hook/vid162_47.avi,Hook,4,vid162
Hook/vid166_20.avi,Hook,4,vid166
Hook/vid166_26.avi,Hook,4,vid166
Hook/vid166_28.avi,Hook,4,vid166
Hook/vid167_1.avi,Hook,4,vid167
Hook/vid167_16.avi,Hook,4,vid167
Hook/vid168_8.avi,Hook,4,vid168
Hook/vid169_38.avi,Hook,4,vid169
Hook/vid169_9.avi,Hook,4,vid169
Hook/vid173_16.avi,Hook,4,vid173
Hook/vid174_20.avi,Hook,4,vid174
Hook/vid179_14.avi,Hook,4,vid179
Hook/vid207_13.avi,Hook,4,vid207
Hook/vid207_27.avi,Hook,4,vid207
Hook/vid207_47.avi,Hook,4,vid207
Hook/vid209_33.avi,Hook,4,vid209
Hook/vid209_44.avi,Hook,4,vid209
Hook/vid213_21.avi,Hook,4,vid213
Hook/vid214_7.avi,Hook,4,vid214
Hook/vid215_37.avi,Hook,4,vid215
Hook/vid215_7.avi,Hook,4,vid215
Hook/vid216_9.avi,Hook,4,vid216
Hook/vid218_16.avi,Hook,4,vid218
Hook/vid219_13.avi,Hook,4,vid219
Hook/vid21_17.avi,Hook,4,vid21
Hook/vid21_25.avi,Hook,4,vid21
Hook/vid21_6.avi,Hook,4,vid21
Hook/vid21_9.avi,Hook,4,vid21
Hook/vid220_33.avi,Hook,4,vid220
Hook/vid220_9.avi,Hook,4,vid220
Hook/vid222_12.avi,Hook,4,vid222
Hook/vid225_12.avi,Hook,4,vid225
Hook/vid225_18.avi,Hook,4,vid225
Hook/vid225_4.avi,Hook,4,vid225
Hook/vid225_6.avi,Hook,4,vid225
Hook/vid230_1.avi,Hook,4,vid230
Hook/vid231_12.avi,Hook,4,vid231
Hook/vid233_18.avi,Hook,4,vid233
Hook/vid233_36.avi,Hook,4,vid233
Hook/vid233_40.avi,Hook,4,vid233
Hook/vid234_38.avi,Hook,4,vid234
Hook/vid234_45.avi,Hook,4,vid234
Hook/vid236_26.avi,Hook,4,vid236
Hook/vid237_34.avi,Hook,4,vid237
Hook/vid237_35.avi,Hook,4,vid237
Hook/vid237_5.avi,Hook,4,vid237
Hook/vid239_12.avi,Hook,4,vid239
Hook/vid239_27.avi,Hook,4,vid239
Hook/vid246_30.avi,Hook,4,vid246
Hook/vid246_37.avi,Hook,4,vid246
Hook/vid250_4.avi,Hook,4,vid250
Hook/vid253_23.avi,Hook,4,vid253
Hook/vid255_35.avi,Hook,4,vid255
Hook/vid255_37.avi,Hook,4,vid255
Hook/vid255_9.avi,Hook,4,vid255
Hook/vid256_4.avi,Hook,4,vid256
Hook/vid257_8.avi,Hook,4,vid257
Hook/vid25_15.avi,Hook,4,vid25
Hook/vid261_10.avi,Hook,4,vid261
Hook/vid262_35.avi,Hook,4,vid262
Hook/vid265_13.avi,Hook,4,vid265
Hook/vid265_23.avi,Hook,4,vid265
Hook/vid266_10.avi,Hook,4,vid266
Hook/vid267_10.avi,Hook,4,vid267
Hook/vid267_8.avi,Hook,4,vid267
Hook/vid268_1.avi,Hook,4,vid268
Hook/vid283_0.avi,Hook,4,vid283
Hook/vid28_22.avi,Hook,4,vid28
Hook/vid28_27.avi,Hook,4,vid28
Hook/vid28_53.avi,Hook,4,vid28
Hook/vid290_8.avi,Hook,4,vid290
Hook/vid294_27.avi,Hook,4,vid294
Hook/vid298_26.avi,Hook,4,vid298
Hook/vid298_28.avi,Hook,4,vid298
Hook/vid2_14.avi,Hook,4,vid2
Hook/vid2_18.avi,Hook,4,vid2
Hook/vid300_24.avi,Hook,4,vid300
Hook/vid302_11.avi,Hook,4,vid302
Hook/vid305_18.avi,Hook,4,vid305
Hook/vid305_8.avi,Hook,4,vid305
Hook/vid307_2.avi,Hook,4,vid307
Hook/vid315_7.avi,Hook,4,vid315
Hook/vid315_9.avi,Hook,4,vid315
Hook/vid317_33.avi,Hook,4,vid317
Hook/vid320_29.avi,Hook,4,vid320
Hook/vid326_12.avi,Hook,4,vid326
Hook/vid335_23.avi,Hook,4,vid335
Hook/vid345_17.avi,Hook,4,vid345
Hook/vid345_27.avi,Hook,4,vid345
Hook/vid34_21.avi,Hook,4,vid34
Hook/vid34_25.avi,Hook,4,vid34
Hook/vid34_30.avi,Hook,4,vid34
Hook/vid34_35.avi,Hook,4,vid34
Hook/vid34_36.avi,Hook,4,vid34
Hook/vid34_5.avi,Hook,4,vid34
Hook/vid34_6.avi,Hook,4,vid34
Hook/vid34_7.avi,Hook,4,vid34
Hook/vid350_13.avi,Hook,4,vid350
Hook/vid354_33.avi,Hook,4,vid354
Hook/vid356_4.avi,Hook,4,vid356
Hook/vid356_43.avi,Hook,4,vid356
Hook/vid356_62.avi,Hook,4,vid356
Hook/vid357_40.avi,Hook,4,vid357
Hook/vid357_54.avi,Hook,4,vid357
Hook/vid357_76.avi,Hook,4,vid357
Hook/vid360_23.avi,Hook,4,vid360
Hook/vid360_41.avi,Hook,4,vid360
Hook/vid360_45.avi,Hook,4,vid360
Hook/vid360_62.avi,Hook,4,vid360
Hook/vid363_16.avi,Hook,4,vid363
Hook/vid363_21.avi,Hook,4,vid363
Hook/vid365_77.avi,Hook,4,vid365
Hook/vid366_27.avi,Hook,4,vid366
Hook/vid366_35.avi,Hook,4,vid366
Hook/vid366_49.avi,Hook,4,vid366
Hook/vid367_1.avi,Hook,4,vid367
Hook/vid367_53.avi,Hook,4,vid367
Hook/vid367_59.avi,Hook,4,vid367
Hook/vid367_61.avi,Hook,4,vid367
Hook/vid368_17.avi,Hook,4,vid368
Hook/vid368_20.avi,Hook,4,vid368
Hook/vid368_28.avi,Hook,4,vid368
Hook/vid368_31.avi,Hook,4,vid368
Hook/vid369_17.avi,Hook,4,vid369
Hook/vid374_9.avi,Hook,4,vid374
Hook/vid378_39.avi,Hook,4,vid378
Hook/vid378_40.avi,Hook,4,vid378
Hook/vid379_35.avi,Hook,4,vid379
Hook/vid382_10.avi,Hook,4,vid382
Hook/vid384_41.avi,Hook,4,vid384
Hook/vid384_42.avi,Hook,4,vid384
Hook/vid388_17.avi,Hook,4,vid388
Hook/vid389_1.avi,Hook,4,vid389
Hook/vid389_21.avi,Hook,4,vid389
Hook/vid38_21.avi,Hook,4,vid38
Hook/vid38_23.avi,Hook,4,vid38
Hook/vid38_24.avi,Hook,4,vid38
Hook/vid390_16.avi,Hook,4,vid390
Hook/vid390_17.avi,Hook,4,vid390
Hook/vid390_7.avi,Hook,4,vid390
Hook/vid391_21.avi,Hook,4,vid391
Hook/vid391_34.avi,Hook,4,vid391
Hook/vid391_36.avi,Hook,4,vid391
Hook/vid392_12.avi,Hook,4,vid392
Hook/vid392_54.avi,Hook,4,vid392
Hook/vid392_7.avi,Hook,4,vid392
Hook/vid39_28.avi,Hook,4,vid39
Hook/vid402_21.avi,Hook,4,vid402
Hook/vid40_58.avi,Hook,4,vid40
Hook/vid424_8.avi,Hook,4,vid424
Hook/vid426_20.avi,Hook,4,vid426
Hook/vid429_2.avi,Hook,4,vid429
Hook/vid432_14.avi,Hook,4,vid432
Hook/vid433_34.avi,Hook,4,vid433
Hook/vid433_62.avi,Hook,4,vid433
Hook/vid43_53.avi,Hook,4,vid43
Hook/vid442_28.avi,Hook,4,vid442
Hook/vid444_36.avi,Hook,4,vid444
Hook/vid444_56.avi,Hook,4,vid444
Hook/vid452_36.avi,Hook,4,vid452
Hook/vid454_5.avi,Hook,4,vid454
Hook/vid459_46.avi,Hook,4,vid459
Hook/vid45_6.avi,Hook,4,vid45
Hook/vid462_21.avi,Hook,4,vid462
Hook/vid462_5.avi,Hook,4,vid462
Hook/vid464_36.avi,Hook,4,vid464
Hook/vid464_44.avi,Hook,4,vid464
Hook/vid466_22.avi,Hook,4,vid466
Hook/vid469_37.avi,Hook,4,vid469
Hook/vid469_41.avi,Hook,4,vid469
Hook/vid46_53.avi,Hook,4,vid46
Hook/vid46_65.avi,Hook,4,vid46
Hook/vid472_4.avi,Hook,4,vid472
Hook/vid476_24.avi,Hook,4,vid476
Hook/vid478_2.avi,Hook,4,vid478
Hook/vid47_13.avi,Hook,4,vid47
Hook/vid480_36.avi,Hook,4,vid480
Hook/vid480_38.avi,Hook,4,vid480
Hook/vid481_42.avi,Hook,4,vid481
Hook/vid481_44.avi,Hook,4,vid481
Hook/vid481_6.avi,Hook,4,vid481
Hook/vid485_43.avi,Hook,4,vid485
Hook/vid486_25.avi,Hook,4,vid486
Hook/vid487_16.avi,Hook,4,vid487
Hook/vid487_49.avi,Hook,4,vid487
Hook/vid487_8.avi,Hook,4,vid487
Hook/vid489_38.avi,Hook,4,vid489
Hook/vid494_17.avi,Hook,4,vid494
Hook/vid494_29.avi,Hook,4,vid494
Hook/vid495_10.avi,Hook,4,vid495
Hook/vid495_11.avi,Hook,4,vid495
Hook/vid495_34.avi,Hook,4,vid495
Hook/vid495_35.avi,Hook,4,vid495
Hook/vid495_36.avi,Hook,4,vid495
Hook/vid495_4.avi,Hook,4,vid495
Hook/vid495_46.avi,Hook,4,vid495
Hook/vid495_48.avi,Hook,4,vid495
Hook/vid495_49.avi,Hook,4,vid495
Hook/vid497_24.avi,Hook,4,vid497
Hook/vid499_22.avi,Hook,4,vid499
Hook/vid49_20.avi,Hook,4,vid49
Hook/vid49_27.avi,Hook,4,vid49
Hook/vid49_35.avi,Hook,4,vid49
Hook/vid4_20.avi,Hook,4,vid4
Hook/vid4_7.avi,Hook,4,vid4
Hook/vid502_11.avi,Hook,4,vid502
Hook/vid502_18.avi,Hook,4,vid502
Hook/vid503_25.avi,Hook,4,vid503
Hook/vid503_39.avi,Hook,4,vid503
Hook/vid505_13.avi,Hook,4,vid505
Hook/vid505_26.avi,Hook,4,vid505
Hook/vid505_30.avi,Hook,4,vid505
Hook/vid505_42.avi,Hook,4,vid505
Hook/vid505_45.avi,Hook,4,vid505
Hook/vid507_36.avi,Hook,4,vid507
Hook/vid511_49.avi,Hook,4,vid511
Hook/vid511_52.avi,Hook,4,vid511
Hook/vid512_20.avi,Hook,4,vid512
Hook/vid512_61.avi,Hook,4,vid512
Hook/vid514_4.avi,Hook,4,vid514
Hook/vid514_44.avi,Hook,4,vid514
Hook/vid515_21.avi,Hook,4,vid515
Hook/vid515_28.avi,Hook,4,vid515
Hook/vid516_33.avi,Hook,4,vid516
Hook/vid516_53.avi,Hook,4,vid516
Hook/vid516_68.avi,Hook,4,vid516
Hook/vid517_13.avi,Hook,4,vid517
Hook/vid517_48.avi,Hook,4,vid517
Hook/vid517_61.avi,Hook,4,vid517
Hook/vid517_63.avi,Hook,4,vid517
Hook/vid518_25.avi,Hook,4,vid518
Hook/vid518_41.avi,Hook,4,vid518
Hook/vid520_25.avi,Hook,4,vid520
Hook/vid520_39.avi,Hook,4,vid520
Hook/vid520_53.avi,Hook,4,vid520
Hook/vid522_12.avi,Hook,4,vid522
Hook/vid522_17.avi,Hook,4,vid522
Hook/vid523_10.avi,Hook,4,vid523
Hook/vid523_37.avi,Hook,4,vid523
Hook/vid524_6.avi,Hook,4,vid524
Hook/vid524_7.avi,Hook,4,vid524
Hook/vid526_42.avi,Hook,4,vid526
Hook/vid528_25.avi,Hook,4,vid528
Hook/vid528_53.avi,Hook,4,vid528
Hook/vid528_7.avi,Hook,4,vid528
Hook/vid529_49.avi,Hook,4,vid529
Hook/vid529_58.avi,Hook,4,vid529
Hook/vid531_22.avi,Hook,4,vid531
Hook/vid531_61.avi,Hook,4,vid531
Hook/vid531_73.avi,Hook,4,vid531
Hook/vid532_13.avi,Hook,4,vid532
Hook/vid534_45.avi,Hook,4,vid534
Hook/vid536_19.avi,Hook,4,vid536
Hook/vid536_20.avi,Hook,4,vid536
Hook/vid536_49.avi,Hook,4,vid536
Hook/vid536_59.avi,Hook,4,vid536
Hook/vid53_13.avi,Hook,4,vid53
Hook/vid56_13.avi,Hook,4,vid56
Hook/vid56_33.avi,Hook,4,vid56
Hook/vid58_4.avi,Hook,4,vid58
Hook/vid5_21.avi,Hook,4,vid5
Hook/vid60_39.avi,Hook,4,vid60
Hook/vid75_13.avi,Hook,4,vid75
Hook/vid75_25.avi,Hook,4,vid75
Hook/vid75_6.avi,Hook,4,vid75
Hook/vid78_1.avi,Hook,4,vid78
Hook/vid78_24.avi,Hook,4,vid78
Hook/vid79_3.avi,Hook,4,vid79
Hook/vid82_15.avi,Hook,4,vid82
Hook/vid82_28.avi,Hook,4,vid82
Hook/vid84_29.avi,Hook,4,vid84
Hook/vid87_42.avi,Hook,4,vid87
Hook/vid89_12.avi,Hook,4,vid89
Hook/vid89_3.avi,Hook,4,vid89
Hook/vid90_56.avi,Hook,4,vid90
Hook/vid95_40.avi,Hook,4,vid95
Hook/vid95_7.avi,Hook,4,vid95
Late Cut/vid102_32.avi,Late Cut,5,vid102
Late Cut/vid103_18.avi,Late Cut,5,vid103
Late Cut/vid107_27.avi,Late Cut,5,vid107
Late Cut/vid108_37.avi,Late Cut,5,vid108
Late Cut/vid110_3.avi,Late Cut,5,vid110
Late Cut/vid113_8.avi,Late Cut,5,vid113
Late Cut/vid114_19.avi,Late Cut,5,vid114
Late Cut/vid116_25.avi,Late Cut,5,vid116
Late Cut/vid118_8.avi,Late Cut,5,vid118
Late Cut/vid124_34.avi,Late Cut,5,vid124
Late Cut/vid125_13.avi,Late Cut,5,vid125
Late Cut/vid125_9.avi,Late Cut,5,vid125
Late Cut/vid127_21.avi,Late Cut,5,vid127
Late Cut/vid133_25.avi,Late Cut,5,vid133
Late Cut/vid136_18.avi,Late Cut,5,vid136
Late Cut/vid137_16.avi,Late Cut,5,vid137
Late Cut/vid13_47.avi,Late Cut,5,vid13
Late Cut/vid151_28.avi,Late Cut,5,vid151
Late Cut/vid151_34.avi,Late Cut,5,vid151
Late Cut/vid153_8.avi,Late Cut,5,vid153
Late Cut/vid155_1.avi,Late Cut,5,vid155
Late Cut/vid156_7.avi,Late Cut,5,vid156
Late Cut/vid158_8.avi,Late Cut,5,vid158
Late Cut/vid15_38.avi,Late Cut,5,vid15
Late Cut/vid160_13.avi,Late Cut,5,vid160
Late Cut/vid162_43.avi,Late Cut,5,vid162
Late Cut/vid162_55.avi,Late Cut,5,vid162
Late Cut/vid164_39.avi,Late Cut,5,vid164
Late Cut/vid167_24.avi,Late Cut,5,vid167
Late Cut/vid169_6.avi,Late Cut,5,vid169
Late Cut/vid172_14.avi,Late Cut,5,vid172
Late Cut/vid175_30.avi,Late Cut,5,vid175
Late Cut/vid177_10.avi,Late Cut,5,vid177
Late Cut/vid177_6.avi,Late Cut,5,vid177
Late Cut/vid178_12.avi,Late Cut,5,vid178
Late Cut/vid180_10.avi,Late Cut,5,vid180
Late Cut/vid187_10.avi,Late Cut,5,vid187
Late Cut/vid192_0.avi,Late Cut,5,vid192
Late Cut/vid196_0.avi,Late Cut,5,vid196
Late Cut/vid1_33.avi,Late Cut,5,vid1
Late Cut/vid205_61.avi,Late Cut,5,vid205
Late Cut/vid206_2.avi,Late Cut,5,vid206
Late Cut/vid206_63.avi,Late Cut,5,vid206
Late Cut/vid208_29.avi,Late Cut,5,vid208
Late Cut/vid213_30.avi,Late Cut,5,vid213
Late Cut/vid217_21.avi,Late Cut,5,vid217
Late Cut/vid220_15.avi,Late Cut,5,vid220
Late Cut/vid222_7.avi,Late Cut,5,vid222
Late Cut/vid223_14.avi,Late Cut,5,vid223
Late Cut/vid233_6.avi,Late Cut,5,vid233
Late Cut/vid234_29.avi,Late Cut,5,vid234
Late Cut/vid236_11.avi,Late Cut,5,vid236
Late Cut/vid23_19.avi,Late Cut,5,vid23
Late Cut/vid244_20.avi,Late Cut,5,vid244
Late Cut/vid244_36.avi,Late Cut,5,vid244
Late Cut/vid261_46.avi,Late Cut,5,vid261
Late Cut/vid261_49.avi,Late Cut,5,vid261
Late Cut/vid261_52.avi,Late Cut,5,vid261
Late Cut/vid265_17.avi,Late Cut,5,vid265
Late Cut/vid266_3.avi,Late Cut,5,vid266
Late Cut/vid269_13.avi,Late Cut,5,vid269
Late Cut/vid272_9.avi,Late Cut,5,vid272
Late Cut/vid273_9.avi,Late Cut,5,vid273
Late Cut/vid279_4.avi,Late Cut,5,vid279
Late Cut/vid28_54.avi,Late Cut,5,vid28
Late Cut/vid292_14.avi,Late Cut,5,vid292
Late Cut/vid293_6.avi,Late Cut,5,vid293
Late Cut/vid295_22.avi,Late Cut,5,vid295
Late Cut/vid295_27.avi,Late Cut,5,vid295
Late Cut/vid296_9.avi,Late Cut,5,vid296
Late Cut/vid302_8.avi,Late Cut,5,vid302
Late Cut/vid30_26.avi,Late Cut,5,vid30
Late Cut/vid30_36.avi,Late Cut,5,vid30
Late Cut/vid310_0.avi,Late Cut,5,vid310
Late Cut/vid313_1.avi,Late Cut,5,vid313
Late Cut/vid317_8.avi,Late Cut,5,vid317
Late Cut/vid318_14.avi,Late Cut,5,vid318
Late Cut/vid324_3.avi,Late Cut,5,vid324
Late Cut/vid325_7.avi,Late Cut,5,vid325
Late Cut/vid327_3.avi,Late Cut,5,vid327
Late Cut/vid341_1.avi,Late Cut,5,vid341
Late Cut/vid343_33.avi,Late Cut,5,vid343
Late Cut/vid348_17.avi,Late Cut,5,vid348
Late Cut/vid350_25.avi,Late Cut,5,vid350
Late Cut/vid356_55.avi,Late Cut,5,vid356
Late Cut/vid357_56.avi,Late Cut,5,vid357
Late Cut/vid359_16.avi,Late Cut,5,vid359
Late Cut/vid362_52.avi,Late Cut,5,vid362
Late Cut/vid364_29.avi,Late Cut,5,vid364
Late Cut/vid367_28.avi,Late Cut,5,vid367
Late Cut/vid367_9.avi,Late Cut,5,vid367
Late Cut/vid369_37.avi,Late Cut,5,vid369
Late Cut/vid374_38.avi,Late Cut,5,vid374
Late Cut/vid376_29.avi,Late Cut,5,vid376
Late Cut/vid381_30.avi,Late Cut,5,vid381
Late Cut/vid387_16.avi,Late Cut,5,vid387
Late Cut/vid387_48.avi,Late Cut,5,vid387
Late Cut/vid38_27.avi,Late Cut,5,vid38
Late Cut/vid38_61.avi,Late Cut,5,vid38
Late Cut/vid390_8.avi,Late Cut,5,vid390
Late Cut/vid392_6.avi,Late Cut,5,vid392
Late Cut/vid398_25.avi,Late Cut,5,vid398
Late Cut/vid39_43.avi,Late Cut,5,vid39
Late Cut/vid407_14.avi,Late Cut,5,vid407
Late Cut/vid40_53.avi,Late Cut,5,vid40
Late Cut/vid40_7.avi,Late Cut,5,vid40
Late Cut/vid416_19.avi,Late Cut,5,vid416
Late Cut/vid416_9.avi,Late Cut,5,vid416
Late Cut/vid41_8.avi,Late Cut,5,vid41
Late Cut/vid420_18.avi,Late Cut,5,vid420
Late Cut/vid428_18.avi,Late Cut,5,vid428
Late Cut/vid428_21.avi,Late Cut,5,vid428
Late Cut/vid429_34.avi,Late Cut,5,vid429
Late Cut/vid433_52.avi,Late Cut,5,vid433
Late Cut/vid436_37.avi,Late Cut,5,vid436
Late Cut/vid437_51.avi,Late Cut,5,vid437
Late Cut/vid439_0.avi,Late Cut,5,vid439
Late Cut/vid439_48.avi,Late Cut,5,vid439
Late Cut/vid43_21.avi,Late Cut,5,vid43
Late Cut/vid440_25.avi,Late Cut,5,vid440
Late Cut/vid441_26.avi,Late Cut,5,vid441
Late Cut/vid442_4.avi,Late Cut,5,vid442
Late Cut/vid445_46.avi,Late Cut,5,vid445
Late Cut/vid448_17.avi,Late Cut,5,vid448
Late Cut/vid450_31.avi,Late Cut,5,vid450
Late Cut/vid450_54.avi,Late Cut,5,vid450
Late Cut/vid451_46.avi,Late Cut,5,vid451
Late Cut/vid452_47.avi,Late Cut,5,vid452
Late Cut/vid454_32.avi,Late Cut,5,vid454
Late Cut/vid457_43.avi,Late Cut,5,vid457
Late Cut/vid457_8.avi,Late Cut,5,vid457
Late Cut/vid458_20.avi,Late Cut,5,vid458
Late Cut/vid461_19.avi,Late Cut,5,vid461
Late Cut/vid463_27.avi,Late Cut,5,vid463
Late Cut/vid467_23.avi,Late Cut,5,vid467
Late Cut/vid467_4.avi,Late Cut,5,vid467
Late Cut/vid469_5.avi,Late Cut,5,vid469
Late Cut/vid46_49.avi,Late Cut,5,vid46
Late Cut/vid46_75.avi,Late Cut,5,vid46
Late Cut/vid479_7.avi,Late Cut,5,vid479
Late Cut/vid485_22.avi,Late Cut,5,vid485
Late Cut/vid486_62.avi,Late Cut,5,vid486
Late Cut/vid487_2.avi,Late Cut,5,vid487
Late Cut/vid487_43.avi,Late Cut,5,vid487
Late Cut/vid48_19.avi,Late Cut,5,vid48
Late Cut/vid491_2.avi,Late Cut,5,vid491
Late Cut/vid493_1.avi,Late Cut,5,vid493
Late Cut/vid497_11.avi,Late Cut,5,vid497
Late Cut/vid502_16.avi,Late Cut,5,vid502
Late Cut/vid504_18.avi,Late Cut,5,vid504
Late Cut/vid504_7.avi,Late Cut,5,vid504
Late Cut/vid50_61.avi,Late Cut,5,vid50
Late Cut/vid510_7.avi,Late Cut,5,vid510
Late Cut/vid513_0.avi,Late Cut,5,vid513
Late Cut/vid514_37.avi,Late Cut,5,vid514
Late Cut/vid515_11.avi,Late Cut,5,vid515
Late Cut/vid515_86.avi,Late Cut,5,vid515
Late Cut/vid515_88.avi,Late Cut,5,vid515
Late Cut/vid518_27.avi,Late Cut,5,vid518
Late Cut/vid518_29.avi,Late Cut,5,vid518
Late Cut/vid519_37.avi,Late Cut,5,vid519
Late Cut/vid519_44.avi,Late Cut,5,vid519
Late Cut/vid521_84.avi,Late Cut,5,vid521
Late Cut/vid522_75.avi,Late Cut,5,vid522
Late Cut/vid524_21.avi,Late Cut,5,vid524
Late Cut/vid525_32.avi,Late Cut,5,vid525
Late Cut/vid526_22.avi,Late Cut,5,vid526
Late Cut/vid526_67.avi,Late Cut,5,vid526
Late Cut/vid529_5.avi,Late Cut,5,vid529
Late Cut/vid530_34.avi,Late Cut,5,vid530
Late Cut/vid532_63.avi,Late Cut,5,vid532
Late Cut/vid533_27.avi,Late Cut,5,vid533
Late Cut/vid533_59.avi,Late Cut,5,vid533
Late Cut/vid534_8.avi,Late Cut,5,vid534
Late Cut/vid53_51.avi,Late Cut,5,vid53
Late Cut/vid55_0.avi,Late Cut,5,vid55
Late Cut/vid56_58.avi,Late Cut,5,vid56
Late Cut/vid56_66.avi,Late Cut,5,vid56
Late Cut/vid57_42.avi,Late Cut,5,vid57
Late Cut/vid60_100.avi,Late Cut,5,vid60
Late Cut/vid63_25.avi,Late Cut,5,vid63
Late Cut/vid66_28.avi,Late Cut,5,vid66
Late Cut/vid68_36.avi,Late Cut,5,vid68
Late Cut/vid69_34.avi,Late Cut,5,vid69
Late Cut/vid70_20.avi,Late Cut,5,vid70
Late Cut/vid74_21.avi,Late Cut,5,vid74
Late Cut/vid82_30.avi,Late Cut,5,vid82
Late Cut/vid82_8.avi,Late Cut,5,vid82
Late Cut/vid85_30.avi,Late Cut,5,vid85
Late Cut/vid86_56.avi,Late Cut,5,vid86
Late Cut/vid86_7.avi,Late Cut,5,vid86
Late Cut/vid88_28.avi,Late Cut,5,vid88
Late Cut/vid91_43.avi,Late Cut,5,vid91
Late Cut/vid93_40.avi,Late Cut,5,vid93
Late Cut/vid93_46.avi,Late Cut,5,vid93
Late Cut/vid9_32.avi,Late Cut,5,vid9
Lofted Legside/vid102_13.avi,Lofted Legside,6,vid102
Lofted Legside/vid102_19.avi,Lofted Legside,6,vid102
Lofted Legside/vid102_22.avi,Lofted Legside,6,vid102
Lofted Legside/vid102_23.avi,Lofted Legside,6,vid102
Lofted Legside/vid102_27.avi,Lofted Legside,6,vid102
Lofted Legside/vid107_10.avi,Lofted Legside,6,vid107
Lofted Legside/vid107_5.avi,Lofted Legside,6,vid107
Lofted Legside/vid108_11.avi,Lofted Legside,6,vid108
Lofted Legside/vid108_12.avi,Lofted Legside,6,vid108
Lofted Legside/vid108_16.avi,Lofted Legside,6,vid108
Lofted Legside/vid109_35.avi,Lofted Legside,6,vid109
Lofted Legside/vid109_36.avi,Lofted Legside,6,vid109
Lofted Legside/vid10_10.avi,Lofted Legside,6,vid10
Lofted Legside/vid10_34.avi,Lofted Legside,6,vid10
Lofted Legside/vid110_40.avi,Lofted Legside,6,vid110
Lofted Legside/vid114_11.avi,Lofted Legside,6,vid114
Lofted Legside/vid114_15.avi,Lofted Legside,6,vid114
Lofted Legside/vid114_5.avi,Lofted Legside,6,vid114
Lofted Legside/vid119_12.avi,Lofted Legside,6,vid119
Lofted Legside/vid119_9.avi,Lofted Legside,6,vid119
Lofted Legside/vid120_21.avi,Lofted Legside,6,vid120
Lofted Legside/vid120_22.avi,Lofted Legside,6,vid120
Lofted Legside/vid121_19.avi,Lofted Legside,6,vid121
Lofted Legside/vid121_39.avi,Lofted Legside,6,vid121
Lofted Legside/vid121_43.avi,Lofted Legside,6,vid121
Lofted Legside/vid121_51.avi,Lofted Legside,6,vid121
Lofted Legside/vid122_13.avi,Lofted Legside,6,vid122
Lofted Legside/vid122_16.avi,Lofted Legside,6,vid122
Lofted Legside/vid123_15.avi,Lofted Legside,6,vid123
Lofted Legside/vid123_33.avi,Lofted Legside,6,vid123
Lofted Legside/vid123_35.avi,Lofted Legside,6,vid123
Lofted Legside/vid127_2.avi,Lofted Legside,6,vid127
Lofted Legside/vid127_24.avi,Lofted Legside,6,vid127
Lofted Legside/vid129_38.avi,Lofted Legside,6,vid129
Lofted Legside/vid12_54.avi,Lofted Legside,6,vid12
Lofted Legside/vid130_16.avi,Lofted Legside,6,vid130
Lofted Legside/vid130_18.avi,Lofted Legside,6,vid130
Lofted Legside/vid130_20.avi,Lofted Legside,6,vid130
Lofted Legside/vid130_35.avi,Lofted Legside,6,vid130
Lofted Legside/vid132_8.avi,Lofted Legside,6,vid132
Lofted Legside/vid135_20.avi,Lofted Legside,6,vid135
Lofted Legside/vid135_38.avi,Lofted Legside,6,vid135
Lofted Legside/vid136_20.avi,Lofted Legside,6,vid136
Lofted Legside/vid137_26.avi,Lofted Legside,6,vid137
Lofted Legside/vid13_25.avi,Lofted Legside,6,vid13
Lofted Legside/vid140_14.avi,Lofted Legside,6,vid140
Lofted Legside/vid140_6.avi,Lofted Legside,6,vid140
Lofted Legside/vid141_16.avi,Lofted Legside,6,vid141
Lofted Legside/vid141_2.avi,Lofted Legside,6,vid141
Lofted Legside/vid141_20.avi,Lofted Legside,6,vid141
Lofted Legside/vid141_21.avi,Lofted Legside,6,vid141
Lofted Legside/vid141_23.avi,Lofted Legside,6,vid141
Lofted Legside/vid141_30.avi,Lofted Legside,6,vid141
Lofted Legside/vid142_8.avi,Lofted Legside,6,vid142
Lofted Legside/vid145_11.avi,Lofted Legside,6,vid145
Lofted Legside/vid145_12.avi,Lofted Legside,6,vid145
Lofted Legside/vid150_7.avi,Lofted Legside,6,vid150
Lofted Legside/vid151_10.avi,Lofted Legside,6,vid151
Lofted Legside/vid151_36.avi,Lofted Legside,6,vid151
Lofted Legside/vid151_39.avi,Lofted Legside,6,vid151
Lofted Legside/vid151_7.avi,Lofted Legside,6,vid151
Lofted Legside/vid152_33.avi,Lofted Legside,6,vid152
Lofted Legside/vid152_7.avi,Lofted Legside,6,vid152
Lofted Legside/vid153_18.avi,Lofted Legside,6,vid153
Lofted Legside/vid153_19.avi,Lofted Legside,6,vid153
Lofted Legside/vid156_18.avi,Lofted Legside,6,vid156
Lofted Legside/vid158_28.avi,Lofted Legside,6,vid158
Lofted Legside/vid158_29.avi,Lofted Legside,6,vid158
Lofted Legside/vid158_30.avi,Lofted Legside,6,vid158
Lofted Legside/vid158_4.avi,Lofted Legside,6,vid158
Lofted Legside/vid15_25.avi,Lofted Legside,6,vid15
Lofted Legside/vid15_5.avi,Lofted Legside,6,vid15
Lofted Legside/vid160_46.avi,Lofted Legside,6,vid160
Lofted Legside/vid161_16.avi,Lofted Legside,6,vid161
Lofted Legside/vid161_19.avi,Lofted Legside,6,vid161
Lofted Legside/vid161_23.avi,Lofted Legside,6,vid161
Lofted Legside/vid161_31.avi,Lofted Legside,6,vid161
Lofted Legside/vid161_33.avi,Lofted Legside,6,vid161
Lofted Legside/vid161_38.avi,Lofted Legside,6,vid161
Lofted Legside/vid161_40.avi,Lofted Legside,6,vid161
Lofted Legside/vid163_24.avi,Lofted Legside,6,vid163
Lofted Legside/vid164_3.avi,Lofted Legside,6,vid164
Lofted Legside/vid168_17.avi,Lofted Legside,6,vid168
Lofted Legside/vid16_24.avi,Lofted Legside,6,vid16
Lofted Legside/vid16_26.avi,Lofted Legside,6,vid16
Lofted Legside/vid16_40.avi,Lofted Legside,6,vid16
Lofted Legside/vid16_42.avi,Lofted Legside,6,vid16
Lofted Legside/vid170_18.avi,Lofted Legside,6,vid170
Lofted Legside/vid172_12.avi,Lofted Legside,6,vid172
Lofted Legside/vid172_13.avi,Lofted Legside,6,vid172
Lofted Legside/vid172_28.avi,Lofted Legside,6,vid172
Lofted Legside/vid174_17.avi,Lofted Legside,6,vid174
Lofted Legside/vid174_21.avi,Lofted Legside,6,vid174
Lofted Legside/vid174_27.avi,Lofted Legside,6,vid174
Lofted Legside/vid174_29.avi,Lofted Legside,6,vid174
Lofted Legside/vid174_9.avi,Lofted Legside,6,vid174
Lofted Legside/vid175_16.avi,Lofted Legside,6,vid175
Lofted Legside/vid175_19.avi,Lofted Legside,6,vid175
Lofted Legside/vid175_24.avi,Lofted Legside,6,vid175
Lofted Legside/vid175_25.avi,Lofted Legside,6,vid175
Lofted Legside/vid177_13.avi,Lofted Legside,6,vid177
Lofted Legside/vid180_19.avi,Lofted Legside,6,vid180
Lofted Legside/vid180_6.avi,Lofted Legside,6,vid180
Lofted Legside/vid181_2.avi,Lofted Legside,6,vid181
Lofted Legside/vid182_13.avi,Lofted Legside,6,vid182
Lofted Legside/vid182_20.avi,Lofted Legside,6,vid182
Lofted Legside/vid182_21.avi,Lofted Legside,6,vid182
Lofted Legside/vid185_14.avi,Lofted Legside,6,vid185
Lofted Legside/vid185_7.avi,Lofted Legside,6,vid185
Lofted Legside/vid185_9.avi,Lofted Legside,6,vid185
Lofted Legside/vid187_14.avi,Lofted Legside,6,vid187
Lofted Legside/vid18_27.avi,Lofted Legside,6,vid18
Lofted Legside/vid18_28.avi,Lofted Legside,6,vid18
Lofted Legside/vid191_9.avi,Lofted Legside,6,vid191
Lofted Legside/vid199_8.avi,Lofted Legside,6,vid199
Lofted Legside/vid206_13.avi,Lofted Legside,6,vid206
Lofted Legside/vid206_25.avi,Lofted Legside,6,vid206
Lofted Legside/vid206_64.avi,Lofted Legside,6,vid206
Lofted Legside/vid208_22.avi,Lofted Legside,6,vid208
Lofted Legside/vid210_44.avi,Lofted Legside,6,vid210
Lofted Legside/vid211_28.avi,Lofted Legside,6,vid211
Lofted Legside/vid211_36.avi,Lofted Legside,6,vid211
Lofted Legside/vid211_7.avi,Lofted Legside,6,vid211
Lofted Legside/vid214_25.avi,Lofted Legside,6,vid214
Lofted Legside/vid214_40.avi,Lofted Legside,6,vid214
Lofted Legside/vid214_41.avi,Lofted Legside,6,vid214
Lofted Legside/vid214_51.avi,Lofted Legside,6,vid214
Lofted Legside/vid215_29.avi,Lofted Legside,6,vid215
Lofted Legside/vid215_44.avi,Lofted Legside,6,vid215
Lofted Legside/vid216_36.avi,Lofted Legside,6,vid216
Lofted Legside/vid216_42.avi,Lofted Legside,6,vid216
Lofted Legside/vid220_3.avi,Lofted Legside,6,vid220
Lofted Legside/vid224_47.avi,Lofted Legside,6,vid224
Lofted Legside/vid228_28.avi,Lofted Legside,6,vid228
Lofted Legside/vid228_29.avi,Lofted Legside,6,vid228
Lofted Legside/vid237_25.avi,Lofted Legside,6,vid237
Lofted Legside/vid237_26.avi,Lofted Legside,6,vid237
Lofted Legside/vid23_33.avi,Lofted Legside,6,vid23
Lofted Legside/vid248_41.avi,Lofted Legside,6,vid248
Lofted Legside/vid253_19.avi,Lofted Legside,6,vid253
Lofted Legside/vid254_2.avi,Lofted Legside,6,vid254
Lofted Legside/vid254_28.avi,Lofted Legside,6,vid254
Lofted Legside/vid258_22.avi,Lofted Legside,6,vid258
Lofted Legside/vid259_42.avi,Lofted Legside,6,vid259
Lofted Legside/vid259_6.avi,Lofted Legside,6,vid259
Lofted Legside/vid25_16.avi,Lofted Legside,6,vid25
Lofted Legside/vid25_18.avi,Lofted Legside,6,vid25
Lofted Legside/vid25_19.avi,Lofted Legside,6,vid25
Lofted Legside/vid25_20.avi,Lofted Legside,6,vid25
Lofted Legside/vid25_49.avi,Lofted Legside,6,vid25
Lofted Legside/vid262_37.avi,Lofted Legside,6,vid262
Lofted Legside/vid262_6.avi,Lofted Legside,6,vid262
Lofted Legside/vid265_15.avi,Lofted Legside,6,vid265
Lofted Legside/vid266_17.avi,Lofted Legside,6,vid266
Lofted Legside/vid267_7.avi,Lofted Legside,6,vid267
Lofted Legside/vid268_20.avi,Lofted Legside,6,vid268
Lofted Legside/vid270_9.avi,Lofted Legside,6,vid270
Lofted Legside/vid271_16.avi,Lofted Legside,6,vid271
Lofted Legside/vid271_6.avi,Lofted Legside,6,vid271
Lofted Legside/vid272_12.avi,Lofted Legside,6,vid272
Lofted Legside/vid278_15.avi,Lofted Legside,6,vid278
Lofted Legside/vid279_17.avi,Lofted Legside,6,vid279
Lofted Legside/vid282_4.avi,Lofted Legside,6,vid282
Lofted Legside/vid289_7.avi,Lofted Legside,6,vid289
Lofted Legside/vid291_17.avi,Lofted Legside,6,vid291
Lofted Legside/vid302_2.avi,Lofted Legside,6,vid302
Lofted Legside/vid303_24.avi,Lofted Legside,6,vid303
Lofted Legside/vid304_24.avi,Lofted Legside,6,vid304
Lofted Legside/vid305_1.avi,Lofted Legside,6,vid305
Lofted Legside/vid305_13.avi,Lofted Legside,6,vid305
Lofted Legside/vid305_7.avi,Lofted Legside,6,vid305
Lofted Legside/vid30_45.avi,Lofted Legside,6,vid30
Lofted Legside/vid312_39.avi,Lofted Legside,6,vid312
Lofted Legside/vid312_9.avi,Lofted Legside,6,vid312
Lofted Legside/vid314_7.avi,Lofted Legside,6,vid314
Lofted Legside/vid318_31.avi,Lofted Legside,6,vid318
Lofted Legside/vid31_40.avi,Lofted Legside,6,vid31
Lofted Legside/vid323_36.avi,Lofted Legside,6,vid323
Lofted Legside/vid323_4.avi,Lofted Legside,6,vid323
Lofted Legside/vid325_15.avi,Lofted Legside,6,vid325
Lofted Legside/vid326_13.avi,Lofted Legside,6,vid326
Lofted Legside/vid326_18.avi,Lofted Legside,6,vid326
Lofted Legside/vid330_13.avi,Lofted Legside,6,vid330
Lofted Legside/vid330_30.avi,Lofted Legside,6,vid330
Lofted Legside/vid331_26.avi,Lofted Legside,6,vid331
Lofted Legside/vid331_52.avi,Lofted Legside,6,vid331
Lofted Legside/vid331_54.avi,Lofted Legside,6,vid331
Lofted Legside/vid331_8.avi,Lofted Legside,6,vid331
Lofted Legside/vid332_12.avi,Lofted Legside,6,vid332
Lofted Legside/vid332_22.avi,Lofted Legside,6,vid332
Lofted Legside/vid332_3.avi,Lofted Legside,6,vid332
Lofted Legside/vid332_6.avi,Lofted Legside,6,vid332
Lofted Legside/vid333_10.avi,Lofted Legside,6,vid333
Lofted Legside/vid333_19.avi,Lofted Legside,6,vid333
Lofted Legside/vid333_21.avi,Lofted Legside,6,vid333
Lofted Legside/vid335_15.avi,Lofted Legside,6,vid335
Lofted Legside/vid335_29.avi,Lofted Legside,6,vid335
Lofted Legside/vid335_8.avi,Lofted Legside,6,vid335
Lofted Legside/vid336_10.avi,Lofted Legside,6,vid336
Lofted Legside/vid337_16.avi,Lofted Legside,6,vid337
Lofted Legside/vid337_22.avi,Lofted Legside,6,vid337
Lofted Legside/vid337_23.avi,Lofted Legside,6,vid337
Lofted Legside/vid337_24.avi,Lofted Legside,6,vid337
Lofted Legside/vid337_39.avi,Lofted Legside,6,vid337
Lofted Legside/vid337_47.avi,Lofted Legside,6,vid337
Lofted Legside/vid337_50.avi,Lofted Legside,6,vid337
Lofted Legside/vid338_12.avi,Lofted Legside,6,vid338
Lofted Legside/vid338_13.avi,Lofted Legside,6,vid338
Lofted Legside/vid338_21.avi,Lofted Legside,6,vid338
Lofted Legside/vid338_4.avi,Lofted Legside,6,vid338
Lofted Legside/vid340_11.avi,Lofted Legside,6,vid340
Lofted Legside/vid342_18.avi,Lofted Legside,6,vid342
Lofted Legside/vid342_21.avi,Lofted Legside,6,vid342
Lofted Legside/vid342_44.avi,Lofted Legside,6,vid342
Lofted Legside/vid343_28.avi,Lofted Legside,6,vid343
Lofted Legside/vid343_40.avi,Lofted Legside,6,vid343
Lofted Legside/vid344_14.avi,Lofted Legside,6,vid344
Lofted Legside/vid344_15.avi,Lofted Legside,6,vid344
Lofted Legside/vid344_21.avi,Lofted Legside,6,vid344
Lofted Legside/vid344_27.avi,Lofted Legside,6,vid344
Lofted Legside/vid344_7.avi,Lofted Legside,6,vid344
Lofted Legside/vid344_8.avi,Lofted Legside,6,vid344
Lofted Legside/vid346_10.avi,Lofted Legside,6,vid346
Lofted Legside/vid348_19.avi,Lofted Legside,6,vid348
Lofted Legside/vid348_21.avi,Lofted Legside,6,vid348
Lofted Legside/vid348_9.avi,Lofted Legside,6,vid348
Lofted Legside/vid34_11.avi,Lofted Legside,6,vid34
Lofted Legside/vid34_15.avi,Lofted Legside,6,vid34
Lofted Legside/vid34_23.avi,Lofted Legside,6,vid34
Lofted Legside/vid34_31.avi,Lofted Legside,6,vid34
Lofted Legside/vid34_34.avi,Lofted Legside,6,vid34
Lofted Legside/vid34_37.avi,Lofted Legside,6,vid34
Lofted Legside/vid34_38.avi,Lofted Legside,6,vid34
Lofted Legside/vid34_39.avi,Lofted Legside,6,vid34
Lofted Legside/vid34_43.avi,Lofted Legside,6,vid34
Lofted Legside/vid34_46.avi,Lofted Legside,6,vid34
Lofted Legside/vid34_48.avi,Lofted Legside,6,vid34
Lofted Legside/vid34_49.avi,Lofted Legside,6,vid34
Lofted Legside/vid350_22.avi,Lofted Legside,6,vid350
Lofted Legside/vid353_21.avi,Lofted Legside,6,vid353
Lofted Legside/vid353_25.avi,Lofted Legside,6,vid353
Lofted Legside/vid354_14.avi,Lofted Legside,6,vid354
Lofted Legside/vid354_17.avi,Lofted Legside,6,vid354
Lofted Legside/vid354_19.avi,Lofted Legside,6,vid354
Lofted Legside/vid356_15.avi,Lofted Legside,6,vid356
Lofted Legside/vid356_23.avi,Lofted Legside,6,vid356
Lofted Legside/vid356_27.avi,Lofted Legside,6,vid356
Lofted Legside/vid356_47.avi,Lofted Legside,6,vid356
Lofted Legside/vid356_5.avi,Lofted Legside,6,vid356
Lofted Legside/vid356_54.avi,Lofted Legside,6,vid356
Lofted Legside/vid358_2.avi,Lofted Legside,6,vid358
Lofted Legside/vid358_49.avi,Lofted Legside,6,vid358
Lofted Legside/vid358_5.avi,Lofted Legside,6,vid358
Lofted Legside/vid358_58.avi,Lofted Legside,6,vid358
Lofted Legside/vid358_59.avi,Lofted Legside,6,vid358
Lofted Legside/vid358_62.avi,Lofted Legside,6,vid358
Lofted Legside/vid359_30.avi,Lofted Legside,6,vid359
Lofted Legside/vid360_21.avi,Lofted Legside,6,vid360
Lofted Legside/vid360_42.avi,Lofted Legside,6,vid360
Lofted Legside/vid361_13.avi,Lofted Legside,6,vid361
Lofted Legside/vid361_20.avi,Lofted Legside,6,vid361
Lofted Legside/vid361_30.avi,Lofted Legside,6,vid361
Lofted Legside/vid361_43.avi,Lofted Legside,6,vid361
Lofted Legside/vid361_71.avi,Lofted Legside,6,vid361
Lofted Legside/vid361_9.avi,Lofted Legside,6,vid361
Lofted Legside/vid362_11.avi,Lofted Legside,6,vid362
Lofted Legside/vid362_18.avi,Lofted Legside,6,vid362
Lofted Legside/vid362_37.avi,Lofted Legside,6,vid362
Lofted Legside/vid365_80.avi,Lofted Legside,6,vid365
Lofted Legside/vid366_15.avi,Lofted Legside,6,vid366
Lofted Legside/vid366_16.avi,Lofted Legside,6,vid366
Lofted Legside/vid366_28.avi,Lofted Legside,6,vid366
Lofted Legside/vid366_50.avi,Lofted Legside,6,vid366
Lofted Legside/vid366_51.avi,Lofted Legside,6,vid366
Lofted Legside/vid366_56.avi,Lofted Legside,6,vid366
Lofted Legside/vid366_57.avi,Lofted Legside,6,vid366
Lofted Legside/vid366_58.avi,Lofted Legside,6,vid366
Lofted Legside/vid366_62.avi,Lofted Legside,6,vid366
Lofted Legside/vid366_9.avi,Lofted Legside,6,vid366
Lofted Legside/vid368_25.avi,Lofted Legside,6,vid368
Lofted Legside/vid368_54.avi,Lofted Legside,6,vid368
Lofted Legside/vid368_58.avi,Lofted Legside,6,vid368
Lofted Legside/vid369_13.avi,Lofted Legside,6,vid369
Lofted Legside/vid369_16.avi,Lofted Legside,6,vid369
Lofted Legside/vid369_18.avi,Lofted Legside,6,vid369
Lofted Legside/vid369_30.avi,Lofted Legside,6,vid369
Lofted Legside/vid369_38.avi,Lofted Legside,6,vid369
Lofted Legside/vid369_48.avi,Lofted Legside,6,vid369
Lofted Legside/vid369_53.avi,Lofted Legside,6,vid369
Lofted Legside/vid369_6.avi,Lofted Legside,6,vid369
Lofted Legside/vid36_17.avi,Lofted Legside,6,vid36
Lofted Legside/vid370_35.avi,Lofted Legside,6,vid370
Lofted Legside/vid370_4.avi,Lofted Legside,6,vid370
Lofted Legside/vid371_11.avi,Lofted Legside,6,vid371
Lofted Legside/vid371_12.avi,Lofted Legside,6,vid371
Lofted Legside/vid371_15.avi,Lofted Legside,6,vid371
Lofted Legside/vid371_20.avi,Lofted Legside,6,vid371
Lofted Legside/vid372_14.avi,Lofted Legside,6,vid372
Lofted Legside/vid372_16.avi,Lofted Legside,6,vid372
Lofted Legside/vid372_2.avi,Lofted Legside,6,vid372
Lofted Legside/vid372_32.avi,Lofted Legside,6,vid372
Lofted Legside/vid372_34.avi,Lofted Legside,6,vid372
Lofted Legside/vid373_11.avi,Lofted Legside,6,vid373
Lofted Legside/vid373_13.avi,Lofted Legside,6,vid373
Lofted Legside/vid373_15.avi,Lofted Legside,6,vid373
Lofted Legside/vid373_16.avi,Lofted Legside,6,vid373
Lofted Legside/vid374_45.avi,Lofted Legside,6,vid374
Lofted Legside/vid374_48.avi,Lofted Legside,6,vid374
Lofted Legside/vid378_11.avi,Lofted Legside,6,vid378
Lofted Legside/vid378_30.avi,Lofted Legside,6,vid378
Lofted Legside/vid378_6.avi,Lofted Legside,6,vid378
Lofted Legside/vid379_2.avi,Lofted Legside,6,vid379
Lofted Legside/vid380_2.avi,Lofted Legside,6,vid380
Lofted Legside/vid380_20.avi,Lofted Legside,6,vid380
Lofted Legside/vid380_28.avi,Lofted Legside,6,vid380
Lofted Legside/vid380_44.avi,Lofted Legside,6,vid380
Lofted Legside/vid380_45.avi,Lofted Legside,6,vid380
Lofted Legside/vid380_54.avi,Lofted Legside,6,vid380
Lofted Legside/vid380_57.avi,Lofted Legside,6,vid380
Lofted Legside/vid383_0.avi,Lofted Legside,6,vid383
Lofted Legside/vid383_15.avi,Lofted Legside,6,vid383
Lofted Legside/vid383_30.avi,Lofted Legside,6,vid383
Lofted Legside/vid383_37.avi,Lofted Legside,6,vid383
Lofted Legside/vid384_33.avi,Lofted Legside,6,vid384
Lofted Legside/vid384_38.avi,Lofted Legside,6,vid384
Lofted Legside/vid384_51.avi,Lofted Legside,6,vid384
Lofted Legside/vid384_76.avi,Lofted Legside,6,vid384
Lofted Legside/vid384_78.avi,Lofted Legside,6,vid384
Lofted Legside/vid385_23.avi,Lofted Legside,6,vid385
Lofted Legside/vid386_17.avi,Lofted Legside,6,vid386
Lofted Legside/vid386_19.avi,Lofted Legside,6,vid386
Lofted Legside/vid386_20.avi,Lofted Legside,6,vid386
Lofted Legside/vid386_38.avi,Lofted Legside,6,vid386
Lofted Legside/vid388_2.avi,Lofted Legside,6,vid388
Lofted Legside/vid388_21.avi,Lofted Legside,6,vid388
Lofted Legside/vid388_52.avi,Lofted Legside,6,vid388
Lofted Legside/vid388_55.avi,Lofted Legside,6,vid388
Lofted Legside/vid390_15.avi,Lofted Legside,6,vid390
Lofted Legside/vid390_29.avi,Lofted Legside,6,vid390
Lofted Legside/vid390_32.avi,Lofted Legside,6,vid390
Lofted Legside/vid390_41.avi,Lofted Legside,6,vid390
Lofted Legside/vid390_47.avi,Lofted Legside,6,vid390
Lofted Legside/vid390_52.avi,Lofted Legside,6,vid390
Lofted Legside/vid390_6.avi,Lofted Legside,6,vid390
Lofted Legside/vid391_23.avi,Lofted Legside,6,vid391
Lofted Legside/vid391_47.avi,Lofted Legside,6,vid391
Lofted Legside/vid391_48.avi,Lofted Legside,6,vid391
Lofted Legside/vid391_6.avi,Lofted Legside,6,vid391
Lofted Legside/vid391_7.avi,Lofted Legside,6,vid391
Lofted Legside/vid391_8.avi,Lofted Legside,6,vid391
Lofted Legside/vid393_20.avi,Lofted Legside,6,vid393
Lofted Legside/vid393_29.avi,Lofted Legside,6,vid393
Lofted Legside/vid393_39.avi,Lofted Legside,6,vid393
Lofted Legside/vid393_5.avi,Lofted Legside,6,vid393
Lofted Legside/vid393_52.avi,Lofted Legside,6,vid393
Lofted Legside/vid394_1.avi,Lofted Legside,6,vid394
Lofted Legside/vid394_25.avi,Lofted Legside,6,vid394
Lofted Legside/vid394_30.avi,Lofted Legside,6,vid394
Lofted Legside/vid394_6.avi,Lofted Legside,6,vid394
Lofted Legside/vid395_5.avi,Lofted Legside,6,vid395
Lofted Legside/vid3_18.avi,Lofted Legside,6,vid3
Lofted Legside/vid3_19.avi,Lofted Legside,6,vid3
Lofted Legside/vid403_26.avi,Lofted Legside,6,vid403
Lofted Legside/vid403_7.avi,Lofted Legside,6,vid403
Lofted Legside/vid405_22.avi,Lofted Legside,6,vid405
Lofted Legside/vid405_7.avi,Lofted Legside,6,vid405
Lofted Legside/vid40_41.avi,Lofted Legside,6,vid40
Lofted Legside/vid40_46.avi,Lofted Legside,6,vid40
Lofted Legside/vid40_48.avi,Lofted Legside,6,vid40
Lofted Legside/vid40_6.avi,Lofted Legside,6,vid40
Lofted Legside/vid40_70.avi,Lofted Legside,6,vid40
Lofted Legside/vid40_87.avi,Lofted Legside,6,vid40
Lofted Legside/vid410_10.avi,Lofted Legside,6,vid410
Lofted Legside/vid410_7.avi,Lofted Legside,6,vid410
Lofted Legside/vid415_11.avi,Lofted Legside,6,vid415
Lofted Legside/vid415_12.avi,Lofted Legside,6,vid415
Lofted Legside/vid415_14.avi,Lofted Legside,6,vid415
Lofted Legside/vid415_20.avi,Lofted Legside,6,vid415
Lofted Legside/vid415_5.avi,Lofted Legside,6,vid415
Lofted Legside/vid416_12.avi,Lofted Legside,6,vid416
Lofted Legside/vid416_23.avi,Lofted Legside,6,vid416
Lofted Legside/vid416_36.avi,Lofted Legside,6,vid416
Lofted Legside/vid416_5.avi,Lofted Legside,6,vid416
Lofted Legside/vid418_17.avi,Lofted Legside,6,vid418
Lofted Legside/vid418_3.avi,Lofted Legside,6,vid418
Lofted Legside/vid418_35.avi,Lofted Legside,6,vid418
Lofted Legside/vid418_6.avi,Lofted Legside,6,vid418
Lofted Legside/vid419_10.avi,Lofted Legside,6,vid419
Lofted Legside/vid419_17.avi,Lofted Legside,6,vid419
Lofted Legside/vid419_23.avi,Lofted Legside,6,vid419
Lofted Legside/vid419_9.avi,Lofted Legside,6,vid419
Lofted Legside/vid422_11.avi,Lofted Legside,6,vid422
Lofted Legside/vid422_16.avi,Lofted Legside,6,vid422
Lofted Legside/vid422_29.avi,Lofted Legside,6,vid422
Lofted Legside/vid422_40.avi,Lofted Legside,6,vid422
Lofted Legside/vid426_19.avi,Lofted Legside,6,vid426
Lofted Legside/vid426_26.avi,Lofted Legside,6,vid426
Lofted Legside/vid427_30.avi,Lofted Legside,6,vid427
Lofted Legside/vid427_9.avi,Lofted Legside,6,vid427
Lofted Legside/vid429_28.avi,Lofted Legside,6,vid429
Lofted Legside/vid429_48.avi,Lofted Legside,6,vid429
Lofted Legside/vid42_26.avi,Lofted Legside,6,vid42
Lofted Legside/vid42_27.avi,Lofted Legside,6,vid42
Lofted Legside/vid42_31.avi,Lofted Legside,6,vid42
Lofted Legside/vid430_35.avi,Lofted Legside,6,vid430
Lofted Legside/vid431_1.avi,Lofted Legside,6,vid431
Lofted Legside/vid431_25.avi,Lofted Legside,6,vid431
Lofted Legside/vid432_31.avi,Lofted Legside,6,vid432
Lofted Legside/vid433_5.avi,Lofted Legside,6,vid433
Lofted Legside/vid433_57.avi,Lofted Legside,6,vid433
Lofted Legside/vid436_22.avi,Lofted Legside,6,vid436
Lofted Legside/vid436_46.avi,Lofted Legside,6,vid436
Lofted Legside/vid437_44.avi,Lofted Legside,6,vid437
Lofted Legside/vid437_62.avi,Lofted Legside,6,vid437
Lofted Legside/vid437_67.avi,Lofted Legside,6,vid437
Lofted Legside/vid437_72.avi,Lofted Legside,6,vid437
Lofted Legside/vid437_8.avi,Lofted Legside,6,vid437
Lofted Legside/vid439_24.avi,Lofted Legside,6,vid439
Lofted Legside/vid439_36.avi,Lofted Legside,6,vid439
Lofted Legside/vid439_39.avi,Lofted Legside,6,vid439
Lofted Legside/vid439_4.avi,Lofted Legside,6,vid439
Lofted Legside/vid439_46.avi,Lofted Legside,6,vid439
Lofted Legside/vid439_59.avi,Lofted Legside,6,vid439
Lofted Legside/vid43_31.avi,Lofted Legside,6,vid43
Lofted Legside/vid43_51.avi,Lofted Legside,6,vid43
Lofted Legside/vid43_56.avi,Lofted Legside,6,vid43
Lofted Legside/vid43_57.avi,Lofted Legside,6,vid43
Lofted Legside/vid43_66.avi,Lofted Legside,6,vid43
Lofted Legside/vid43_67.avi,Lofted Legside,6,vid43
Lofted Legside/vid43_70.avi,Lofted Legside,6,vid43
Lofted Legside/vid43_71.avi,Lofted Legside,6,vid43
Lofted Legside/vid440_21.avi,Lofted Legside,6,vid440
Lofted Legside/vid440_29.avi,Lofted Legside,6,vid440
Lofted Legside/vid440_30.avi,Lofted Legside,6,vid440
Lofted Legside/vid440_36.avi,Lofted Legside,6,vid440
Lofted Legside/vid440_37.avi,Lofted Legside,6,vid440
Lofted Legside/vid440_61.avi,Lofted Legside,6,vid440
Lofted Legside/vid441_2.avi,Lofted Legside,6,vid441
Lofted Legside/vid441_20.avi,Lofted Legside,6,vid441
Lofted Legside/vid441_37.avi,Lofted Legside,6,vid441
Lofted Legside/vid441_52.avi,Lofted Legside,6,vid441
Lofted Legside/vid442_59.avi,Lofted Legside,6,vid442
Lofted Legside/vid442_6.avi,Lofted Legside,6,vid442
Lofted Legside/vid442_7.avi,Lofted Legside,6,vid442
Lofted Legside/vid444_53.avi,Lofted Legside,6,vid444
Lofted Legside/vid444_65.avi,Lofted Legside,6,vid444
Lofted Legside/vid445_19.avi,Lofted Legside,6,vid445
Lofted Legside/vid445_50.avi,Lofted Legside,6,vid445
Lofted Legside/vid445_69.avi,Lofted Legside,6,vid445
Lofted Legside/vid445_71.avi,Lofted Legside,6,vid445
Lofted Legside/vid445_74.avi,Lofted Legside,6,vid445
Lofted Legside/vid446_22.avi,Lofted Legside,6,vid446
Lofted Legside/vid447_19.avi,Lofted Legside,6,vid447
Lofted Legside/vid447_22.avi,Lofted Legside,6,vid447
Lofted Legside/vid447_40.avi,Lofted Legside,6,vid447
Lofted Legside/vid450_30.avi,Lofted Legside,6,vid450
Lofted Legside/vid451_30.avi,Lofted Legside,6,vid451
Lofted Legside/vid452_11.avi,Lofted Legside,6,vid452
Lofted Legside/vid452_12.avi,Lofted Legside,6,vid452
Lofted Legside/vid452_18.avi,Lofted Legside,6,vid452
Lofted Legside/vid452_19.avi,Lofted Legside,6,vid452
Lofted Legside/vid452_33.avi,Lofted Legside,6,vid452
Lofted Legside/vid452_44.avi,Lofted Legside,6,vid452
Lofted Legside/vid452_9.avi,Lofted Legside,6,vid452
Lofted Legside/vid453_16.avi,Lofted Legside,6,vid453
Lofted Legside/vid453_20.avi,Lofted Legside,6,vid453
Lofted Legside/vid453_51.avi,Lofted Legside,6,vid453
Lofted Legside/vid453_6.avi,Lofted Legside,6,vid453
Lofted Legside/vid454_18.avi,Lofted Legside,6,vid454
Lofted Legside/vid454_36.avi,Lofted Legside,6,vid454
Lofted Legside/vid454_43.avi,Lofted Legside,6,vid454
Lofted Legside/vid455_11.avi,Lofted Legside,6,vid455
Lofted Legside/vid455_48.avi,Lofted Legside,6,vid455
Lofted Legside/vid45_45.avi,Lofted Legside,6,vid45
Lofted Legside/vid45_50.avi,Lofted Legside,6,vid45
Lofted Legside/vid460_15.avi,Lofted Legside,6,vid460
Lofted Legside/vid460_16.avi,Lofted Legside,6,vid460
Lofted Legside/vid460_17.avi,Lofted Legside,6,vid460
Lofted Legside/vid460_30.avi,Lofted Legside,6,vid460
Lofted Legside/vid460_45.avi,Lofted Legside,6,vid460
Lofted Legside/vid461_22.avi,Lofted Legside,6,vid461
Lofted Legside/vid461_23.avi,Lofted Legside,6,vid461
Lofted Legside/vid461_37.avi,Lofted Legside,6,vid461
Lofted Legside/vid461_38.avi,Lofted Legside,6,vid461
Lofted Legside/vid461_49.avi,Lofted Legside,6,vid461
Lofted Legside/vid463_10.avi,Lofted Legside,6,vid463
Lofted Legside/vid463_29.avi,Lofted Legside,6,vid463
Lofted Legside/vid464_9.avi,Lofted Legside,6,vid464
Lofted Legside/vid467_2.avi,Lofted Legside,6,vid467
Lofted Legside/vid467_25.avi,Lofted Legside,6,vid467
Lofted Legside/vid467_36.avi,Lofted Legside,6,vid467
Lofted Legside/vid46_80.avi,Lofted Legside,6,vid46
Lofted Legside/vid472_39.avi,Lofted Legside,6,vid472
Lofted Legside/vid473_11.avi,Lofted Legside,6,vid473
Lofted Legside/vid473_15.avi,Lofted Legside,6,vid473
Lofted Legside/vid473_17.avi,Lofted Legside,6,vid473
Lofted Legside/vid473_37.avi,Lofted Legside,6,vid473
Lofted Legside/vid473_44.avi,Lofted Legside,6,vid473
Lofted Legside/vid473_50.avi,Lofted Legside,6,vid473
Lofted Legside/vid473_7.avi,Lofted Legside,6,vid473
Lofted Legside/vid474_14.avi,Lofted Legside,6,vid474
Lofted Legside/vid474_24.avi,Lofted Legside,6,vid474
Lofted Legside/vid474_26.avi,Lofted Legside,6,vid474
Lofted Legside/vid474_4.avi,Lofted Legside,6,vid474
Lofted Legside/vid476_17.avi,Lofted Legside,6,vid476
Lofted Legside/vid476_21.avi,Lofted Legside,6,vid476
Lofted Legside/vid476_23.avi,Lofted Legside,6,vid476
Lofted Legside/vid476_32.avi,Lofted Legside,6,vid476
Lofted Legside/vid476_9.avi,Lofted Legside,6,vid476
Lofted Legside/vid478_21.avi,Lofted Legside,6,vid478
Lofted Legside/vid480_51.avi,Lofted Legside,6,vid480
Lofted Legside/vid480_52.avi,Lofted Legside,6,vid480
Lofted Legside/vid482_3.avi,Lofted Legside,6,vid482
Lofted Legside/vid482_30.avi,Lofted Legside,6,vid482
Lofted Legside/vid482_45.avi,Lofted Legside,6,vid482
Lofted Legside/vid482_46.avi,Lofted Legside,6,vid482
Lofted Legside/vid482_48.avi,Lofted Legside,6,vid482
Lofted Legside/vid482_59.avi,Lofted Legside,6,vid482
Lofted Legside/vid482_65.avi,Lofted Legside,6,vid482
Lofted Legside/vid482_66.avi,Lofted Legside,6,vid482
Lofted Legside/vid482_9.avi,Lofted Legside,6,vid482
Lofted Legside/vid484_13.avi,Lofted Legside,6,vid484
Lofted Legside/vid484_23.avi,Lofted Legside,6,vid484
Lofted Legside/vid485_14.avi,Lofted Legside,6,vid485
Lofted Legside/vid485_29.avi,Lofted Legside,6,vid485
Lofted Legside/vid485_44.avi,Lofted Legside,6,vid485
Lofted Legside/vid485_49.avi,Lofted Legside,6,vid485
Lofted Legside/vid486_1.avi,Lofted Legside,6,vid486
Lofted Legside/vid486_23.avi,Lofted Legside,6,vid486
Lofted Legside/vid486_32.avi,Lofted Legside,6,vid486
Lofted Legside/vid486_5.avi,Lofted Legside,6,vid486
Lofted Legside/vid486_52.avi,Lofted Legside,6,vid486
Lofted Legside/vid486_65.avi,Lofted Legside,6,vid486
Lofted Legside/vid486_66.avi,Lofted Legside,6,vid486
Lofted Legside/vid486_7.avi,Lofted Legside,6,vid486
Lofted Legside/vid486_9.avi,Lofted Legside,6,vid486
Lofted Legside/vid487_15.avi,Lofted Legside,6,vid487
Lofted Legside/vid487_21.avi,Lofted Legside,6,vid487
Lofted Legside/vid487_4.avi,Lofted Legside,6,vid487
Lofted Legside/vid487_9.avi,Lofted Legside,6,vid487
Lofted Legside/vid488_10.avi,Lofted Legside,6,vid488
Lofted Legside/vid488_11.avi,Lofted Legside,6,vid488
Lofted Legside/vid488_14.avi,Lofted Legside,6,vid488
Lofted Legside/vid488_16.avi,Lofted Legside,6,vid488
Lofted Legside/vid488_18.avi,Lofted Legside,6,vid488
Lofted Legside/vid488_26.avi,Lofted Legside,6,vid488
Lofted Legside/vid488_48.avi,Lofted Legside,6,vid488
Lofted Legside/vid488_51.avi,Lofted Legside,6,vid488
Lofted Legside/vid488_8.avi,Lofted Legside,6,vid488
Lofted Legside/vid48_22.avi,Lofted Legside,6,vid48
Lofted Legside/vid48_30.avi,Lofted Legside,6,vid48
Lofted Legside/vid48_36.avi,Lofted Legside,6,vid48
Lofted Legside/vid48_6.avi,Lofted Legside,6,vid48
Lofted Legside/vid490_10.avi,Lofted Legside,6,vid490
Lofted Legside/vid490_32.avi,Lofted Legside,6,vid490
Lofted Legside/vid490_33.avi,Lofted Legside,6,vid490
Lofted Legside/vid490_34.avi,Lofted Legside,6,vid490
Lofted Legside/vid490_38.avi,Lofted Legside,6,vid490
Lofted Legside/vid490_8.avi,Lofted Legside,6,vid490
Lofted Legside/vid490_9.avi,Lofted Legside,6,vid490
Lofted Legside/vid493_14.avi,Lofted Legside,6,vid493
Lofted Legside/vid493_15.avi,Lofted Legside,6,vid493
Lofted Legside/vid493_17.avi,Lofted Legside,6,vid493
Lofted Legside/vid494_32.avi,Lofted Legside,6,vid494
Lofted Legside/vid494_36.avi,Lofted Legside,6,vid494
Lofted Legside/vid495_3.avi,Lofted Legside,6,vid495
Lofted Legside/vid495_40.avi,Lofted Legside,6,vid495
Lofted Legside/vid495_8.avi,Lofted Legside,6,vid495
Lofted Legside/vid497_0.avi,Lofted Legside,6,vid497
Lofted Legside/vid497_21.avi,Lofted Legside,6,vid497
Lofted Legside/vid498_12.avi,Lofted Legside,6,vid498
Lofted Legside/vid498_20.avi,Lofted Legside,6,vid498
Lofted Legside/vid4_37.avi,Lofted Legside,6,vid4
Lofted Legside/vid4_38.avi,Lofted Legside,6,vid4
Lofted Legside/vid4_40.avi,Lofted Legside,6,vid4
Lofted Legside/vid4_8.avi,Lofted Legside,6,vid4
Lofted Legside/vid501_29.avi,Lofted Legside,6,vid501
Lofted Legside/vid504_35.avi,Lofted Legside,6,vid504
Lofted Legside/vid504_36.avi,Lofted Legside,6,vid504
Lofted Legside/vid504_38.avi,Lofted Legside,6,vid504
Lofted Legside/vid504_56.avi,Lofted Legside,6,vid504
Lofted Legside/vid505_16.avi,Lofted Legside,6,vid505
Lofted Legside/vid505_37.avi,Lofted Legside,6,vid505
Lofted Legside/vid505_4.avi,Lofted Legside,6,vid505
Lofted Legside/vid505_7.avi,Lofted Legside,6,vid505
Lofted Legside/vid506_22.avi,Lofted Legside,6,vid506
Lofted Legside/vid506_23.avi,Lofted Legside,6,vid506
Lofted Legside/vid506_28.avi,Lofted Legside,6,vid506
Lofted Legside/vid506_50.avi,Lofted Legside,6,vid506
Lofted Legside/vid506_6.avi,Lofted Legside,6,vid506
Lofted Legside/vid507_23.avi,Lofted Legside,6,vid507
Lofted Legside/vid507_3.avi,Lofted Legside,6,vid507
Lofted Legside/vid508_13.avi,Lofted Legside,6,vid508
Lofted Legside/vid508_18.avi,Lofted Legside,6,vid508
Lofted Legside/vid508_56.avi,Lofted Legside,6,vid508
Lofted Legside/vid508_59.avi,Lofted Legside,6,vid508
Lofted Legside/vid509_3.avi,Lofted Legside,6,vid509
Lofted Legside/vid510_17.avi,Lofted Legside,6,vid510
Lofted Legside/vid510_21.avi,Lofted Legside,6,vid510
Lofted Legside/vid510_24.avi,Lofted Legside,6,vid510
Lofted Legside/vid511_17.avi,Lofted Legside,6,vid511
Lofted Legside/vid511_20.avi,Lofted Legside,6,vid511
Lofted Legside/vid511_22.avi,Lofted Legside,6,vid511
Lofted Legside/vid511_32.avi,Lofted Legside,6,vid511
Lofted Legside/vid512_34.avi,Lofted Legside,6,vid512
Lofted Legside/vid513_23.avi,Lofted Legside,6,vid513
Lofted Legside/vid513_40.avi,Lofted Legside,6,vid513
Lofted Legside/vid513_46.avi,Lofted Legside,6,vid513
Lofted Legside/vid514_56.avi,Lofted Legside,6,vid514
Lofted Legside/vid514_62.avi,Lofted Legside,6,vid514
Lofted Legside/vid516_13.avi,Lofted Legside,6,vid516
Lofted Legside/vid516_30.avi,Lofted Legside,6,vid516
Lofted Legside/vid516_61.avi,Lofted Legside,6,vid516
Lofted Legside/vid518_2.avi,Lofted Legside,6,vid518
Lofted Legside/vid518_24.avi,Lofted Legside,6,vid518
Lofted Legside/vid518_26.avi,Lofted Legside,6,vid518
Lofted Legside/vid518_3.avi,Lofted Legside,6,vid518
Lofted Legside/vid518_33.avi,Lofted Legside,6,vid518
Lofted Legside/vid518_39.avi,Lofted Legside,6,vid518
Lofted Legside/vid518_40.avi,Lofted Legside,6,vid518
Lofted Legside/vid518_52.avi,Lofted Legside,6,vid518
Lofted Legside/vid518_8.avi,Lofted Legside,6,vid518
Lofted Legside/vid519_0.avi,Lofted Legside,6,vid519
Lofted Legside/vid519_1.avi,Lofted Legside,6,vid519
Lofted Legside/vid519_58.avi,Lofted Legside,6,vid519
Lofted Legside/vid519_66.avi,Lofted Legside,6,vid519
Lofted Legside/vid51_2.avi,Lofted Legside,6,vid51
Lofted Legside/vid51_23.avi,Lofted Legside,6,vid51
Lofted Legside/vid51_3.avi,Lofted Legside,6,vid51
Lofted Legside/vid51_39.avi,Lofted Legside,6,vid51
Lofted Legside/vid520_42.avi,Lofted Legside,6,vid520
Lofted Legside/vid521_18.avi,Lofted Legside,6,vid521
Lofted Legside/vid521_82.avi,Lofted Legside,6,vid521
Lofted Legside/vid521_97.avi,Lofted Legside,6,vid521
Lofted Legside/vid523_30.avi,Lofted Legside,6,vid523
Lofted Legside/vid524_13.avi,Lofted Legside,6,vid524
Lofted Legside/vid524_15.avi,Lofted Legside,6,vid524
Lofted Legside/vid524_27.avi,Lofted Legside,6,vid524
Lofted Legside/vid524_39.avi,Lofted Legside,6,vid524
Lofted Legside/vid524_43.avi,Lofted Legside,6,vid524
Lofted Legside/vid525_17.avi,Lofted Legside,6,vid525
Lofted Legside/vid526_13.avi,Lofted Legside,6,vid526
Lofted Legside/vid526_26.avi,Lofted Legside,6,vid526
Lofted Legside/vid526_53.avi,Lofted Legside,6,vid526
Lofted Legside/vid526_63.avi,Lofted Legside,6,vid526
Lofted Legside/vid535_46.avi,Lofted Legside,6,vid535
Lofted Legside/vid536_14.avi,Lofted Legside,6,vid536
Lofted Legside/vid536_25.avi,Lofted Legside,6,vid536
Lofted Legside/vid536_28.avi,Lofted Legside,6,vid536
Lofted Legside/vid536_46.avi,Lofted Legside,6,vid536
Lofted Legside/vid536_63.avi,Lofted Legside,6,vid536
Lofted Legside/vid54_11.avi,Lofted Legside,6,vid54
Lofted Legside/vid54_32.avi,Lofted Legside,6,vid54
Lofted Legside/vid54_38.avi,Lofted Legside,6,vid54
Lofted Legside/vid54_63.avi,Lofted Legside,6,vid54
Lofted Legside/vid55_39.avi,Lofted Legside,6,vid55
Lofted Legside/vid55_58.avi,Lofted Legside,6,vid55
Lofted Legside/vid55_69.avi,Lofted Legside,6,vid55
Lofted Legside/vid56_30.avi,Lofted Legside,6,vid56
Lofted Legside/vid56_86.avi,Lofted Legside,6,vid56
Lofted Legside/vid56_97.avi,Lofted Legside,6,vid56
Lofted Legside/vid58_20.avi,Lofted Legside,6,vid58
Lofted Legside/vid58_25.avi,Lofted Legside,6,vid58
Lofted Legside/vid58_26.avi,Lofted Legside,6,vid58
Lofted Legside/vid60_53.avi,Lofted Legside,6,vid60
Lofted Legside/vid60_7.avi,Lofted Legside,6,vid60
Lofted Legside/vid61_17.avi,Lofted Legside,6,vid61
Lofted Legside/vid61_2.avi,Lofted Legside,6,vid61
Lofted Legside/vid61_8.avi,Lofted Legside,6,vid61
Lofted Legside/vid62_55.avi,Lofted Legside,6,vid62
Lofted Legside/vid65_26.avi,Lofted Legside,6,vid65
Lofted Legside/vid65_27.avi,Lofted Legside,6,vid65
Lofted Legside/vid65_39.avi,Lofted Legside,6,vid65
Lofted Legside/vid65_48.avi,Lofted Legside,6,vid65
Lofted Legside/vid71_16.avi,Lofted Legside,6,vid71
Lofted Legside/vid71_21.avi,Lofted Legside,6,vid71
Lofted Legside/vid71_4.avi,Lofted Legside,6,vid71
Lofted Legside/vid72_26.avi,Lofted Legside,6,vid72
Lofted Legside/vid72_27.avi,Lofted Legside,6,vid72
Lofted Legside/vid73_16.avi,Lofted Legside,6,vid73
Lofted Legside/vid73_23.avi,Lofted Legside,6,vid73
Lofted Legside/vid74_17.avi,Lofted Legside,6,vid74
Lofted Legside/vid74_33.avi,Lofted Legside,6,vid74
Lofted Legside/vid74_39.avi,Lofted Legside,6,vid74
Lofted Legside/vid74_43.avi,Lofted Legside,6,vid74
Lofted Legside/vid76_31.avi,Lofted Legside,6,vid76
Lofted Legside/vid77_37.avi,Lofted Legside,6,vid77
Lofted Legside/vid78_38.avi,Lofted Legside,6,vid78
Lofted Legside/vid80_20.avi,Lofted Legside,6,vid80
Lofted Legside/vid80_25.avi,Lofted Legside,6,vid80
Lofted Legside/vid80_27.avi,Lofted Legside,6,vid80
Lofted Legside/vid80_39.avi,Lofted Legside,6,vid80
Lofted Legside/vid82_26.avi,Lofted Legside,6,vid82
Lofted Legside/vid82_29.avi,Lofted Legside,6,vid82
Lofted Legside/vid82_35.avi,Lofted Legside,6,vid82
Lofted Legside/vid83_1.avi,Lofted Legside,6,vid83
Lofted Legside/vid83_17.avi,Lofted Legside,6,vid83
Lofted Legside/vid83_29.avi,Lofted Legside,6,vid83
Lofted Legside/vid83_30.avi,Lofted Legside,6,vid83
Lofted Legside/vid83_39.avi,Lofted Legside,6,vid83
Lofted Legside/vid83_40.avi,Lofted Legside,6,vid83
Lofted Legside/vid83_44.avi,Lofted Legside,6,vid83
Lofted Legside/vid83_7.avi,Lofted Legside,6,vid83
Lofted Legside/vid87_30.avi,Lofted Legside,6,vid87
Lofted Legside/vid87_31.avi,Lofted Legside,6,vid87
Lofted Legside/vid87_35.avi,Lofted Legside,6,vid87
Lofted Legside/vid87_48.avi,Lofted Legside,6,vid87
Lofted Legside/vid93_32.avi,Lofted Legside,6,vid93
Lofted Legside/vid93_64.avi,Lofted Legside,6,vid93
Lofted Legside/vid96_23.avi,Lofted Legside,6,vid96
Lofted Legside/vid97_14.avi,Lofted Legside,6,vid97
Lofted Legside/vid97_19.avi,Lofted Legside,6,vid97
Lofted Legside/vid97_22.avi,Lofted Legside,6,vid97
Lofted Legside/vid97_23.avi,Lofted Legside,6,vid97
Lofted Legside/vid97_24.avi,Lofted Legside,6,vid97
Lofted Legside/vid97_25.avi,Lofted Legside,6,vid97
Lofted Legside/vid98_55.avi,Lofted Legside,6,vid98
Lofted Legside/vid9_12.avi,Lofted Legside,6,vid9
Lofted Legside/vid9_18.avi,Lofted Legside,6,vid9
Lofted Offside/vid100_30.avi,Lofted Offside,7,vid100
Lofted Offside/vid100_32.avi,Lofted Offside,7,vid100
Lofted Offside/vid100_62.avi,Lofted Offside,7,vid100
Lofted Offside/vid100_71.avi,Lofted Offside,7,vid100
Lofted Offside/vid101_28.avi,Lofted Offside,7,vid101
Lofted Offside/vid101_3.avi,Lofted Offside,7,vid101
Lofted Offside/vid101_35.avi,Lofted Offside,7,vid101
Lofted Offside/vid105_12.avi,Lofted Offside,7,vid105
Lofted Offside/vid105_14.avi,Lofted Offside,7,vid105
Lofted Offside/vid106_11.avi,Lofted Offside,7,vid106
Lofted Offside/vid106_15.avi,Lofted Offside,7,vid106
Lofted Offside/vid107_30.avi,Lofted Offside,7,vid107
Lofted Offside/vid107_6.avi,Lofted Offside,7,vid107
Lofted Offside/vid108_15.avi,Lofted Offside,7,vid108
Lofted Offside/vid108_35.avi,Lofted Offside,7,vid108
Lofted Offside/vid10_14.avi,Lofted Offside,7,vid10
Lofted Offside/vid10_43.avi,Lofted Offside,7,vid10
Lofted Offside/vid110_35.avi,Lofted Offside,7,vid110
Lofted Offside/vid114_10.avi,Lofted Offside,7,vid114
Lofted Offside/vid114_24.avi,Lofted Offside,7,vid114
Lofted Offside/vid114_34.avi,Lofted Offside,7,vid114
Lofted Offside/vid118_13.avi,Lofted Offside,7,vid118
Lofted Offside/vid118_18.avi,Lofted Offside,7,vid118
Lofted Offside/vid119_38.avi,Lofted Offside,7,vid119
Lofted Offside/vid120_4.avi,Lofted Offside,7,vid120
Lofted Offside/vid124_25.avi,Lofted Offside,7,vid124
Lofted Offside/vid124_4.avi,Lofted Offside,7,vid124
Lofted Offside/vid126_10.avi,Lofted Offside,7,vid126
Lofted Offside/vid128_14.avi,Lofted Offside,7,vid128
Lofted Offside/vid128_23.avi,Lofted Offside,7,vid128
Lofted Offside/vid133_0.avi,Lofted Offside,7,vid133
Lofted Offside/vid135_18.avi,Lofted Offside,7,vid135
Lofted Offside/vid136_21.avi,Lofted Offside,7,vid136
Lofted Offside/vid138_10.avi,Lofted Offside,7,vid138
Lofted Offside/vid138_23.avi,Lofted Offside,7,vid138
Lofted Offside/vid138_26.avi,Lofted Offside,7,vid138
Lofted Offside/vid138_29.avi,Lofted Offside,7,vid138
Lofted Offside/vid138_3.avi,Lofted Offside,7,vid138
Lofted Offside/vid138_30.avi,Lofted Offside,7,vid138
Lofted Offside/vid13_26.avi,Lofted Offside,7,vid13
Lofted Offside/vid140_13.avi,Lofted Offside,7,vid140
Lofted Offside/vid140_22.avi,Lofted Offside,7,vid140
Lofted Offside/vid140_33.avi,Lofted Offside,7,vid140
Lofted Offside/vid141_11.avi,Lofted Offside,7,vid141
Lofted Offside/vid141_17.avi,Lofted Offside,7,vid141
Lofted Offside/vid141_35.avi,Lofted Offside,7,vid141
Lofted Offside/vid141_6.avi,Lofted Offside,7,vid141
Lofted Offside/vid151_24.avi,Lofted Offside,7,vid151
Lofted Offside/vid151_38.avi,Lofted Offside,7,vid151
Lofted Offside/vid153_17.avi,Lofted Offside,7,vid153
Lofted Offside/vid154_32.avi,Lofted Offside,7,vid154
Lofted Offside/vid156_17.avi,Lofted Offside,7,vid156
Lofted Offside/vid158_15.avi,Lofted Offside,7,vid158
Lofted Offside/vid159_12.avi,Lofted Offside,7,vid159
Lofted Offside/vid159_13.avi,Lofted Offside,7,vid159
Lofted Offside/vid162_26.avi,Lofted Offside,7,vid162
Lofted Offside/vid163_14.avi,Lofted Offside,7,vid163
Lofted Offside/vid165_27.avi,Lofted Offside,7,vid165
Lofted Offside/vid167_13.avi,Lofted Offside,7,vid167
Lofted Offside/vid171_22.avi,Lofted Offside,7,vid171
Lofted Offside/vid171_9.avi,Lofted Offside,7,vid171
Lofted Offside/vid176_18.avi,Lofted Offside,7,vid176
Lofted Offside/vid177_16.avi,Lofted Offside,7,vid177
Lofted Offside/vid177_23.avi,Lofted Offside,7,vid177
Lofted Offside/vid177_28.avi,Lofted Offside,7,vid177
Lofted Offside/vid178_19.avi,Lofted Offside,7,vid178
Lofted Offside/vid17_11.avi,Lofted Offside,7,vid17
Lofted Offside/vid17_21.avi,Lofted Offside,7,vid17
Lofted Offside/vid17_4.avi,Lofted Offside,7,vid17
Lofted Offside/vid17_5.avi,Lofted Offside,7,vid17
Lofted Offside/vid184_1.avi,Lofted Offside,7,vid184
Lofted Offside/vid186_12.avi,Lofted Offside,7,vid186
Lofted Offside/vid187_5.avi,Lofted Offside,7,vid187
Lofted Offside/vid188_16.avi,Lofted Offside,7,vid188
Lofted Offside/vid192_8.avi,Lofted Offside,7,vid192
Lofted Offside/vid194_14.avi,Lofted Offside,7,vid194
Lofted Offside/vid195_15.avi,Lofted Offside,7,vid195
Lofted Offside/vid195_2.avi,Lofted Offside,7,vid195
Lofted Offside/vid199_0.avi,Lofted Offside,7,vid199
Lofted Offside/vid199_10.avi,Lofted Offside,7,vid199
Lofted Offside/vid199_2.avi,Lofted Offside,7,vid199
Lofted Offside/vid1_1.avi,Lofted Offside,7,vid1
Lofted Offside/vid1_37.avi,Lofted Offside,7,vid1
Lofted Offside/vid206_23.avi,Lofted Offside,7,vid206
Lofted Offside/vid206_28.avi,Lofted Offside,7,vid206
Lofted Offside/vid206_31.avi,Lofted Offside,7,vid206
Lofted Offside/vid206_65.avi,Lofted Offside,7,vid206
Lofted Offside/vid208_36.avi,Lofted Offside,7,vid208
Lofted Offside/vid210_46.avi,Lofted Offside,7,vid210
Lofted Offside/vid211_11.avi,Lofted Offside,7,vid211
Lofted Offside/vid211_14.avi,Lofted Offside,7,vid211
Lofted Offside/vid211_29.avi,Lofted Offside,7,vid211
Lofted Offside/vid211_30.avi,Lofted Offside,7,vid211
Lofted Offside/vid214_28.avi,Lofted Offside,7,vid214
Lofted Offside/vid214_35.avi,Lofted Offside,7,vid214
Lofted Offside/vid215_18.avi,Lofted Offside,7,vid215
Lofted Offside/vid215_5.avi,Lofted Offside,7,vid215
Lofted Offside/vid217_25.avi,Lofted Offside,7,vid217
Lofted Offside/vid217_49.avi,Lofted Offside,7,vid217
Lofted Offside/vid217_51.avi,Lofted Offside,7,vid217
Lofted Offside/vid217_56.avi,Lofted Offside,7,vid217
Lofted Offside/vid217_57.avi,Lofted Offside,7,vid217
Lofted Offside/vid229_28.avi,Lofted Offside,7,vid229
Lofted Offside/vid249_31.avi,Lofted Offside,7,vid249
Lofted Offside/vid24_18.avi,Lofted Offside,7,vid24
Lofted Offside/vid24_19.avi,Lofted Offside,7,vid24
Lofted Offside/vid255_10.avi,Lofted Offside,7,vid255
Lofted Offside/vid259_19.avi,Lofted Offside,7,vid259
Lofted Offside/vid259_28.avi,Lofted Offside,7,vid259
Lofted Offside/vid259_39.avi,Lofted Offside,7,vid259
Lofted Offside/vid262_42.avi,Lofted Offside,7,vid262
Lofted Offside/vid262_47.avi,Lofted Offside,7,vid262
Lofted Offside/vid262_52.avi,Lofted Offside,7,vid262
Lofted Offside/vid262_53.avi,Lofted Offside,7,vid262
Lofted Offside/vid265_11.avi,Lofted Offside,7,vid265
Lofted Offside/vid271_1.avi,Lofted Offside,7,vid271
Lofted Offside/vid271_2.avi,Lofted Offside,7,vid271
Lofted Offside/vid272_11.avi,Lofted Offside,7,vid272
Lofted Offside/vid272_3.avi,Lofted Offside,7,vid272
Lofted Offside/vid272_7.avi,Lofted Offside,7,vid272
Lofted Offside/vid276_0.avi,Lofted Offside,7,vid276
Lofted Offside/vid27_5.avi,Lofted Offside,7,vid27
Lofted Offside/vid287_4.avi,Lofted Offside,7,vid287
Lofted Offside/vid28_15.avi,Lofted Offside,7,vid28
Lofted Offside/vid28_50.avi,Lofted Offside,7,vid28
Lofted Offside/vid290_19.avi,Lofted Offside,7,vid290
Lofted Offside/vid290_5.avi,Lofted Offside,7,vid290
Lofted Offside/vid294_14.avi,Lofted Offside,7,vid294
Lofted Offside/vid2_10.avi,Lofted Offside,7,vid2
Lofted Offside/vid2_11.avi,Lofted Offside,7,vid2
Lofted Offside/vid2_37.avi,Lofted Offside,7,vid2
Lofted Offside/vid2_41.avi,Lofted Offside,7,vid2
Lofted Offside/vid2_6.avi,Lofted Offside,7,vid2
Lofted Offside/vid305_20.avi,Lofted Offside,7,vid305
Lofted Offside/vid313_10.avi,Lofted Offside,7,vid313
Lofted Offside/vid313_13.avi,Lofted Offside,7,vid313
Lofted Offside/vid321_19.avi,Lofted Offside,7,vid321
Lofted Offside/vid322_16.avi,Lofted Offside,7,vid322
Lofted Offside/vid327_17.avi,Lofted Offside,7,vid327
Lofted Offside/vid327_23.avi,Lofted Offside,7,vid327
Lofted Offside/vid327_33.avi,Lofted Offside,7,vid327
Lofted Offside/vid327_36.avi,Lofted Offside,7,vid327
Lofted Offside/vid327_43.avi,Lofted Offside,7,vid327
Lofted Offside/vid330_11.avi,Lofted Offside,7,vid330
Lofted Offside/vid330_12.avi,Lofted Offside,7,vid330
Lofted Offside/vid330_26.avi,Lofted Offside,7,vid330
Lofted Offside/vid330_5.avi,Lofted Offside,7,vid330
Lofted Offside/vid330_7.avi,Lofted Offside,7,vid330
Lofted Offside/vid331_24.avi,Lofted Offside,7,vid331
Lofted Offside/vid331_9.avi,Lofted Offside,7,vid331
Lofted Offside/vid332_5.avi,Lofted Offside,7,vid332
Lofted Offside/vid335_11.avi,Lofted Offside,7,vid335
Lofted Offside/vid335_12.avi,Lofted Offside,7,vid335
Lofted Offside/vid335_14.avi,Lofted Offside,7,vid335
Lofted Offside/vid335_22.avi,Lofted Offside,7,vid335
Lofted Offside/vid335_4.avi,Lofted Offside,7,vid335
Lofted Offside/vid335_6.avi,Lofted Offside,7,vid335
Lofted Offside/vid339_2.avi,Lofted Offside,7,vid339
Lofted Offside/vid340_13.avi,Lofted Offside,7,vid340
Lofted Offside/vid341_14.avi,Lofted Offside,7,vid341
Lofted Offside/vid341_18.avi,Lofted Offside,7,vid341
Lofted Offside/vid342_46.avi,Lofted Offside,7,vid342
Lofted Offside/vid342_48.avi,Lofted Offside,7,vid342
Lofted Offside/vid344_50.avi,Lofted Offside,7,vid344
Lofted Offside/vid344_60.avi,Lofted Offside,7,vid344
Lofted Offside/vid345_11.avi,Lofted Offside,7,vid345
Lofted Offside/vid345_9.avi,Lofted Offside,7,vid345
Lofted Offside/vid346_3.avi,Lofted Offside,7,vid346
Lofted Offside/vid348_3.avi,Lofted Offside,7,vid348
Lofted Offside/vid349_7.avi,Lofted Offside,7,vid349
Lofted Offside/vid34_13.avi,Lofted Offside,7,vid34
Lofted Offside/vid34_14.avi,Lofted Offside,7,vid34
Lofted Offside/vid34_22.avi,Lofted Offside,7,vid34
Lofted Offside/vid34_26.avi,Lofted Offside,7,vid34
Lofted Offside/vid34_29.avi,Lofted Offside,7,vid34
Lofted Offside/vid34_42.avi,Lofted Offside,7,vid34
Lofted Offside/vid350_21.avi,Lofted Offside,7,vid350
Lofted Offside/vid351_6.avi,Lofted Offside,7,vid351
Lofted Offside/vid352_4.avi,Lofted Offside,7,vid352
Lofted Offside/vid352_7.avi,Lofted Offside,7,vid352
Lofted Offside/vid353_23.avi,Lofted Offside,7,vid353
Lofted Offside/vid353_26.avi,Lofted Offside,7,vid353
Lofted Offside/vid353_27.avi,Lofted Offside,7,vid353
Lofted Offside/vid353_44.avi,Lofted Offside,7,vid353
Lofted Offside/vid356_20.avi,Lofted Offside,7,vid356
Lofted Offside/vid356_24.avi,Lofted Offside,7,vid356
Lofted Offside/vid356_26.avi,Lofted Offside,7,vid356
Lofted Offside/vid356_41.avi,Lofted Offside,7,vid356
Lofted Offside/vid356_46.avi,Lofted Offside,7,vid356
Lofted Offside/vid357_11.avi,Lofted Offside,7,vid357
Lofted Offside/vid357_14.avi,Lofted Offside,7,vid357
Lofted Offside/vid357_20.avi,Lofted Offside,7,vid357
Lofted Offside/vid357_34.avi,Lofted Offside,7,vid357
Lofted Offside/vid357_37.avi,Lofted Offside,7,vid357
Lofted Offside/vid357_59.avi,Lofted Offside,7,vid357
Lofted Offside/vid357_83.avi,Lofted Offside,7,vid357
Lofted Offside/vid358_13.avi,Lofted Offside,7,vid358
Lofted Offside/vid358_34.avi,Lofted Offside,7,vid358
Lofted Offside/vid358_56.avi,Lofted Offside,7,vid358
Lofted Offside/vid358_66.avi,Lofted Offside,7,vid358
Lofted Offside/vid359_14.avi,Lofted Offside,7,vid359
Lofted Offside/vid359_36.avi,Lofted Offside,7,vid359
Lofted Offside/vid359_37.avi,Lofted Offside,7,vid359
Lofted Offside/vid359_38.avi,Lofted Offside,7,vid359
Lofted Offside/vid360_1.avi,Lofted Offside,7,vid360
Lofted Offside/vid360_18.avi,Lofted Offside,7,vid360
Lofted Offside/vid360_20.avi,Lofted Offside,7,vid360
Lofted Offside/vid360_58.avi,Lofted Offside,7,vid360
Lofted Offside/vid360_69.avi,Lofted Offside,7,vid360
Lofted Offside/vid360_70.avi,Lofted Offside,7,vid360
Lofted Offside/vid364_32.avi,Lofted Offside,7,vid364
Lofted Offside/vid364_47.avi,Lofted Offside,7,vid364
Lofted Offside/vid364_48.avi,Lofted Offside,7,vid364
Lofted Offside/vid369_12.avi,Lofted Offside,7,vid369
Lofted Offside/vid369_35.avi,Lofted Offside,7,vid369
Lofted Offside/vid369_46.avi,Lofted Offside,7,vid369
Lofted Offside/vid369_52.avi,Lofted Offside,7,vid369
Lofted Offside/vid369_59.avi,Lofted Offside,7,vid369
Lofted Offside/vid369_65.avi,Lofted Offside,7,vid369
Lofted Offside/vid369_67.avi,Lofted Offside,7,vid369
Lofted Offside/vid369_8.avi,Lofted Offside,7,vid369
Lofted Offside/vid370_11.avi,Lofted Offside,7,vid370
Lofted Offside/vid370_15.avi,Lofted Offside,7,vid370
Lofted Offside/vid370_5.avi,Lofted Offside,7,vid370
Lofted Offside/vid370_50.avi,Lofted Offside,7,vid370
Lofted Offside/vid370_55.avi,Lofted Offside,7,vid370
Lofted Offside/vid370_56.avi,Lofted Offside,7,vid370
Lofted Offside/vid370_6.avi,Lofted Offside,7,vid370
Lofted Offside/vid372_11.avi,Lofted Offside,7,vid372
Lofted Offside/vid372_31.avi,Lofted Offside,7,vid372
Lofted Offside/vid372_7.avi,Lofted Offside,7,vid372
Lofted Offside/vid373_42.avi,Lofted Offside,7,vid373
Lofted Offside/vid374_0.avi,Lofted Offside,7,vid374
Lofted Offside/vid374_28.avi,Lofted Offside,7,vid374
Lofted Offside/vid374_34.avi,Lofted Offside,7,vid374
Lofted Offside/vid374_39.avi,Lofted Offside,7,vid374
Lofted Offside/vid374_41.avi,Lofted Offside,7,vid374
Lofted Offside/vid374_50.avi,Lofted Offside,7,vid374
Lofted Offside/vid375_42.avi,Lofted Offside,7,vid375
Lofted Offside/vid375_50.avi,Lofted Offside,7,vid375
Lofted Offside/vid375_9.avi,Lofted Offside,7,vid375
Lofted Offside/vid376_15.avi,Lofted Offside,7,vid376
Lofted Offside/vid376_25.avi,Lofted Offside,7,vid376
Lofted Offside/vid376_3.avi,Lofted Offside,7,vid376
Lofted Offside/vid376_32.avi,Lofted Offside,7,vid376
Lofted Offside/vid376_34.avi,Lofted Offside,7,vid376
Lofted Offside/vid377_15.avi,Lofted Offside,7,vid377
Lofted Offside/vid377_33.avi,Lofted Offside,7,vid377
Lofted Offside/vid377_35.avi,Lofted Offside,7,vid377
Lofted Offside/vid377_7.avi,Lofted Offside,7,vid377
Lofted Offside/vid379_1.avi,Lofted Offside,7,vid379
Lofted Offside/vid379_18.avi,Lofted Offside,7,vid379
Lofted Offside/vid379_24.avi,Lofted Offside,7,vid379
Lofted Offside/vid379_25.avi,Lofted Offside,7,vid379
Lofted Offside/vid379_32.avi,Lofted Offside,7,vid379
Lofted Offside/vid379_33.avi,Lofted Offside,7,vid379
Lofted Offside/vid384_11.avi,Lofted Offside,7,vid384
Lofted Offside/vid384_44.avi,Lofted Offside,7,vid384
Lofted Offside/vid384_62.avi,Lofted Offside,7,vid384
Lofted Offside/vid384_71.avi,Lofted Offside,7,vid384
Lofted Offside/vid384_77.avi,Lofted Offside,7,vid384
Lofted Offside/vid384_83.avi,Lofted Offside,7,vid384
Lofted Offside/vid384_87.avi,Lofted Offside,7,vid384
Lofted Offside/vid385_2.avi,Lofted Offside,7,vid385
Lofted Offside/vid385_22.avi,Lofted Offside,7,vid385
Lofted Offside/vid385_36.avi,Lofted Offside,7,vid385
Lofted Offside/vid385_46.avi,Lofted Offside,7,vid385
Lofted Offside/vid385_47.avi,Lofted Offside,7,vid385
Lofted Offside/vid385_48.avi,Lofted Offside,7,vid385
Lofted Offside/vid385_49.avi,Lofted Offside,7,vid385
Lofted Offside/vid386_1.avi,Lofted Offside,7,vid386
Lofted Offside/vid386_30.avi,Lofted Offside,7,vid386
Lofted Offside/vid387_20.avi,Lofted Offside,7,vid387
Lofted Offside/vid387_21.avi,Lofted Offside,7,vid387
Lofted Offside/vid387_44.avi,Lofted Offside,7,vid387
Lofted Offside/vid387_8.avi,Lofted Offside,7,vid387
Lofted Offside/vid388_15.avi,Lofted Offside,7,vid388
Lofted Offside/vid388_16.avi,Lofted Offside,7,vid388
Lofted Offside/vid388_27.avi,Lofted Offside,7,vid388
Lofted Offside/vid388_3.avi,Lofted Offside,7,vid388
Lofted Offside/vid388_53.avi,Lofted Offside,7,vid388
Lofted Offside/vid388_56.avi,Lofted Offside,7,vid388
Lofted Offside/vid388_9.avi,Lofted Offside,7,vid388
Lofted Offside/vid390_34.avi,Lofted Offside,7,vid390
Lofted Offside/vid390_35.avi,Lofted Offside,7,vid390
Lofted Offside/vid390_37.avi,Lofted Offside,7,vid390
Lofted Offside/vid390_9.avi,Lofted Offside,7,vid390
Lofted Offside/vid391_24.avi,Lofted Offside,7,vid391
Lofted Offside/vid391_25.avi,Lofted Offside,7,vid391
Lofted Offside/vid391_3.avi,Lofted Offside,7,vid391
Lofted Offside/vid391_37.avi,Lofted Offside,7,vid391
Lofted Offside/vid391_46.avi,Lofted Offside,7,vid391
Lofted Offside/vid391_52.avi,Lofted Offside,7,vid391
Lofted Offside/vid391_54.avi,Lofted Offside,7,vid391
Lofted Offside/vid394_16.avi,Lofted Offside,7,vid394
Lofted Offside/vid397_10.avi,Lofted Offside,7,vid397
Lofted Offside/vid397_12.avi,Lofted Offside,7,vid397
Lofted Offside/vid397_13.avi,Lofted Offside,7,vid397
Lofted Offside/vid397_22.avi,Lofted Offside,7,vid397
Lofted Offside/vid397_26.avi,Lofted Offside,7,vid397
Lofted Offside/vid397_30.avi,Lofted Offside,7,vid397
Lofted Offside/vid397_31.avi,Lofted Offside,7,vid397
Lofted Offside/vid397_4.avi,Lofted Offside,7,vid397
Lofted Offside/vid398_10.avi,Lofted Offside,7,vid398
Lofted Offside/vid398_14.avi,Lofted Offside,7,vid398
Lofted Offside/vid398_15.avi,Lofted Offside,7,vid398
Lofted Offside/vid398_17.avi,Lofted Offside,7,vid398
Lofted Offside/vid398_20.avi,Lofted Offside,7,vid398
Lofted Offside/vid398_23.avi,Lofted Offside,7,vid398
Lofted Offside/vid398_26.avi,Lofted Offside,7,vid398
Lofted Offside/vid398_29.avi,Lofted Offside,7,vid398
Lofted Offside/vid401_16.avi,Lofted Offside,7,vid401
Lofted Offside/vid401_24.avi,Lofted Offside,7,vid401
Lofted Offside/vid402_9.avi,Lofted Offside,7,vid402
Lofted Offside/vid403_14.avi,Lofted Offside,7,vid403
Lofted Offside/vid406_17.avi,Lofted Offside,7,vid406
Lofted Offside/vid406_27.avi,Lofted Offside,7,vid406
Lofted Offside/vid406_42.avi,Lofted Offside,7,vid406
Lofted Offside/vid406_49.avi,Lofted Offside,7,vid406
Lofted Offside/vid409_3.avi,Lofted Offside,7,vid409
Lofted Offside/vid410_21.avi,Lofted Offside,7,vid410
Lofted Offside/vid411_16.avi,Lofted Offside,7,vid411
Lofted Offside/vid412_2.avi,Lofted Offside,7,vid412
Lofted Offside/vid412_8.avi,Lofted Offside,7,vid412
Lofted Offside/vid414_26.avi,Lofted Offside,7,vid414
Lofted Offside/vid414_27.avi,Lofted Offside,7,vid414
Lofted Offside/vid415_35.avi,Lofted Offside,7,vid415
Lofted Offside/vid415_36.avi,Lofted Offside,7,vid415
Lofted Offside/vid416_10.avi,Lofted Offside,7,vid416
Lofted Offside/vid416_11.avi,Lofted Offside,7,vid416
Lofted Offside/vid416_14.avi,Lofted Offside,7,vid416
Lofted Offside/vid416_20.avi,Lofted Offside,7,vid416
Lofted Offside/vid416_3.avi,Lofted Offside,7,vid416
Lofted Offside/vid416_8.avi,Lofted Offside,7,vid416
Lofted Offside/vid422_18.avi,Lofted Offside,7,vid422
Lofted Offside/vid424_18.avi,Lofted Offside,7,vid424
Lofted Offside/vid424_5.avi,Lofted Offside,7,vid424
Lofted Offside/vid425_4.avi,Lofted Offside,7,vid425
Lofted Offside/vid426_21.avi,Lofted Offside,7,vid426
Lofted Offside/vid426_25.avi,Lofted Offside,7,vid426
Lofted Offside/vid426_47.avi,Lofted Offside,7,vid426
Lofted Offside/vid428_12.avi,Lofted Offside,7,vid428
Lofted Offside/vid428_41.avi,Lofted Offside,7,vid428
Lofted Offside/vid429_7.avi,Lofted Offside,7,vid429
Lofted Offside/vid431_3.avi,Lofted Offside,7,vid431
Lofted Offside/vid431_38.avi,Lofted Offside,7,vid431
Lofted Offside/vid433_17.avi,Lofted Offside,7,vid433
Lofted Offside/vid433_28.avi,Lofted Offside,7,vid433
Lofted Offside/vid433_31.avi,Lofted Offside,7,vid433
Lofted Offside/vid433_37.avi,Lofted Offside,7,vid433
Lofted Offside/vid433_38.avi,Lofted Offside,7,vid433
Lofted Offside/vid433_9.avi,Lofted Offside,7,vid433
Lofted Offside/vid434_10.avi,Lofted Offside,7,vid434
Lofted Offside/vid434_27.avi,Lofted Offside,7,vid434
Lofted Offside/vid434_29.avi,Lofted Offside,7,vid434
Lofted Offside/vid434_6.avi,Lofted Offside,7,vid434
Lofted Offside/vid435_20.avi,Lofted Offside,7,vid435
Lofted Offside/vid435_39.avi,Lofted Offside,7,vid435
Lofted Offside/vid435_7.avi,Lofted Offside,7,vid435
Lofted Offside/vid437_39.avi,Lofted Offside,7,vid437
Lofted Offside/vid437_40.avi,Lofted Offside,7,vid437
Lofted Offside/vid437_41.avi,Lofted Offside,7,vid437
Lofted Offside/vid439_17.avi,Lofted Offside,7,vid439
Lofted Offside/vid439_34.avi,Lofted Offside,7,vid439
Lofted Offside/vid439_35.avi,Lofted Offside,7,vid439
Lofted Offside/vid439_5.avi,Lofted Offside,7,vid439
Lofted Offside/vid439_6.avi,Lofted Offside,7,vid439
Lofted Offside/vid43_16.avi,Lofted Offside,7,vid43
Lofted Offside/vid43_34.avi,Lofted Offside,7,vid43
Lofted Offside/vid43_36.avi,Lofted Offside,7,vid43
Lofted Offside/vid43_54.avi,Lofted Offside,7,vid43
Lofted Offside/vid43_58.avi,Lofted Offside,7,vid43
Lofted Offside/vid43_8.avi,Lofted Offside,7,vid43
Lofted Offside/vid440_51.avi,Lofted Offside,7,vid440
Lofted Offside/vid440_53.avi,Lofted Offside,7,vid440
Lofted Offside/vid440_58.avi,Lofted Offside,7,vid440
Lofted Offside/vid440_59.avi,Lofted Offside,7,vid440
Lofted Offside/vid440_7.avi,Lofted Offside,7,vid440
Lofted Offside/vid441_27.avi,Lofted Offside,7,vid441
Lofted Offside/vid443_15.avi,Lofted Offside,7,vid443
Lofted Offside/vid443_18.avi,Lofted Offside,7,vid443
Lofted Offside/vid443_26.avi,Lofted Offside,7,vid443
Lofted Offside/vid443_29.avi,Lofted Offside,7,vid443
Lofted Offside/vid443_33.avi,Lofted Offside,7,vid443
Lofted Offside/vid443_54.avi,Lofted Offside,7,vid443
Lofted Offside/vid443_55.avi,Lofted Offside,7,vid443
Lofted Offside/vid444_21.avi,Lofted Offside,7,vid444
Lofted Offside/vid444_34.avi,Lofted Offside,7,vid444
Lofted Offside/vid444_5.avi,Lofted Offside,7,vid444
Lofted Offside/vid444_55.avi,Lofted Offside,7,vid444
Lofted Offside/vid444_6.avi,Lofted Offside,7,vid444
Lofted Offside/vid444_62.avi,Lofted Offside,7,vid444
Lofted Offside/vid444_66.avi,Lofted Offside,7,vid444
Lofted Offside/vid444_7.avi,Lofted Offside,7,vid444
Lofted Offside/vid445_36.avi,Lofted Offside,7,vid445
Lofted Offside/vid445_4.avi,Lofted Offside,7,vid445
Lofted Offside/vid448_6.avi,Lofted Offside,7,vid448
Lofted Offside/vid449_3.avi,Lofted Offside,7,vid449
Lofted Offside/vid449_4.avi,Lofted Offside,7,vid449
Lofted Offside/vid449_53.avi,Lofted Offside,7,vid449
Lofted Offside/vid449_55.avi,Lofted Offside,7,vid449
Lofted Offside/vid451_28.avi,Lofted Offside,7,vid451
Lofted Offside/vid451_29.avi,Lofted Offside,7,vid451
Lofted Offside/vid451_54.avi,Lofted Offside,7,vid451
Lofted Offside/vid452_42.avi,Lofted Offside,7,vid452
Lofted Offside/vid452_52.avi,Lofted Offside,7,vid452
Lofted Offside/vid454_16.avi,Lofted Offside,7,vid454
Lofted Offside/vid454_21.avi,Lofted Offside,7,vid454
Lofted Offside/vid454_31.avi,Lofted Offside,7,vid454
Lofted Offside/vid454_4.avi,Lofted Offside,7,vid454
Lofted Offside/vid455_22.avi,Lofted Offside,7,vid455
Lofted Offside/vid455_28.avi,Lofted Offside,7,vid455
Lofted Offside/vid455_5.avi,Lofted Offside,7,vid455
Lofted Offside/vid455_6.avi,Lofted Offside,7,vid455
Lofted Offside/vid456_15.avi,Lofted Offside,7,vid456
Lofted Offside/vid457_15.avi,Lofted Offside,7,vid457
Lofted Offside/vid457_18.avi,Lofted Offside,7,vid457
Lofted Offside/vid458_2.avi,Lofted Offside,7,vid458
Lofted Offside/vid458_33.avi,Lofted Offside,7,vid458
Lofted Offside/vid458_9.avi,Lofted Offside,7,vid458
Lofted Offside/vid459_41.avi,Lofted Offside,7,vid459
Lofted Offside/vid45_16.avi,Lofted Offside,7,vid45
Lofted Offside/vid45_19.avi,Lofted Offside,7,vid45
Lofted Offside/vid45_25.avi,Lofted Offside,7,vid45
Lofted Offside/vid45_29.avi,Lofted Offside,7,vid45
Lofted Offside/vid45_38.avi,Lofted Offside,7,vid45
Lofted Offside/vid45_49.avi,Lofted Offside,7,vid45
Lofted Offside/vid45_51.avi,Lofted Offside,7,vid45
Lofted Offside/vid45_56.avi,Lofted Offside,7,vid45
Lofted Offside/vid460_23.avi,Lofted Offside,7,vid460
Lofted Offside/vid460_46.avi,Lofted Offside,7,vid460
Lofted Offside/vid462_24.avi,Lofted Offside,7,vid462
Lofted Offside/vid462_8.avi,Lofted Offside,7,vid462
Lofted Offside/vid463_20.avi,Lofted Offside,7,vid463
Lofted Offside/vid463_4.avi,Lofted Offside,7,vid463
Lofted Offside/vid467_19.avi,Lofted Offside,7,vid467
Lofted Offside/vid46_37.avi,Lofted Offside,7,vid46
Lofted Offside/vid46_57.avi,Lofted Offside,7,vid46
Lofted Offside/vid46_66.avi,Lofted Offside,7,vid46
Lofted Offside/vid46_79.avi,Lofted Offside,7,vid46
Lofted Offside/vid46_85.avi,Lofted Offside,7,vid46
Lofted Offside/vid471_22.avi,Lofted Offside,7,vid471
Lofted Offside/vid471_29.avi,Lofted Offside,7,vid471
Lofted Offside/vid472_14.avi,Lofted Offside,7,vid472
Lofted Offside/vid472_15.avi,Lofted Offside,7,vid472
Lofted Offside/vid472_24.avi,Lofted Offside,7,vid472
Lofted Offside/vid472_40.avi,Lofted Offside,7,vid472
Lofted Offside/vid472_62.avi,Lofted Offside,7,vid472
Lofted Offside/vid473_20.avi,Lofted Offside,7,vid473
Lofted Offside/vid473_22.avi,Lofted Offside,7,vid473
Lofted Offside/vid473_33.avi,Lofted Offside,7,vid473
Lofted Offside/vid473_40.avi,Lofted Offside,7,vid473
Lofted Offside/vid473_42.avi,Lofted Offside,7,vid473
Lofted Offside/vid473_46.avi,Lofted Offside,7,vid473
Lofted Offside/vid474_11.avi,Lofted Offside,7,vid474
Lofted Offside/vid474_22.avi,Lofted Offside,7,vid474
Lofted Offside/vid474_28.avi,Lofted Offside,7,vid474
Lofted Offside/vid474_31.avi,Lofted Offside,7,vid474
Lofted Offside/vid474_6.avi,Lofted Offside,7,vid474
Lofted Offside/vid474_9.avi,Lofted Offside,7,vid474
Lofted Offside/vid476_10.avi,Lofted Offside,7,vid476
Lofted Offside/vid476_15.avi,Lofted Offside,7,vid476
Lofted Offside/vid476_18.avi,Lofted Offside,7,vid476
Lofted Offside/vid476_19.avi,Lofted Offside,7,vid476
Lofted Offside/vid476_22.avi,Lofted Offside,7,vid476
Lofted Offside/vid476_3.avi,Lofted Offside,7,vid476
Lofted Offside/vid476_5.avi,Lofted Offside,7,vid476
Lofted Offside/vid476_8.avi,Lofted Offside,7,vid476
Lofted Offside/vid477_1.avi,Lofted Offside,7,vid477
Lofted Offside/vid477_12.avi,Lofted Offside,7,vid477
Lofted Offside/vid477_7.avi,Lofted Offside,7,vid477
Lofted Offside/vid479_1.avi,Lofted Offside,7,vid479
Lofted Offside/vid479_12.avi,Lofted Offside,7,vid479
Lofted Offside/vid479_9.avi,Lofted Offside,7,vid479
Lofted Offside/vid47_7.avi,Lofted Offside,7,vid47
Lofted Offside/vid480_15.avi,Lofted Offside,7,vid480
Lofted Offside/vid480_27.avi,Lofted Offside,7,vid480
Lofted Offside/vid480_29.avi,Lofted Offside,7,vid480
Lofted Offside/vid480_34.avi,Lofted Offside,7,vid480
Lofted Offside/vid480_44.avi,Lofted Offside,7,vid480
Lofted Offside/vid481_23.avi,Lofted Offside,7,vid481
Lofted Offside/vid481_30.avi,Lofted Offside,7,vid481
Lofted Offside/vid482_11.avi,Lofted Offside,7,vid482
Lofted Offside/vid482_20.avi,Lofted Offside,7,vid482
Lofted Offside/vid482_31.avi,Lofted Offside,7,vid482
Lofted Offside/vid482_34.avi,Lofted Offside,7,vid482
Lofted Offside/vid482_35.avi,Lofted Offside,7,vid482
Lofted Offside/vid482_5.avi,Lofted Offside,7,vid482
Lofted Offside/vid482_60.avi,Lofted Offside,7,vid482
Lofted Offside/vid484_15.avi,Lofted Offside,7,vid484
Lofted Offside/vid484_6.avi,Lofted Offside,7,vid484
Lofted Offside/vid484_9.avi,Lofted Offside,7,vid484
Lofted Offside/vid486_11.avi,Lofted Offside,7,vid486
Lofted Offside/vid486_13.avi,Lofted Offside,7,vid486
Lofted Offside/vid486_22.avi,Lofted Offside,7,vid486
Lofted Offside/vid486_35.avi,Lofted Offside,7,vid486
Lofted Offside/vid486_64.avi,Lofted Offside,7,vid486
Lofted Offside/vid486_70.avi,Lofted Offside,7,vid486
Lofted Offside/vid487_12.avi,Lofted Offside,7,vid487
Lofted Offside/vid487_34.avi,Lofted Offside,7,vid487
Lofted Offside/vid488_20.avi,Lofted Offside,7,vid488
Lofted Offside/vid488_42.avi,Lofted Offside,7,vid488
Lofted Offside/vid488_5.avi,Lofted Offside,7,vid488
Lofted Offside/vid488_52.avi,Lofted Offside,7,vid488
Lofted Offside/vid488_7.avi,Lofted Offside,7,vid488
Lofted Offside/vid48_15.avi,Lofted Offside,7,vid48
Lofted Offside/vid48_2.avi,Lofted Offside,7,vid48
Lofted Offside/vid490_27.avi,Lofted Offside,7,vid490
Lofted Offside/vid490_39.avi,Lofted Offside,7,vid490
Lofted Offside/vid492_26.avi,Lofted Offside,7,vid492
Lofted Offside/vid492_7.avi,Lofted Offside,7,vid492
Lofted Offside/vid494_15.avi,Lofted Offside,7,vid494
Lofted Offside/vid494_18.avi,Lofted Offside,7,vid494
Lofted Offside/vid494_27.avi,Lofted Offside,7,vid494
Lofted Offside/vid494_4.avi,Lofted Offside,7,vid494
Lofted Offside/vid495_17.avi,Lofted Offside,7,vid495
Lofted Offside/vid495_30.avi,Lofted Offside,7,vid495
Lofted Offside/vid496_1.avi,Lofted Offside,7,vid496
Lofted Offside/vid496_22.avi,Lofted Offside,7,vid496
Lofted Offside/vid496_8.avi,Lofted Offside,7,vid496
Lofted Offside/vid497_16.avi,Lofted Offside,7,vid497
Lofted Offside/vid498_17.avi,Lofted Offside,7,vid498
Lofted Offside/vid498_38.avi,Lofted Offside,7,vid498
Lofted Offside/vid498_4.avi,Lofted Offside,7,vid498
Lofted Offside/vid498_44.avi,Lofted Offside,7,vid498
Lofted Offside/vid502_28.avi,Lofted Offside,7,vid502
Lofted Offside/vid502_42.avi,Lofted Offside,7,vid502
Lofted Offside/vid503_34.avi,Lofted Offside,7,vid503
Lofted Offside/vid503_40.avi,Lofted Offside,7,vid503
Lofted Offside/vid503_41.avi,Lofted Offside,7,vid503
Lofted Offside/vid504_53.avi,Lofted Offside,7,vid504
Lofted Offside/vid505_12.avi,Lofted Offside,7,vid505
Lofted Offside/vid505_21.avi,Lofted Offside,7,vid505
Lofted Offside/vid505_28.avi,Lofted Offside,7,vid505
Lofted Offside/vid505_31.avi,Lofted Offside,7,vid505
Lofted Offside/vid505_36.avi,Lofted Offside,7,vid505
Lofted Offside/vid505_43.avi,Lofted Offside,7,vid505
Lofted Offside/vid505_44.avi,Lofted Offside,7,vid505
Lofted Offside/vid505_8.avi,Lofted Offside,7,vid505
Lofted Offside/vid506_37.avi,Lofted Offside,7,vid506
Lofted Offside/vid506_7.avi,Lofted Offside,7,vid506
Lofted Offside/vid50_36.avi,Lofted Offside,7,vid50
Lofted Offside/vid513_15.avi,Lofted Offside,7,vid513
Lofted Offside/vid513_16.avi,Lofted Offside,7,vid513
Lofted Offside/vid513_29.avi,Lofted Offside,7,vid513
Lofted Offside/vid513_31.avi,Lofted Offside,7,vid513
Lofted Offside/vid513_41.avi,Lofted Offside,7,vid513
Lofted Offside/vid514_16.avi,Lofted Offside,7,vid514
Lofted Offside/vid514_27.avi,Lofted Offside,7,vid514
Lofted Offside/vid514_31.avi,Lofted Offside,7,vid514
Lofted Offside/vid514_32.avi,Lofted Offside,7,vid514
Lofted Offside/vid514_35.avi,Lofted Offside,7,vid514
Lofted Offside/vid514_38.avi,Lofted Offside,7,vid514
Lofted Offside/vid514_45.avi,Lofted Offside,7,vid514
Lofted Offside/vid514_47.avi,Lofted Offside,7,vid514
Lofted Offside/vid514_63.avi,Lofted Offside,7,vid514
Lofted Offside/vid514_64.avi,Lofted Offside,7,vid514
Lofted Offside/vid516_62.avi,Lofted Offside,7,vid516
Lofted Offside/vid517_31.avi,Lofted Offside,7,vid517
Lofted Offside/vid517_37.avi,Lofted Offside,7,vid517
Lofted Offside/vid517_39.avi,Lofted Offside,7,vid517
Lofted Offside/vid517_40.avi,Lofted Offside,7,vid517
Lofted Offside/vid517_8.avi,Lofted Offside,7,vid517
Lofted Offside/vid520_27.avi,Lofted Offside,7,vid520
Lofted Offside/vid520_54.avi,Lofted Offside,7,vid520
Lofted Offside/vid520_56.avi,Lofted Offside,7,vid520
Lofted Offside/vid520_62.avi,Lofted Offside,7,vid520
Lofted Offside/vid520_67.avi,Lofted Offside,7,vid520
Lofted Offside/vid522_15.avi,Lofted Offside,7,vid522
Lofted Offside/vid522_32.avi,Lofted Offside,7,vid522
Lofted Offside/vid522_70.avi,Lofted Offside,7,vid522
Lofted Offside/vid522_71.avi,Lofted Offside,7,vid522
Lofted Offside/vid522_74.avi,Lofted Offside,7,vid522
Lofted Offside/vid524_12.avi,Lofted Offside,7,vid524
Lofted Offside/vid524_3.avi,Lofted Offside,7,vid524
Lofted Offside/vid525_19.avi,Lofted Offside,7,vid525
Lofted Offside/vid52_10.avi,Lofted Offside,7,vid52
Lofted Offside/vid52_2.avi,Lofted Offside,7,vid52
Lofted Offside/vid52_6.avi,Lofted Offside,7,vid52
Lofted Offside/vid531_44.avi,Lofted Offside,7,vid531
Lofted Offside/vid532_10.avi,Lofted Offside,7,vid532
Lofted Offside/vid532_14.avi,Lofted Offside,7,vid532
Lofted Offside/vid532_24.avi,Lofted Offside,7,vid532
Lofted Offside/vid532_36.avi,Lofted Offside,7,vid532
Lofted Offside/vid532_43.avi,Lofted Offside,7,vid532
Lofted Offside/vid532_45.avi,Lofted Offside,7,vid532
Lofted Offside/vid532_68.avi,Lofted Offside,7,vid532
Lofted Offside/vid532_7.avi,Lofted Offside,7,vid532
Lofted Offside/vid532_8.avi,Lofted Offside,7,vid532
Lofted Offside/vid533_23.avi,Lofted Offside,7,vid533
Lofted Offside/vid533_25.avi,Lofted Offside,7,vid533
Lofted Offside/vid533_26.avi,Lofted Offside,7,vid533
Lofted Offside/vid533_28.avi,Lofted Offside,7,vid533
Lofted Offside/vid533_32.avi,Lofted Offside,7,vid533
Lofted Offside/vid533_36.avi,Lofted Offside,7,vid533
Lofted Offside/vid533_37.avi,Lofted Offside,7,vid533
Lofted Offside/vid533_46.avi,Lofted Offside,7,vid533
Lofted Offside/vid533_64.avi,Lofted Offside,7,vid533
Lofted Offside/vid533_74.avi,Lofted Offside,7,vid533
Lofted Offside/vid534_35.avi,Lofted Offside,7,vid534
Lofted Offside/vid534_36.avi,Lofted Offside,7,vid534
Lofted Offside/vid534_44.avi,Lofted Offside,7,vid534
Lofted Offside/vid534_47.avi,Lofted Offside,7,vid534
Lofted Offside/vid535_14.avi,Lofted Offside,7,vid535
Lofted Offside/vid535_27.avi,Lofted Offside,7,vid535
Lofted Offside/vid535_40.avi,Lofted Offside,7,vid535
Lofted Offside/vid535_6.avi,Lofted Offside,7,vid535
Lofted Offside/vid535_63.avi,Lofted Offside,7,vid535
Lofted Offside/vid536_11.avi,Lofted Offside,7,vid536
Lofted Offside/vid536_21.avi,Lofted Offside,7,vid536
Lofted Offside/vid53_41.avi,Lofted Offside,7,vid53
Lofted Offside/vid53_50.avi,Lofted Offside,7,vid53
Lofted Offside/vid53_52.avi,Lofted Offside,7,vid53
Lofted Offside/vid54_30.avi,Lofted Offside,7,vid54
Lofted Offside/vid54_56.avi,Lofted Offside,7,vid54
Lofted Offside/vid55_44.avi,Lofted Offside,7,vid55
Lofted Offside/vid57_17.avi,Lofted Offside,7,vid57
Lofted Offside/vid61_14.avi,Lofted Offside,7,vid61
Lofted Offside/vid62_26.avi,Lofted Offside,7,vid62
Lofted Offside/vid63_7.avi,Lofted Offside,7,vid63
Lofted Offside/vid65_36.avi,Lofted Offside,7,vid65
Lofted Offside/vid65_40.avi,Lofted Offside,7,vid65
Lofted Offside/vid67_3.avi,Lofted Offside,7,vid67
Lofted Offside/vid67_4.avi,Lofted Offside,7,vid67
Lofted Offside/vid69_2.avi,Lofted Offside,7,vid69
Lofted Offside/vid6_11.avi,Lofted Offside,7,vid6
Lofted Offside/vid6_8.avi,Lofted Offside,7,vid6
Lofted Offside/vid74_18.avi,Lofted Offside,7,vid74
Lofted Offside/vid75_11.avi,Lofted Offside,7,vid75
Lofted Offside/vid75_21.avi,Lofted Offside,7,vid75
Lofted Offside/vid78_33.avi,Lofted Offside,7,vid78
Lofted Offside/vid78_40.avi,Lofted Offside,7,vid78
Lofted Offside/vid79_29.avi,Lofted Offside,7,vid79
Lofted Offside/vid80_14.avi,Lofted Offside,7,vid80
Lofted Offside/vid80_2.avi,Lofted Offside,7,vid80
Lofted Offside/vid80_22.avi,Lofted Offside,7,vid80
Lofted Offside/vid80_23.avi,Lofted Offside,7,vid80
Lofted Offside/vid81_27.avi,Lofted Offside,7,vid81
Lofted Offside/vid84_15.avi,Lofted Offside,7,vid84
Lofted Offside/vid86_4.avi,Lofted Offside,7,vid86
Lofted Offside/vid87_4.avi,Lofted Offside,7,vid87
Lofted Offside/vid87_43.avi,Lofted Offside,7,vid87
Lofted Offside/vid88_13.avi,Lofted Offside,7,vid88
Lofted Offside/vid88_6.avi,Lofted Offside,7,vid88
Lofted Offside/vid90_29.avi,Lofted Offside,7,vid90
Lofted Offside/vid90_40.avi,Lofted Offside,7,vid90
Lofted Offside/vid94_41.avi,Lofted Offside,7,vid94
Lofted Offside/vid94_68.avi,Lofted Offside,7,vid94
Lofted Offside/vid94_9.avi,Lofted Offside,7,vid94
Lofted Offside/vid96_1.avi,Lofted Offside,7,vid96
Lofted Offside/vid96_26.avi,Lofted Offside,7,vid96
Lofted Offside/vid96_49.avi,Lofted Offside,7,vid96
Lofted Offside/vid98_35.avi,Lofted Offside,7,vid98
Lofted Offside/vid9_15.avi,Lofted Offside,7,vid9
Lofted Offside/vid9_19.avi,Lofted Offside,7,vid9
Lofted Offside/vid9_23.avi,Lofted Offside,7,vid9
Pull/vid100_29.avi,Pull,8,vid100
Pull/vid100_31.avi,Pull,8,vid100
Pull/vid100_34.avi,Pull,8,vid100
Pull/vid100_35.avi,Pull,8,vid100
Pull/vid100_39.avi,Pull,8,vid100
Pull/vid101_1.avi,Pull,8,vid101
Pull/vid102_25.avi,Pull,8,vid102
Pull/vid102_29.avi,Pull,8,vid102
Pull/vid102_37.avi,Pull,8,vid102
Pull/vid105_26.avi,Pull,8,vid105
Pull/vid107_22.avi,Pull,8,vid107
Pull/vid107_23.avi,Pull,8,vid107
Pull/vid108_14.avi,Pull,8,vid108
Pull/vid111_8.avi,Pull,8,vid111
Pull/vid112_12.avi,Pull,8,vid112
Pull/vid114_23.avi,Pull,8,vid114
Pull/vid115_0.avi,Pull,8,vid115
Pull/vid116_19.avi,Pull,8,vid116
Pull/vid116_21.avi,Pull,8,vid116
Pull/vid116_28.avi,Pull,8,vid116
Pull/vid119_4.avi,Pull,8,vid119
Pull/vid119_5.avi,Pull,8,vid119
Pull/vid120_16.avi,Pull,8,vid120
Pull/vid120_17.avi,Pull,8,vid120
Pull/vid121_31.avi,Pull,8,vid121
Pull/vid126_3.avi,Pull,8,vid126
Pull/vid126_39.avi,Pull,8,vid126
Pull/vid127_12.avi,Pull,8,vid127
Pull/vid128_16.avi,Pull,8,vid128
Pull/vid128_22.avi,Pull,8,vid128
Pull/vid128_3.avi,Pull,8,vid128
Pull/vid12_48.avi,Pull,8,vid12
Pull/vid12_55.avi,Pull,8,vid12
Pull/vid130_19.avi,Pull,8,vid130
Pull/vid130_7.avi,Pull,8,vid130
Pull/vid132_0.avi,Pull,8,vid132
Pull/vid133_12.avi,Pull,8,vid133
Pull/vid133_5.avi,Pull,8,vid133
Pull/vid133_9.avi,Pull,8,vid133
Pull/vid134_39.avi,Pull,8,vid134
Pull/vid135_21.avi,Pull,8,vid135
Pull/vid135_24.avi,Pull,8,vid135
Pull/vid138_16.avi,Pull,8,vid138
Pull/vid138_18.avi,Pull,8,vid138
Pull/vid138_4.avi,Pull,8,vid138
Pull/vid139_17.avi,Pull,8,vid139
Pull/vid139_18.avi,Pull,8,vid139
Pull/vid141_28.avi,Pull,8,vid141
Pull/vid141_36.avi,Pull,8,vid141
Pull/vid141_8.avi,Pull,8,vid141
Pull/vid142_25.avi,Pull,8,vid142
Pull/vid143_29.avi,Pull,8,vid143
Pull/vid147_13.avi,Pull,8,vid147
Pull/vid148_5.avi,Pull,8,vid148
Pull/vid149_7.avi,Pull,8,vid149
Pull/vid14_20.avi,Pull,8,vid14
Pull/vid14_51.avi,Pull,8,vid14
Pull/vid14_60.avi,Pull,8,vid14
Pull/vid150_2.avi,Pull,8,vid150
Pull/vid151_16.avi,Pull,8,vid151
Pull/vid152_5.avi,Pull,8,vid152
Pull/vid153_26.avi,Pull,8,vid153
Pull/vid156_23.avi,Pull,8,vid156
Pull/vid15_21.avi,Pull,8,vid15
Pull/vid162_24.avi,Pull,8,vid162
Pull/vid163_10.avi,Pull,8,vid163
Pull/vid166_25.avi,Pull,8,vid166
Pull/vid166_6.avi,Pull,8,vid166
Pull/vid166_9.avi,Pull,8,vid166
Pull/vid167_28.avi,Pull,8,vid167
Pull/vid168_9.avi,Pull,8,vid168
Pull/vid169_10.avi,Pull,8,vid169
Pull/vid169_17.avi,Pull,8,vid169
Pull/vid172_8.avi,Pull,8,vid172
Pull/vid172_9.avi,Pull,8,vid172
Pull/vid176_7.avi,Pull,8,vid176
Pull/vid17_10.avi,Pull,8,vid17
Pull/vid17_20.avi,Pull,8,vid17
Pull/vid183_5.avi,Pull,8,vid183
Pull/vid186_7.avi,Pull,8,vid186
Pull/vid188_0.avi,Pull,8,vid188
Pull/vid188_8.avi,Pull,8,vid188
Pull/vid18_30.avi,Pull,8,vid18
Pull/vid198_10.avi,Pull,8,vid198
Pull/vid1_32.avi,Pull,8,vid1
Pull/vid205_68.avi,Pull,8,vid205
Pull/vid205_71.avi,Pull,8,vid205
Pull/vid205_77.avi,Pull,8,vid205
Pull/vid205_8.avi,Pull,8,vid205
Pull/vid207_41.avi,Pull,8,vid207
Pull/vid207_53.avi,Pull,8,vid207
Pull/vid208_20.avi,Pull,8,vid208
Pull/vid208_25.avi,Pull,8,vid208
Pull/vid209_16.avi,Pull,8,vid209
Pull/vid209_23.avi,Pull,8,vid209
Pull/vid209_47.avi,Pull,8,vid209
Pull/vid212_16.avi,Pull,8,vid212
Pull/vid213_13.avi,Pull,8,vid213
Pull/vid213_33.avi,Pull,8,vid213
Pull/vid213_41.avi,Pull,8,vid213
Pull/vid213_6.avi,Pull,8,vid213
Pull/vid214_10.avi,Pull,8,vid214
Pull/vid214_9.avi,Pull,8,vid214
Pull/vid217_22.avi,Pull,8,vid217
Pull/vid21_13.avi,Pull,8,vid21
Pull/vid220_24.avi,Pull,8,vid220
Pull/vid220_27.avi,Pull,8,vid220
Pull/vid230_19.avi,Pull,8,vid230
Pull/vid232_36.avi,Pull,8,vid232
Pull/vid234_12.avi,Pull,8,vid234
Pull/vid234_18.avi,Pull,8,vid234
Pull/vid235_41.avi,Pull,8,vid235
Pull/vid235_6.avi,Pull,8,vid235
Pull/vid236_18.avi,Pull,8,vid236
Pull/vid239_14.avi,Pull,8,vid239
Pull/vid23_15.avi,Pull,8,vid23
Pull/vid246_26.avi,Pull,8,vid246
Pull/vid249_39.avi,Pull,8,vid249
Pull/vid249_9.avi,Pull,8,vid249
Pull/vid24_28.avi,Pull,8,vid24
Pull/vid250_13.avi,Pull,8,vid250
Pull/vid251_46.avi,Pull,8,vid251
Pull/vid25_45.avi,Pull,8,vid25
Pull/vid261_22.avi,Pull,8,vid261
Pull/vid26_10.avi,Pull,8,vid26
Pull/vid275_19.avi,Pull,8,vid275
Pull/vid277_4.avi,Pull,8,vid277
Pull/vid280_13.avi,Pull,8,vid280
Pull/vid280_4.avi,Pull,8,vid280
Pull/vid285_13.avi,Pull,8,vid285
Pull/vid285_15.avi,Pull,8,vid285
Pull/vid287_21.avi,Pull,8,vid287
Pull/vid288_2.avi,Pull,8,vid288
Pull/vid28_58.avi,Pull,8,vid28
Pull/vid28_61.avi,Pull,8,vid28
Pull/vid295_30.avi,Pull,8,vid295
Pull/vid2_1.avi,Pull,8,vid2
Pull/vid2_28.avi,Pull,8,vid2
Pull/vid303_23.avi,Pull,8,vid303
Pull/vid30_44.avi,Pull,8,vid30
Pull/vid320_52.avi,Pull,8,vid320
Pull/vid321_20.avi,Pull,8,vid321
Pull/vid323_11.avi,Pull,8,vid323
Pull/vid324_9.avi,Pull,8,vid324
Pull/vid326_19.avi,Pull,8,vid326
Pull/vid326_9.avi,Pull,8,vid326
Pull/vid327_35.avi,Pull,8,vid327
Pull/vid335_32.avi,Pull,8,vid335
Pull/vid335_33.avi,Pull,8,vid335
Pull/vid341_39.avi,Pull,8,vid341
Pull/vid342_34.avi,Pull,8,vid342
Pull/vid342_43.avi,Pull,8,vid342
Pull/vid344_25.avi,Pull,8,vid344
Pull/vid34_32.avi,Pull,8,vid34
Pull/vid354_30.avi,Pull,8,vid354
Pull/vid355_10.avi,Pull,8,vid355
Pull/vid355_6.avi,Pull,8,vid355
Pull/vid355_7.avi,Pull,8,vid355
Pull/vid356_13.avi,Pull,8,vid356
Pull/vid356_25.avi,Pull,8,vid356
Pull/vid356_45.avi,Pull,8,vid356
Pull/vid356_48.avi,Pull,8,vid356
Pull/vid356_51.avi,Pull,8,vid356
Pull/vid356_58.avi,Pull,8,vid356
Pull/vid356_9.avi,Pull,8,vid356
Pull/vid357_10.avi,Pull,8,vid357
Pull/vid357_18.avi,Pull,8,vid357
Pull/vid357_3.avi,Pull,8,vid357
Pull/vid357_33.avi,Pull,8,vid357
Pull/vid357_52.avi,Pull,8,vid357
Pull/vid358_42.avi,Pull,8,vid358
Pull/vid358_64.avi,Pull,8,vid358
Pull/vid360_48.avi,Pull,8,vid360
Pull/vid360_54.avi,Pull,8,vid360
Pull/vid360_63.avi,Pull,8,vid360
Pull/vid360_65.avi,Pull,8,vid360
Pull/vid361_17.avi,Pull,8,vid361
Pull/vid362_38.avi,Pull,8,vid362
Pull/vid362_41.avi,Pull,8,vid362
Pull/vid362_47.avi,Pull,8,vid362
Pull/vid363_2.avi,Pull,8,vid363
Pull/vid365_11.avi,Pull,8,vid365
Pull/vid365_81.avi,Pull,8,vid365
Pull/vid367_50.avi,Pull,8,vid367
Pull/vid367_56.avi,Pull,8,vid367
Pull/vid368_18.avi,Pull,8,vid368
Pull/vid368_26.avi,Pull,8,vid368
Pull/vid368_52.avi,Pull,8,vid368
Pull/vid368_8.avi,Pull,8,vid368
Pull/vid370_36.avi,Pull,8,vid370
Pull/vid371_29.avi,Pull,8,vid371
Pull/vid377_0.avi,Pull,8,vid377
Pull/vid377_36.avi,Pull,8,vid377
Pull/vid378_25.avi,Pull,8,vid378
Pull/vid379_42.avi,Pull,8,vid379
Pull/vid37_17.avi,Pull,8,vid37
Pull/vid37_33.avi,Pull,8,vid37
Pull/vid37_46.avi,Pull,8,vid37
Pull/vid381_16.avi,Pull,8,vid381
Pull/vid381_19.avi,Pull,8,vid381
Pull/vid381_32.avi,Pull,8,vid381
Pull/vid381_36.avi,Pull,8,vid381
Pull/vid381_5.avi,Pull,8,vid381
Pull/vid383_14.avi,Pull,8,vid383
Pull/vid383_39.avi,Pull,8,vid383
Pull/vid385_35.avi,Pull,8,vid385
Pull/vid385_41.avi,Pull,8,vid385
Pull/vid386_15.avi,Pull,8,vid386
Pull/vid386_35.avi,Pull,8,vid386
Pull/vid387_14.avi,Pull,8,vid387
Pull/vid387_17.avi,Pull,8,vid387
Pull/vid387_19.avi,Pull,8,vid387
Pull/vid387_26.avi,Pull,8,vid387
Pull/vid387_30.avi,Pull,8,vid387
Pull/vid387_31.avi,Pull,8,vid387
Pull/vid387_32.avi,Pull,8,vid387
Pull/vid387_41.avi,Pull,8,vid387
Pull/vid387_47.avi,Pull,8,vid387
Pull/vid387_5.avi,Pull,8,vid387
Pull/vid388_10.avi,Pull,8,vid388
Pull/vid388_32.avi,Pull,8,vid388
Pull/vid388_42.avi,Pull,8,vid388
Pull/vid388_51.avi,Pull,8,vid388
Pull/vid38_49.avi,Pull,8,vid38
Pull/vid390_30.avi,Pull,8,vid390
Pull/vid390_33.avi,Pull,8,vid390
Pull/vid392_21.avi,Pull,8,vid392
Pull/vid392_23.avi,Pull,8,vid392
Pull/vid392_55.avi,Pull,8,vid392
Pull/vid393_2.avi,Pull,8,vid393
Pull/vid393_21.avi,Pull,8,vid393
Pull/vid393_22.avi,Pull,8,vid393
Pull/vid393_45.avi,Pull,8,vid393
Pull/vid394_10.avi,Pull,8,vid394
Pull/vid394_19.avi,Pull,8,vid394
Pull/vid395_1.avi,Pull,8,vid395
Pull/vid395_3.avi,Pull,8,vid395
Pull/vid39_41.avi,Pull,8,vid39
Pull/vid3_12.avi,Pull,8,vid3
Pull/vid401_19.avi,Pull,8,vid401
Pull/vid402_20.avi,Pull,8,vid402
Pull/vid403_17.avi,Pull,8,vid403
Pull/vid405_15.avi,Pull,8,vid405
Pull/vid406_38.avi,Pull,8,vid406
Pull/vid407_15.avi,Pull,8,vid407
Pull/vid40_0.avi,Pull,8,vid40
Pull/vid40_3.avi,Pull,8,vid40
Pull/vid40_61.avi,Pull,8,vid40
Pull/vid40_9.avi,Pull,8,vid40
Pull/vid413_11.avi,Pull,8,vid413
Pull/vid413_18.avi,Pull,8,vid413
Pull/vid416_7.avi,Pull,8,vid416
Pull/vid417_15.avi,Pull,8,vid417
Pull/vid417_19.avi,Pull,8,vid417
Pull/vid420_26.avi,Pull,8,vid420
Pull/vid422_9.avi,Pull,8,vid422
Pull/vid426_12.avi,Pull,8,vid426
Pull/vid427_23.avi,Pull,8,vid427
Pull/vid428_43.avi,Pull,8,vid428
Pull/vid428_50.avi,Pull,8,vid428
Pull/vid428_54.avi,Pull,8,vid428
Pull/vid429_11.avi,Pull,8,vid429
Pull/vid429_26.avi,Pull,8,vid429
Pull/vid429_49.avi,Pull,8,vid429
Pull/vid429_9.avi,Pull,8,vid429
Pull/vid431_36.avi,Pull,8,vid431
Pull/vid431_49.avi,Pull,8,vid431
Pull/vid432_19.avi,Pull,8,vid432
Pull/vid432_26.avi,Pull,8,vid432
Pull/vid432_29.avi,Pull,8,vid432
Pull/vid432_37.avi,Pull,8,vid432
Pull/vid432_9.avi,Pull,8,vid432
Pull/vid433_39.avi,Pull,8,vid433
Pull/vid433_43.avi,Pull,8,vid433
Pull/vid433_55.avi,Pull,8,vid433
Pull/vid433_61.avi,Pull,8,vid433
Pull/vid436_6.avi,Pull,8,vid436
Pull/vid437_19.avi,Pull,8,vid437
Pull/vid437_2.avi,Pull,8,vid437
Pull/vid437_20.avi,Pull,8,vid437
Pull/vid437_31.avi,Pull,8,vid437
Pull/vid437_4.avi,Pull,8,vid437
Pull/vid439_11.avi,Pull,8,vid439
Pull/vid439_30.avi,Pull,8,vid439
Pull/vid439_41.avi,Pull,8,vid439
Pull/vid43_20.avi,Pull,8,vid43
Pull/vid43_52.avi,Pull,8,vid43
Pull/vid441_47.avi,Pull,8,vid441
Pull/vid441_51.avi,Pull,8,vid441
Pull/vid444_35.avi,Pull,8,vid444
Pull/vid444_39.avi,Pull,8,vid444
Pull/vid444_8.avi,Pull,8,vid444
Pull/vid446_27.avi,Pull,8,vid446
Pull/vid446_7.avi,Pull,8,vid446
Pull/vid449_38.avi,Pull,8,vid449
Pull/vid449_50.avi,Pull,8,vid449
Pull/vid44_10.avi,Pull,8,vid44
Pull/vid44_42.avi,Pull,8,vid44
Pull/vid451_43.avi,Pull,8,vid451
Pull/vid451_50.avi,Pull,8,vid451
Pull/vid451_7.avi,Pull,8,vid451
Pull/vid452_10.avi,Pull,8,vid452
Pull/vid452_30.avi,Pull,8,vid452
Pull/vid452_41.avi,Pull,8,vid452
Pull/vid453_19.avi,Pull,8,vid453
Pull/vid453_21.avi,Pull,8,vid453
Pull/vid453_3.avi,Pull,8,vid453
Pull/vid455_13.avi,Pull,8,vid455
Pull/vid455_36.avi,Pull,8,vid455
Pull/vid455_51.avi,Pull,8,vid455
Pull/vid455_61.avi,Pull,8,vid455
Pull/vid456_35.avi,Pull,8,vid456
Pull/vid456_37.avi,Pull,8,vid456
Pull/vid456_4.avi,Pull,8,vid456
Pull/vid458_29.avi,Pull,8,vid458
Pull/vid459_26.avi,Pull,8,vid459
Pull/vid461_27.avi,Pull,8,vid461
Pull/vid461_42.avi,Pull,8,vid461
Pull/vid465_14.avi,Pull,8,vid465
Pull/vid466_20.avi,Pull,8,vid466
Pull/vid468_32.avi,Pull,8,vid468
Pull/vid469_33.avi,Pull,8,vid469
Pull/vid470_20.avi,Pull,8,vid470
Pull/vid470_27.avi,Pull,8,vid470
Pull/vid470_35.avi,Pull,8,vid470
Pull/vid470_4.avi,Pull,8,vid470
Pull/vid471_25.avi,Pull,8,vid471
Pull/vid471_37.avi,Pull,8,vid471
Pull/vid473_0.avi,Pull,8,vid473
Pull/vid473_47.avi,Pull,8,vid473
Pull/vid473_5.avi,Pull,8,vid473
Pull/vid473_53.avi,Pull,8,vid473
Pull/vid474_19.avi,Pull,8,vid474
Pull/vid475_2.avi,Pull,8,vid475
Pull/vid475_8.avi,Pull,8,vid475
Pull/vid479_3.avi,Pull,8,vid479
Pull/vid47_11.avi,Pull,8,vid47
Pull/vid482_10.avi,Pull,8,vid482
Pull/vid482_25.avi,Pull,8,vid482
Pull/vid482_62.avi,Pull,8,vid482
Pull/vid482_63.avi,Pull,8,vid482
Pull/vid482_68.avi,Pull,8,vid482
Pull/vid483_10.avi,Pull,8,vid483
Pull/vid483_16.avi,Pull,8,vid483
Pull/vid484_21.avi,Pull,8,vid484
Pull/vid486_10.avi,Pull,8,vid486
Pull/vid486_21.avi,Pull,8,vid486
Pull/vid486_24.avi,Pull,8,vid486
Pull/vid486_33.avi,Pull,8,vid486
Pull/vid486_39.avi,Pull,8,vid486
Pull/vid487_27.avi,Pull,8,vid487
Pull/vid487_36.avi,Pull,8,vid487
Pull/vid487_37.avi,Pull,8,vid487
Pull/vid487_44.avi,Pull,8,vid487
Pull/vid487_46.avi,Pull,8,vid487
Pull/vid497_18.avi,Pull,8,vid497
Pull/vid497_2.avi,Pull,8,vid497
Pull/vid498_13.avi,Pull,8,vid498
Pull/vid498_2.avi,Pull,8,vid498
Pull/vid498_30.avi,Pull,8,vid498
Pull/vid498_35.avi,Pull,8,vid498
Pull/vid500_29.avi,Pull,8,vid500
Pull/vid500_37.avi,Pull,8,vid500
Pull/vid502_23.avi,Pull,8,vid502
Pull/vid502_31.avi,Pull,8,vid502
Pull/vid505_6.avi,Pull,8,vid505
Pull/vid507_13.avi,Pull,8,vid507
Pull/vid507_21.avi,Pull,8,vid507
Pull/vid507_32.avi,Pull,8,vid507
Pull/vid507_34.avi,Pull,8,vid507
Pull/vid507_4.avi,Pull,8,vid507
Pull/vid507_40.avi,Pull,8,vid507
Pull/vid509_34.avi,Pull,8,vid509
Pull/vid509_47.avi,Pull,8,vid509
Pull/vid510_16.avi,Pull,8,vid510
Pull/vid510_32.avi,Pull,8,vid510
Pull/vid513_20.avi,Pull,8,vid513
Pull/vid513_32.avi,Pull,8,vid513
Pull/vid513_9.avi,Pull,8,vid513
Pull/vid514_24.avi,Pull,8,vid514
Pull/vid514_57.avi,Pull,8,vid514
Pull/vid515_5.avi,Pull,8,vid515
Pull/vid515_56.avi,Pull,8,vid515
Pull/vid515_68.avi,Pull,8,vid515
Pull/vid516_26.avi,Pull,8,vid516
Pull/vid516_31.avi,Pull,8,vid516
Pull/vid516_44.avi,Pull,8,vid516
Pull/vid517_28.avi,Pull,8,vid517
Pull/vid518_1.avi,Pull,8,vid518
Pull/vid519_14.avi,Pull,8,vid519
Pull/vid519_16.avi,Pull,8,vid519
Pull/vid519_21.avi,Pull,8,vid519
Pull/vid519_23.avi,Pull,8,vid519
Pull/vid519_5.avi,Pull,8,vid519
Pull/vid520_24.avi,Pull,8,vid520
Pull/vid520_38.avi,Pull,8,vid520
Pull/vid520_64.avi,Pull,8,vid520
Pull/vid521_33.avi,Pull,8,vid521
Pull/vid521_42.avi,Pull,8,vid521
Pull/vid522_10.avi,Pull,8,vid522
Pull/vid523_9.avi,Pull,8,vid523
Pull/vid524_36.avi,Pull,8,vid524
Pull/vid525_22.avi,Pull,8,vid525
Pull/vid526_10.avi,Pull,8,vid526
Pull/vid526_11.avi,Pull,8,vid526
Pull/vid526_49.avi,Pull,8,vid526
Pull/vid527_1.avi,Pull,8,vid527
Pull/vid527_20.avi,Pull,8,vid527
Pull/vid527_23.avi,Pull,8,vid527
Pull/vid527_30.avi,Pull,8,vid527
Pull/vid527_61.avi,Pull,8,vid527
Pull/vid527_64.avi,Pull,8,vid527
Pull/vid528_27.avi,Pull,8,vid528
Pull/vid529_63.avi,Pull,8,vid529
Pull/vid531_19.avi,Pull,8,vid531
Pull/vid531_25.avi,Pull,8,vid531
Pull/vid532_67.avi,Pull,8,vid532
Pull/vid532_71.avi,Pull,8,vid532
Pull/vid535_7.avi,Pull,8,vid535
Pull/vid53_29.avi,Pull,8,vid53
Pull/vid53_31.avi,Pull,8,vid53
Pull/vid53_53.avi,Pull,8,vid53
Pull/vid53_78.avi,Pull,8,vid53
Pull/vid55_79.avi,Pull,8,vid55
Pull/vid57_2.avi,Pull,8,vid57
Pull/vid60_79.avi,Pull,8,vid60
Pull/vid60_87.avi,Pull,8,vid60
Pull/vid61_3.avi,Pull,8,vid61
Pull/vid63_19.avi,Pull,8,vid63
Pull/vid63_20.avi,Pull,8,vid63
Pull/vid64_31.avi,Pull,8,vid64
Pull/vid68_24.avi,Pull,8,vid68
Pull/vid68_41.avi,Pull,8,vid68
Pull/vid69_10.avi,Pull,8,vid69
Pull/vid71_10.avi,Pull,8,vid71
Pull/vid71_22.avi,Pull,8,vid71
Pull/vid72_2.avi,Pull,8,vid72
Pull/vid73_24.avi,Pull,8,vid73
Pull/vid74_10.avi,Pull,8,vid74
Pull/vid74_42.avi,Pull,8,vid74
Pull/vid76_18.avi,Pull,8,vid76
Pull/vid76_25.avi,Pull,8,vid76
Pull/vid76_27.avi,Pull,8,vid76
Pull/vid77_34.avi,Pull,8,vid77
Pull/vid79_19.avi,Pull,8,vid79
Pull/vid80_33.avi,Pull,8,vid80
Pull/vid80_35.avi,Pull,8,vid80
Pull/vid81_22.avi,Pull,8,vid81
Pull/vid81_24.avi,Pull,8,vid81
Pull/vid81_26.avi,Pull,8,vid81
Pull/vid81_8.avi,Pull,8,vid81
Pull/vid81_9.avi,Pull,8,vid81
Pull/vid83_32.avi,Pull,8,vid83
Pull/vid86_11.avi,Pull,8,vid86
Pull/vid86_6.avi,Pull,8,vid86
Pull/vid88_15.avi,Pull,8,vid88
Pull/vid88_37.avi,Pull,8,vid88
Pull/vid8_18.avi,Pull,8,vid8
Pull/vid8_46.avi,Pull,8,vid8
Pull/vid8_49.avi,Pull,8,vid8
Pull/vid91_30.avi,Pull,8,vid91
Pull/vid91_31.avi,Pull,8,vid91
Pull/vid91_34.avi,Pull,8,vid91
Pull/vid91_48.avi,Pull,8,vid91
Pull/vid93_10.avi,Pull,8,vid93
Pull/vid93_2.avi,Pull,8,vid93
Pull/vid93_29.avi,Pull,8,vid93
Pull/vid93_3.avi,Pull,8,vid93
Pull/vid93_54.avi,Pull,8,vid93
Pull/vid94_14.avi,Pull,8,vid94
Pull/vid94_25.avi,Pull,8,vid94
Pull/vid94_28.avi,Pull,8,vid94
Pull/vid95_15.avi,Pull,8,vid95
Pull/vid95_31.avi,Pull,8,vid95
Pull/vid95_37.avi,Pull,8,vid95
Pull/vid96_2.avi,Pull,8,vid96
Pull/vid96_20.avi,Pull,8,vid96
Pull/vid9_4.avi,Pull,8,vid9
Reverse Sweep/vid100_36.avi,Reverse Sweep,9,vid100
Reverse Sweep/vid10_44.avi,Reverse Sweep,9,vid10
Reverse Sweep/vid116_10.avi,Reverse Sweep,9,vid116
Reverse Sweep/vid120_3.avi,Reverse Sweep,9,vid120
Reverse Sweep/vid127_9.avi,Reverse Sweep,9,vid127
Reverse Sweep/vid136_9.avi,Reverse Sweep,9,vid136
Reverse Sweep/vid137_22.avi,Reverse Sweep,9,vid137
Reverse Sweep/vid137_34.avi,Reverse Sweep,9,vid137
Reverse Sweep/vid13_18.avi,Reverse Sweep,9,vid13
Reverse Sweep/vid13_9.avi,Reverse Sweep,9,vid13
Reverse Sweep/vid146_15.avi,Reverse Sweep,9,vid146
Reverse Sweep/vid151_41.avi,Reverse Sweep,9,vid151
Reverse Sweep/vid157_26.avi,Reverse Sweep,9,vid157
Reverse Sweep/vid15_4.avi,Reverse Sweep,9,vid15
Reverse Sweep/vid161_39.avi,Reverse Sweep,9,vid161
Reverse Sweep/vid16_33.avi,Reverse Sweep,9,vid16
Reverse Sweep/vid16_48.avi,Reverse Sweep,9,vid16
Reverse Sweep/vid172_11.avi,Reverse Sweep,9,vid172
Reverse Sweep/vid178_8.avi,Reverse Sweep,9,vid178
Reverse Sweep/vid180_25.avi,Reverse Sweep,9,vid180
Reverse Sweep/vid183_19.avi,Reverse Sweep,9,vid183
Reverse Sweep/vid189_8.avi,Reverse Sweep,9,vid189
Reverse Sweep/vid206_11.avi,Reverse Sweep,9,vid206
Reverse Sweep/vid209_15.avi,Reverse Sweep,9,vid209
Reverse Sweep/vid212_43.avi,Reverse Sweep,9,vid212
Reverse Sweep/vid220_32.avi,Reverse Sweep,9,vid220
Reverse Sweep/vid233_35.avi,Reverse Sweep,9,vid233
Reverse Sweep/vid245_43.avi,Reverse Sweep,9,vid245
Reverse Sweep/vid253_4.avi,Reverse Sweep,9,vid253
Reverse Sweep/vid257_28.avi,Reverse Sweep,9,vid257
Reverse Sweep/vid258_34.avi,Reverse Sweep,9,vid258
Reverse Sweep/vid261_15.avi,Reverse Sweep,9,vid261
Reverse Sweep/vid262_7.avi,Reverse Sweep,9,vid262
Reverse Sweep/vid270_19.avi,Reverse Sweep,9,vid270
Reverse Sweep/vid272_4.avi,Reverse Sweep,9,vid272
Reverse Sweep/vid275_2.avi,Reverse Sweep,9,vid275
Reverse Sweep/vid276_19.avi,Reverse Sweep,9,vid276
Reverse Sweep/vid276_6.avi,Reverse Sweep,9,vid276
Reverse Sweep/vid280_1.avi,Reverse Sweep,9,vid280
Reverse Sweep/vid281_8.avi,Reverse Sweep,9,vid281
Reverse Sweep/vid282_14.avi,Reverse Sweep,9,vid282
Reverse Sweep/vid286_8.avi,Reverse Sweep,9,vid286
Reverse Sweep/vid28_33.avi,Reverse Sweep,9,vid28
Reverse Sweep/vid28_40.avi,Reverse Sweep,9,vid28
Reverse Sweep/vid299_12.avi,Reverse Sweep,9,vid299
Reverse Sweep/vid29_0.avi,Reverse Sweep,9,vid29
Reverse Sweep/vid29_1.avi,Reverse Sweep,9,vid29
Reverse Sweep/vid29_13.avi,Reverse Sweep,9,vid29
Reverse Sweep/vid29_14.avi,Reverse Sweep,9,vid29
Reverse Sweep/vid29_15.avi,Reverse Sweep,9,vid29
Reverse Sweep/vid29_18.avi,Reverse Sweep,9,vid29
Reverse Sweep/vid29_2.avi,Reverse Sweep,9,vid29
Reverse Sweep/vid29_3.avi,Reverse Sweep,9,vid29
Reverse Sweep/vid29_4.avi,Reverse Sweep,9,vid29
Reverse Sweep/vid29_5.avi,Reverse Sweep,9,vid29
Reverse Sweep/vid29_7.avi,Reverse Sweep,9,vid29
Reverse Sweep/vid29_9.avi,Reverse Sweep,9,vid29
Reverse Sweep/vid2_32.avi,Reverse Sweep,9,vid2
Reverse Sweep/vid301_5.avi,Reverse Sweep,9,vid301
Reverse Sweep/vid304_22.avi,Reverse Sweep,9,vid304
Reverse Sweep/vid322_24.avi,Reverse Sweep,9,vid322
Reverse Sweep/vid329_21.avi,Reverse Sweep,9,vid329
Reverse Sweep/vid337_13.avi,Reverse Sweep,9,vid337
Reverse Sweep/vid337_29.avi,Reverse Sweep,9,vid337
Reverse Sweep/vid340_2.avi,Reverse Sweep,9,vid340
Reverse Sweep/vid344_44.avi,Reverse Sweep,9,vid344
Reverse Sweep/vid349_8.avi,Reverse Sweep,9,vid349
Reverse Sweep/vid353_9.avi,Reverse Sweep,9,vid353
Reverse Sweep/vid359_24.avi,Reverse Sweep,9,vid359
Reverse Sweep/vid359_5.avi,Reverse Sweep,9,vid359
Reverse Sweep/vid366_6.avi,Reverse Sweep,9,vid366
Reverse Sweep/vid366_7.avi,Reverse Sweep,9,vid366
Reverse Sweep/vid368_49.avi,Reverse Sweep,9,vid368
Reverse Sweep/vid370_39.avi,Reverse Sweep,9,vid370
Reverse Sweep/vid370_40.avi,Reverse Sweep,9,vid370
Reverse Sweep/vid372_30.avi,Reverse Sweep,9,vid372
Reverse Sweep/vid373_27.avi,Reverse Sweep,9,vid373
Reverse Sweep/vid380_18.avi,Reverse Sweep,9,vid380
Reverse Sweep/vid380_27.avi,Reverse Sweep,9,vid380
Reverse Sweep/vid381_11.avi,Reverse Sweep,9,vid381
Reverse Sweep/vid389_5.avi,Reverse Sweep,9,vid389
Reverse Sweep/vid391_31.avi,Reverse Sweep,9,vid391
Reverse Sweep/vid392_22.avi,Reverse Sweep,9,vid392
Reverse Sweep/vid392_24.avi,Reverse Sweep,9,vid392
Reverse Sweep/vid393_16.avi,Reverse Sweep,9,vid393
Reverse Sweep/vid397_19.avi,Reverse Sweep,9,vid397
Reverse Sweep/vid397_9.avi,Reverse Sweep,9,vid397
Reverse Sweep/vid398_31.avi,Reverse Sweep,9,vid398
Reverse Sweep/vid401_3.avi,Reverse Sweep,9,vid401
Reverse Sweep/vid404_2.avi,Reverse Sweep,9,vid404
Reverse Sweep/vid418_40.avi,Reverse Sweep,9,vid418
Reverse Sweep/vid422_13.avi,Reverse Sweep,9,vid422
Reverse Sweep/vid422_20.avi,Reverse Sweep,9,vid422
Reverse Sweep/vid427_21.avi,Reverse Sweep,9,vid427
Reverse Sweep/vid434_16.avi,Reverse Sweep,9,vid434
Reverse Sweep/vid437_60.avi,Reverse Sweep,9,vid437
Reverse Sweep/vid437_63.avi,Reverse Sweep,9,vid437
Reverse Sweep/vid438_43.avi,Reverse Sweep,9,vid438
Reverse Sweep/vid439_7.avi,Reverse Sweep,9,vid439
Reverse Sweep/vid443_51.avi,Reverse Sweep,9,vid443
Reverse Sweep/vid453_41.avi,Reverse Sweep,9,vid453
Reverse Sweep/vid454_35.avi,Reverse Sweep,9,vid454
Reverse Sweep/vid456_36.avi,Reverse Sweep,9,vid456
Reverse Sweep/vid457_34.avi,Reverse Sweep,9,vid457
Reverse Sweep/vid457_46.avi,Reverse Sweep,9,vid457
Reverse Sweep/vid459_16.avi,Reverse Sweep,9,vid459
Reverse Sweep/vid459_9.avi,Reverse Sweep,9,vid459
Reverse Sweep/vid45_40.avi,Reverse Sweep,9,vid45
Reverse Sweep/vid45_41.avi,Reverse Sweep,9,vid45
Reverse Sweep/vid460_12.avi,Reverse Sweep,9,vid460
Reverse Sweep/vid462_35.avi,Reverse Sweep,9,vid462
Reverse Sweep/vid462_39.avi,Reverse Sweep,9,vid462
Reverse Sweep/vid465_43.avi,Reverse Sweep,9,vid465
Reverse Sweep/vid469_39.avi,Reverse Sweep,9,vid469
Reverse Sweep/vid469_47.avi,Reverse Sweep,9,vid469
Reverse Sweep/vid482_41.avi,Reverse Sweep,9,vid482
Reverse Sweep/vid485_27.avi,Reverse Sweep,9,vid485
Reverse Sweep/vid486_15.avi,Reverse Sweep,9,vid486
Reverse Sweep/vid486_16.avi,Reverse Sweep,9,vid486
Reverse Sweep/vid486_38.avi,Reverse Sweep,9,vid486
Reverse Sweep/vid488_47.avi,Reverse Sweep,9,vid488
Reverse Sweep/vid491_10.avi,Reverse Sweep,9,vid491
Reverse Sweep/vid494_26.avi,Reverse Sweep,9,vid494
Reverse Sweep/vid496_2.avi,Reverse Sweep,9,vid496
Reverse Sweep/vid499_10.avi,Reverse Sweep,9,vid499
Reverse Sweep/vid49_59.avi,Reverse Sweep,9,vid49
Reverse Sweep/vid503_37.avi,Reverse Sweep,9,vid503
Reverse Sweep/vid506_38.avi,Reverse Sweep,9,vid506
Reverse Sweep/vid509_16.avi,Reverse Sweep,9,vid509
Reverse Sweep/vid513_11.avi,Reverse Sweep,9,vid513
Reverse Sweep/vid515_58.avi,Reverse Sweep,9,vid515
Reverse Sweep/vid516_57.avi,Reverse Sweep,9,vid516
Reverse Sweep/vid518_14.avi,Reverse Sweep,9,vid518
Reverse Sweep/vid519_65.avi,Reverse Sweep,9,vid519
Reverse Sweep/vid51_27.avi,Reverse Sweep,9,vid51
Reverse Sweep/vid51_35.avi,Reverse Sweep,9,vid51
Reverse Sweep/vid520_11.avi,Reverse Sweep,9,vid520
Reverse Sweep/vid524_8.avi,Reverse Sweep,9,vid524
Reverse Sweep/vid526_37.avi,Reverse Sweep,9,vid526
Reverse Sweep/vid526_50.avi,Reverse Sweep,9,vid526
Reverse Sweep/vid526_62.avi,Reverse Sweep,9,vid526
Reverse Sweep/vid527_16.avi,Reverse Sweep,9,vid527
Reverse Sweep/vid527_27.avi,Reverse Sweep,9,vid527
Reverse Sweep/vid530_36.avi,Reverse Sweep,9,vid530
Reverse Sweep/vid533_63.avi,Reverse Sweep,9,vid533
Reverse Sweep/vid57_22.avi,Reverse Sweep,9,vid57
Reverse Sweep/vid60_57.avi,Reverse Sweep,9,vid60
Reverse Sweep/vid65_20.avi,Reverse Sweep,9,vid65
Reverse Sweep/vid67_32.avi,Reverse Sweep,9,vid67
Reverse Sweep/vid67_36.avi,Reverse Sweep,9,vid67
Reverse Sweep/vid70_39.avi,Reverse Sweep,9,vid70
Reverse Sweep/vid72_34.avi,Reverse Sweep,9,vid72
Reverse Sweep/vid75_7.avi,Reverse Sweep,9,vid75
Reverse Sweep/vid80_11.avi,Reverse Sweep,9,vid80
Reverse Sweep/vid88_41.avi,Reverse Sweep,9,vid88
Reverse Sweep/vid90_48.avi,Reverse Sweep,9,vid90
Reverse Sweep/vid90_49.avi,Reverse Sweep,9,vid90
Reverse Sweep/vid92_6.avi,Reverse Sweep,9,vid92
Reverse Sweep/vid92_9.avi,Reverse Sweep,9,vid92
Reverse Sweep/vid94_49.avi,Reverse Sweep,9,vid94
Reverse Sweep/vid94_54.avi,Reverse Sweep,9,vid94
Reverse Sweep/vid9_25.avi,Reverse Sweep,9,vid9
Scoop/vid113_12.avi,Scoop,10,vid113
Scoop/vid116_3.avi,Scoop,10,vid116
Scoop/vid118_12.avi,Scoop,10,vid118
Scoop/vid124_14.avi,Scoop,10,vid124
Scoop/vid126_9.avi,Scoop,10,vid126
Scoop/vid127_11.avi,Scoop,10,vid127
Scoop/vid12_6.avi,Scoop,10,vid12
Scoop/vid130_15.avi,Scoop,10,vid130
Scoop/vid130_8.avi,Scoop,10,vid130
Scoop/vid131_16.avi,Scoop,10,vid131
Scoop/vid135_4.avi,Scoop,10,vid135
Scoop/vid13_11.avi,Scoop,10,vid13
Scoop/vid142_15.avi,Scoop,10,vid142
Scoop/vid150_9.avi,Scoop,10,vid150
Scoop/vid151_40.avi,Scoop,10,vid151
Scoop/vid153_5.avi,Scoop,10,vid153
Scoop/vid156_45.avi,Scoop,10,vid156
Scoop/vid15_28.avi,Scoop,10,vid15
Scoop/vid167_33.avi,Scoop,10,vid167
Scoop/vid167_34.avi,Scoop,10,vid167
Scoop/vid17_14.avi,Scoop,10,vid17
Scoop/vid17_3.avi,Scoop,10,vid17
Scoop/vid187_12.avi,Scoop,10,vid187
Scoop/vid191_1.avi,Scoop,10,vid191
Scoop/vid191_3.avi,Scoop,10,vid191
Scoop/vid194_10.avi,Scoop,10,vid194
Scoop/vid197_3.avi,Scoop,10,vid197
Scoop/vid1_13.avi,Scoop,10,vid1
Scoop/vid202_13.avi,Scoop,10,vid202
Scoop/vid206_32.avi,Scoop,10,vid206
Scoop/vid208_23.avi,Scoop,10,vid208
Scoop/vid210_35.avi,Scoop,10,vid210
Scoop/vid212_30.avi,Scoop,10,vid212
Scoop/vid213_19.avi,Scoop,10,vid213
Scoop/vid214_29.avi,Scoop,10,vid214
Scoop/vid234_40.avi,Scoop,10,vid234
Scoop/vid238_24.avi,Scoop,10,vid238
Scoop/vid241_7.avi,Scoop,10,vid241
Scoop/vid245_44.avi,Scoop,10,vid245
Scoop/vid262_28.avi,Scoop,10,vid262
Scoop/vid265_14.avi,Scoop,10,vid265
Scoop/vid265_19.avi,Scoop,10,vid265
Scoop/vid274_18.avi,Scoop,10,vid274
Scoop/vid278_10.avi,Scoop,10,vid278
Scoop/vid280_16.avi,Scoop,10,vid280
Scoop/vid282_6.avi,Scoop,10,vid282
Scoop/vid28_59.avi,Scoop,10,vid28
Scoop/vid301_3.avi,Scoop,10,vid301
Scoop/vid324_37.avi,Scoop,10,vid324
Scoop/vid342_4.avi,Scoop,10,vid342
Scoop/vid342_7.avi,Scoop,10,vid342
Scoop/vid343_35.avi,Scoop,10,vid343
Scoop/vid355_19.avi,Scoop,10,vid355
Scoop/vid356_56.avi,Scoop,10,vid356
Scoop/vid358_32.avi,Scoop,10,vid358
Scoop/vid358_6.avi,Scoop,10,vid358
Scoop/vid359_28.avi,Scoop,10,vid359
Scoop/vid360_12.avi,Scoop,10,vid360
Scoop/vid361_16.avi,Scoop,10,vid361
Scoop/vid362_25.avi,Scoop,10,vid362
Scoop/vid363_27.avi,Scoop,10,vid363
Scoop/vid363_29.avi,Scoop,10,vid363
Scoop/vid365_39.avi,Scoop,10,vid365
Scoop/vid371_22.avi,Scoop,10,vid371
Scoop/vid372_27.avi,Scoop,10,vid372
Scoop/vid373_19.avi,Scoop,10,vid373
Scoop/vid373_2.avi,Scoop,10,vid373
Scoop/vid379_0.avi,Scoop,10,vid379
Scoop/vid37_16.avi,Scoop,10,vid37
Scoop/vid382_15.avi,Scoop,10,vid382
Scoop/vid382_16.avi,Scoop,10,vid382
Scoop/vid382_29.avi,Scoop,10,vid382
Scoop/vid387_7.avi,Scoop,10,vid387
Scoop/vid389_27.avi,Scoop,10,vid389
Scoop/vid38_63.avi,Scoop,10,vid38
Scoop/vid390_1.avi,Scoop,10,vid390
Scoop/vid394_15.avi,Scoop,10,vid394
Scoop/vid3_33.avi,Scoop,10,vid3
Scoop/vid401_25.avi,Scoop,10,vid401
Scoop/vid407_6.avi,Scoop,10,vid407
Scoop/vid40_18.avi,Scoop,10,vid40
Scoop/vid414_3.avi,Scoop,10,vid414
Scoop/vid417_26.avi,Scoop,10,vid417
Scoop/vid420_27.avi,Scoop,10,vid420
Scoop/vid428_19.avi,Scoop,10,vid428
Scoop/vid428_58.avi,Scoop,10,vid428
Scoop/vid429_35.avi,Scoop,10,vid429
Scoop/vid429_42.avi,Scoop,10,vid429
Scoop/vid431_15.avi,Scoop,10,vid431
Scoop/vid431_19.avi,Scoop,10,vid431
Scoop/vid431_50.avi,Scoop,10,vid431
Scoop/vid432_17.avi,Scoop,10,vid432
Scoop/vid435_28.avi,Scoop,10,vid435
Scoop/vid435_57.avi,Scoop,10,vid435
Scoop/vid43_19.avi,Scoop,10,vid43
Scoop/vid440_23.avi,Scoop,10,vid440
Scoop/vid440_39.avi,Scoop,10,vid440
Scoop/vid440_49.avi,Scoop,10,vid440
Scoop/vid441_54.avi,Scoop,10,vid441
Scoop/vid442_18.avi,Scoop,10,vid442
Scoop/vid443_19.avi,Scoop,10,vid443
Scoop/vid443_20.avi,Scoop,10,vid443
Scoop/vid443_62.avi,Scoop,10,vid443
Scoop/vid444_58.avi,Scoop,10,vid444
Scoop/vid448_38.avi,Scoop,10,vid448
Scoop/vid448_47.avi,Scoop,10,vid448
Scoop/vid449_12.avi,Scoop,10,vid449
Scoop/vid450_21.avi,Scoop,10,vid450
Scoop/vid455_1.avi,Scoop,10,vid455
Scoop/vid455_57.avi,Scoop,10,vid455
Scoop/vid459_30.avi,Scoop,10,vid459
Scoop/vid461_7.avi,Scoop,10,vid461
Scoop/vid461_8.avi,Scoop,10,vid461
Scoop/vid463_17.avi,Scoop,10,vid463
Scoop/vid465_4.avi,Scoop,10,vid465
Scoop/vid468_21.avi,Scoop,10,vid468
Scoop/vid46_70.avi,Scoop,10,vid46
Scoop/vid471_44.avi,Scoop,10,vid471
Scoop/vid475_33.avi,Scoop,10,vid475
Scoop/vid475_37.avi,Scoop,10,vid475
Scoop/vid47_12.avi,Scoop,10,vid47
Scoop/vid480_1.avi,Scoop,10,vid480
Scoop/vid480_33.avi,Scoop,10,vid480
Scoop/vid480_45.avi,Scoop,10,vid480
Scoop/vid482_37.avi,Scoop,10,vid482
Scoop/vid482_44.avi,Scoop,10,vid482
Scoop/vid485_4.avi,Scoop,10,vid485
Scoop/vid489_13.avi,Scoop,10,vid489
Scoop/vid48_34.avi,Scoop,10,vid48
Scoop/vid491_14.avi,Scoop,10,vid491
Scoop/vid491_3.avi,Scoop,10,vid491
Scoop/vid492_14.avi,Scoop,10,vid492
Scoop/vid494_20.avi,Scoop,10,vid494
Scoop/vid495_1.avi,Scoop,10,vid495
Scoop/vid495_18.avi,Scoop,10,vid495
Scoop/vid495_50.avi,Scoop,10,vid495
Scoop/vid496_11.avi,Scoop,10,vid496
Scoop/vid497_9.avi,Scoop,10,vid497
Scoop/vid498_26.avi,Scoop,10,vid498
Scoop/vid49_14.avi,Scoop,10,vid49
Scoop/vid49_48.avi,Scoop,10,vid49
Scoop/vid502_4.avi,Scoop,10,vid502
Scoop/vid504_15.avi,Scoop,10,vid504
Scoop/vid504_32.avi,Scoop,10,vid504
Scoop/vid509_43.avi,Scoop,10,vid509
Scoop/vid512_12.avi,Scoop,10,vid512
Scoop/vid516_35.avi,Scoop,10,vid516
Scoop/vid516_37.avi,Scoop,10,vid516
Scoop/vid516_58.avi,Scoop,10,vid516
Scoop/vid520_58.avi,Scoop,10,vid520
Scoop/vid521_78.avi,Scoop,10,vid521
Scoop/vid526_43.avi,Scoop,10,vid526
Scoop/vid526_55.avi,Scoop,10,vid526
Scoop/vid529_73.avi,Scoop,10,vid529
Scoop/vid529_74.avi,Scoop,10,vid529
Scoop/vid52_7.avi,Scoop,10,vid52
Scoop/vid530_38.avi,Scoop,10,vid530
Scoop/vid533_16.avi,Scoop,10,vid533
Scoop/vid534_21.avi,Scoop,10,vid534
Scoop/vid535_38.avi,Scoop,10,vid535
Scoop/vid53_71.avi,Scoop,10,vid53
Scoop/vid55_26.avi,Scoop,10,vid55
Scoop/vid55_28.avi,Scoop,10,vid55
Scoop/vid56_41.avi,Scoop,10,vid56
Scoop/vid57_27.avi,Scoop,10,vid57
Scoop/vid5_16.avi,Scoop,10,vid5
Scoop/vid62_53.avi,Scoop,10,vid62
Scoop/vid67_37.avi,Scoop,10,vid67
Scoop/vid68_34.avi,Scoop,10,vid68
Scoop/vid6_12.avi,Scoop,10,vid6
Scoop/vid77_44.avi,Scoop,10,vid77
Scoop/vid7_3.avi,Scoop,10,vid7
Scoop/vid80_3.avi,Scoop,10,vid80
Scoop/vid82_10.avi,Scoop,10,vid82
Scoop/vid90_8.avi,Scoop,10,vid90
Scoop/vid92_45.avi,Scoop,10,vid92
Scoop/vid94_45.avi,Scoop,10,vid94
Scoop/vid99_29.avi,Scoop,10,vid99
Scoop/vid9_0.avi,Scoop,10,vid9
Square Cut/vid100_25.avi,Square Cut,11,vid100
Square Cut/vid100_37.avi,Square Cut,11,vid100
Square Cut/vid100_4.avi,Square Cut,11,vid100
Square Cut/vid100_57.avi,Square Cut,11,vid100
Square Cut/vid101_10.avi,Square Cut,11,vid101
Square Cut/vid101_13.avi,Square Cut,11,vid101
Square Cut/vid101_26.avi,Square Cut,11,vid101
Square Cut/vid108_26.avi,Square Cut,11,vid108
Square Cut/vid10_0.avi,Square Cut,11,vid10
Square Cut/vid10_21.avi,Square Cut,11,vid10
Square Cut/vid110_0.avi,Square Cut,11,vid110
Square Cut/vid110_27.avi,Square Cut,11,vid110
Square Cut/vid111_1.avi,Square Cut,11,vid111
Square Cut/vid111_7.avi,Square Cut,11,vid111
Square Cut/vid112_10.avi,Square Cut,11,vid112
Square Cut/vid112_4.avi,Square Cut,11,vid112
Square Cut/vid113_9.avi,Square Cut,11,vid113
Square Cut/vid115_23.avi,Square Cut,11,vid115
Square Cut/vid115_28.avi,Square Cut,11,vid115
Square Cut/vid116_24.avi,Square Cut,11,vid116
Square Cut/vid116_29.avi,Square Cut,11,vid116
Square Cut/vid116_34.avi,Square Cut,11,vid116
Square Cut/vid117_17.avi,Square Cut,11,vid117
Square Cut/vid118_9.avi,Square Cut,11,vid118
Square Cut/vid121_10.avi,Square Cut,11,vid121
Square Cut/vid121_18.avi,Square Cut,11,vid121
Square Cut/vid121_30.avi,Square Cut,11,vid121
Square Cut/vid122_25.avi,Square Cut,11,vid122
Square Cut/vid122_26.avi,Square Cut,11,vid122
Square Cut/vid123_0.avi,Square Cut,11,vid123
Square Cut/vid123_1.avi,Square Cut,11,vid123
Square Cut/vid123_31.avi,Square Cut,11,vid123
Square Cut/vid125_19.avi,Square Cut,11,vid125
Square Cut/vid125_2.avi,Square Cut,11,vid125
Square Cut/vid125_26.avi,Square Cut,11,vid125
Square Cut/vid125_28.avi,Square Cut,11,vid125
Square Cut/vid125_4.avi,Square Cut,11,vid125
Square Cut/vid126_1.avi,Square Cut,11,vid126
Square Cut/vid126_34.avi,Square Cut,11,vid126
Square Cut/vid126_35.avi,Square Cut,11,vid126
Square Cut/vid127_13.avi,Square Cut,11,vid127
Square Cut/vid128_0.avi,Square Cut,11,vid128
Square Cut/vid128_20.avi,Square Cut,11,vid128
Square Cut/vid128_21.avi,Square Cut,11,vid128
Square Cut/vid129_18.avi,Square Cut,11,vid129
Square Cut/vid129_22.avi,Square Cut,11,vid129
Square Cut/vid129_34.avi,Square Cut,11,vid129
Square Cut/vid129_4.avi,Square Cut,11,vid129
Square Cut/vid129_5.avi,Square Cut,11,vid129
Square Cut/vid12_2.avi,Square Cut,11,vid12
Square Cut/vid12_45.avi,Square Cut,11,vid12
Square Cut/vid130_12.avi,Square Cut,11,vid130
Square Cut/vid130_13.avi,Square Cut,11,vid130
Square Cut/vid130_14.avi,Square Cut,11,vid130
Square Cut/vid130_29.avi,Square Cut,11,vid130
Square Cut/vid130_3.avi,Square Cut,11,vid130
Square Cut/vid130_4.avi,Square Cut,11,vid130
Square Cut/vid131_12.avi,Square Cut,11,vid131
Square Cut/vid134_0.avi,Square Cut,11,vid134
Square Cut/vid134_3.avi,Square Cut,11,vid134
Square Cut/vid135_5.avi,Square Cut,11,vid135
Square Cut/vid137_33.avi,Square Cut,11,vid137
Square Cut/vid13_1.avi,Square Cut,11,vid13
Square Cut/vid13_32.avi,Square Cut,11,vid13
Square Cut/vid13_58.avi,Square Cut,11,vid13
Square Cut/vid140_20.avi,Square Cut,11,vid140
Square Cut/vid140_25.avi,Square Cut,11,vid140
Square Cut/vid140_27.avi,Square Cut,11,vid140
Square Cut/vid140_32.avi,Square Cut,11,vid140
Square Cut/vid141_18.avi,Square Cut,11,vid141
Square Cut/vid141_37.avi,Square Cut,11,vid141
Square Cut/vid145_17.avi,Square Cut,11,vid145
Square Cut/vid145_19.avi,Square Cut,11,vid145
Square Cut/vid148_13.avi,Square Cut,11,vid148
Square Cut/vid148_24.avi,Square Cut,11,vid148
Square Cut/vid148_27.avi,Square Cut,11,vid148
Square Cut/vid151_29.avi,Square Cut,11,vid151
Square Cut/vid151_37.avi,Square Cut,11,vid151
Square Cut/vid151_5.avi,Square Cut,11,vid151
Square Cut/vid152_17.avi,Square Cut,11,vid152
Square Cut/vid152_21.avi,Square Cut,11,vid152
Square Cut/vid156_6.avi,Square Cut,11,vid156
Square Cut/vid156_9.avi,Square Cut,11,vid156
Square Cut/vid159_26.avi,Square Cut,11,vid159
Square Cut/vid159_37.avi,Square Cut,11,vid159
Square Cut/vid15_0.avi,Square Cut,11,vid15
Square Cut/vid15_29.avi,Square Cut,11,vid15
Square Cut/vid160_19.avi,Square Cut,11,vid160
Square Cut/vid160_37.avi,Square Cut,11,vid160
Square Cut/vid162_16.avi,Square Cut,11,vid162
Square Cut/vid162_44.avi,Square Cut,11,vid162
Square Cut/vid163_30.avi,Square Cut,11,vid163
Square Cut/vid167_30.avi,Square Cut,11,vid167
Square Cut/vid16_12.avi,Square Cut,11,vid16
Square Cut/vid16_17.avi,Square Cut,11,vid16
Square Cut/vid16_53.avi,Square Cut,11,vid16
Square Cut/vid170_8.avi,Square Cut,11,vid170
Square Cut/vid173_19.avi,Square Cut,11,vid173
Square Cut/vid173_24.avi,Square Cut,11,vid173
Square Cut/vid174_6.avi,Square Cut,11,vid174
Square Cut/vid176_13.avi,Square Cut,11,vid176
Square Cut/vid176_15.avi,Square Cut,11,vid176
Square Cut/vid177_14.avi,Square Cut,11,vid177
Square Cut/vid177_9.avi,Square Cut,11,vid177
Square Cut/vid178_28.avi,Square Cut,11,vid178
Square Cut/vid178_3.avi,Square Cut,11,vid178
Square Cut/vid178_32.avi,Square Cut,11,vid178
Square Cut/vid178_9.avi,Square Cut,11,vid178
Square Cut/vid180_2.avi,Square Cut,11,vid180
Square Cut/vid182_17.avi,Square Cut,11,vid182
Square Cut/vid182_2.avi,Square Cut,11,vid182
Square Cut/vid186_0.avi,Square Cut,11,vid186
Square Cut/vid186_1.avi,Square Cut,11,vid186
Square Cut/vid18_9.avi,Square Cut,11,vid18
Square Cut/vid190_2.avi,Square Cut,11,vid190
Square Cut/vid196_1.avi,Square Cut,11,vid196
Square Cut/vid198_14.avi,Square Cut,11,vid198
Square Cut/vid198_4.avi,Square Cut,11,vid198
Square Cut/vid1_36.avi,Square Cut,11,vid1
Square Cut/vid203_10.avi,Square Cut,11,vid203
Square Cut/vid203_18.avi,Square Cut,11,vid203
Square Cut/vid203_22.avi,Square Cut,11,vid203
Square Cut/vid203_23.avi,Square Cut,11,vid203
Square Cut/vid203_25.avi,Square Cut,11,vid203
Square Cut/vid203_31.avi,Square Cut,11,vid203
Square Cut/vid203_59.avi,Square Cut,11,vid203
Square Cut/vid204_15.avi,Square Cut,11,vid204
Square Cut/vid204_24.avi,Square Cut,11,vid204
Square Cut/vid204_28.avi,Square Cut,11,vid204
Square Cut/vid204_31.avi,Square Cut,11,vid204
Square Cut/vid207_44.avi,Square Cut,11,vid207
Square Cut/vid207_50.avi,Square Cut,11,vid207
Square Cut/vid207_54.avi,Square Cut,11,vid207
Square Cut/vid209_22.avi,Square Cut,11,vid209
Square Cut/vid211_0.avi,Square Cut,11,vid211
Square Cut/vid212_11.avi,Square Cut,11,vid212
Square Cut/vid213_17.avi,Square Cut,11,vid213
Square Cut/vid213_46.avi,Square Cut,11,vid213
Square Cut/vid215_35.avi,Square Cut,11,vid215
Square Cut/vid215_46.avi,Square Cut,11,vid215
Square Cut/vid216_17.avi,Square Cut,11,vid216
Square Cut/vid216_25.avi,Square Cut,11,vid216
Square Cut/vid216_32.avi,Square Cut,11,vid216
Square Cut/vid216_33.avi,Square Cut,11,vid216
Square Cut/vid216_34.avi,Square Cut,11,vid216
Square Cut/vid219_9.avi,Square Cut,11,vid219
Square Cut/vid21_1.avi,Square Cut,11,vid21
Square Cut/vid220_18.avi,Square Cut,11,vid220
Square Cut/vid220_19.avi,Square Cut,11,vid220
Square Cut/vid220_26.avi,Square Cut,11,vid220
Square Cut/vid222_36.avi,Square Cut,11,vid222
Square Cut/vid222_6.avi,Square Cut,11,vid222
Square Cut/vid222_8.avi,Square Cut,11,vid222
Square Cut/vid223_21.avi,Square Cut,11,vid223
Square Cut/vid223_27.avi,Square Cut,11,vid223
Square Cut/vid223_31.avi,Square Cut,11,vid223
Square Cut/vid224_25.avi,Square Cut,11,vid224
Square Cut/vid225_0.avi,Square Cut,11,vid225
Square Cut/vid225_11.avi,Square Cut,11,vid225
Square Cut/vid225_13.avi,Square Cut,11,vid225
Square Cut/vid225_16.avi,Square Cut,11,vid225
Square Cut/vid225_17.avi,Square Cut,11,vid225
Square Cut/vid229_16.avi,Square Cut,11,vid229
Square Cut/vid229_22.avi,Square Cut,11,vid229
Square Cut/vid229_8.avi,Square Cut,11,vid229
Square Cut/vid231_18.avi,Square Cut,11,vid231
Square Cut/vid231_21.avi,Square Cut,11,vid231
Square Cut/vid231_24.avi,Square Cut,11,vid231
Square Cut/vid231_27.avi,Square Cut,11,vid231
Square Cut/vid232_14.avi,Square Cut,11,vid232
Square Cut/vid232_38.avi,Square Cut,11,vid232
Square Cut/vid232_6.avi,Square Cut,11,vid232
Square Cut/vid233_12.avi,Square Cut,11,vid233
Square Cut/vid233_3.avi,Square Cut,11,vid233
Square Cut/vid233_32.avi,Square Cut,11,vid233
Square Cut/vid233_4.avi,Square Cut,11,vid233
Square Cut/vid233_41.avi,Square Cut,11,vid233
Square Cut/vid234_1.avi,Square Cut,11,vid234
Square Cut/vid234_6.avi,Square Cut,11,vid234
Square Cut/vid237_15.avi,Square Cut,11,vid237
Square Cut/vid237_24.avi,Square Cut,11,vid237
Square Cut/vid239_34.avi,Square Cut,11,vid239
Square Cut/vid23_10.avi,Square Cut,11,vid23
Square Cut/vid23_18.avi,Square Cut,11,vid23
Square Cut/vid23_21.avi,Square Cut,11,vid23
Square Cut/vid23_3.avi,Square Cut,11,vid23
Square Cut/vid23_36.avi,Square Cut,11,vid23
Square Cut/vid241_17.avi,Square Cut,11,vid241
Square Cut/vid242_31.avi,Square Cut,11,vid242
Square Cut/vid244_22.avi,Square Cut,11,vid244
Square Cut/vid244_27.avi,Square Cut,11,vid244
Square Cut/vid244_28.avi,Square Cut,11,vid244
Square Cut/vid244_29.avi,Square Cut,11,vid244
Square Cut/vid244_33.avi,Square Cut,11,vid244
Square Cut/vid244_35.avi,Square Cut,11,vid244
Square Cut/vid246_0.avi,Square Cut,11,vid246
Square Cut/vid248_49.avi,Square Cut,11,vid248
Square Cut/vid24_41.avi,Square Cut,11,vid24
Square Cut/vid250_14.avi,Square Cut,11,vid250
Square Cut/vid250_18.avi,Square Cut,11,vid250
Square Cut/vid250_9.avi,Square Cut,11,vid250
Square Cut/vid251_24.avi,Square Cut,11,vid251
Square Cut/vid251_47.avi,Square Cut,11,vid251
Square Cut/vid253_18.avi,Square Cut,11,vid253
Square Cut/vid253_35.avi,Square Cut,11,vid253
Square Cut/vid253_49.avi,Square Cut,11,vid253
Square Cut/vid254_8.avi,Square Cut,11,vid254
Square Cut/vid256_3.avi,Square Cut,11,vid256
Square Cut/vid260_37.avi,Square Cut,11,vid260
Square Cut/vid262_0.avi,Square Cut,11,vid262
Square Cut/vid262_13.avi,Square Cut,11,vid262
Square Cut/vid266_2.avi,Square Cut,11,vid266
Square Cut/vid26_2.avi,Square Cut,11,vid26
Square Cut/vid26_31.avi,Square Cut,11,vid26
Square Cut/vid26_33.avi,Square Cut,11,vid26
Square Cut/vid274_3.avi,Square Cut,11,vid274
Square Cut/vid277_0.avi,Square Cut,11,vid277
Square Cut/vid277_11.avi,Square Cut,11,vid277
Square Cut/vid277_21.avi,Square Cut,11,vid277
Square Cut/vid285_10.avi,Square Cut,11,vid285
Square Cut/vid285_5.avi,Square Cut,11,vid285
Square Cut/vid288_10.avi,Square Cut,11,vid288
Square Cut/vid288_6.avi,Square Cut,11,vid288
Square Cut/vid292_3.avi,Square Cut,11,vid292
Square Cut/vid295_1.avi,Square Cut,11,vid295
Square Cut/vid295_31.avi,Square Cut,11,vid295
Square Cut/vid295_36.avi,Square Cut,11,vid295
Square Cut/vid295_4.avi,Square Cut,11,vid295
Square Cut/vid295_41.avi,Square Cut,11,vid295
Square Cut/vid297_35.avi,Square Cut,11,vid297
Square Cut/vid297_7.avi,Square Cut,11,vid297
Square Cut/vid298_10.avi,Square Cut,11,vid298
Square Cut/vid298_15.avi,Square Cut,11,vid298
Square Cut/vid298_18.avi,Square Cut,11,vid298
Square Cut/vid298_23.avi,Square Cut,11,vid298
Square Cut/vid299_14.avi,Square Cut,11,vid299
Square Cut/vid2_19.avi,Square Cut,11,vid2
Square Cut/vid2_3.avi,Square Cut,11,vid2
Square Cut/vid300_13.avi,Square Cut,11,vid300
Square Cut/vid300_26.avi,Square Cut,11,vid300
Square Cut/vid300_27.avi,Square Cut,11,vid300
Square Cut/vid300_32.avi,Square Cut,11,vid300
Square Cut/vid300_8.avi,Square Cut,11,vid300
Square Cut/vid302_13.avi,Square Cut,11,vid302
Square Cut/vid303_4.avi,Square Cut,11,vid303
Square Cut/vid303_7.avi,Square Cut,11,vid303
Square Cut/vid305_17.avi,Square Cut,11,vid305
Square Cut/vid308_6.avi,Square Cut,11,vid308
Square Cut/vid310_5.avi,Square Cut,11,vid310
Square Cut/vid313_28.avi,Square Cut,11,vid313
Square Cut/vid313_6.avi,Square Cut,11,vid313
Square Cut/vid313_8.avi,Square Cut,11,vid313
Square Cut/vid313_9.avi,Square Cut,11,vid313
Square Cut/vid315_30.avi,Square Cut,11,vid315
Square Cut/vid317_12.avi,Square Cut,11,vid317
Square Cut/vid317_18.avi,Square Cut,11,vid317
Square Cut/vid317_27.avi,Square Cut,11,vid317
Square Cut/vid318_13.avi,Square Cut,11,vid318
Square Cut/vid318_7.avi,Square Cut,11,vid318
Square Cut/vid31_10.avi,Square Cut,11,vid31
Square Cut/vid31_28.avi,Square Cut,11,vid31
Square Cut/vid320_14.avi,Square Cut,11,vid320
Square Cut/vid320_15.avi,Square Cut,11,vid320
Square Cut/vid320_46.avi,Square Cut,11,vid320
Square Cut/vid320_50.avi,Square Cut,11,vid320
Square Cut/vid323_16.avi,Square Cut,11,vid323
Square Cut/vid323_20.avi,Square Cut,11,vid323
Square Cut/vid323_21.avi,Square Cut,11,vid323
Square Cut/vid32_17.avi,Square Cut,11,vid32
Square Cut/vid330_6.avi,Square Cut,11,vid330
Square Cut/vid331_20.avi,Square Cut,11,vid331
Square Cut/vid331_43.avi,Square Cut,11,vid331
Square Cut/vid333_5.avi,Square Cut,11,vid333
Square Cut/vid334_8.avi,Square Cut,11,vid334
Square Cut/vid337_46.avi,Square Cut,11,vid337
Square Cut/vid338_1.avi,Square Cut,11,vid338
Square Cut/vid338_19.avi,Square Cut,11,vid338
Square Cut/vid340_17.avi,Square Cut,11,vid340
Square Cut/vid340_19.avi,Square Cut,11,vid340
Square Cut/vid340_21.avi,Square Cut,11,vid340
Square Cut/vid342_25.avi,Square Cut,11,vid342
Square Cut/vid342_3.avi,Square Cut,11,vid342
Square Cut/vid342_31.avi,Square Cut,11,vid342
Square Cut/vid343_26.avi,Square Cut,11,vid343
Square Cut/vid343_27.avi,Square Cut,11,vid343
Square Cut/vid346_15.avi,Square Cut,11,vid346
Square Cut/vid347_6.avi,Square Cut,11,vid347
Square Cut/vid347_7.avi,Square Cut,11,vid347
Square Cut/vid34_19.avi,Square Cut,11,vid34
Square Cut/vid34_20.avi,Square Cut,11,vid34
Square Cut/vid34_24.avi,Square Cut,11,vid34
Square Cut/vid34_9.avi,Square Cut,11,vid34
Square Cut/vid353_6.avi,Square Cut,11,vid353
Square Cut/vid354_7.avi,Square Cut,11,vid354
Square Cut/vid355_14.avi,Square Cut,11,vid355
Square Cut/vid355_16.avi,Square Cut,11,vid355
Square Cut/vid355_2.avi,Square Cut,11,vid355
Square Cut/vid357_51.avi,Square Cut,11,vid357
Square Cut/vid357_53.avi,Square Cut,11,vid357
Square Cut/vid357_7.avi,Square Cut,11,vid357
Square Cut/vid357_75.avi,Square Cut,11,vid357
Square Cut/vid357_79.avi,Square Cut,11,vid357
Square Cut/vid358_28.avi,Square Cut,11,vid358
Square Cut/vid358_4.avi,Square Cut,11,vid358
Square Cut/vid358_57.avi,Square Cut,11,vid358
Square Cut/vid359_22.avi,Square Cut,11,vid359
Square Cut/vid359_25.avi,Square Cut,11,vid359
Square Cut/vid360_44.avi,Square Cut,11,vid360
Square Cut/vid360_50.avi,Square Cut,11,vid360
Square Cut/vid360_74.avi,Square Cut,11,vid360
Square Cut/vid361_46.avi,Square Cut,11,vid361
Square Cut/vid361_59.avi,Square Cut,11,vid361
Square Cut/vid363_10.avi,Square Cut,11,vid363
Square Cut/vid366_0.avi,Square Cut,11,vid366
Square Cut/vid366_2.avi,Square Cut,11,vid366
Square Cut/vid366_26.avi,Square Cut,11,vid366
Square Cut/vid366_42.avi,Square Cut,11,vid366
Square Cut/vid367_24.avi,Square Cut,11,vid367
Square Cut/vid367_55.avi,Square Cut,11,vid367
Square Cut/vid368_0.avi,Square Cut,11,vid368
Square Cut/vid368_19.avi,Square Cut,11,vid368
Square Cut/vid368_35.avi,Square Cut,11,vid368
Square Cut/vid368_50.avi,Square Cut,11,vid368
Square Cut/vid369_27.avi,Square Cut,11,vid369
Square Cut/vid370_57.avi,Square Cut,11,vid370
Square Cut/vid372_12.avi,Square Cut,11,vid372
Square Cut/vid372_24.avi,Square Cut,11,vid372
Square Cut/vid372_25.avi,Square Cut,11,vid372
Square Cut/vid373_26.avi,Square Cut,11,vid373
Square Cut/vid373_35.avi,Square Cut,11,vid373
Square Cut/vid373_36.avi,Square Cut,11,vid373
Square Cut/vid374_49.avi,Square Cut,11,vid374
Square Cut/vid376_22.avi,Square Cut,11,vid376
Square Cut/vid377_29.avi,Square Cut,11,vid377
Square Cut/vid377_30.avi,Square Cut,11,vid377
Square Cut/vid377_4.avi,Square Cut,11,vid377
Square Cut/vid377_5.avi,Square Cut,11,vid377
Square Cut/vid377_8.avi,Square Cut,11,vid377
Square Cut/vid378_18.avi,Square Cut,11,vid378
Square Cut/vid378_22.avi,Square Cut,11,vid378
Square Cut/vid378_28.avi,Square Cut,11,vid378
Square Cut/vid378_31.avi,Square Cut,11,vid378
Square Cut/vid379_28.avi,Square Cut,11,vid379
Square Cut/vid379_29.avi,Square Cut,11,vid379
Square Cut/vid379_30.avi,Square Cut,11,vid379
Square Cut/vid379_37.avi,Square Cut,11,vid379
Square Cut/vid380_17.avi,Square Cut,11,vid380
Square Cut/vid380_26.avi,Square Cut,11,vid380
Square Cut/vid380_33.avi,Square Cut,11,vid380
Square Cut/vid380_40.avi,Square Cut,11,vid380
Square Cut/vid384_0.avi,Square Cut,11,vid384
Square Cut/vid384_4.avi,Square Cut,11,vid384
Square Cut/vid384_48.avi,Square Cut,11,vid384
Square Cut/vid384_54.avi,Square Cut,11,vid384
Square Cut/vid384_75.avi,Square Cut,11,vid384
Square Cut/vid385_13.avi,Square Cut,11,vid385
Square Cut/vid385_14.avi,Square Cut,11,vid385
Square Cut/vid385_18.avi,Square Cut,11,vid385
Square Cut/vid386_34.avi,Square Cut,11,vid386
Square Cut/vid389_15.avi,Square Cut,11,vid389
Square Cut/vid389_2.avi,Square Cut,11,vid389
Square Cut/vid389_40.avi,Square Cut,11,vid389
Square Cut/vid389_52.avi,Square Cut,11,vid389
Square Cut/vid391_32.avi,Square Cut,11,vid391
Square Cut/vid391_35.avi,Square Cut,11,vid391
Square Cut/vid393_12.avi,Square Cut,11,vid393
Square Cut/vid393_3.avi,Square Cut,11,vid393
Square Cut/vid393_35.avi,Square Cut,11,vid393
Square Cut/vid393_50.avi,Square Cut,11,vid393
Square Cut/vid394_0.avi,Square Cut,11,vid394
Square Cut/vid394_18.avi,Square Cut,11,vid394
Square Cut/vid397_7.avi,Square Cut,11,vid397
Square Cut/vid39_48.avi,Square Cut,11,vid39
Square Cut/vid39_6.avi,Square Cut,11,vid39
Square Cut/vid401_21.avi,Square Cut,11,vid401
Square Cut/vid406_29.avi,Square Cut,11,vid406
Square Cut/vid409_19.avi,Square Cut,11,vid409
Square Cut/vid409_7.avi,Square Cut,11,vid409
Square Cut/vid40_1.avi,Square Cut,11,vid40
Square Cut/vid40_26.avi,Square Cut,11,vid40
Square Cut/vid40_37.avi,Square Cut,11,vid40
Square Cut/vid40_44.avi,Square Cut,11,vid40
Square Cut/vid40_49.avi,Square Cut,11,vid40
Square Cut/vid410_5.avi,Square Cut,11,vid410
Square Cut/vid414_1.avi,Square Cut,11,vid414
Square Cut/vid416_25.avi,Square Cut,11,vid416
Square Cut/vid417_1.avi,Square Cut,11,vid417
Square Cut/vid418_25.avi,Square Cut,11,vid418
Square Cut/vid418_27.avi,Square Cut,11,vid418
Square Cut/vid418_8.avi,Square Cut,11,vid418
Square Cut/vid418_9.avi,Square Cut,11,vid418
Square Cut/vid420_12.avi,Square Cut,11,vid420
Square Cut/vid420_15.avi,Square Cut,11,vid420
Square Cut/vid421_13.avi,Square Cut,11,vid421
Square Cut/vid421_14.avi,Square Cut,11,vid421
Square Cut/vid424_17.avi,Square Cut,11,vid424
Square Cut/vid424_20.avi,Square Cut,11,vid424
Square Cut/vid424_25.avi,Square Cut,11,vid424
Square Cut/vid425_10.avi,Square Cut,11,vid425
Square Cut/vid427_1.avi,Square Cut,11,vid427
Square Cut/vid428_40.avi,Square Cut,11,vid428
Square Cut/vid428_42.avi,Square Cut,11,vid428
Square Cut/vid428_5.avi,Square Cut,11,vid428
Square Cut/vid428_9.avi,Square Cut,11,vid428
Square Cut/vid430_11.avi,Square Cut,11,vid430
Square Cut/vid430_30.avi,Square Cut,11,vid430
Square Cut/vid431_0.avi,Square Cut,11,vid431
Square Cut/vid431_28.avi,Square Cut,11,vid431
Square Cut/vid431_29.avi,Square Cut,11,vid431
Square Cut/vid431_40.avi,Square Cut,11,vid431
Square Cut/vid432_28.avi,Square Cut,11,vid432
Square Cut/vid432_30.avi,Square Cut,11,vid432
Square Cut/vid436_25.avi,Square Cut,11,vid436
Square Cut/vid436_33.avi,Square Cut,11,vid436
Square Cut/vid436_47.avi,Square Cut,11,vid436
Square Cut/vid436_9.avi,Square Cut,11,vid436
Square Cut/vid437_3.avi,Square Cut,11,vid437
Square Cut/vid437_43.avi,Square Cut,11,vid437
Square Cut/vid437_47.avi,Square Cut,11,vid437
Square Cut/vid437_55.avi,Square Cut,11,vid437
Square Cut/vid439_42.avi,Square Cut,11,vid439
Square Cut/vid439_50.avi,Square Cut,11,vid439
Square Cut/vid439_53.avi,Square Cut,11,vid439
Square Cut/vid43_63.avi,Square Cut,11,vid43
Square Cut/vid440_17.avi,Square Cut,11,vid440
Square Cut/vid441_11.avi,Square Cut,11,vid441
Square Cut/vid441_12.avi,Square Cut,11,vid441
Square Cut/vid441_13.avi,Square Cut,11,vid441
Square Cut/vid441_35.avi,Square Cut,11,vid441
Square Cut/vid441_6.avi,Square Cut,11,vid441
Square Cut/vid443_2.avi,Square Cut,11,vid443
Square Cut/vid443_24.avi,Square Cut,11,vid443
Square Cut/vid443_41.avi,Square Cut,11,vid443
Square Cut/vid444_14.avi,Square Cut,11,vid444
Square Cut/vid444_18.avi,Square Cut,11,vid444
Square Cut/vid444_26.avi,Square Cut,11,vid444
Square Cut/vid444_32.avi,Square Cut,11,vid444
Square Cut/vid444_49.avi,Square Cut,11,vid444
Square Cut/vid445_44.avi,Square Cut,11,vid445
Square Cut/vid445_55.avi,Square Cut,11,vid445
Square Cut/vid446_1.avi,Square Cut,11,vid446
Square Cut/vid446_39.avi,Square Cut,11,vid446
Square Cut/vid449_49.avi,Square Cut,11,vid449
Square Cut/vid44_0.avi,Square Cut,11,vid44
Square Cut/vid44_39.avi,Square Cut,11,vid44
Square Cut/vid453_34.avi,Square Cut,11,vid453
Square Cut/vid453_40.avi,Square Cut,11,vid453
Square Cut/vid453_50.avi,Square Cut,11,vid453
Square Cut/vid453_8.avi,Square Cut,11,vid453
Square Cut/vid454_14.avi,Square Cut,11,vid454
Square Cut/vid454_33.avi,Square Cut,11,vid454
Square Cut/vid454_7.avi,Square Cut,11,vid454
Square Cut/vid454_9.avi,Square Cut,11,vid454
Square Cut/vid455_16.avi,Square Cut,11,vid455
Square Cut/vid455_4.avi,Square Cut,11,vid455
Square Cut/vid455_45.avi,Square Cut,11,vid455
Square Cut/vid458_26.avi,Square Cut,11,vid458
Square Cut/vid459_14.avi,Square Cut,11,vid459
Square Cut/vid460_1.avi,Square Cut,11,vid460
Square Cut/vid460_2.avi,Square Cut,11,vid460
Square Cut/vid460_32.avi,Square Cut,11,vid460
Square Cut/vid460_37.avi,Square Cut,11,vid460
Square Cut/vid460_41.avi,Square Cut,11,vid460
Square Cut/vid460_42.avi,Square Cut,11,vid460
Square Cut/vid462_14.avi,Square Cut,11,vid462
Square Cut/vid462_17.avi,Square Cut,11,vid462
Square Cut/vid462_27.avi,Square Cut,11,vid462
Square Cut/vid462_34.avi,Square Cut,11,vid462
Square Cut/vid462_36.avi,Square Cut,11,vid462
Square Cut/vid464_3.avi,Square Cut,11,vid464
Square Cut/vid465_28.avi,Square Cut,11,vid465
Square Cut/vid465_32.avi,Square Cut,11,vid465
Square Cut/vid466_7.avi,Square Cut,11,vid466
Square Cut/vid469_0.avi,Square Cut,11,vid469
Square Cut/vid469_48.avi,Square Cut,11,vid469
Square Cut/vid469_9.avi,Square Cut,11,vid469
Square Cut/vid46_12.avi,Square Cut,11,vid46
Square Cut/vid473_13.avi,Square Cut,11,vid473
Square Cut/vid473_28.avi,Square Cut,11,vid473
Square Cut/vid473_48.avi,Square Cut,11,vid473
Square Cut/vid474_29.avi,Square Cut,11,vid474
Square Cut/vid474_8.avi,Square Cut,11,vid474
Square Cut/vid475_10.avi,Square Cut,11,vid475
Square Cut/vid475_12.avi,Square Cut,11,vid475
Square Cut/vid476_0.avi,Square Cut,11,vid476
Square Cut/vid479_11.avi,Square Cut,11,vid479
Square Cut/vid480_32.avi,Square Cut,11,vid480
Square Cut/vid480_9.avi,Square Cut,11,vid480
Square Cut/vid481_2.avi,Square Cut,11,vid481
Square Cut/vid481_37.avi,Square Cut,11,vid481
Square Cut/vid482_4.avi,Square Cut,11,vid482
Square Cut/vid482_40.avi,Square Cut,11,vid482
Square Cut/vid482_47.avi,Square Cut,11,vid482
Square Cut/vid482_49.avi,Square Cut,11,vid482
Square Cut/vid482_53.avi,Square Cut,11,vid482
Square Cut/vid482_8.avi,Square Cut,11,vid482
Square Cut/vid483_15.avi,Square Cut,11,vid483
Square Cut/vid486_12.avi,Square Cut,11,vid486
Square Cut/vid486_31.avi,Square Cut,11,vid486
Square Cut/vid486_36.avi,Square Cut,11,vid486
Square Cut/vid486_63.avi,Square Cut,11,vid486
Square Cut/vid487_13.avi,Square Cut,11,vid487
Square Cut/vid488_27.avi,Square Cut,11,vid488
Square Cut/vid488_29.avi,Square Cut,11,vid488
Square Cut/vid488_40.avi,Square Cut,11,vid488
Square Cut/vid490_18.avi,Square Cut,11,vid490
Square Cut/vid490_30.avi,Square Cut,11,vid490
Square Cut/vid490_6.avi,Square Cut,11,vid490
Square Cut/vid492_21.avi,Square Cut,11,vid492
Square Cut/vid492_27.avi,Square Cut,11,vid492
Square Cut/vid493_19.avi,Square Cut,11,vid493
Square Cut/vid493_23.avi,Square Cut,11,vid493
Square Cut/vid496_6.avi,Square Cut,11,vid496
Square Cut/vid497_23.avi,Square Cut,11,vid497
Square Cut/vid49_28.avi,Square Cut,11,vid49
Square Cut/vid49_34.avi,Square Cut,11,vid49
Square Cut/vid49_6.avi,Square Cut,11,vid49
Square Cut/vid501_20.avi,Square Cut,11,vid501
Square Cut/vid501_30.avi,Square Cut,11,vid501
Square Cut/vid502_10.avi,Square Cut,11,vid502
Square Cut/vid502_12.avi,Square Cut,11,vid502
Square Cut/vid503_0.avi,Square Cut,11,vid503
Square Cut/vid503_3.avi,Square Cut,11,vid503
Square Cut/vid503_30.avi,Square Cut,11,vid503
Square Cut/vid503_4.avi,Square Cut,11,vid503
Square Cut/vid503_5.avi,Square Cut,11,vid503
Square Cut/vid503_8.avi,Square Cut,11,vid503
Square Cut/vid507_12.avi,Square Cut,11,vid507
Square Cut/vid507_22.avi,Square Cut,11,vid507
Square Cut/vid507_28.avi,Square Cut,11,vid507
Square Cut/vid507_30.avi,Square Cut,11,vid507
Square Cut/vid507_5.avi,Square Cut,11,vid507
Square Cut/vid50_33.avi,Square Cut,11,vid50
Square Cut/vid510_11.avi,Square Cut,11,vid510
Square Cut/vid510_23.avi,Square Cut,11,vid510
Square Cut/vid511_4.avi,Square Cut,11,vid511
Square Cut/vid511_46.avi,Square Cut,11,vid511
Square Cut/vid511_53.avi,Square Cut,11,vid511
Square Cut/vid513_10.avi,Square Cut,11,vid513
Square Cut/vid513_22.avi,Square Cut,11,vid513
Square Cut/vid513_33.avi,Square Cut,11,vid513
Square Cut/vid513_43.avi,Square Cut,11,vid513
Square Cut/vid513_6.avi,Square Cut,11,vid513
Square Cut/vid514_40.avi,Square Cut,11,vid514
Square Cut/vid514_48.avi,Square Cut,11,vid514
Square Cut/vid515_55.avi,Square Cut,11,vid515
Square Cut/vid515_77.avi,Square Cut,11,vid515
Square Cut/vid516_11.avi,Square Cut,11,vid516
Square Cut/vid516_41.avi,Square Cut,11,vid516
Square Cut/vid516_64.avi,Square Cut,11,vid516
Square Cut/vid517_10.avi,Square Cut,11,vid517
Square Cut/vid517_12.avi,Square Cut,11,vid517
Square Cut/vid517_2.avi,Square Cut,11,vid517
Square Cut/vid517_35.avi,Square Cut,11,vid517
Square Cut/vid517_36.avi,Square Cut,11,vid517
Square Cut/vid517_4.avi,Square Cut,11,vid517
Square Cut/vid517_41.avi,Square Cut,11,vid517
Square Cut/vid517_49.avi,Square Cut,11,vid517
Square Cut/vid517_64.avi,Square Cut,11,vid517
Square Cut/vid519_33.avi,Square Cut,11,vid519
Square Cut/vid519_40.avi,Square Cut,11,vid519
Square Cut/vid519_43.avi,Square Cut,11,vid519
Square Cut/vid51_5.avi,Square Cut,11,vid51
Square Cut/vid51_50.avi,Square Cut,11,vid51
Square Cut/vid520_21.avi,Square Cut,11,vid520
Square Cut/vid520_51.avi,Square Cut,11,vid520
Square Cut/vid522_26.avi,Square Cut,11,vid522
Square Cut/vid522_34.avi,Square Cut,11,vid522
Square Cut/vid522_39.avi,Square Cut,11,vid522
Square Cut/vid522_51.avi,Square Cut,11,vid522
Square Cut/vid524_11.avi,Square Cut,11,vid524
Square Cut/vid524_2.avi,Square Cut,11,vid524
Square Cut/vid524_35.avi,Square Cut,11,vid524
Square Cut/vid526_20.avi,Square Cut,11,vid526
Square Cut/vid526_24.avi,Square Cut,11,vid526
Square Cut/vid526_45.avi,Square Cut,11,vid526
Square Cut/vid526_7.avi,Square Cut,11,vid526
Square Cut/vid526_9.avi,Square Cut,11,vid526
Square Cut/vid527_14.avi,Square Cut,11,vid527
Square Cut/vid527_44.avi,Square Cut,11,vid527
Square Cut/vid527_45.avi,Square Cut,11,vid527
Square Cut/vid527_72.avi,Square Cut,11,vid527
Square Cut/vid528_31.avi,Square Cut,11,vid528
Square Cut/vid528_49.avi,Square Cut,11,vid528
Square Cut/vid528_50.avi,Square Cut,11,vid528
Square Cut/vid530_51.avi,Square Cut,11,vid530
Square Cut/vid531_23.avi,Square Cut,11,vid531
Square Cut/vid531_34.avi,Square Cut,11,vid531
Square Cut/vid531_51.avi,Square Cut,11,vid531
Square Cut/vid531_69.avi,Square Cut,11,vid531
Square Cut/vid531_7.avi,Square Cut,11,vid531
Square Cut/vid533_52.avi,Square Cut,11,vid533
Square Cut/vid533_58.avi,Square Cut,11,vid533
Square Cut/vid533_67.avi,Square Cut,11,vid533
Square Cut/vid534_22.avi,Square Cut,11,vid534
Square Cut/vid534_51.avi,Square Cut,11,vid534
Square Cut/vid536_34.avi,Square Cut,11,vid536
Square Cut/vid536_48.avi,Square Cut,11,vid536
Square Cut/vid53_33.avi,Square Cut,11,vid53
Square Cut/vid53_39.avi,Square Cut,11,vid53
Square Cut/vid53_63.avi,Square Cut,11,vid53
Square Cut/vid56_18.avi,Square Cut,11,vid56
Square Cut/vid56_25.avi,Square Cut,11,vid56
Square Cut/vid57_26.avi,Square Cut,11,vid57
Square Cut/vid57_3.avi,Square Cut,11,vid57
Square Cut/vid60_13.avi,Square Cut,11,vid60
Square Cut/vid60_3.avi,Square Cut,11,vid60
Square Cut/vid60_42.avi,Square Cut,11,vid60
Square Cut/vid61_1.avi,Square Cut,11,vid61
Square Cut/vid61_15.avi,Square Cut,11,vid61
Square Cut/vid61_16.avi,Square Cut,11,vid61
Square Cut/vid63_0.avi,Square Cut,11,vid63
Square Cut/vid63_23.avi,Square Cut,11,vid63
Square Cut/vid64_19.avi,Square Cut,11,vid64
Square Cut/vid65_6.avi,Square Cut,11,vid65
Square Cut/vid67_6.avi,Square Cut,11,vid67
Square Cut/vid68_0.avi,Square Cut,11,vid68
Square Cut/vid69_11.avi,Square Cut,11,vid69
Square Cut/vid69_20.avi,Square Cut,11,vid69
Square Cut/vid69_21.avi,Square Cut,11,vid69
Square Cut/vid69_23.avi,Square Cut,11,vid69
Square Cut/vid70_36.avi,Square Cut,11,vid70
Square Cut/vid70_6.avi,Square Cut,11,vid70
Square Cut/vid72_0.avi,Square Cut,11,vid72
Square Cut/vid72_29.avi,Square Cut,11,vid72
Square Cut/vid73_17.avi,Square Cut,11,vid73
Square Cut/vid74_13.avi,Square Cut,11,vid74
Square Cut/vid74_25.avi,Square Cut,11,vid74
Square Cut/vid74_26.avi,Square Cut,11,vid74
Square Cut/vid74_28.avi,Square Cut,11,vid74
Square Cut/vid76_24.avi,Square Cut,11,vid76
Square Cut/vid77_13.avi,Square Cut,11,vid77
Square Cut/vid77_6.avi,Square Cut,11,vid77
Square Cut/vid78_27.avi,Square Cut,11,vid78
Square Cut/vid78_5.avi,Square Cut,11,vid78
Square Cut/vid78_8.avi,Square Cut,11,vid78
Square Cut/vid78_9.avi,Square Cut,11,vid78
Square Cut/vid82_32.avi,Square Cut,11,vid82
Square Cut/vid83_10.avi,Square Cut,11,vid83
Square Cut/vid83_6.avi,Square Cut,11,vid83
Square Cut/vid84_10.avi,Square Cut,11,vid84
Square Cut/vid84_27.avi,Square Cut,11,vid84
Square Cut/vid84_8.avi,Square Cut,11,vid84
Square Cut/vid84_9.avi,Square Cut,11,vid84
Square Cut/vid87_34.avi,Square Cut,11,vid87
Square Cut/vid87_49.avi,Square Cut,11,vid87
Square Cut/vid89_0.avi,Square Cut,11,vid89
Square Cut/vid92_2.avi,Square Cut,11,vid92
Square Cut/vid92_35.avi,Square Cut,11,vid92
Square Cut/vid92_38.avi,Square Cut,11,vid92
Square Cut/vid92_4.avi,Square Cut,11,vid92
Square Cut/vid93_42.avi,Square Cut,11,vid93
Square Cut/vid93_43.avi,Square Cut,11,vid93
Square Cut/vid93_44.avi,Square Cut,11,vid93
Square Cut/vid95_27.avi,Square Cut,11,vid95
Straight Drive/vid102_5.avi,Straight Drive,12,vid102
Straight Drive/vid103_4.avi,Straight Drive,12,vid103
Straight Drive/vid104_22.avi,Straight Drive,12,vid104
Straight Drive/vid104_3.avi,Straight Drive,12,vid104
Straight Drive/vid106_16.avi,Straight Drive,12,vid106
Straight Drive/vid106_2.avi,Straight Drive,12,vid106
Straight Drive/vid106_26.avi,Straight Drive,12,vid106
Straight Drive/vid107_0.avi,Straight Drive,12,vid107
Straight Drive/vid108_20.avi,Straight Drive,12,vid108
Straight Drive/vid110_7.avi,Straight Drive,12,vid110
Straight Drive/vid111_13.avi,Straight Drive,12,vid111
Straight Drive/vid114_7.avi,Straight Drive,12,vid114
Straight Drive/vid115_15.avi,Straight Drive,12,vid115
Straight Drive/vid116_2.avi,Straight Drive,12,vid116
Straight Drive/vid117_10.avi,Straight Drive,12,vid117
Straight Drive/vid117_5.avi,Straight Drive,12,vid117
Straight Drive/vid122_23.avi,Straight Drive,12,vid122
Straight Drive/vid122_7.avi,Straight Drive,12,vid122
Straight Drive/vid125_11.avi,Straight Drive,12,vid125
Straight Drive/vid127_15.avi,Straight Drive,12,vid127
Straight Drive/vid129_7.avi,Straight Drive,12,vid129
Straight Drive/vid12_4.avi,Straight Drive,12,vid12
Straight Drive/vid130_31.avi,Straight Drive,12,vid130
Straight Drive/vid137_1.avi,Straight Drive,12,vid137
Straight Drive/vid137_7.avi,Straight Drive,12,vid137
Straight Drive/vid138_19.avi,Straight Drive,12,vid138
Straight Drive/vid13_30.avi,Straight Drive,12,vid13
Straight Drive/vid13_5.avi,Straight Drive,12,vid13
Straight Drive/vid141_22.avi,Straight Drive,12,vid141
Straight Drive/vid141_26.avi,Straight Drive,12,vid141
Straight Drive/vid143_25.avi,Straight Drive,12,vid143
Straight Drive/vid143_30.avi,Straight Drive,12,vid143
Straight Drive/vid144_25.avi,Straight Drive,12,vid144
Straight Drive/vid146_34.avi,Straight Drive,12,vid146
Straight Drive/vid150_27.avi,Straight Drive,12,vid150
Straight Drive/vid150_5.avi,Straight Drive,12,vid150
Straight Drive/vid151_8.avi,Straight Drive,12,vid151
Straight Drive/vid157_4.avi,Straight Drive,12,vid157
Straight Drive/vid159_1.avi,Straight Drive,12,vid159
Straight Drive/vid15_16.avi,Straight Drive,12,vid15
Straight Drive/vid160_0.avi,Straight Drive,12,vid160
Straight Drive/vid160_5.avi,Straight Drive,12,vid160
Straight Drive/vid162_13.avi,Straight Drive,12,vid162
Straight Drive/vid162_21.avi,Straight Drive,12,vid162
Straight Drive/vid163_17.avi,Straight Drive,12,vid163
Straight Drive/vid166_3.avi,Straight Drive,12,vid166
Straight Drive/vid167_4.avi,Straight Drive,12,vid167
Straight Drive/vid167_5.avi,Straight Drive,12,vid167
Straight Drive/vid16_7.avi,Straight Drive,12,vid16
Straight Drive/vid172_31.avi,Straight Drive,12,vid172
Straight Drive/vid174_13.avi,Straight Drive,12,vid174
Straight Drive/vid178_5.avi,Straight Drive,12,vid178
Straight Drive/vid179_2.avi,Straight Drive,12,vid179
Straight Drive/vid180_22.avi,Straight Drive,12,vid180
Straight Drive/vid180_4.avi,Straight Drive,12,vid180
Straight Drive/vid182_4.avi,Straight Drive,12,vid182
Straight Drive/vid187_22.avi,Straight Drive,12,vid187
Straight Drive/vid18_2.avi,Straight Drive,12,vid18
Straight Drive/vid194_12.avi,Straight Drive,12,vid194
Straight Drive/vid199_21.avi,Straight Drive,12,vid199
Straight Drive/vid19_4.avi,Straight Drive,12,vid19
Straight Drive/vid1_5.avi,Straight Drive,12,vid1
Straight Drive/vid1_9.avi,Straight Drive,12,vid1
Straight Drive/vid206_48.avi,Straight Drive,12,vid206
Straight Drive/vid207_4.avi,Straight Drive,12,vid207
Straight Drive/vid207_42.avi,Straight Drive,12,vid207
Straight Drive/vid212_0.avi,Straight Drive,12,vid212
Straight Drive/vid212_39.avi,Straight Drive,12,vid212
Straight Drive/vid215_49.avi,Straight Drive,12,vid215
Straight Drive/vid215_8.avi,Straight Drive,12,vid215
Straight Drive/vid219_14.avi,Straight Drive,12,vid219
Straight Drive/vid220_13.avi,Straight Drive,12,vid220
Straight Drive/vid221_5.avi,Straight Drive,12,vid221
Straight Drive/vid223_32.avi,Straight Drive,12,vid223
Straight Drive/vid224_19.avi,Straight Drive,12,vid224
Straight Drive/vid224_30.avi,Straight Drive,12,vid224
Straight Drive/vid225_25.avi,Straight Drive,12,vid225
Straight Drive/vid225_26.avi,Straight Drive,12,vid225
Straight Drive/vid226_10.avi,Straight Drive,12,vid226
Straight Drive/vid226_48.avi,Straight Drive,12,vid226
Straight Drive/vid227_36.avi,Straight Drive,12,vid227
Straight Drive/vid230_22.avi,Straight Drive,12,vid230
Straight Drive/vid230_5.avi,Straight Drive,12,vid230
Straight Drive/vid233_24.avi,Straight Drive,12,vid233
Straight Drive/vid235_23.avi,Straight Drive,12,vid235
Straight Drive/vid237_13.avi,Straight Drive,12,vid237
Straight Drive/vid238_53.avi,Straight Drive,12,vid238
Straight Drive/vid238_55.avi,Straight Drive,12,vid238
Straight Drive/vid239_35.avi,Straight Drive,12,vid239
Straight Drive/vid241_41.avi,Straight Drive,12,vid241
Straight Drive/vid241_5.avi,Straight Drive,12,vid241
Straight Drive/vid242_22.avi,Straight Drive,12,vid242
Straight Drive/vid244_31.avi,Straight Drive,12,vid244
Straight Drive/vid244_4.avi,Straight Drive,12,vid244
Straight Drive/vid246_22.avi,Straight Drive,12,vid246
Straight Drive/vid248_10.avi,Straight Drive,12,vid248
Straight Drive/vid248_27.avi,Straight Drive,12,vid248
Straight Drive/vid248_3.avi,Straight Drive,12,vid248
Straight Drive/vid251_19.avi,Straight Drive,12,vid251
Straight Drive/vid251_31.avi,Straight Drive,12,vid251
Straight Drive/vid252_35.avi,Straight Drive,12,vid252
Straight Drive/vid252_52.avi,Straight Drive,12,vid252
Straight Drive/vid253_2.avi,Straight Drive,12,vid253
Straight Drive/vid254_4.avi,Straight Drive,12,vid254
Straight Drive/vid269_1.avi,Straight Drive,12,vid269
Straight Drive/vid26_9.avi,Straight Drive,12,vid26
Straight Drive/vid286_1.avi,Straight Drive,12,vid286
Straight Drive/vid295_5.avi,Straight Drive,12,vid295
Straight Drive/vid298_12.avi,Straight Drive,12,vid298
Straight Drive/vid298_13.avi,Straight Drive,12,vid298
Straight Drive/vid2_24.avi,Straight Drive,12,vid2
Straight Drive/vid302_9.avi,Straight Drive,12,vid302
Straight Drive/vid306_22.avi,Straight Drive,12,vid306
Straight Drive/vid308_3.avi,Straight Drive,12,vid308
Straight Drive/vid310_10.avi,Straight Drive,12,vid310
Straight Drive/vid310_3.avi,Straight Drive,12,vid310
Straight Drive/vid311_5.avi,Straight Drive,12,vid311
Straight Drive/vid312_21.avi,Straight Drive,12,vid312
Straight Drive/vid312_24.avi,Straight Drive,12,vid312
Straight Drive/vid317_6.avi,Straight Drive,12,vid317
Straight Drive/vid318_2.avi,Straight Drive,12,vid318
Straight Drive/vid321_23.avi,Straight Drive,12,vid321
Straight Drive/vid324_21.avi,Straight Drive,12,vid324
Straight Drive/vid327_11.avi,Straight Drive,12,vid327
Straight Drive/vid327_26.avi,Straight Drive,12,vid327
Straight Drive/vid332_18.avi,Straight Drive,12,vid332
Straight Drive/vid337_18.avi,Straight Drive,12,vid337
Straight Drive/vid338_3.avi,Straight Drive,12,vid338
Straight Drive/vid33_26.avi,Straight Drive,12,vid33
Straight Drive/vid341_29.avi,Straight Drive,12,vid341
Straight Drive/vid343_30.avi,Straight Drive,12,vid343
Straight Drive/vid344_56.avi,Straight Drive,12,vid344
Straight Drive/vid345_1.avi,Straight Drive,12,vid345
Straight Drive/vid34_1.avi,Straight Drive,12,vid34
Straight Drive/vid34_10.avi,Straight Drive,12,vid34
Straight Drive/vid353_24.avi,Straight Drive,12,vid353
Straight Drive/vid354_25.avi,Straight Drive,12,vid354
Straight Drive/vid355_23.avi,Straight Drive,12,vid355
Straight Drive/vid355_46.avi,Straight Drive,12,vid355
Straight Drive/vid359_3.avi,Straight Drive,12,vid359
Straight Drive/vid361_0.avi,Straight Drive,12,vid361
Straight Drive/vid366_45.avi,Straight Drive,12,vid366
Straight Drive/vid367_18.avi,Straight Drive,12,vid367
Straight Drive/vid367_39.avi,Straight Drive,12,vid367
Straight Drive/vid369_45.avi,Straight Drive,12,vid369
Straight Drive/vid36_8.avi,Straight Drive,12,vid36
Straight Drive/vid370_19.avi,Straight Drive,12,vid370
Straight Drive/vid372_1.avi,Straight Drive,12,vid372
Straight Drive/vid374_53.avi,Straight Drive,12,vid374
Straight Drive/vid376_31.avi,Straight Drive,12,vid376
Straight Drive/vid377_6.avi,Straight Drive,12,vid377
Straight Drive/vid379_11.avi,Straight Drive,12,vid379
Straight Drive/vid380_16.avi,Straight Drive,12,vid380
Straight Drive/vid384_49.avi,Straight Drive,12,vid384
Straight Drive/vid385_12.avi,Straight Drive,12,vid385
Straight Drive/vid387_49.avi,Straight Drive,12,vid387
Straight Drive/vid389_12.avi,Straight Drive,12,vid389
Straight Drive/vid389_49.avi,Straight Drive,12,vid389
Straight Drive/vid392_31.avi,Straight Drive,12,vid392
Straight Drive/vid394_14.avi,Straight Drive,12,vid394
Straight Drive/vid397_27.avi,Straight Drive,12,vid397
Straight Drive/vid401_2.avi,Straight Drive,12,vid401
Straight Drive/vid401_5.avi,Straight Drive,12,vid401
Straight Drive/vid402_22.avi,Straight Drive,12,vid402
Straight Drive/vid403_4.avi,Straight Drive,12,vid403
Straight Drive/vid40_2.avi,Straight Drive,12,vid40
Straight Drive/vid40_24.avi,Straight Drive,12,vid40
Straight Drive/vid411_22.avi,Straight Drive,12,vid411
Straight Drive/vid415_24.avi,Straight Drive,12,vid415
Straight Drive/vid416_2.avi,Straight Drive,12,vid416
Straight Drive/vid416_4.avi,Straight Drive,12,vid416
Straight Drive/vid41_5.avi,Straight Drive,12,vid41
Straight Drive/vid424_19.avi,Straight Drive,12,vid424
Straight Drive/vid428_35.avi,Straight Drive,12,vid428
Straight Drive/vid42_55.avi,Straight Drive,12,vid42
Straight Drive/vid433_56.avi,Straight Drive,12,vid433
Straight Drive/vid434_4.avi,Straight Drive,12,vid434
Straight Drive/vid437_28.avi,Straight Drive,12,vid437
Straight Drive/vid440_0.avi,Straight Drive,12,vid440
Straight Drive/vid442_1.avi,Straight Drive,12,vid442
Straight Drive/vid442_37.avi,Straight Drive,12,vid442
Straight Drive/vid443_42.avi,Straight Drive,12,vid443
Straight Drive/vid444_31.avi,Straight Drive,12,vid444
Straight Drive/vid446_38.avi,Straight Drive,12,vid446
Straight Drive/vid449_39.avi,Straight Drive,12,vid449
Straight Drive/vid44_32.avi,Straight Drive,12,vid44
Straight Drive/vid450_38.avi,Straight Drive,12,vid450
Straight Drive/vid450_9.avi,Straight Drive,12,vid450
Straight Drive/vid451_11.avi,Straight Drive,12,vid451
Straight Drive/vid451_57.avi,Straight Drive,12,vid451
Straight Drive/vid452_37.avi,Straight Drive,12,vid452
Straight Drive/vid453_49.avi,Straight Drive,12,vid453
Straight Drive/vid455_0.avi,Straight Drive,12,vid455
Straight Drive/vid456_19.avi,Straight Drive,12,vid456
Straight Drive/vid456_22.avi,Straight Drive,12,vid456
Straight Drive/vid456_24.avi,Straight Drive,12,vid456
Straight Drive/vid456_28.avi,Straight Drive,12,vid456
Straight Drive/vid456_7.avi,Straight Drive,12,vid456
Straight Drive/vid458_0.avi,Straight Drive,12,vid458
Straight Drive/vid458_4.avi,Straight Drive,12,vid458
Straight Drive/vid460_0.avi,Straight Drive,12,vid460
Straight Drive/vid461_28.avi,Straight Drive,12,vid461
Straight Drive/vid461_39.avi,Straight Drive,12,vid461
Straight Drive/vid465_27.avi,Straight Drive,12,vid465
Straight Drive/vid467_22.avi,Straight Drive,12,vid467
Straight Drive/vid467_37.avi,Straight Drive,12,vid467
Straight Drive/vid473_3.avi,Straight Drive,12,vid473
Straight Drive/vid478_10.avi,Straight Drive,12,vid478
Straight Drive/vid481_33.avi,Straight Drive,12,vid481
Straight Drive/vid481_4.avi,Straight Drive,12,vid481
Straight Drive/vid481_8.avi,Straight Drive,12,vid481
Straight Drive/vid485_11.avi,Straight Drive,12,vid485
Straight Drive/vid485_36.avi,Straight Drive,12,vid485
Straight Drive/vid486_37.avi,Straight Drive,12,vid486
Straight Drive/vid488_1.avi,Straight Drive,12,vid488
Straight Drive/vid488_2.avi,Straight Drive,12,vid488
Straight Drive/vid489_6.avi,Straight Drive,12,vid489
Straight Drive/vid492_11.avi,Straight Drive,12,vid492
Straight Drive/vid492_23.avi,Straight Drive,12,vid492
Straight Drive/vid494_16.avi,Straight Drive,12,vid494
Straight Drive/vid495_0.avi,Straight Drive,12,vid495
Straight Drive/vid495_45.avi,Straight Drive,12,vid495
Straight Drive/vid499_19.avi,Straight Drive,12,vid499
Straight Drive/vid49_1.avi,Straight Drive,12,vid49
Straight Drive/vid4_29.avi,Straight Drive,12,vid4
Straight Drive/vid500_2.avi,Straight Drive,12,vid500
Straight Drive/vid500_20.avi,Straight Drive,12,vid500
Straight Drive/vid502_0.avi,Straight Drive,12,vid502
Straight Drive/vid503_7.avi,Straight Drive,12,vid503
Straight Drive/vid505_33.avi,Straight Drive,12,vid505
Straight Drive/vid506_19.avi,Straight Drive,12,vid506
Straight Drive/vid507_0.avi,Straight Drive,12,vid507
Straight Drive/vid507_25.avi,Straight Drive,12,vid507
Straight Drive/vid509_33.avi,Straight Drive,12,vid509
Straight Drive/vid509_42.avi,Straight Drive,12,vid509
Straight Drive/vid50_6.avi,Straight Drive,12,vid50
Straight Drive/vid50_9.avi,Straight Drive,12,vid50
Straight Drive/vid510_5.avi,Straight Drive,12,vid510
Straight Drive/vid511_25.avi,Straight Drive,12,vid511
Straight Drive/vid511_47.avi,Straight Drive,12,vid511
Straight Drive/vid512_8.avi,Straight Drive,12,vid512
Straight Drive/vid515_23.avi,Straight Drive,12,vid515
Straight Drive/vid517_29.avi,Straight Drive,12,vid517
Straight Drive/vid518_50.avi,Straight Drive,12,vid518
Straight Drive/vid51_0.avi,Straight Drive,12,vid51
Straight Drive/vid520_34.avi,Straight Drive,12,vid520
Straight Drive/vid521_29.avi,Straight Drive,12,vid521
Straight Drive/vid522_0.avi,Straight Drive,12,vid522
Straight Drive/vid523_33.avi,Straight Drive,12,vid523
Straight Drive/vid523_5.avi,Straight Drive,12,vid523
Straight Drive/vid524_0.avi,Straight Drive,12,vid524
Straight Drive/vid531_18.avi,Straight Drive,12,vid531
Straight Drive/vid531_63.avi,Straight Drive,12,vid531
Straight Drive/vid532_4.avi,Straight Drive,12,vid532
Straight Drive/vid532_41.avi,Straight Drive,12,vid532
Straight Drive/vid53_15.avi,Straight Drive,12,vid53
Straight Drive/vid57_20.avi,Straight Drive,12,vid57
Straight Drive/vid63_9.avi,Straight Drive,12,vid63
Straight Drive/vid64_32.avi,Straight Drive,12,vid64
Straight Drive/vid65_16.avi,Straight Drive,12,vid65
Straight Drive/vid67_11.avi,Straight Drive,12,vid67
Straight Drive/vid72_4.avi,Straight Drive,12,vid72
Straight Drive/vid82_4.avi,Straight Drive,12,vid82
Straight Drive/vid86_44.avi,Straight Drive,12,vid86
Straight Drive/vid87_7.avi,Straight Drive,12,vid87
Straight Drive/vid89_4.avi,Straight Drive,12,vid89
Straight Drive/vid91_10.avi,Straight Drive,12,vid91
Straight Drive/vid92_37.avi,Straight Drive,12,vid92
Straight Drive/vid94_34.avi,Straight Drive,12,vid94
Straight Drive/vid96_31.avi,Straight Drive,12,vid96
Straight Drive/vid9_37.avi,Straight Drive,12,vid9
Sweep/vid100_21.avi,Sweep,13,vid100
Sweep/vid100_43.avi,Sweep,13,vid100
Sweep/vid105_27.avi,Sweep,13,vid105
Sweep/vid106_7.avi,Sweep,13,vid106
Sweep/vid108_36.avi,Sweep,13,vid108
Sweep/vid109_10.avi,Sweep,13,vid109
Sweep/vid109_6.avi,Sweep,13,vid109
Sweep/vid113_24.avi,Sweep,13,vid113
Sweep/vid113_25.avi,Sweep,13,vid113
Sweep/vid113_28.avi,Sweep,13,vid113
Sweep/vid115_31.avi,Sweep,13,vid115
Sweep/vid116_31.avi,Sweep,13,vid116
Sweep/vid11_22.avi,Sweep,13,vid11
Sweep/vid120_7.avi,Sweep,13,vid120
Sweep/vid122_11.avi,Sweep,13,vid122
Sweep/vid123_10.avi,Sweep,13,vid123
Sweep/vid123_28.avi,Sweep,13,vid123
Sweep/vid123_7.avi,Sweep,13,vid123
Sweep/vid123_8.avi,Sweep,13,vid123
Sweep/vid126_15.avi,Sweep,13,vid126
Sweep/vid127_1.avi,Sweep,13,vid127
Sweep/vid129_12.avi,Sweep,13,vid129
Sweep/vid129_26.avi,Sweep,13,vid129
Sweep/vid129_30.avi,Sweep,13,vid129
Sweep/vid133_1.avi,Sweep,13,vid133
Sweep/vid133_24.avi,Sweep,13,vid133
Sweep/vid136_23.avi,Sweep,13,vid136
Sweep/vid136_26.avi,Sweep,13,vid136
Sweep/vid137_9.avi,Sweep,13,vid137
Sweep/vid13_19.avi,Sweep,13,vid13
Sweep/vid13_6.avi,Sweep,13,vid13
Sweep/vid147_12.avi,Sweep,13,vid147
Sweep/vid147_35.avi,Sweep,13,vid147
Sweep/vid148_11.avi,Sweep,13,vid148
Sweep/vid148_42.avi,Sweep,13,vid148
Sweep/vid14_22.avi,Sweep,13,vid14
Sweep/vid14_30.avi,Sweep,13,vid14
Sweep/vid14_31.avi,Sweep,13,vid14
Sweep/vid14_50.avi,Sweep,13,vid14
Sweep/vid151_19.avi,Sweep,13,vid151
Sweep/vid154_29.avi,Sweep,13,vid154
Sweep/vid156_10.avi,Sweep,13,vid156
Sweep/vid156_12.avi,Sweep,13,vid156
Sweep/vid156_24.avi,Sweep,13,vid156
Sweep/vid156_29.avi,Sweep,13,vid156
Sweep/vid15_17.avi,Sweep,13,vid15
Sweep/vid163_4.avi,Sweep,13,vid163
Sweep/vid164_15.avi,Sweep,13,vid164
Sweep/vid165_45.avi,Sweep,13,vid165
Sweep/vid166_2.avi,Sweep,13,vid166
Sweep/vid167_29.avi,Sweep,13,vid167
Sweep/vid167_9.avi,Sweep,13,vid167
Sweep/vid169_40.avi,Sweep,13,vid169
Sweep/vid16_11.avi,Sweep,13,vid16
Sweep/vid16_28.avi,Sweep,13,vid16
Sweep/vid16_49.avi,Sweep,13,vid16
Sweep/vid171_1.avi,Sweep,13,vid171
Sweep/vid171_12.avi,Sweep,13,vid171
Sweep/vid171_21.avi,Sweep,13,vid171
Sweep/vid171_23.avi,Sweep,13,vid171
Sweep/vid171_4.avi,Sweep,13,vid171
Sweep/vid172_10.avi,Sweep,13,vid172
Sweep/vid174_23.avi,Sweep,13,vid174
Sweep/vid174_25.avi,Sweep,13,vid174
Sweep/vid175_7.avi,Sweep,13,vid175
Sweep/vid176_5.avi,Sweep,13,vid176
Sweep/vid177_11.avi,Sweep,13,vid177
Sweep/vid177_8.avi,Sweep,13,vid177
Sweep/vid180_23.avi,Sweep,13,vid180
Sweep/vid183_15.avi,Sweep,13,vid183
Sweep/vid185_10.avi,Sweep,13,vid185
Sweep/vid185_12.avi,Sweep,13,vid185
Sweep/vid191_6.avi,Sweep,13,vid191
Sweep/vid192_1.avi,Sweep,13,vid192
Sweep/vid198_6.avi,Sweep,13,vid198
Sweep/vid200_13.avi,Sweep,13,vid200
Sweep/vid203_39.avi,Sweep,13,vid203
Sweep/vid203_61.avi,Sweep,13,vid203
Sweep/vid204_35.avi,Sweep,13,vid204
Sweep/vid204_45.avi,Sweep,13,vid204
Sweep/vid205_23.avi,Sweep,13,vid205
Sweep/vid205_75.avi,Sweep,13,vid205
Sweep/vid206_9.avi,Sweep,13,vid206
Sweep/vid207_52.avi,Sweep,13,vid207
Sweep/vid208_26.avi,Sweep,13,vid208
Sweep/vid20_4.avi,Sweep,13,vid20
Sweep/vid210_36.avi,Sweep,13,vid210
Sweep/vid210_37.avi,Sweep,13,vid210
Sweep/vid210_40.avi,Sweep,13,vid210
Sweep/vid210_41.avi,Sweep,13,vid210
Sweep/vid212_13.avi,Sweep,13,vid212
Sweep/vid212_32.avi,Sweep,13,vid212
Sweep/vid212_4.avi,Sweep,13,vid212
Sweep/vid212_6.avi,Sweep,13,vid212
Sweep/vid213_64.avi,Sweep,13,vid213
Sweep/vid214_18.avi,Sweep,13,vid214
Sweep/vid222_10.avi,Sweep,13,vid222
Sweep/vid223_15.avi,Sweep,13,vid223
Sweep/vid224_14.avi,Sweep,13,vid224
Sweep/vid224_9.avi,Sweep,13,vid224
Sweep/vid231_14.avi,Sweep,13,vid231
Sweep/vid231_16.avi,Sweep,13,vid231
Sweep/vid233_25.avi,Sweep,13,vid233
Sweep/vid234_35.avi,Sweep,13,vid234
Sweep/vid234_41.avi,Sweep,13,vid234
Sweep/vid23_13.avi,Sweep,13,vid23
Sweep/vid23_16.avi,Sweep,13,vid23
Sweep/vid23_41.avi,Sweep,13,vid23
Sweep/vid242_33.avi,Sweep,13,vid242
Sweep/vid245_16.avi,Sweep,13,vid245
Sweep/vid24_26.avi,Sweep,13,vid24
Sweep/vid251_37.avi,Sweep,13,vid251
Sweep/vid253_37.avi,Sweep,13,vid253
Sweep/vid253_40.avi,Sweep,13,vid253
Sweep/vid253_5.avi,Sweep,13,vid253
Sweep/vid253_6.avi,Sweep,13,vid253
Sweep/vid254_23.avi,Sweep,13,vid254
Sweep/vid256_28.avi,Sweep,13,vid256
Sweep/vid256_37.avi,Sweep,13,vid256
Sweep/vid256_8.avi,Sweep,13,vid256
Sweep/vid25_34.avi,Sweep,13,vid25
Sweep/vid25_6.avi,Sweep,13,vid25
Sweep/vid263_4.avi,Sweep,13,vid263
Sweep/vid266_14.avi,Sweep,13,vid266
Sweep/vid270_14.avi,Sweep,13,vid270
Sweep/vid273_0.avi,Sweep,13,vid273
Sweep/vid278_1.avi,Sweep,13,vid278
Sweep/vid279_13.avi,Sweep,13,vid279
Sweep/vid280_15.avi,Sweep,13,vid280
Sweep/vid281_2.avi,Sweep,13,vid281
Sweep/vid285_2.avi,Sweep,13,vid285
Sweep/vid285_3.avi,Sweep,13,vid285
Sweep/vid285_6.avi,Sweep,13,vid285
Sweep/vid286_0.avi,Sweep,13,vid286
Sweep/vid286_15.avi,Sweep,13,vid286
Sweep/vid28_39.avi,Sweep,13,vid28
Sweep/vid28_49.avi,Sweep,13,vid28
Sweep/vid28_56.avi,Sweep,13,vid28
Sweep/vid291_14.avi,Sweep,13,vid291
Sweep/vid291_7.avi,Sweep,13,vid291
Sweep/vid297_24.avi,Sweep,13,vid297
Sweep/vid2_31.avi,Sweep,13,vid2
Sweep/vid2_36.avi,Sweep,13,vid2
Sweep/vid303_17.avi,Sweep,13,vid303
Sweep/vid303_21.avi,Sweep,13,vid303
Sweep/vid30_34.avi,Sweep,13,vid30
Sweep/vid310_4.avi,Sweep,13,vid310
Sweep/vid310_9.avi,Sweep,13,vid310
Sweep/vid313_11.avi,Sweep,13,vid313
Sweep/vid314_22.avi,Sweep,13,vid314
Sweep/vid31_32.avi,Sweep,13,vid31
Sweep/vid31_34.avi,Sweep,13,vid31
Sweep/vid320_9.avi,Sweep,13,vid320
Sweep/vid321_22.avi,Sweep,13,vid321
Sweep/vid321_5.avi,Sweep,13,vid321
Sweep/vid327_2.avi,Sweep,13,vid327
Sweep/vid327_6.avi,Sweep,13,vid327
Sweep/vid331_17.avi,Sweep,13,vid331
Sweep/vid331_38.avi,Sweep,13,vid331
Sweep/vid332_8.avi,Sweep,13,vid332
Sweep/vid334_12.avi,Sweep,13,vid334
Sweep/vid335_18.avi,Sweep,13,vid335
Sweep/vid337_14.avi,Sweep,13,vid337
Sweep/vid337_28.avi,Sweep,13,vid337
Sweep/vid337_40.avi,Sweep,13,vid337
Sweep/vid340_15.avi,Sweep,13,vid340
Sweep/vid341_4.avi,Sweep,13,vid341
Sweep/vid344_26.avi,Sweep,13,vid344
Sweep/vid344_40.avi,Sweep,13,vid344
Sweep/vid344_42.avi,Sweep,13,vid344
Sweep/vid344_45.avi,Sweep,13,vid344
Sweep/vid344_49.avi,Sweep,13,vid344
Sweep/vid344_53.avi,Sweep,13,vid344
Sweep/vid346_9.avi,Sweep,13,vid346
Sweep/vid347_9.avi,Sweep,13,vid347
Sweep/vid349_14.avi,Sweep,13,vid349
Sweep/vid34_17.avi,Sweep,13,vid34
Sweep/vid34_8.avi,Sweep,13,vid34
Sweep/vid350_12.avi,Sweep,13,vid350
Sweep/vid350_3.avi,Sweep,13,vid350
Sweep/vid353_22.avi,Sweep,13,vid353
Sweep/vid354_12.avi,Sweep,13,vid354
Sweep/vid354_13.avi,Sweep,13,vid354
Sweep/vid354_2.avi,Sweep,13,vid354
Sweep/vid354_4.avi,Sweep,13,vid354
Sweep/vid354_6.avi,Sweep,13,vid354
Sweep/vid355_8.avi,Sweep,13,vid355
Sweep/vid356_14.avi,Sweep,13,vid356
Sweep/vid356_18.avi,Sweep,13,vid356
Sweep/vid356_38.avi,Sweep,13,vid356
Sweep/vid356_59.avi,Sweep,13,vid356
Sweep/vid356_8.avi,Sweep,13,vid356
Sweep/vid357_57.avi,Sweep,13,vid357
Sweep/vid357_70.avi,Sweep,13,vid357
Sweep/vid360_10.avi,Sweep,13,vid360
Sweep/vid360_24.avi,Sweep,13,vid360
Sweep/vid361_22.avi,Sweep,13,vid361
Sweep/vid361_36.avi,Sweep,13,vid361
Sweep/vid361_62.avi,Sweep,13,vid361
Sweep/vid362_15.avi,Sweep,13,vid362
Sweep/vid362_29.avi,Sweep,13,vid362
Sweep/vid362_42.avi,Sweep,13,vid362
Sweep/vid362_46.avi,Sweep,13,vid362
Sweep/vid362_7.avi,Sweep,13,vid362
Sweep/vid363_53.avi,Sweep,13,vid363
Sweep/vid366_25.avi,Sweep,13,vid366
Sweep/vid366_59.avi,Sweep,13,vid366
Sweep/vid368_12.avi,Sweep,13,vid368
Sweep/vid368_13.avi,Sweep,13,vid368
Sweep/vid368_4.avi,Sweep,13,vid368
Sweep/vid368_51.avi,Sweep,13,vid368
Sweep/vid370_2.avi,Sweep,13,vid370
Sweep/vid376_23.avi,Sweep,13,vid376
Sweep/vid376_8.avi,Sweep,13,vid376
Sweep/vid377_28.avi,Sweep,13,vid377
Sweep/vid378_36.avi,Sweep,13,vid378
Sweep/vid378_43.avi,Sweep,13,vid378
Sweep/vid379_26.avi,Sweep,13,vid379
Sweep/vid37_43.avi,Sweep,13,vid37
Sweep/vid380_53.avi,Sweep,13,vid380
Sweep/vid382_27.avi,Sweep,13,vid382
Sweep/vid383_22.avi,Sweep,13,vid383
Sweep/vid384_60.avi,Sweep,13,vid384
Sweep/vid384_66.avi,Sweep,13,vid384
Sweep/vid384_68.avi,Sweep,13,vid384
Sweep/vid384_69.avi,Sweep,13,vid384
Sweep/vid384_79.avi,Sweep,13,vid384
Sweep/vid386_10.avi,Sweep,13,vid386
Sweep/vid386_27.avi,Sweep,13,vid386
Sweep/vid386_8.avi,Sweep,13,vid386
Sweep/vid387_11.avi,Sweep,13,vid387
Sweep/vid387_29.avi,Sweep,13,vid387
Sweep/vid388_22.avi,Sweep,13,vid388
Sweep/vid389_14.avi,Sweep,13,vid389
Sweep/vid389_36.avi,Sweep,13,vid389
Sweep/vid389_39.avi,Sweep,13,vid389
Sweep/vid38_28.avi,Sweep,13,vid38
Sweep/vid390_25.avi,Sweep,13,vid390
Sweep/vid390_4.avi,Sweep,13,vid390
Sweep/vid391_12.avi,Sweep,13,vid391
Sweep/vid391_14.avi,Sweep,13,vid391
Sweep/vid391_30.avi,Sweep,13,vid391
Sweep/vid391_38.avi,Sweep,13,vid391
Sweep/vid391_44.avi,Sweep,13,vid391
Sweep/vid391_51.avi,Sweep,13,vid391
Sweep/vid394_20.avi,Sweep,13,vid394
Sweep/vid394_22.avi,Sweep,13,vid394
Sweep/vid394_3.avi,Sweep,13,vid394
Sweep/vid394_5.avi,Sweep,13,vid394
Sweep/vid396_3.avi,Sweep,13,vid396
Sweep/vid398_5.avi,Sweep,13,vid398
Sweep/vid39_38.avi,Sweep,13,vid39
Sweep/vid3_15.avi,Sweep,13,vid3
Sweep/vid3_2.avi,Sweep,13,vid3
Sweep/vid3_25.avi,Sweep,13,vid3
Sweep/vid3_3.avi,Sweep,13,vid3
Sweep/vid401_17.avi,Sweep,13,vid401
Sweep/vid402_8.avi,Sweep,13,vid402
Sweep/vid403_18.avi,Sweep,13,vid403
Sweep/vid404_1.avi,Sweep,13,vid404
Sweep/vid407_4.avi,Sweep,13,vid407
Sweep/vid408_5.avi,Sweep,13,vid408
Sweep/vid408_9.avi,Sweep,13,vid408
Sweep/vid40_30.avi,Sweep,13,vid40
Sweep/vid40_31.avi,Sweep,13,vid40
Sweep/vid40_33.avi,Sweep,13,vid40
Sweep/vid40_59.avi,Sweep,13,vid40
Sweep/vid40_60.avi,Sweep,13,vid40
Sweep/vid410_11.avi,Sweep,13,vid410
Sweep/vid411_24.avi,Sweep,13,vid411
Sweep/vid411_28.avi,Sweep,13,vid411
Sweep/vid413_17.avi,Sweep,13,vid413
Sweep/vid413_20.avi,Sweep,13,vid413
Sweep/vid415_25.avi,Sweep,13,vid415
Sweep/vid415_30.avi,Sweep,13,vid415
Sweep/vid415_32.avi,Sweep,13,vid415
Sweep/vid419_22.avi,Sweep,13,vid419
Sweep/vid41_7.avi,Sweep,13,vid41
Sweep/vid420_21.avi,Sweep,13,vid420
Sweep/vid421_8.avi,Sweep,13,vid421
Sweep/vid427_25.avi,Sweep,13,vid427
Sweep/vid427_27.avi,Sweep,13,vid427
Sweep/vid429_3.avi,Sweep,13,vid429
Sweep/vid429_54.avi,Sweep,13,vid429
Sweep/vid429_57.avi,Sweep,13,vid429
Sweep/vid429_58.avi,Sweep,13,vid429
Sweep/vid429_59.avi,Sweep,13,vid429
Sweep/vid429_60.avi,Sweep,13,vid429
Sweep/vid42_10.avi,Sweep,13,vid42
Sweep/vid42_14.avi,Sweep,13,vid42
Sweep/vid42_30.avi,Sweep,13,vid42
Sweep/vid42_57.avi,Sweep,13,vid42
Sweep/vid430_27.avi,Sweep,13,vid430
Sweep/vid430_48.avi,Sweep,13,vid430
Sweep/vid430_55.avi,Sweep,13,vid430
Sweep/vid434_17.avi,Sweep,13,vid434
Sweep/vid435_25.avi,Sweep,13,vid435
Sweep/vid435_50.avi,Sweep,13,vid435
Sweep/vid435_52.avi,Sweep,13,vid435
Sweep/vid435_6.avi,Sweep,13,vid435
Sweep/vid436_38.avi,Sweep,13,vid436
Sweep/vid436_51.avi,Sweep,13,vid436
Sweep/vid436_62.avi,Sweep,13,vid436
Sweep/vid438_39.avi,Sweep,13,vid438
Sweep/vid438_42.avi,Sweep,13,vid438
Sweep/vid439_16.avi,Sweep,13,vid439
Sweep/vid439_21.avi,Sweep,13,vid439
Sweep/vid439_26.avi,Sweep,13,vid439
Sweep/vid439_27.avi,Sweep,13,vid439
Sweep/vid439_55.avi,Sweep,13,vid439
Sweep/vid439_62.avi,Sweep,13,vid439
Sweep/vid43_11.avi,Sweep,13,vid43
Sweep/vid43_35.avi,Sweep,13,vid43
Sweep/vid43_59.avi,Sweep,13,vid43
Sweep/vid43_61.avi,Sweep,13,vid43
Sweep/vid440_12.avi,Sweep,13,vid440
Sweep/vid440_26.avi,Sweep,13,vid440
Sweep/vid440_27.avi,Sweep,13,vid440
Sweep/vid441_18.avi,Sweep,13,vid441
Sweep/vid441_19.avi,Sweep,13,vid441
Sweep/vid441_22.avi,Sweep,13,vid441
Sweep/vid441_23.avi,Sweep,13,vid441
Sweep/vid441_24.avi,Sweep,13,vid441
Sweep/vid441_29.avi,Sweep,13,vid441
Sweep/vid441_4.avi,Sweep,13,vid441
Sweep/vid441_45.avi,Sweep,13,vid441
Sweep/vid441_5.avi,Sweep,13,vid441
Sweep/vid442_24.avi,Sweep,13,vid442
Sweep/vid442_45.avi,Sweep,13,vid442
Sweep/vid442_48.avi,Sweep,13,vid442
Sweep/vid442_49.avi,Sweep,13,vid442
Sweep/vid444_15.avi,Sweep,13,vid444
Sweep/vid444_16.avi,Sweep,13,vid444
Sweep/vid444_23.avi,Sweep,13,vid444
Sweep/vid444_24.avi,Sweep,13,vid444
Sweep/vid446_5.avi,Sweep,13,vid446
Sweep/vid447_23.avi,Sweep,13,vid447
Sweep/vid447_28.avi,Sweep,13,vid447
Sweep/vid449_11.avi,Sweep,13,vid449
Sweep/vid449_22.avi,Sweep,13,vid449
Sweep/vid449_35.avi,Sweep,13,vid449
Sweep/vid449_36.avi,Sweep,13,vid449
Sweep/vid450_15.avi,Sweep,13,vid450
Sweep/vid450_20.avi,Sweep,13,vid450
Sweep/vid450_7.avi,Sweep,13,vid450
Sweep/vid451_14.avi,Sweep,13,vid451
Sweep/vid451_18.avi,Sweep,13,vid451
Sweep/vid451_21.avi,Sweep,13,vid451
Sweep/vid451_51.avi,Sweep,13,vid451
Sweep/vid453_2.avi,Sweep,13,vid453
Sweep/vid453_22.avi,Sweep,13,vid453
Sweep/vid453_24.avi,Sweep,13,vid453
Sweep/vid453_27.avi,Sweep,13,vid453
Sweep/vid453_7.avi,Sweep,13,vid453
Sweep/vid454_20.avi,Sweep,13,vid454
Sweep/vid454_29.avi,Sweep,13,vid454
Sweep/vid454_34.avi,Sweep,13,vid454
Sweep/vid455_15.avi,Sweep,13,vid455
Sweep/vid455_54.avi,Sweep,13,vid455
Sweep/vid455_56.avi,Sweep,13,vid455
Sweep/vid456_14.avi,Sweep,13,vid456
Sweep/vid456_32.avi,Sweep,13,vid456
Sweep/vid457_12.avi,Sweep,13,vid457
Sweep/vid457_14.avi,Sweep,13,vid457
Sweep/vid457_35.avi,Sweep,13,vid457
Sweep/vid457_4.avi,Sweep,13,vid457
Sweep/vid457_7.avi,Sweep,13,vid457
Sweep/vid45_30.avi,Sweep,13,vid45
Sweep/vid45_35.avi,Sweep,13,vid45
Sweep/vid45_52.avi,Sweep,13,vid45
Sweep/vid463_21.avi,Sweep,13,vid463
Sweep/vid463_32.avi,Sweep,13,vid463
Sweep/vid464_13.avi,Sweep,13,vid464
Sweep/vid464_21.avi,Sweep,13,vid464
Sweep/vid464_23.avi,Sweep,13,vid464
Sweep/vid467_16.avi,Sweep,13,vid467
Sweep/vid467_9.avi,Sweep,13,vid467
Sweep/vid470_0.avi,Sweep,13,vid470
Sweep/vid470_14.avi,Sweep,13,vid470
Sweep/vid470_16.avi,Sweep,13,vid470
Sweep/vid470_26.avi,Sweep,13,vid470
Sweep/vid470_3.avi,Sweep,13,vid470
Sweep/vid470_34.avi,Sweep,13,vid470
Sweep/vid471_15.avi,Sweep,13,vid471
Sweep/vid471_36.avi,Sweep,13,vid471
Sweep/vid471_40.avi,Sweep,13,vid471
Sweep/vid471_41.avi,Sweep,13,vid471
Sweep/vid471_42.avi,Sweep,13,vid471
Sweep/vid472_13.avi,Sweep,13,vid472
Sweep/vid472_2.avi,Sweep,13,vid472
Sweep/vid472_21.avi,Sweep,13,vid472
Sweep/vid472_9.avi,Sweep,13,vid472
Sweep/vid473_12.avi,Sweep,13,vid473
Sweep/vid473_32.avi,Sweep,13,vid473
Sweep/vid473_6.avi,Sweep,13,vid473
Sweep/vid473_8.avi,Sweep,13,vid473
Sweep/vid473_9.avi,Sweep,13,vid473
Sweep/vid474_5.avi,Sweep,13,vid474
Sweep/vid474_7.avi,Sweep,13,vid474
Sweep/vid475_34.avi,Sweep,13,vid475
Sweep/vid475_4.avi,Sweep,13,vid475
Sweep/vid476_27.avi,Sweep,13,vid476
Sweep/vid478_19.avi,Sweep,13,vid478
Sweep/vid480_12.avi,Sweep,13,vid480
Sweep/vid482_13.avi,Sweep,13,vid482
Sweep/vid482_14.avi,Sweep,13,vid482
Sweep/vid482_50.avi,Sweep,13,vid482
Sweep/vid482_51.avi,Sweep,13,vid482
Sweep/vid482_61.avi,Sweep,13,vid482
Sweep/vid483_13.avi,Sweep,13,vid483
Sweep/vid483_25.avi,Sweep,13,vid483
Sweep/vid483_26.avi,Sweep,13,vid483
Sweep/vid483_27.avi,Sweep,13,vid483
Sweep/vid483_4.avi,Sweep,13,vid483
Sweep/vid483_45.avi,Sweep,13,vid483
Sweep/vid484_1.avi,Sweep,13,vid484
Sweep/vid484_19.avi,Sweep,13,vid484
Sweep/vid484_2.avi,Sweep,13,vid484
Sweep/vid484_8.avi,Sweep,13,vid484
Sweep/vid493_25.avi,Sweep,13,vid493
Sweep/vid496_12.avi,Sweep,13,vid496
Sweep/vid497_26.avi,Sweep,13,vid497
Sweep/vid497_3.avi,Sweep,13,vid497
Sweep/vid498_7.avi,Sweep,13,vid498
Sweep/vid4_33.avi,Sweep,13,vid4
Sweep/vid502_19.avi,Sweep,13,vid502
Sweep/vid502_29.avi,Sweep,13,vid502
Sweep/vid502_5.avi,Sweep,13,vid502
Sweep/vid502_6.avi,Sweep,13,vid502
Sweep/vid502_7.avi,Sweep,13,vid502
Sweep/vid504_21.avi,Sweep,13,vid504
Sweep/vid504_27.avi,Sweep,13,vid504
Sweep/vid504_43.avi,Sweep,13,vid504
Sweep/vid506_16.avi,Sweep,13,vid506
Sweep/vid506_34.avi,Sweep,13,vid506
Sweep/vid507_14.avi,Sweep,13,vid507
Sweep/vid507_19.avi,Sweep,13,vid507
Sweep/vid507_39.avi,Sweep,13,vid507
Sweep/vid507_7.avi,Sweep,13,vid507
Sweep/vid507_8.avi,Sweep,13,vid507
Sweep/vid509_12.avi,Sweep,13,vid509
Sweep/vid509_24.avi,Sweep,13,vid509
Sweep/vid509_38.avi,Sweep,13,vid509
Sweep/vid509_40.avi,Sweep,13,vid509
Sweep/vid50_14.avi,Sweep,13,vid50
Sweep/vid50_20.avi,Sweep,13,vid50
Sweep/vid50_24.avi,Sweep,13,vid50
Sweep/vid50_26.avi,Sweep,13,vid50
Sweep/vid50_29.avi,Sweep,13,vid50
Sweep/vid512_33.avi,Sweep,13,vid512
Sweep/vid512_35.avi,Sweep,13,vid512
Sweep/vid512_41.avi,Sweep,13,vid512
Sweep/vid512_5.avi,Sweep,13,vid512
Sweep/vid513_13.avi,Sweep,13,vid513
Sweep/vid513_21.avi,Sweep,13,vid513
Sweep/vid515_54.avi,Sweep,13,vid515
Sweep/vid515_81.avi,Sweep,13,vid515
Sweep/vid518_38.avi,Sweep,13,vid518
Sweep/vid518_45.avi,Sweep,13,vid518
Sweep/vid519_10.avi,Sweep,13,vid519
Sweep/vid519_13.avi,Sweep,13,vid519
Sweep/vid519_15.avi,Sweep,13,vid519
Sweep/vid519_53.avi,Sweep,13,vid519
Sweep/vid519_67.avi,Sweep,13,vid519
Sweep/vid519_7.avi,Sweep,13,vid519
Sweep/vid520_16.avi,Sweep,13,vid520
Sweep/vid520_22.avi,Sweep,13,vid520
Sweep/vid521_24.avi,Sweep,13,vid521
Sweep/vid521_25.avi,Sweep,13,vid521
Sweep/vid521_27.avi,Sweep,13,vid521
Sweep/vid521_36.avi,Sweep,13,vid521
Sweep/vid521_65.avi,Sweep,13,vid521
Sweep/vid521_83.avi,Sweep,13,vid521
Sweep/vid522_13.avi,Sweep,13,vid522
Sweep/vid522_67.avi,Sweep,13,vid522
Sweep/vid525_10.avi,Sweep,13,vid525
Sweep/vid526_46.avi,Sweep,13,vid526
Sweep/vid526_5.avi,Sweep,13,vid526
Sweep/vid526_8.avi,Sweep,13,vid526
Sweep/vid528_16.avi,Sweep,13,vid528
Sweep/vid528_18.avi,Sweep,13,vid528
Sweep/vid528_22.avi,Sweep,13,vid528
Sweep/vid528_54.avi,Sweep,13,vid528
Sweep/vid529_10.avi,Sweep,13,vid529
Sweep/vid529_2.avi,Sweep,13,vid529
Sweep/vid529_27.avi,Sweep,13,vid529
Sweep/vid529_29.avi,Sweep,13,vid529
Sweep/vid529_7.avi,Sweep,13,vid529
Sweep/vid531_38.avi,Sweep,13,vid531
Sweep/vid531_45.avi,Sweep,13,vid531
Sweep/vid531_54.avi,Sweep,13,vid531
Sweep/vid531_58.avi,Sweep,13,vid531
Sweep/vid531_59.avi,Sweep,13,vid531
Sweep/vid534_12.avi,Sweep,13,vid534
Sweep/vid534_24.avi,Sweep,13,vid534
Sweep/vid534_25.avi,Sweep,13,vid534
Sweep/vid534_48.avi,Sweep,13,vid534
Sweep/vid535_11.avi,Sweep,13,vid535
Sweep/vid535_12.avi,Sweep,13,vid535
Sweep/vid535_25.avi,Sweep,13,vid535
Sweep/vid535_68.avi,Sweep,13,vid535
Sweep/vid536_23.avi,Sweep,13,vid536
Sweep/vid536_55.avi,Sweep,13,vid536
Sweep/vid536_56.avi,Sweep,13,vid536
Sweep/vid53_38.avi,Sweep,13,vid53
Sweep/vid53_46.avi,Sweep,13,vid53
Sweep/vid53_77.avi,Sweep,13,vid53
Sweep/vid54_18.avi,Sweep,13,vid54
Sweep/vid54_62.avi,Sweep,13,vid54
Sweep/vid55_12.avi,Sweep,13,vid55
Sweep/vid55_74.avi,Sweep,13,vid55
Sweep/vid57_14.avi,Sweep,13,vid57
Sweep/vid57_15.avi,Sweep,13,vid57
Sweep/vid57_18.avi,Sweep,13,vid57
Sweep/vid59_23.avi,Sweep,13,vid59
Sweep/vid5_0.avi,Sweep,13,vid5
Sweep/vid5_22.avi,Sweep,13,vid5
Sweep/vid61_13.avi,Sweep,13,vid61
Sweep/vid62_37.avi,Sweep,13,vid62
Sweep/vid62_46.avi,Sweep,13,vid62
Sweep/vid62_47.avi,Sweep,13,vid62
Sweep/vid62_9.avi,Sweep,13,vid62
Sweep/vid64_15.avi,Sweep,13,vid64
Sweep/vid64_17.avi,Sweep,13,vid64
Sweep/vid65_19.avi,Sweep,13,vid65
Sweep/vid65_35.avi,Sweep,13,vid65
Sweep/vid65_42.avi,Sweep,13,vid65
Sweep/vid65_9.avi,Sweep,13,vid65
Sweep/vid66_11.avi,Sweep,13,vid66
Sweep/vid66_14.avi,Sweep,13,vid66
Sweep/vid66_2.avi,Sweep,13,vid66
Sweep/vid66_24.avi,Sweep,13,vid66
Sweep/vid66_6.avi,Sweep,13,vid66
Sweep/vid69_14.avi,Sweep,13,vid69
Sweep/vid69_22.avi,Sweep,13,vid69
Sweep/vid69_30.avi,Sweep,13,vid69
Sweep/vid69_37.avi,Sweep,13,vid69
Sweep/vid69_38.avi,Sweep,13,vid69
Sweep/vid69_39.avi,Sweep,13,vid69
Sweep/vid6_16.avi,Sweep,13,vid6
Sweep/vid6_25.avi,Sweep,13,vid6
Sweep/vid70_3.avi,Sweep,13,vid70
Sweep/vid71_0.avi,Sweep,13,vid71
Sweep/vid71_27.avi,Sweep,13,vid71
Sweep/vid72_17.avi,Sweep,13,vid72
Sweep/vid72_19.avi,Sweep,13,vid72
Sweep/vid72_31.avi,Sweep,13,vid72
Sweep/vid72_7.avi,Sweep,13,vid72
Sweep/vid73_33.avi,Sweep,13,vid73
Sweep/vid73_35.avi,Sweep,13,vid73
Sweep/vid76_21.avi,Sweep,13,vid76
Sweep/vid78_26.avi,Sweep,13,vid78
Sweep/vid80_7.avi,Sweep,13,vid80
Sweep/vid82_17.avi,Sweep,13,vid82
Sweep/vid82_24.avi,Sweep,13,vid82
Sweep/vid82_27.avi,Sweep,13,vid82
Sweep/vid86_17.avi,Sweep,13,vid86
Sweep/vid86_20.avi,Sweep,13,vid86
Sweep/vid86_25.avi,Sweep,13,vid86
Sweep/vid86_27.avi,Sweep,13,vid86
Sweep/vid86_40.avi,Sweep,13,vid86
Sweep/vid86_8.avi,Sweep,13,vid86
Sweep/vid88_27.avi,Sweep,13,vid88
Sweep/vid88_30.avi,Sweep,13,vid88
Sweep/vid88_8.avi,Sweep,13,vid88
Sweep/vid89_10.avi,Sweep,13,vid89
Sweep/vid89_36.avi,Sweep,13,vid89
Sweep/vid89_38.avi,Sweep,13,vid89
Sweep/vid89_39.avi,Sweep,13,vid89
Sweep/vid89_48.avi,Sweep,13,vid89
Sweep/vid89_74.avi,Sweep,13,vid89
Sweep/vid90_17.avi,Sweep,13,vid90
Sweep/vid90_2.avi,Sweep,13,vid90
Sweep/vid90_22.avi,Sweep,13,vid90
Sweep/vid90_28.avi,Sweep,13,vid90
Sweep/vid90_60.avi,Sweep,13,vid90
Sweep/vid93_15.avi,Sweep,13,vid93
Sweep/vid93_58.avi,Sweep,13,vid93
Sweep/vid95_42.avi,Sweep,13,vid95
Sweep/vid95_9.avi,Sweep,13,vid95
Sweep/vid98_41.avi,Sweep,13,vid98
Sweep/vid98_42.avi,Sweep,13,vid98
Upper Cut/vid101_29.avi,Upper Cut,14,vid101
Upper Cut/vid102_31.avi,Upper Cut,14,vid102
Upper Cut/vid104_18.avi,Upper Cut,14,vid104
Upper Cut/vid104_25.avi,Upper Cut,14,vid104
Upper Cut/vid107_19.avi,Upper Cut,14,vid107
Upper Cut/vid107_29.avi,Upper Cut,14,vid107
Upper Cut/vid109_14.avi,Upper Cut,14,vid109
Upper Cut/vid109_8.avi,Upper Cut,14,vid109
Upper Cut/vid115_12.avi,Upper Cut,14,vid115
Upper Cut/vid115_18.avi,Upper Cut,14,vid115
Upper Cut/vid117_3.avi,Upper Cut,14,vid117
Upper Cut/vid119_16.avi,Upper Cut,14,vid119
Upper Cut/vid119_3.avi,Upper Cut,14,vid119
Upper Cut/vid120_12.avi,Upper Cut,14,vid120
Upper Cut/vid121_32.avi,Upper Cut,14,vid121
Upper Cut/vid121_6.avi,Upper Cut,14,vid121
Upper Cut/vid122_21.avi,Upper Cut,14,vid122
Upper Cut/vid122_22.avi,Upper Cut,14,vid122
Upper Cut/vid123_5.avi,Upper Cut,14,vid123
Upper Cut/vid129_13.avi,Upper Cut,14,vid129
Upper Cut/vid129_20.avi,Upper Cut,14,vid129
Upper Cut/vid130_30.avi,Upper Cut,14,vid130
Upper Cut/vid132_13.avi,Upper Cut,14,vid132
Upper Cut/vid132_9.avi,Upper Cut,14,vid132
Upper Cut/vid133_14.avi,Upper Cut,14,vid133
Upper Cut/vid133_4.avi,Upper Cut,14,vid133
Upper Cut/vid135_16.avi,Upper Cut,14,vid135
Upper Cut/vid135_19.avi,Upper Cut,14,vid135
Upper Cut/vid137_31.avi,Upper Cut,14,vid137
Upper Cut/vid141_10.avi,Upper Cut,14,vid141
Upper Cut/vid141_3.avi,Upper Cut,14,vid141
Upper Cut/vid146_4.avi,Upper Cut,14,vid146
Upper Cut/vid148_3.avi,Upper Cut,14,vid148
Upper Cut/vid151_18.avi,Upper Cut,14,vid151
Upper Cut/vid152_25.avi,Upper Cut,14,vid152
Upper Cut/vid155_16.avi,Upper Cut,14,vid155
Upper Cut/vid160_28.avi,Upper Cut,14,vid160
Upper Cut/vid160_6.avi,Upper Cut,14,vid160
Upper Cut/vid162_27.avi,Upper Cut,14,vid162
Upper Cut/vid163_15.avi,Upper Cut,14,vid163
Upper Cut/vid165_9.avi,Upper Cut,14,vid165
Upper Cut/vid166_0.avi,Upper Cut,14,vid166
Upper Cut/vid166_27.avi,Upper Cut,14,vid166
Upper Cut/vid16_14.avi,Upper Cut,14,vid16
Upper Cut/vid16_9.avi,Upper Cut,14,vid16
Upper Cut/vid171_5.avi,Upper Cut,14,vid171
Upper Cut/vid172_26.avi,Upper Cut,14,vid172
Upper Cut/vid175_34.avi,Upper Cut,14,vid175
Upper Cut/vid178_4.avi,Upper Cut,14,vid178
Upper Cut/vid17_12.avi,Upper Cut,14,vid17
Upper Cut/vid191_13.avi,Upper Cut,14,vid191
Upper Cut/vid195_14.avi,Upper Cut,14,vid195
Upper Cut/vid208_10.avi,Upper Cut,14,vid208
Upper Cut/vid213_14.avi,Upper Cut,14,vid213
Upper Cut/vid214_5.avi,Upper Cut,14,vid214
Upper Cut/vid218_12.avi,Upper Cut,14,vid218
Upper Cut/vid218_26.avi,Upper Cut,14,vid218
Upper Cut/vid21_27.avi,Upper Cut,14,vid21
Upper Cut/vid21_4.avi,Upper Cut,14,vid21
Upper Cut/vid220_35.avi,Upper Cut,14,vid220
Upper Cut/vid226_33.avi,Upper Cut,14,vid226
Upper Cut/vid226_42.avi,Upper Cut,14,vid226
Upper Cut/vid227_17.avi,Upper Cut,14,vid227
Upper Cut/vid233_17.avi,Upper Cut,14,vid233
Upper Cut/vid23_22.avi,Upper Cut,14,vid23
Upper Cut/vid244_5.avi,Upper Cut,14,vid244
Upper Cut/vid249_33.avi,Upper Cut,14,vid249
Upper Cut/vid251_25.avi,Upper Cut,14,vid251
Upper Cut/vid253_44.avi,Upper Cut,14,vid253
Upper Cut/vid25_39.avi,Upper Cut,14,vid25
Upper Cut/vid25_46.avi,Upper Cut,14,vid25
Upper Cut/vid260_21.avi,Upper Cut,14,vid260
Upper Cut/vid262_24.avi,Upper Cut,14,vid262
Upper Cut/vid276_10.avi,Upper Cut,14,vid276
Upper Cut/vid276_18.avi,Upper Cut,14,vid276
Upper Cut/vid277_2.avi,Upper Cut,14,vid277
Upper Cut/vid279_1.avi,Upper Cut,14,vid279
Upper Cut/vid287_19.avi,Upper Cut,14,vid287
Upper Cut/vid28_30.avi,Upper Cut,14,vid28
Upper Cut/vid291_16.avi,Upper Cut,14,vid291
Upper Cut/vid295_7.avi,Upper Cut,14,vid295
Upper Cut/vid298_14.avi,Upper Cut,14,vid298
Upper Cut/vid299_11.avi,Upper Cut,14,vid299
Upper Cut/vid303_2.avi,Upper Cut,14,vid303
Upper Cut/vid303_5.avi,Upper Cut,14,vid303
Upper Cut/vid314_17.avi,Upper Cut,14,vid314
Upper Cut/vid318_18.avi,Upper Cut,14,vid318
Upper Cut/vid318_19.avi,Upper Cut,14,vid318
Upper Cut/vid326_17.avi,Upper Cut,14,vid326
Upper Cut/vid327_44.avi,Upper Cut,14,vid327
Upper Cut/vid329_0.avi,Upper Cut,14,vid329
Upper Cut/vid336_16.avi,Upper Cut,14,vid336
Upper Cut/vid338_15.avi,Upper Cut,14,vid338
Upper Cut/vid338_5.avi,Upper Cut,14,vid338
Upper Cut/vid341_30.avi,Upper Cut,14,vid341
Upper Cut/vid341_42.avi,Upper Cut,14,vid341
Upper Cut/vid350_11.avi,Upper Cut,14,vid350
Upper Cut/vid354_31.avi,Upper Cut,14,vid354
Upper Cut/vid356_29.avi,Upper Cut,14,vid356
Upper Cut/vid356_44.avi,Upper Cut,14,vid356
Upper Cut/vid361_67.avi,Upper Cut,14,vid361
Upper Cut/vid361_7.avi,Upper Cut,14,vid361
Upper Cut/vid364_1.avi,Upper Cut,14,vid364
Upper Cut/vid364_9.avi,Upper Cut,14,vid364
Upper Cut/vid366_13.avi,Upper Cut,14,vid366
Upper Cut/vid370_59.avi,Upper Cut,14,vid370
Upper Cut/vid373_44.avi,Upper Cut,14,vid373
Upper Cut/vid374_30.avi,Upper Cut,14,vid374
Upper Cut/vid375_17.avi,Upper Cut,14,vid375
Upper Cut/vid376_10.avi,Upper Cut,14,vid376
Upper Cut/vid377_14.avi,Upper Cut,14,vid377
Upper Cut/vid383_11.avi,Upper Cut,14,vid383
Upper Cut/vid383_38.avi,Upper Cut,14,vid383
Upper Cut/vid384_52.avi,Upper Cut,14,vid384
Upper Cut/vid384_80.avi,Upper Cut,14,vid384
Upper Cut/vid387_51.avi,Upper Cut,14,vid387
Upper Cut/vid389_22.avi,Upper Cut,14,vid389
Upper Cut/vid38_16.avi,Upper Cut,14,vid38
Upper Cut/vid390_46.avi,Upper Cut,14,vid390
Upper Cut/vid390_5.avi,Upper Cut,14,vid390
Upper Cut/vid390_51.avi,Upper Cut,14,vid390
Upper Cut/vid397_24.avi,Upper Cut,14,vid397
Upper Cut/vid406_37.avi,Upper Cut,14,vid406
Upper Cut/vid40_23.avi,Upper Cut,14,vid40
Upper Cut/vid411_12.avi,Upper Cut,14,vid411
Upper Cut/vid418_10.avi,Upper Cut,14,vid418
Upper Cut/vid428_20.avi,Upper Cut,14,vid428
Upper Cut/vid434_11.avi,Upper Cut,14,vid434
Upper Cut/vid443_30.avi,Upper Cut,14,vid443
Upper Cut/vid474_10.avi,Upper Cut,14,vid474
Upper Cut/vid476_28.avi,Upper Cut,14,vid476
Upper Cut/vid482_28.avi,Upper Cut,14,vid482
Upper Cut/vid482_7.avi,Upper Cut,14,vid482
Upper Cut/vid487_47.avi,Upper Cut,14,vid487
Upper Cut/vid494_19.avi,Upper Cut,14,vid494
Upper Cut/vid494_30.avi,Upper Cut,14,vid494
Upper Cut/vid498_8.avi,Upper Cut,14,vid498
Upper Cut/vid499_9.avi,Upper Cut,14,vid499
Upper Cut/vid49_19.avi,Upper Cut,14,vid49
Upper Cut/vid49_41.avi,Upper Cut,14,vid49
Upper Cut/vid4_17.avi,Upper Cut,14,vid4
Upper Cut/vid503_21.avi,Upper Cut,14,vid503
Upper Cut/vid504_47.avi,Upper Cut,14,vid504
Upper Cut/vid507_1.avi,Upper Cut,14,vid507
Upper Cut/vid508_55.avi,Upper Cut,14,vid508
Upper Cut/vid509_44.avi,Upper Cut,14,vid509
Upper Cut/vid50_53.avi,Upper Cut,14,vid50
Upper Cut/vid512_1.avi,Upper Cut,14,vid512
Upper Cut/vid514_60.avi,Upper Cut,14,vid514
Upper Cut/vid517_59.avi,Upper Cut,14,vid517
Upper Cut/vid517_70.avi,Upper Cut,14,vid517
Upper Cut/vid518_43.avi,Upper Cut,14,vid518
Upper Cut/vid518_46.avi,Upper Cut,14,vid518
Upper Cut/vid521_34.avi,Upper Cut,14,vid521
Upper Cut/vid521_66.avi,Upper Cut,14,vid521
Upper Cut/vid523_0.avi,Upper Cut,14,vid523
Upper Cut/vid525_24.avi,Upper Cut,14,vid525
Upper Cut/vid526_64.avi,Upper Cut,14,vid526
Upper Cut/vid527_4.avi,Upper Cut,14,vid527
Upper Cut/vid530_33.avi,Upper Cut,14,vid530
Upper Cut/vid530_45.avi,Upper Cut,14,vid530
Upper Cut/vid532_27.avi,Upper Cut,14,vid532
Upper Cut/vid532_62.avi,Upper Cut,14,vid532
Upper Cut/vid533_62.avi,Upper Cut,14,vid533
Upper Cut/vid535_3.avi,Upper Cut,14,vid535
Upper Cut/vid535_37.avi,Upper Cut,14,vid535
Upper Cut/vid54_6.avi,Upper Cut,14,vid54
Upper Cut/vid57_28.avi,Upper Cut,14,vid57
Upper Cut/vid59_29.avi,Upper Cut,14,vid59
Upper Cut/vid60_33.avi,Upper Cut,14,vid60
Upper Cut/vid78_2.avi,Upper Cut,14,vid78
Upper Cut/vid83_43.avi,Upper Cut,14,vid83
Upper Cut/vid8_40.avi,Upper Cut,14,vid8
Upper Cut/vid8_48.avi,Upper Cut,14,vid8
Upper Cut/vid92_5.avi,Upper Cut,14,vid92
Upper Cut/vid96_5.avi,Upper Cut,14,vid96
